{"sources":[{"type":"single","resource":"gardenplus:plantes/oak_planks"},{"type":"single","resource":"_iainternal:icons/icon_left_blue"},{"type":"single","resource":"gardenplus:plantes/lilac_top"},{"type":"single","resource":"gardenplus:plantes/crimson_planks"},{"type":"single","resource":"gardenplus:plantes/grass_block_top"},{"type":"single","resource":"_iainternal:icons/icon_next_orange"},{"type":"single","resource":"gardenplus:plantes/bricks"},{"type":"single","resource":"gardenplus:plantes/rose_bush_top"},{"type":"single","resource":"gardenplus:plantes/birch_planks"},{"type":"single","resource":"_iainternal:icons/icon_cancel"},{"type":"single","resource":"gardenplus:plantes/small_dripleaf_side"},{"type":"single","resource":"gardenplus:plantes/dark_oak_planks"},{"type":"single","resource":"gardenplus:plantes/jungle_planks"},{"type":"single","resource":"_iainternal:icons/icon_arrow_chest"},{"type":"single","resource":"nibrock:ee/item/emerald_leggings"},{"type":"single","resource":"nibrock:ee/item/emerald_helmet"},{"type":"single","resource":"gardenplus:plantes/dirt"},{"type":"single","resource":"nibrock:ee/item/emerald_axe"},{"type":"single","resource":"nibrock:ee/item/emerald_shovel"},{"type":"single","resource":"gardenplus:plantes/small_dripleaf_stem_top"},{"type":"single","resource":"gardenplus:plantes/acacia_planks"},{"type":"single","resource":"gardenplus:plantes/iron_block"},{"type":"single","resource":"nibrock:ee/item/emerald_pickaxe"},{"type":"single","resource":"gardenplus:plantes/warped_planks"},{"type":"single","resource":"gardenplus:plantes/cobblestone"},{"type":"single","resource":"gardenplus:plantes/bamboo_stalk"},{"type":"single","resource":"gardenplus:plantes/small_dripleaf_top"},{"type":"single","resource":"gardenplus:plantes/spruce_planks"},{"type":"single","resource":"nibrock:ee/item/emerald_hoe"},{"type":"single","resource":"gardenplus:plantes/peony_top"},{"type":"single","resource":"nibrock:ee/item/emerald_chestplate"},{"type":"single","resource":"gardenplus:plantes/bamboo_large_leaves"},{"type":"single","resource":"gardenplus:plantes/bamboo_small_leaves"},{"type":"single","resource":"gardenplus:plantes/dark_oak_barrel_side"},{"type":"single","resource":"gardenplus:plantes/big_dripleaf_stem"},{"type":"single","resource":"nibrock:ee/item/emerald_sword"},{"type":"single","resource":"_iainternal:icons/icon_back_orange"},{"type":"single","resource":"_iainternal:icons/icon_search"},{"type":"single","resource":"_iainternal:icons/icon_right_blue"},{"type":"single","resource":"nibrock:ee/item/emerald_boots"},{"type":"single","resource":"gardenplus:plantes/chain"}]}