{"credit":"Made with Blockbench","textures":{"1":"gardenplus:plantes/iron_block","2":"gardenplus:plantes/dark_oak_planks","particle":"gardenplus:plantes/iron_block"},"elements":[{"name":"ledge","from":[13,0,12.2],"to":[14,6.3,13.2],"faces":{"north":{"uv":[4,12,8,12.25],"rotation":270,"texture":"#1"},"east":{"uv":[4,12,8,12.25],"rotation":90,"texture":"#1"},"south":{"uv":[4,12,8,12.25],"rotation":90,"texture":"#1"},"west":{"uv":[4,12,8,12.25],"rotation":90,"texture":"#1"},"up":{"uv":[4,12,4.25,12.25],"rotation":90,"texture":"#1"},"down":{"uv":[7.75,12,8,12.25],"rotation":90,"texture":"#1"}}},{"name":"ledge","from":[13,6.3,2.4],"to":[14,7.8,13.2],"faces":{"north":{"uv":[4,12,8,12.25],"rotation":270,"texture":"#1"},"east":{"uv":[4,12,8,12.25],"rotation":90,"texture":"#1"},"south":{"uv":[4,12,8,12.25],"rotation":90,"texture":"#1"},"west":{"uv":[4,12,8,12.25],"rotation":90,"texture":"#1"},"up":{"uv":[4,12,4.25,12.25],"rotation":90,"texture":"#1"},"down":{"uv":[7.75,12,8,12.25],"rotation":90,"texture":"#1"}}},{"name":"ledge","from":[13,0,1.5],"to":[14,19,2.5],"faces":{"north":{"uv":[4,12,8,12.25],"rotation":270,"texture":"#1"},"east":{"uv":[4,12,8,12.25],"rotation":90,"texture":"#1"},"south":{"uv":[4,12,8,12.25],"rotation":90,"texture":"#1"},"west":{"uv":[4,12,8,12.25],"rotation":90,"texture":"#1"},"up":{"uv":[4,12,4.25,12.25],"rotation":90,"texture":"#1"},"down":{"uv":[7.75,12,8,12.25],"rotation":90,"texture":"#1"}}},{"name":"ledge","from":[13,12.6,2.5],"to":[14,13.5,4.1],"faces":{"north":{"uv":[4,12,8,12.25],"rotation":270,"texture":"#1"},"east":{"uv":[4,12,8,12.25],"rotation":90,"texture":"#1"},"south":{"uv":[4,12,8,12.25],"rotation":90,"texture":"#1"},"west":{"uv":[4,12,8,12.25],"rotation":90,"texture":"#1"},"up":{"uv":[4,12,4.25,12.25],"rotation":90,"texture":"#1"},"down":{"uv":[7.75,12,8,12.25],"rotation":90,"texture":"#1"}}},{"name":"ledge","from":[13,17.9,2.5],"to":[14,18.8,4.1],"faces":{"north":{"uv":[4,12,8,12.25],"rotation":270,"texture":"#1"},"east":{"uv":[4,12,8,12.25],"rotation":90,"texture":"#1"},"south":{"uv":[4,12,8,12.25],"rotation":90,"texture":"#1"},"west":{"uv":[4,12,8,12.25],"rotation":90,"texture":"#1"},"up":{"uv":[4,12,4.25,12.25],"rotation":90,"texture":"#1"},"down":{"uv":[7.75,12,8,12.25],"rotation":90,"texture":"#1"}}},{"name":"door","from":[0,7,0.6],"to":[16,9,4.8],"faces":{"north":{"uv":[4.25,0.5,16,12.75],"rotation":180,"texture":"#2"},"east":{"uv":[7.5,0.5,16,15.5],"rotation":90,"texture":"#2"},"south":{"uv":[4.25,9.25,16,15.5],"texture":"#2"},"west":{"uv":[4.25,0.5,15.5,15.5],"rotation":270,"texture":"#2"},"up":{"uv":[0.25,7,15.25,15.75],"texture":"#2"},"down":{"uv":[0.25,0.5,15.25,15.75],"rotation":180,"texture":"#2"}}},{"name":"door","from":[0,7,5.4],"to":[16,9,9.6],"faces":{"north":{"uv":[4.25,0.5,16,12.75],"rotation":180,"texture":"#2"},"east":{"uv":[7.5,0.5,16,15.5],"rotation":90,"texture":"#2"},"south":{"uv":[4.25,9.25,16,15.5],"texture":"#2"},"west":{"uv":[4.25,0.5,15.5,15.5],"rotation":270,"texture":"#2"},"up":{"uv":[0.25,7,15.25,15.75],"texture":"#2"},"down":{"uv":[0.25,0.5,15.25,15.75],"rotation":180,"texture":"#2"}}},{"name":"door","from":[0,7,10],"to":[16,9,14.2],"faces":{"north":{"uv":[4.25,0.5,16,12.75],"rotation":180,"texture":"#2"},"east":{"uv":[7.5,0.5,16,15.5],"rotation":90,"texture":"#2"},"south":{"uv":[4.25,9.25,16,15.5],"texture":"#2"},"west":{"uv":[4.25,0.5,15.5,15.5],"rotation":270,"texture":"#2"},"up":{"uv":[0.25,7,15.25,15.75],"texture":"#2"},"down":{"uv":[0.25,0.5,15.25,15.75],"rotation":180,"texture":"#2"}}},{"name":"door","from":[0,16,2],"to":[16,20,3.8],"faces":{"north":{"uv":[0.25,3,16,15.75],"rotation":180,"texture":"#2"},"east":{"uv":[7.5,1.5,16,15.5],"rotation":180,"texture":"#2"},"south":{"uv":[0.25,3,16,15.75],"rotation":180,"texture":"#2"},"west":{"uv":[4.25,1.5,16,15.5],"rotation":180,"texture":"#2"},"up":{"uv":[4.25,4.25,16,15.5],"texture":"#2"},"down":{"uv":[4.25,1.5,16,12.75],"texture":"#2"}}},{"name":"door","from":[0,11,2],"to":[16,15,3.5],"faces":{"north":{"uv":[0.25,2,15.25,15.75],"rotation":180,"texture":"#2"},"east":{"uv":[7.5,0.5,16,15.5],"rotation":180,"texture":"#2"},"south":{"uv":[0.25,2,15.25,15.75],"rotation":180,"texture":"#2"},"west":{"uv":[4.25,0.5,15.5,15.5],"rotation":180,"texture":"#2"},"up":{"uv":[4.25,3.25,16,15.5],"texture":"#2"},"down":{"uv":[4.25,0.5,16,12.75],"texture":"#2"}}}],"display":{"thirdperson_righthand":{"rotation":[75,45,0],"translation":[0,2.5,0],"scale":[0.375,0.375,0.375]},"thirdperson_lefthand":{"rotation":[75,45,0],"translation":[0,2.5,0],"scale":[0.375,0.375,0.375]},"firstperson_righthand":{"rotation":[0,45,0],"scale":[0.4,0.4,0.4]},"firstperson_lefthand":{"rotation":[0,45,0],"scale":[0.4,0.4,0.4]},"ground":{"translation":[0,2,0],"scale":[0.5,0.5,0.5]},"gui":{"rotation":[30,45,0],"translation":[0,-0.6,0],"scale":[0.5,0.5,0.5]},"head":{"translation":[0,-30.4,0],"scale":[1.6,1.6,1.6]},"fixed":{"rotation":[-90,180,0],"translation":[0,0,-14],"scale":[2.01,2.01,2.01]}}}