{"credit":"By KeepMeow","textures":{"0":"block/spruce_log","1":"christmas:item/christmas_tree_branch","2":"christmas:item/christmas_tree_branch_2","3":"christmas:item/christmas_tree_branch_3","4":"christmas:item/deco","5":"christmas:item/light_anim1","6":"christmas:item/light_anim2"},"elements":[{"from":[7,-9.5,7],"to":[9,6.5,9],"faces":{"north":{"uv":[8,0,10,16],"texture":"#0"},"east":{"uv":[10,0,12,16],"texture":"#0"},"south":{"uv":[14,0,16,16],"texture":"#0"},"west":{"uv":[12,0,14,16],"texture":"#0"},"up":{"uv":[6,0,8,2],"texture":"#0"},"down":{"uv":[4,0,6,2],"texture":"#0"}}},{"from":[7,6.5,7],"to":[9,22.5,9],"faces":{"north":{"uv":[8,0,10,16],"texture":"#0"},"east":{"uv":[10,0,12,16],"texture":"#0"},"south":{"uv":[14,0,16,16],"texture":"#0"},"west":{"uv":[12,0,14,16],"texture":"#0"},"up":{"uv":[6,0,8,2],"texture":"#0"},"down":{"uv":[4,0,6,2],"texture":"#0"}}},{"from":[8,9,9],"to":[8,25,25],"rotation":{"angle":-45,"axis":"y","origin":[8,22,8]},"faces":{"north":{"uv":[0,0,0,16],"texture":"#3"},"east":{"uv":[16,0,0,16],"texture":"#3"},"south":{"uv":[0,0,0,16],"texture":"#3"},"west":{"uv":[0,0,16,16],"texture":"#3"},"up":{"uv":[0,0,16,0],"rotation":270,"texture":"#3"},"down":{"uv":[0,0,16,0],"rotation":90,"texture":"#3"}}},{"from":[8,9,-9],"to":[8,25,7],"rotation":{"angle":-45,"axis":"y","origin":[8,22,8]},"faces":{"north":{"uv":[0,0,0,16],"texture":"#3"},"east":{"uv":[0,0,16,16],"texture":"#3"},"south":{"uv":[0,0,0,16],"texture":"#3"},"west":{"uv":[16,0,0,16],"texture":"#3"},"up":{"uv":[0,0,16,0],"rotation":90,"texture":"#3"},"down":{"uv":[0,0,16,0],"rotation":270,"texture":"#3"}}},{"from":[8,9,-9],"to":[8,25,7],"rotation":{"angle":45,"axis":"y","origin":[8,22,8]},"faces":{"north":{"uv":[0,0,0,16],"texture":"#3"},"east":{"uv":[0,0,16,16],"texture":"#3"},"south":{"uv":[0,0,0,16],"texture":"#3"},"west":{"uv":[16,0,0,16],"texture":"#3"},"up":{"uv":[0,0,16,0],"rotation":90,"texture":"#3"},"down":{"uv":[0,0,16,0],"rotation":270,"texture":"#3"}}},{"from":[-9,9,8],"to":[7,25,8],"rotation":{"angle":22.5,"axis":"x","origin":[8,22,8]},"faces":{"north":{"uv":[0,0,16,16],"texture":"#3"},"east":{"uv":[0,0,0,16],"texture":"#3"},"south":{"uv":[16,0,0,16],"texture":"#3"},"west":{"uv":[0,0,0,16],"texture":"#3"},"up":{"uv":[0,0,16,0],"texture":"#3"},"down":{"uv":[0,0,16,0],"texture":"#3"}}},{"from":[-9,9,8],"to":[7,25,8],"rotation":{"angle":-22.5,"axis":"x","origin":[8,22,8]},"faces":{"north":{"uv":[0,0,16,16],"texture":"#3"},"east":{"uv":[0,0,0,16],"texture":"#3"},"south":{"uv":[16,0,0,16],"texture":"#3"},"west":{"uv":[0,0,0,16],"texture":"#3"},"up":{"uv":[0,0,16,0],"texture":"#3"},"down":{"uv":[0,0,16,0],"texture":"#3"}}},{"from":[8,9,-9],"to":[8,25,7],"rotation":{"angle":22.5,"axis":"z","origin":[8,22,8]},"faces":{"north":{"uv":[0,0,0,16],"texture":"#3"},"east":{"uv":[0,0,16,16],"texture":"#3"},"south":{"uv":[0,0,0,16],"texture":"#3"},"west":{"uv":[16,0,0,16],"texture":"#3"},"up":{"uv":[0,0,16,0],"rotation":90,"texture":"#3"},"down":{"uv":[0,0,16,0],"rotation":270,"texture":"#3"}}},{"from":[8,9,-9],"to":[8,25,7],"rotation":{"angle":-22.5,"axis":"z","origin":[8,22,8]},"faces":{"north":{"uv":[0,0,0,16],"texture":"#3"},"east":{"uv":[0,0,16,16],"texture":"#3"},"south":{"uv":[0,0,0,16],"texture":"#3"},"west":{"uv":[16,0,0,16],"texture":"#3"},"up":{"uv":[0,0,16,0],"rotation":90,"texture":"#3"},"down":{"uv":[0,0,16,0],"rotation":270,"texture":"#3"}}},{"from":[9,9,8],"to":[25,25,8],"rotation":{"angle":-22.5,"axis":"x","origin":[8,22,8]},"faces":{"north":{"uv":[16,0,0,16],"texture":"#3"},"east":{"uv":[0,0,0,16],"texture":"#3"},"south":{"uv":[0,0,16,16],"texture":"#3"},"west":{"uv":[0,0,0,16],"texture":"#3"},"up":{"uv":[0,0,16,0],"rotation":180,"texture":"#3"},"down":{"uv":[0,0,16,0],"rotation":180,"texture":"#3"}}},{"from":[9,9,8],"to":[25,25,8],"rotation":{"angle":22.5,"axis":"x","origin":[8,22,8]},"faces":{"north":{"uv":[16,0,0,16],"texture":"#3"},"east":{"uv":[0,0,0,16],"texture":"#3"},"south":{"uv":[0,0,16,16],"texture":"#3"},"west":{"uv":[0,0,0,16],"texture":"#3"},"up":{"uv":[0,0,16,0],"rotation":180,"texture":"#3"},"down":{"uv":[0,0,16,0],"rotation":180,"texture":"#3"}}},{"from":[8,9,9],"to":[8,25,25],"rotation":{"angle":-22.5,"axis":"z","origin":[8,22,8]},"faces":{"north":{"uv":[0,0,0,16],"texture":"#3"},"east":{"uv":[16,0,0,16],"texture":"#3"},"south":{"uv":[0,0,0,16],"texture":"#3"},"west":{"uv":[0,0,16,16],"texture":"#3"},"up":{"uv":[0,0,16,0],"rotation":270,"texture":"#3"},"down":{"uv":[0,0,16,0],"rotation":90,"texture":"#3"}}},{"from":[8,9,9],"to":[8,25,25],"rotation":{"angle":22.5,"axis":"z","origin":[8,22,8]},"faces":{"north":{"uv":[0,0,0,16],"texture":"#3"},"east":{"uv":[16,0,0,16],"texture":"#3"},"south":{"uv":[0,0,0,16],"texture":"#3"},"west":{"uv":[0,0,16,16],"texture":"#3"},"up":{"uv":[0,0,16,0],"rotation":270,"texture":"#3"},"down":{"uv":[0,0,16,0],"rotation":90,"texture":"#3"}}},{"from":[9,9,8],"to":[25,25,8],"rotation":{"angle":-45,"axis":"y","origin":[8,22,8]},"faces":{"north":{"uv":[16,0,0,16],"texture":"#3"},"east":{"uv":[0,0,0,16],"texture":"#3"},"south":{"uv":[0,0,16,16],"texture":"#3"},"west":{"uv":[0,0,0,16],"texture":"#3"},"up":{"uv":[0,0,16,0],"rotation":180,"texture":"#3"},"down":{"uv":[0,0,16,0],"rotation":180,"texture":"#3"}}},{"from":[9,2,8],"to":[25,18,8],"rotation":{"angle":-22.5,"axis":"x","origin":[25,15,8]},"faces":{"north":{"uv":[16,0,0,16],"texture":"#2"},"east":{"uv":[0,0,0,16],"texture":"#2"},"south":{"uv":[0,0,16,16],"texture":"#2"},"west":{"uv":[0,0,0,16],"texture":"#2"},"up":{"uv":[0,0,16,0],"texture":"#2"},"down":{"uv":[0,0,16,0],"texture":"#2"}}},{"from":[-9,2,8],"to":[7,18,8],"rotation":{"angle":-22.5,"axis":"x","origin":[7,15,8]},"faces":{"north":{"uv":[0,0,16,16],"texture":"#2"},"east":{"uv":[0,0,0,16],"texture":"#2"},"south":{"uv":[16,0,0,16],"texture":"#2"},"west":{"uv":[0,0,0,16],"texture":"#2"},"up":{"uv":[0,0,16,0],"texture":"#2"},"down":{"uv":[0,0,16,0],"texture":"#2"}}},{"from":[-9,2,8],"to":[7,18,8],"rotation":{"angle":22.5,"axis":"x","origin":[7,15,8]},"faces":{"north":{"uv":[0,0,16,16],"texture":"#2"},"east":{"uv":[0,0,0,16],"texture":"#2"},"south":{"uv":[16,0,0,16],"texture":"#2"},"west":{"uv":[0,0,0,16],"texture":"#2"},"up":{"uv":[0,0,16,0],"texture":"#2"},"down":{"uv":[0,0,16,0],"texture":"#2"}}},{"from":[9,2,8],"to":[25,18,8],"rotation":{"angle":22.5,"axis":"x","origin":[25,15,8]},"faces":{"north":{"uv":[16,0,0,16],"texture":"#2"},"east":{"uv":[0,0,0,16],"texture":"#2"},"south":{"uv":[0,0,16,16],"texture":"#2"},"west":{"uv":[0,0,0,16],"texture":"#2"},"up":{"uv":[0,0,16,0],"texture":"#2"},"down":{"uv":[0,0,16,0],"texture":"#2"}}},{"from":[8,2,-9],"to":[8,18,7],"rotation":{"angle":-22.5,"axis":"z","origin":[8,15,-9]},"faces":{"north":{"uv":[0,0,0,16],"texture":"#2"},"east":{"uv":[0,0,16,16],"texture":"#2"},"south":{"uv":[0,0,0,16],"texture":"#2"},"west":{"uv":[16,0,0,16],"texture":"#2"},"up":{"uv":[0,0,16,0],"rotation":270,"texture":"#2"},"down":{"uv":[0,0,16,0],"rotation":90,"texture":"#2"}}},{"from":[8,2,-9],"to":[8,18,7],"rotation":{"angle":22.5,"axis":"z","origin":[8,15,-9]},"faces":{"north":{"uv":[0,0,0,16],"texture":"#2"},"east":{"uv":[0,0,16,16],"texture":"#2"},"south":{"uv":[0,0,0,16],"texture":"#2"},"west":{"uv":[16,0,0,16],"texture":"#2"},"up":{"uv":[0,0,16,0],"rotation":270,"texture":"#2"},"down":{"uv":[0,0,16,0],"rotation":90,"texture":"#2"}}},{"from":[8,2,9],"to":[8,18,25],"rotation":{"angle":22.5,"axis":"z","origin":[8,15,9]},"faces":{"north":{"uv":[0,0,0,16],"texture":"#2"},"east":{"uv":[16,0,0,16],"texture":"#2"},"south":{"uv":[0,0,0,16],"texture":"#2"},"west":{"uv":[0,0,16,16],"texture":"#2"},"up":{"uv":[0,0,16,0],"rotation":270,"texture":"#2"},"down":{"uv":[0,0,16,0],"rotation":90,"texture":"#2"}}},{"from":[8,2,9],"to":[8,18,25],"rotation":{"angle":-22.5,"axis":"z","origin":[8,15,9]},"faces":{"north":{"uv":[0,0,0,16],"texture":"#2"},"east":{"uv":[16,0,0,16],"texture":"#2"},"south":{"uv":[0,0,0,16],"texture":"#2"},"west":{"uv":[0,0,16,16],"texture":"#2"},"up":{"uv":[0,0,16,0],"rotation":270,"texture":"#2"},"down":{"uv":[0,0,16,0],"rotation":90,"texture":"#2"}}},{"from":[8,-4,9],"to":[8,12,25],"rotation":{"angle":22.5,"axis":"y","origin":[8,9,8]},"faces":{"north":{"uv":[0,0,0,16],"texture":"#2"},"east":{"uv":[16,0,0,16],"texture":"#2"},"south":{"uv":[0,0,0,16],"texture":"#2"},"west":{"uv":[0,0,16,16],"texture":"#2"},"up":{"uv":[0,0,16,0],"rotation":270,"texture":"#2"},"down":{"uv":[0,0,16,0],"rotation":90,"texture":"#2"}}},{"from":[9,-4,8],"to":[25,12,8],"rotation":{"angle":-22.5,"axis":"y","origin":[8,9,8]},"faces":{"north":{"uv":[16,0,0,16],"texture":"#2"},"east":{"uv":[0,0,0,16],"texture":"#2"},"south":{"uv":[0,0,16,16],"texture":"#2"},"west":{"uv":[0,0,0,16],"texture":"#2"},"up":{"uv":[0,0,16,0],"rotation":180,"texture":"#2"},"down":{"uv":[0,0,16,0],"rotation":180,"texture":"#2"}}},{"from":[-9,-4,8],"to":[7,12,8],"rotation":{"angle":22.5,"axis":"y","origin":[8,9,8]},"faces":{"north":{"uv":[0,0,16,16],"texture":"#2"},"east":{"uv":[0,0,0,16],"texture":"#2"},"south":{"uv":[16,0,0,16],"texture":"#2"},"west":{"uv":[0,0,0,16],"texture":"#2"},"up":{"uv":[0,0,16,0],"texture":"#2"},"down":{"uv":[0,0,16,0],"texture":"#2"}}},{"from":[-9,-4,8],"to":[7,12,8],"rotation":{"angle":22.5,"axis":"y","origin":[8,9,8]},"faces":{"north":{"uv":[0,0,16,16],"texture":"#2"},"east":{"uv":[0,0,0,16],"texture":"#2"},"south":{"uv":[16,0,0,16],"texture":"#2"},"west":{"uv":[0,0,0,16],"texture":"#2"},"up":{"uv":[0,0,16,0],"texture":"#2"},"down":{"uv":[0,0,16,0],"texture":"#2"}}},{"from":[8,-4,9],"to":[8,12,25],"rotation":{"angle":-22.5,"axis":"y","origin":[8,9,8]},"faces":{"north":{"uv":[0,0,0,16],"texture":"#2"},"east":{"uv":[16,0,0,16],"texture":"#2"},"south":{"uv":[0,0,0,16],"texture":"#2"},"west":{"uv":[0,0,16,16],"texture":"#2"},"up":{"uv":[0,0,16,0],"rotation":270,"texture":"#2"},"down":{"uv":[0,0,16,0],"rotation":90,"texture":"#2"}}},{"from":[8,-4,-9],"to":[8,12,7],"rotation":{"angle":22.5,"axis":"y","origin":[8,9,8]},"faces":{"north":{"uv":[0,0,0,16],"texture":"#2"},"east":{"uv":[0,0,16,16],"texture":"#2"},"south":{"uv":[0,0,0,16],"texture":"#2"},"west":{"uv":[16,0,0,16],"texture":"#2"},"up":{"uv":[0,0,16,0],"rotation":90,"texture":"#2"},"down":{"uv":[0,0,16,0],"rotation":270,"texture":"#2"}}},{"from":[-9,-4,8],"to":[7,12,8],"rotation":{"angle":-22.5,"axis":"y","origin":[8,9,8]},"faces":{"north":{"uv":[0,0,16,16],"texture":"#2"},"east":{"uv":[0,0,0,16],"texture":"#2"},"south":{"uv":[16,0,0,16],"texture":"#2"},"west":{"uv":[0,0,0,16],"texture":"#2"},"up":{"uv":[0,0,16,0],"texture":"#2"},"down":{"uv":[0,0,16,0],"texture":"#2"}}},{"from":[8,-4,-9],"to":[8,12,7],"rotation":{"angle":-22.5,"axis":"y","origin":[8,9,8]},"faces":{"north":{"uv":[0,0,0,16],"texture":"#2"},"east":{"uv":[0,0,16,16],"texture":"#2"},"south":{"uv":[0,0,0,16],"texture":"#2"},"west":{"uv":[16,0,0,16],"texture":"#2"},"up":{"uv":[0,0,16,0],"rotation":90,"texture":"#2"},"down":{"uv":[0,0,16,0],"rotation":270,"texture":"#2"}}},{"from":[9,-4,8],"to":[25,12,8],"rotation":{"angle":22.5,"axis":"y","origin":[8,9,8]},"faces":{"north":{"uv":[16,0,0,16],"texture":"#2"},"east":{"uv":[0,0,0,16],"texture":"#2"},"south":{"uv":[0,0,16,16],"texture":"#2"},"west":{"uv":[0,0,0,16],"texture":"#2"},"up":{"uv":[0,0,16,0],"rotation":180,"texture":"#2"},"down":{"uv":[0,0,16,0],"rotation":180,"texture":"#2"}}},{"from":[9,-9,8],"to":[25,7,8],"rotation":{"angle":-45,"axis":"y","origin":[8,4,8]},"faces":{"north":{"uv":[16,0,0,16],"texture":"#1"},"east":{"uv":[0,0,0,16],"texture":"#1"},"south":{"uv":[0,0,16,16],"texture":"#1"},"west":{"uv":[0,0,0,16],"texture":"#1"},"up":{"uv":[0,0,16,0],"rotation":180,"texture":"#1"},"down":{"uv":[0,0,16,0],"rotation":180,"texture":"#1"}}},{"from":[8,-9,-9],"to":[8,7,7],"rotation":{"angle":-45,"axis":"y","origin":[8,4,8]},"faces":{"north":{"uv":[0,0,0,16],"texture":"#1"},"east":{"uv":[0,0,16,16],"texture":"#1"},"south":{"uv":[0,0,0,16],"texture":"#1"},"west":{"uv":[16,0,0,16],"texture":"#1"},"up":{"uv":[0,0,16,0],"rotation":90,"texture":"#1"},"down":{"uv":[0,0,16,0],"rotation":270,"texture":"#1"}}},{"from":[-9,-9,8],"to":[7,7,8],"rotation":{"angle":-45,"axis":"y","origin":[8,4,8]},"faces":{"north":{"uv":[0,0,16,16],"texture":"#1"},"east":{"uv":[0,0,0,16],"texture":"#1"},"south":{"uv":[16,0,0,16],"texture":"#1"},"west":{"uv":[0,0,0,16],"texture":"#1"},"up":{"uv":[0,0,16,0],"texture":"#1"},"down":{"uv":[0,0,16,0],"texture":"#1"}}},{"from":[8,-9,9],"to":[8,7,25],"rotation":{"angle":-45,"axis":"y","origin":[8,4,8]},"faces":{"north":{"uv":[0,0,0,16],"texture":"#1"},"east":{"uv":[16,0,0,16],"texture":"#1"},"south":{"uv":[0,0,0,16],"texture":"#1"},"west":{"uv":[0,0,16,16],"texture":"#1"},"up":{"uv":[0,0,16,0],"rotation":270,"texture":"#1"},"down":{"uv":[0,0,16,0],"rotation":90,"texture":"#1"}}},{"from":[8,-9,9],"to":[8,7,25],"rotation":{"angle":-22.5,"axis":"z","origin":[8,4,25]},"faces":{"north":{"uv":[0,0,0,16],"texture":"#1"},"east":{"uv":[16,0,0,16],"texture":"#1"},"south":{"uv":[0,0,0,16],"texture":"#1"},"west":{"uv":[0,0,16,16],"texture":"#1"},"up":{"uv":[0,0,16,0],"rotation":270,"texture":"#1"},"down":{"uv":[0,0,16,0],"rotation":90,"texture":"#1"}}},{"from":[8,-9,9],"to":[8,7,25],"rotation":{"angle":22.5,"axis":"z","origin":[8,4,25]},"faces":{"north":{"uv":[0,0,0,16],"texture":"#1"},"east":{"uv":[16,0,0,16],"texture":"#1"},"south":{"uv":[0,0,0,16],"texture":"#1"},"west":{"uv":[0,0,16,16],"texture":"#1"},"up":{"uv":[0,0,16,0],"rotation":270,"texture":"#1"},"down":{"uv":[0,0,16,0],"rotation":90,"texture":"#1"}}},{"from":[8,-9,-9],"to":[8,7,7],"rotation":{"angle":22.5,"axis":"z","origin":[8,4,7]},"faces":{"north":{"uv":[0,0,0,16],"texture":"#1"},"east":{"uv":[0,0,16,16],"texture":"#1"},"south":{"uv":[0,0,0,16],"texture":"#1"},"west":{"uv":[16,0,0,16],"texture":"#1"},"up":{"uv":[0,0,16,0],"rotation":270,"texture":"#1"},"down":{"uv":[0,0,16,0],"rotation":90,"texture":"#1"}}},{"from":[8,-9,-9],"to":[8,7,7],"rotation":{"angle":-22.5,"axis":"z","origin":[8,4,7]},"faces":{"north":{"uv":[0,0,0,16],"texture":"#1"},"east":{"uv":[0,0,16,16],"texture":"#1"},"south":{"uv":[0,0,0,16],"texture":"#1"},"west":{"uv":[16,0,0,16],"texture":"#1"},"up":{"uv":[0,0,16,0],"rotation":270,"texture":"#1"},"down":{"uv":[0,0,16,0],"rotation":90,"texture":"#1"}}},{"from":[9,-9,8],"to":[25,7,8],"rotation":{"angle":22.5,"axis":"x","origin":[25,4,8]},"faces":{"north":{"uv":[16,0,0,16],"texture":"#1"},"east":{"uv":[0,0,0,16],"texture":"#1"},"south":{"uv":[0,0,16,16],"texture":"#1"},"west":{"uv":[0,0,0,16],"texture":"#1"},"up":{"uv":[0,0,16,0],"texture":"#1"},"down":{"uv":[0,0,16,0],"texture":"#1"}}},{"from":[9,-9,8],"to":[25,7,8],"rotation":{"angle":-22.5,"axis":"x","origin":[25,4,8]},"faces":{"north":{"uv":[16,0,0,16],"texture":"#1"},"east":{"uv":[0,0,0,16],"texture":"#1"},"south":{"uv":[0,0,16,16],"texture":"#1"},"west":{"uv":[0,0,0,16],"texture":"#1"},"up":{"uv":[0,0,16,0],"texture":"#1"},"down":{"uv":[0,0,16,0],"texture":"#1"}}},{"from":[-9,-9,8],"to":[7,7,8],"rotation":{"angle":22.5,"axis":"x","origin":[7,4,8]},"faces":{"north":{"uv":[0,0,16,16],"texture":"#1"},"east":{"uv":[0,0,0,16],"texture":"#1"},"south":{"uv":[16,0,0,16],"texture":"#1"},"west":{"uv":[0,0,0,16],"texture":"#1"},"up":{"uv":[0,0,16,0],"texture":"#1"},"down":{"uv":[0,0,16,0],"texture":"#1"}}},{"from":[-9,-9,8],"to":[7,7,8],"rotation":{"angle":-22.5,"axis":"x","origin":[7,4,8]},"faces":{"north":{"uv":[0,0,16,16],"texture":"#1"},"east":{"uv":[0,0,0,16],"texture":"#1"},"south":{"uv":[16,0,0,16],"texture":"#1"},"west":{"uv":[0,0,0,16],"texture":"#1"},"up":{"uv":[0,0,16,0],"texture":"#1"},"down":{"uv":[0,0,16,0],"texture":"#1"}}},{"from":[8,22,3.5],"to":[8,32,12.5],"rotation":{"angle":45,"axis":"y","origin":[8,28,8]},"faces":{"north":{"uv":[0,0,0,9],"texture":"#4"},"east":{"uv":[7,6,16,16],"texture":"#4"},"south":{"uv":[0,0,0,9],"texture":"#4"},"west":{"uv":[7,6,16,16],"texture":"#4"},"up":{"uv":[0,0,9,0],"rotation":90,"texture":"#4"},"down":{"uv":[0,0,9,0],"rotation":270,"texture":"#4"}}},{"from":[3.5,22,8],"to":[12.5,32,8],"rotation":{"angle":45,"axis":"y","origin":[8,28,8]},"faces":{"north":{"uv":[7,6,16,16],"texture":"#4"},"east":{"uv":[0,0,0,9],"texture":"#4"},"south":{"uv":[7,6,16,16],"texture":"#4"},"west":{"uv":[0,0,0,9],"texture":"#4"},"up":{"uv":[0,0,9,0],"rotation":180,"texture":"#4"},"down":{"uv":[0,0,9,0],"rotation":180,"texture":"#4"}}},{"from":[4,12,4],"to":[11,18,4],"rotation":{"angle":45,"axis":"y","origin":[8,0,8]},"faces":{"north":{"uv":[0,0,7,6],"texture":"#4"},"east":{"uv":[0,0,0,6],"texture":"#4"},"south":{"uv":[0,0,7,6],"texture":"#4"},"west":{"uv":[0,0,0,6],"texture":"#4"},"up":{"uv":[0,0,0,7],"rotation":90,"texture":"#4"},"down":{"uv":[0,0,0,7],"rotation":270,"texture":"#4"}}},{"from":[5,2,14],"to":[12,8,14],"rotation":{"angle":-45,"axis":"y","origin":[8,0,8]},"faces":{"north":{"uv":[0,0,7,6],"texture":"#4"},"east":{"uv":[0,0,0,6],"texture":"#4"},"south":{"uv":[0,0,7,6],"texture":"#4"},"west":{"uv":[0,0,0,6],"texture":"#4"},"up":{"uv":[0,0,0,7],"rotation":270,"texture":"#4"},"down":{"uv":[0,0,0,7],"rotation":90,"texture":"#4"}}},{"from":[5,2,2],"to":[12,8,2],"rotation":{"angle":-45,"axis":"y","origin":[8,0,8]},"faces":{"north":{"uv":[0,0,7,6],"texture":"#4"},"east":{"uv":[0,0,0,6],"texture":"#4"},"south":{"uv":[0,0,7,6],"texture":"#4"},"west":{"uv":[0,0,0,6],"texture":"#4"},"up":{"uv":[0,0,0,7],"rotation":270,"texture":"#4"},"down":{"uv":[0,0,0,7],"rotation":90,"texture":"#4"}}},{"from":[16,-8,5],"to":[16,-2,12],"rotation":{"angle":-45,"axis":"y","origin":[8,0,8]},"faces":{"north":{"uv":[0,0,0,6],"texture":"#4"},"east":{"uv":[0,0,7,6],"texture":"#4"},"south":{"uv":[0,0,0,6],"texture":"#4"},"west":{"uv":[0,0,7,6],"texture":"#4"},"up":{"uv":[0,0,0,7],"texture":"#4"},"down":{"uv":[0,0,0,7],"texture":"#4"}}},{"from":[0,-8,5],"to":[0,-2,12],"rotation":{"angle":-45,"axis":"y","origin":[8,0,8]},"faces":{"north":{"uv":[0,0,0,6],"texture":"#4"},"east":{"uv":[0,0,7,6],"texture":"#4"},"south":{"uv":[0,0,0,6],"texture":"#4"},"west":{"uv":[0,0,7,6],"texture":"#4"},"up":{"uv":[0,0,0,7],"texture":"#4"},"down":{"uv":[0,0,0,7],"texture":"#4"}}},{"from":[13,15,6],"to":[17,19,10],"rotation":{"angle":0,"axis":"y","origin":[8,6,8]},"faces":{"north":{"uv":[0,12,4,16],"texture":"#4"},"east":{"uv":[0,12,4,16],"texture":"#4"},"south":{"uv":[0,12,4,16],"texture":"#4"},"west":{"uv":[0,12,4,16],"texture":"#4"},"up":{"uv":[12,0,16,4],"rotation":90,"texture":"#4"},"down":{"uv":[0,8,4,12],"rotation":270,"texture":"#4"}}},{"from":[-1,12,7],"to":[3,16,11],"rotation":{"angle":0,"axis":"y","origin":[8,6,8]},"faces":{"north":{"uv":[0,12,4,16],"texture":"#4"},"east":{"uv":[0,12,4,16],"texture":"#4"},"south":{"uv":[0,12,4,16],"texture":"#4"},"west":{"uv":[0,12,4,16],"texture":"#4"},"up":{"uv":[12,0,16,4],"rotation":90,"texture":"#4"},"down":{"uv":[0,8,4,12],"rotation":270,"texture":"#4"}}},{"from":[2,4,0],"to":[6,8,4],"rotation":{"angle":0,"axis":"y","origin":[8,6,8]},"faces":{"north":{"uv":[0,12,4,16],"texture":"#4"},"east":{"uv":[0,12,4,16],"texture":"#4"},"south":{"uv":[0,12,4,16],"texture":"#4"},"west":{"uv":[0,12,4,16],"texture":"#4"},"up":{"uv":[12,0,16,4],"rotation":90,"texture":"#4"},"down":{"uv":[0,8,4,12],"rotation":270,"texture":"#4"}}},{"from":[10,5,13],"to":[14,9,17],"rotation":{"angle":0,"axis":"y","origin":[8,6,8]},"faces":{"north":{"uv":[0,12,4,16],"texture":"#4"},"east":{"uv":[0,12,4,16],"texture":"#4"},"south":{"uv":[0,12,4,16],"texture":"#4"},"west":{"uv":[0,12,4,16],"texture":"#4"},"up":{"uv":[12,0,16,4],"rotation":90,"texture":"#4"},"down":{"uv":[0,8,4,12],"rotation":270,"texture":"#4"}}},{"from":[13,-6,-1],"to":[17,-2,3],"faces":{"north":{"uv":[0,12,4,16],"texture":"#4"},"east":{"uv":[0,12,4,16],"texture":"#4"},"south":{"uv":[0,12,4,16],"texture":"#4"},"west":{"uv":[0,12,4,16],"texture":"#4"},"up":{"uv":[12,0,16,4],"texture":"#4"},"down":{"uv":[0,8,4,12],"texture":"#4"}}},{"from":[14,-7,14],"to":[18,-3,18],"faces":{"north":{"uv":[0,12,4,16],"texture":"#4"},"east":{"uv":[0,12,4,16],"texture":"#4"},"south":{"uv":[0,12,4,16],"texture":"#4"},"west":{"uv":[0,12,4,16],"texture":"#4"},"up":{"uv":[12,0,16,4],"texture":"#4"},"down":{"uv":[0,8,4,12],"texture":"#4"}}},{"from":[-2,-8,15],"to":[2,-4,19],"faces":{"north":{"uv":[0,12,4,16],"texture":"#4"},"east":{"uv":[0,12,4,16],"texture":"#4"},"south":{"uv":[0,12,4,16],"texture":"#4"},"west":{"uv":[0,12,4,16],"texture":"#4"},"up":{"uv":[12,0,16,4],"texture":"#4"},"down":{"uv":[0,12,4,16],"texture":"#4"}}},{"from":[4,12,12],"to":[11,18,12],"rotation":{"angle":45,"axis":"y","origin":[8,0,8]},"faces":{"north":{"uv":[0,0,7,6],"texture":"#4"},"east":{"uv":[0,0,0,6],"texture":"#4"},"south":{"uv":[0,0,7,6],"texture":"#4"},"west":{"uv":[0,0,0,6],"texture":"#4"},"up":{"uv":[0,0,0,7],"rotation":90,"texture":"#4"},"down":{"uv":[0,0,0,7],"rotation":270,"texture":"#4"}}},{"from":[6.5,13,16],"to":[9.5,16,16],"rotation":{"angle":45,"axis":"y","origin":[8,0,8]},"faces":{"north":{"uv":[1,3,4,6],"texture":"#6","tintindex":0},"east":{"uv":[0,0,0,3],"texture":"#6","tintindex":0},"south":{"uv":[4,3,1,6],"texture":"#6","tintindex":0},"west":{"uv":[0,0,0,3],"texture":"#6","tintindex":0},"up":{"uv":[0,0,3,0],"rotation":180,"texture":"#6","tintindex":0},"down":{"uv":[0,0,3,0],"rotation":180,"texture":"#6","tintindex":0}}},{"from":[6.5,-3,-5],"to":[9.5,0,-5],"rotation":{"angle":-45,"axis":"y","origin":[8,0,8]},"faces":{"north":{"uv":[4,3,1,6],"texture":"#6","tintindex":0},"east":{"uv":[0,0,0,3],"texture":"#6","tintindex":0},"south":{"uv":[1,3,4,6],"texture":"#6","tintindex":0},"west":{"uv":[0,0,0,3],"texture":"#6","tintindex":0},"up":{"uv":[0,0,3,0],"texture":"#6","tintindex":0},"down":{"uv":[0,0,3,0],"texture":"#6","tintindex":0}}},{"from":[6.5,-3,21],"to":[9.5,0,21],"rotation":{"angle":-45,"axis":"y","origin":[8,0,8]},"faces":{"north":{"uv":[4,3,1,6],"texture":"#6","tintindex":0},"east":{"uv":[0,0,0,3],"texture":"#6","tintindex":0},"south":{"uv":[1,3,4,6],"texture":"#6","tintindex":0},"west":{"uv":[0,0,0,3],"texture":"#6","tintindex":0},"up":{"uv":[0,0,3,0],"texture":"#6","tintindex":0},"down":{"uv":[0,0,3,0],"texture":"#6","tintindex":0}}},{"from":[21,-3,6.5],"to":[21,0,9.5],"rotation":{"angle":-45,"axis":"y","origin":[8,0,8]},"faces":{"north":{"uv":[0,0,0,3],"texture":"#6","tintindex":0},"east":{"uv":[1,3,4,6],"texture":"#6","tintindex":0},"south":{"uv":[0,0,0,3],"texture":"#6","tintindex":0},"west":{"uv":[4,3,1,6],"texture":"#6","tintindex":0},"up":{"uv":[0,0,3,0],"rotation":270,"texture":"#6","tintindex":0},"down":{"uv":[0,0,3,0],"rotation":90,"texture":"#6","tintindex":0}}},{"from":[-5,-3,6.5],"to":[-5,0,9.5],"rotation":{"angle":-45,"axis":"y","origin":[8,0,8]},"faces":{"north":{"uv":[0,0,0,3],"texture":"#6","tintindex":0},"east":{"uv":[1,3,4,6],"texture":"#6","tintindex":0},"south":{"uv":[0,0,0,3],"texture":"#6","tintindex":0},"west":{"uv":[4,3,1,6],"texture":"#6","tintindex":0},"up":{"uv":[0,0,3,0],"rotation":270,"texture":"#6","tintindex":0},"down":{"uv":[0,0,3,0],"rotation":90,"texture":"#6","tintindex":0}}},{"from":[6.5,8,18],"to":[9.5,11,18],"rotation":{"angle":0,"axis":"y","origin":[8,0,8]},"faces":{"north":{"uv":[4,3,1,6],"texture":"#6","tintindex":0},"east":{"uv":[0,0,0,3],"texture":"#6","tintindex":0},"south":{"uv":[1,3,4,6],"texture":"#6","tintindex":0},"west":{"uv":[0,0,0,3],"texture":"#6","tintindex":0},"up":{"uv":[0,0,3,0],"texture":"#6","tintindex":0},"down":{"uv":[0,0,3,0],"texture":"#6","tintindex":0}}},{"from":[6.5,8,-2],"to":[9.5,11,-2],"rotation":{"angle":0,"axis":"y","origin":[8,0,8]},"faces":{"north":{"uv":[4,3,1,6],"texture":"#6","tintindex":0},"east":{"uv":[0,0,0,3],"texture":"#6","tintindex":0},"south":{"uv":[1,3,4,6],"texture":"#6","tintindex":0},"west":{"uv":[0,0,0,3],"texture":"#6","tintindex":0},"up":{"uv":[0,0,3,0],"texture":"#6","tintindex":0},"down":{"uv":[0,0,3,0],"texture":"#6","tintindex":0}}},{"from":[18,8,6.5],"to":[18,11,9.5],"rotation":{"angle":0,"axis":"y","origin":[8,0,8]},"faces":{"north":{"uv":[0,0,0,3],"texture":"#6","tintindex":0},"east":{"uv":[4,3,1,6],"texture":"#6","tintindex":0},"south":{"uv":[0,0,0,3],"texture":"#6","tintindex":0},"west":{"uv":[1,3,4,6],"texture":"#6","tintindex":0},"up":{"uv":[0,0,3,0],"rotation":90,"texture":"#6","tintindex":0},"down":{"uv":[0,0,3,0],"rotation":270,"texture":"#6","tintindex":0}}},{"from":[-2,8,6.5],"to":[-2,11,9.5],"rotation":{"angle":0,"axis":"y","origin":[8,0,8]},"faces":{"north":{"uv":[0,0,0,3],"texture":"#6","tintindex":0},"east":{"uv":[4,3,1,6],"texture":"#6","tintindex":0},"south":{"uv":[0,0,0,3],"texture":"#6","tintindex":0},"west":{"uv":[1,3,4,6],"texture":"#6","tintindex":0},"up":{"uv":[0,0,3,0],"rotation":90,"texture":"#6","tintindex":0},"down":{"uv":[0,0,3,0],"rotation":270,"texture":"#6","tintindex":0}}},{"from":[6.5,13,0],"to":[9.5,16,0],"rotation":{"angle":45,"axis":"y","origin":[8,0,8]},"faces":{"north":{"uv":[1,3,4,6],"texture":"#6","tintindex":0},"east":{"uv":[0,0,0,3],"texture":"#6","tintindex":0},"south":{"uv":[4,3,1,6],"texture":"#6","tintindex":0},"west":{"uv":[0,0,0,3],"texture":"#6","tintindex":0},"up":{"uv":[0,0,3,0],"rotation":180,"texture":"#6","tintindex":0},"down":{"uv":[0,0,3,0],"rotation":180,"texture":"#6","tintindex":0}}},{"from":[0,13,6.5],"to":[0,16,9.5],"rotation":{"angle":45,"axis":"y","origin":[8,0,8]},"faces":{"north":{"uv":[0,0,0,3],"texture":"#6","tintindex":0},"east":{"uv":[4,3,1,6],"texture":"#6","tintindex":0},"south":{"uv":[0,0,0,3],"texture":"#6","tintindex":0},"west":{"uv":[1,3,4,6],"texture":"#6","tintindex":0},"up":{"uv":[0,0,3,0],"rotation":90,"texture":"#6","tintindex":0},"down":{"uv":[0,0,3,0],"rotation":270,"texture":"#6","tintindex":0}}},{"from":[16,13,6.5],"to":[16,16,9.5],"rotation":{"angle":45,"axis":"y","origin":[8,0,8]},"faces":{"north":{"uv":[0,0,0,3],"texture":"#6","tintindex":0},"east":{"uv":[4,3,1,6],"texture":"#6","tintindex":0},"south":{"uv":[0,0,0,3],"texture":"#6","tintindex":0},"west":{"uv":[1,3,4,6],"texture":"#6","tintindex":0},"up":{"uv":[0,0,3,0],"rotation":90,"texture":"#6","tintindex":0},"down":{"uv":[0,0,3,0],"rotation":270,"texture":"#6","tintindex":0}}},{"from":[6.5,-3,-5],"to":[9.5,0,-5],"rotation":{"angle":-45,"axis":"y","origin":[8,0,8]},"faces":{"north":{"uv":[4,3,1,6],"texture":"#5","tintindex":0},"east":{"uv":[0,0,0,3],"texture":"#5","tintindex":0},"south":{"uv":[1,3,4,6],"texture":"#5","tintindex":0},"west":{"uv":[0,0,0,3],"texture":"#5","tintindex":0},"up":{"uv":[0,0,3,0],"texture":"#5","tintindex":0},"down":{"uv":[0,0,3,0],"texture":"#5","tintindex":0}}},{"from":[6.5,-3,21],"to":[9.5,0,21],"rotation":{"angle":-45,"axis":"y","origin":[8,0,8]},"faces":{"north":{"uv":[4,3,1,6],"texture":"#5","tintindex":0},"east":{"uv":[0,0,0,3],"texture":"#5","tintindex":0},"south":{"uv":[1,3,4,6],"texture":"#5","tintindex":0},"west":{"uv":[0,0,0,3],"texture":"#5","tintindex":0},"up":{"uv":[0,0,3,0],"texture":"#5","tintindex":0},"down":{"uv":[0,0,3,0],"texture":"#5","tintindex":0}}},{"from":[21,-3,6.5],"to":[21,0,9.5],"rotation":{"angle":-45,"axis":"y","origin":[8,0,8]},"faces":{"north":{"uv":[0,0,0,3],"texture":"#5","tintindex":0},"east":{"uv":[1,3,4,6],"texture":"#5","tintindex":0},"south":{"uv":[0,0,0,3],"texture":"#5","tintindex":0},"west":{"uv":[4,3,1,6],"texture":"#5","tintindex":0},"up":{"uv":[0,0,3,0],"rotation":270,"texture":"#5","tintindex":0},"down":{"uv":[0,0,3,0],"rotation":90,"texture":"#5","tintindex":0}}},{"from":[-5,-3,6.5],"to":[-5,0,9.5],"rotation":{"angle":-45,"axis":"y","origin":[8,0,8]},"faces":{"north":{"uv":[0,0,0,3],"texture":"#5","tintindex":0},"east":{"uv":[1,3,4,6],"texture":"#5","tintindex":0},"south":{"uv":[0,0,0,3],"texture":"#5","tintindex":0},"west":{"uv":[4,3,1,6],"texture":"#5","tintindex":0},"up":{"uv":[0,0,3,0],"rotation":270,"texture":"#5","tintindex":0},"down":{"uv":[0,0,3,0],"rotation":90,"texture":"#5","tintindex":0}}},{"from":[6.5,8,18],"to":[9.5,11,18],"rotation":{"angle":0,"axis":"y","origin":[8,0,8]},"faces":{"north":{"uv":[4,3,1,6],"texture":"#5","tintindex":0},"east":{"uv":[0,0,0,3],"texture":"#5","tintindex":0},"south":{"uv":[1,3,4,6],"texture":"#5","tintindex":0},"west":{"uv":[0,0,0,3],"texture":"#5","tintindex":0},"up":{"uv":[0,0,3,0],"texture":"#5","tintindex":0},"down":{"uv":[0,0,3,0],"texture":"#5","tintindex":0}}},{"from":[6.5,8,-2],"to":[9.5,11,-2],"rotation":{"angle":0,"axis":"y","origin":[8,0,8]},"faces":{"north":{"uv":[4,3,1,6],"texture":"#5","tintindex":0},"east":{"uv":[0,0,0,3],"texture":"#5","tintindex":0},"south":{"uv":[1,3,4,6],"texture":"#5","tintindex":0},"west":{"uv":[0,0,0,3],"texture":"#5","tintindex":0},"up":{"uv":[0,0,3,0],"texture":"#5","tintindex":0},"down":{"uv":[0,0,3,0],"texture":"#5","tintindex":0}}},{"from":[18,8,6.5],"to":[18,11,9.5],"rotation":{"angle":0,"axis":"y","origin":[8,0,8]},"faces":{"north":{"uv":[0,0,0,3],"texture":"#5","tintindex":0},"east":{"uv":[4,3,1,6],"texture":"#5","tintindex":0},"south":{"uv":[0,0,0,3],"texture":"#5","tintindex":0},"west":{"uv":[1,3,4,6],"texture":"#5","tintindex":0},"up":{"uv":[0,0,3,0],"rotation":90,"texture":"#5","tintindex":0},"down":{"uv":[0,0,3,0],"rotation":270,"texture":"#5","tintindex":0}}},{"from":[-2,8,6.5],"to":[-2,11,9.5],"rotation":{"angle":0,"axis":"y","origin":[8,0,8]},"faces":{"north":{"uv":[0,0,0,3],"texture":"#5","tintindex":0},"east":{"uv":[4,3,1,6],"texture":"#5","tintindex":0},"south":{"uv":[0,0,0,3],"texture":"#5","tintindex":0},"west":{"uv":[1,3,4,6],"texture":"#5","tintindex":0},"up":{"uv":[0,0,3,0],"rotation":90,"texture":"#5","tintindex":0},"down":{"uv":[0,0,3,0],"rotation":270,"texture":"#5","tintindex":0}}},{"from":[6.5,13,0],"to":[9.5,16,0],"rotation":{"angle":45,"axis":"y","origin":[8,0,8]},"faces":{"north":{"uv":[1,3,4,6],"texture":"#5","tintindex":0},"east":{"uv":[0,0,0,3],"texture":"#5","tintindex":0},"south":{"uv":[4,3,1,6],"texture":"#5","tintindex":0},"west":{"uv":[0,0,0,3],"texture":"#5","tintindex":0},"up":{"uv":[0,0,3,0],"rotation":180,"texture":"#5","tintindex":0},"down":{"uv":[0,0,3,0],"rotation":180,"texture":"#5","tintindex":0}}},{"from":[0,13,6.5],"to":[0,16,9.5],"rotation":{"angle":45,"axis":"y","origin":[8,0,8]},"faces":{"north":{"uv":[0,0,0,3],"texture":"#5","tintindex":0},"east":{"uv":[4,3,1,6],"texture":"#5","tintindex":0},"south":{"uv":[0,0,0,3],"texture":"#5","tintindex":0},"west":{"uv":[1,3,4,6],"texture":"#5","tintindex":0},"up":{"uv":[0,0,3,0],"rotation":90,"texture":"#5","tintindex":0},"down":{"uv":[0,0,3,0],"rotation":270,"texture":"#5","tintindex":0}}},{"from":[16,13,6.5],"to":[16,16,9.5],"rotation":{"angle":45,"axis":"y","origin":[8,0,8]},"faces":{"north":{"uv":[0,0,0,3],"texture":"#5","tintindex":0},"east":{"uv":[4,3,1,6],"texture":"#5","tintindex":0},"south":{"uv":[0,0,0,3],"texture":"#5","tintindex":0},"west":{"uv":[1,3,4,6],"texture":"#5","tintindex":0},"up":{"uv":[0,0,3,0],"rotation":90,"texture":"#5","tintindex":0},"down":{"uv":[0,0,3,0],"rotation":270,"texture":"#5","tintindex":0}}},{"from":[6.5,13,16],"to":[9.5,16,16],"rotation":{"angle":45,"axis":"y","origin":[8,0,8]},"faces":{"north":{"uv":[1,3,4,6],"texture":"#5","tintindex":0},"east":{"uv":[0,0,0,3],"texture":"#5","tintindex":0},"south":{"uv":[4,3,1,6],"texture":"#5","tintindex":0},"west":{"uv":[0,0,0,3],"texture":"#5","tintindex":0},"up":{"uv":[0,0,3,0],"rotation":180,"texture":"#5","tintindex":0},"down":{"uv":[0,0,3,0],"rotation":180,"texture":"#5","tintindex":0}}}],"display":{"thirdperson_righthand":{"rotation":[75,45,0],"translation":[0,1.5,1],"scale":[0.15,0.15,0.15]},"thirdperson_lefthand":{"rotation":[75,45,0],"translation":[0,1.5,1],"scale":[0.15,0.15,0.15]},"firstperson_righthand":{"rotation":[0,45,0],"scale":[0.2,0.2,0.2]},"firstperson_lefthand":{"rotation":[0,45,0],"scale":[0.2,0.2,0.2]},"ground":{"translation":[0,3,0],"scale":[0.15,0.15,0.15]},"gui":{"rotation":[30,45,0],"scale":[0.35,0.35,0.35]},"head":{"scale":[2,2,2]},"fixed":{"rotation":[-90,0,0],"translation":[0,0,-42],"scale":[2.5,2.5,2.5]}}}