{"credit":"By KeepMeow","textures":{"0":"christmas:item/christmas_tree_branch","1":"block/powder_snow","2":"christmas:item/ball","3":"christmas:item/snow"},"elements":[{"from":[3,0,3],"to":[13,2,13],"faces":{"north":{"uv":[0,10,5,11],"texture":"#2"},"east":{"uv":[9,10.5,14,11.5],"texture":"#2"},"south":{"uv":[0,11,5,12],"texture":"#2"},"west":{"uv":[5,11.5,10,12.5],"texture":"#2"},"up":{"uv":[5,5,0,0],"texture":"#2"},"down":{"uv":[5,5,0,10],"texture":"#2"}}},{"from":[4,2,4],"to":[12,9,12],"faces":{"north":{"uv":[9,8,5,11.5],"texture":"#2"},"east":{"uv":[9,0,13,3.5],"texture":"#2"},"south":{"uv":[9,3.5,13,7],"texture":"#2"},"west":{"uv":[9,7,13,10.5],"texture":"#2"},"up":{"uv":[9,4,5,0],"texture":"#2"},"down":{"uv":[9,4,5,8],"texture":"#2"}}},{"from":[8,1.25,7],"to":[10,3.25,9],"rotation":{"angle":45,"axis":"z","origin":[8,1.25,7]},"faces":{"north":{"uv":[3,1,5,3],"texture":"#0"},"east":{"uv":[3,1,5,3],"texture":"#0"},"south":{"uv":[3,1,5,3],"texture":"#0"},"west":{"uv":[3,1,5,3],"texture":"#0"},"up":{"uv":[3,1,5,3],"texture":"#0"},"down":{"uv":[3,1,5,3],"texture":"#0"}}},{"from":[7,0.5,7.75],"to":[9,2.5,9.75],"rotation":{"angle":-45,"axis":"x","origin":[8,1.25,7]},"faces":{"north":{"uv":[8,4,10,6],"texture":"#0"},"east":{"uv":[3,1,5,3],"texture":"#0"},"south":{"uv":[12,2,14,4],"texture":"#0"},"west":{"uv":[6,6,8,8],"texture":"#0"},"up":{"uv":[8,0,10,2],"texture":"#0"},"down":{"uv":[1,3,3,5],"texture":"#0"}}},{"from":[7.5,2,8],"to":[8.5,4,9],"rotation":{"angle":-45,"axis":"x","origin":[10,3,6.75]},"faces":{"north":{"uv":[1,4,2,6],"texture":"#0"},"east":{"uv":[4,2,5,4],"texture":"#0"},"south":{"uv":[5,1,6,3],"texture":"#0"},"west":{"uv":[2,2,3,4],"texture":"#0"},"up":{"uv":[8,1,9,2],"texture":"#0"},"down":{"uv":[3,4,4,5],"texture":"#0"}}},{"from":[7.5,2.5,7.5],"to":[8.5,3.5,9.5],"rotation":{"angle":-45,"axis":"x","origin":[10,3,6.75]},"faces":{"north":{"uv":[4,3,5,4],"rotation":180,"texture":"#0"},"east":{"uv":[2,3,3,5],"rotation":90,"texture":"#0"},"south":{"uv":[3,4,4,5],"texture":"#0"},"west":{"uv":[1,2,2,4],"rotation":270,"texture":"#0"},"up":{"uv":[9,1,10,3],"texture":"#0"},"down":{"uv":[5,2,6,4],"rotation":180,"texture":"#0"}}},{"from":[8.5,4.75,7.5],"to":[10.5,5.75,8.5],"rotation":{"angle":45,"axis":"z","origin":[10,3,6.75]},"faces":{"north":{"uv":[3,4,5,5],"texture":"#0"},"east":{"uv":[3,1,4,2],"texture":"#0"},"south":{"uv":[1,2,3,3],"texture":"#0"},"west":{"uv":[4,1,5,2],"texture":"#0"},"up":{"uv":[4,0,6,1],"texture":"#0"},"down":{"uv":[3,2,5,3],"texture":"#0"}}},{"from":[6.75,2,7.5],"to":[8.75,3,8.5],"rotation":{"angle":-45,"axis":"z","origin":[10,3,6.75]},"faces":{"north":{"uv":[3,4,5,5],"texture":"#0"},"east":{"uv":[3,3,4,4],"texture":"#0"},"south":{"uv":[4,1,6,2],"texture":"#0"},"west":{"uv":[3,2,4,3],"texture":"#0"},"up":{"uv":[4,2,6,3],"texture":"#0"},"down":{"uv":[4,3,6,4],"texture":"#0"}}},{"from":[9,5.75,7.5],"to":[10,6.75,8.5],"rotation":{"angle":45,"axis":"z","origin":[10,4,6.75]},"faces":{"north":{"uv":[4,2,5,3],"rotation":90,"texture":"#0"},"east":{"uv":[3,1,4,2],"texture":"#0"},"south":{"uv":[2,1,3,2],"texture":"#0"},"west":{"uv":[4,1,5,2],"texture":"#0"},"up":{"uv":[2,2,3,3],"texture":"#0"},"down":{"uv":[3,2,4,3],"texture":"#0"}}},{"from":[7.5,3.5,8],"to":[8.5,4.5,9],"rotation":{"angle":-45,"axis":"x","origin":[10,4,6.75]},"faces":{"north":{"uv":[4,2,5,3],"texture":"#0"},"east":{"uv":[2,1,3,2],"texture":"#0"},"south":{"uv":[3,3,4,4],"texture":"#0"},"west":{"uv":[3,2,4,3],"texture":"#0"},"up":{"uv":[2,2,3,3],"texture":"#0"},"down":{"uv":[4,1,5,2],"texture":"#0"}}},{"from":[4.25,1.5,4.25],"to":[11.75,2.5,11.75],"faces":{"north":{"uv":[12,4,13,12],"rotation":90,"texture":"#1"},"east":{"uv":[3,4,4,12],"rotation":90,"texture":"#1"},"south":{"uv":[4,12,12,13],"texture":"#1"},"west":{"uv":[4,3,12,4],"texture":"#1"},"up":{"uv":[4,4,12,12],"texture":"#1"},"down":{"uv":[4,4,12,12],"texture":"#1"}}},{"from":[4.5,1.75,4.5],"to":[6.5,2.75,6.5],"faces":{"north":{"uv":[0,0,2,1],"texture":"#1"},"east":{"uv":[0,0,2,1],"texture":"#1"},"south":{"uv":[0,0,2,1],"texture":"#1"},"west":{"uv":[0,0,2,1],"texture":"#1"},"up":{"uv":[0,0,2,2],"texture":"#1"},"down":{"uv":[0,0,2,2],"texture":"#1"}}},{"from":[8.5,1.75,8.5],"to":[10.5,2.75,10.5],"faces":{"north":{"uv":[0,0,2,1],"texture":"#1"},"east":{"uv":[0,0,2,1],"texture":"#1"},"south":{"uv":[0,0,2,1],"texture":"#1"},"west":{"uv":[0,0,2,1],"texture":"#1"},"up":{"uv":[4,8,6,10],"texture":"#1"},"down":{"uv":[4,8,6,10],"texture":"#1"}}},{"from":[-4,2,11.25],"to":[4,9,11.25],"rotation":{"angle":45,"axis":"y","origin":[0,0,0]},"faces":{"north":{"uv":[8,0,0,7],"texture":"#3"},"east":{"uv":[0,0,0,7],"texture":"#3"},"south":{"uv":[0,0,8,7],"texture":"#3"},"west":{"uv":[0,0,0,7],"texture":"#3"},"up":{"uv":[0,0,8,0],"texture":"#3"},"down":{"uv":[0,0,8,0],"texture":"#3"}}},{"from":[0,2,7.25],"to":[0,9,15.25],"rotation":{"angle":45,"axis":"y","origin":[0,0,0]},"faces":{"north":{"uv":[0,0,0,7],"texture":"#3"},"east":{"uv":[0,0,8,7],"texture":"#3"},"south":{"uv":[0,0,0,7],"texture":"#3"},"west":{"uv":[8,0,0,7],"texture":"#3"},"up":{"uv":[0,0,8,0],"rotation":90,"texture":"#3"},"down":{"uv":[0,0,8,0],"rotation":270,"texture":"#3"}}},{"from":[6.5,2,5],"to":[8.5,4,6],"rotation":{"angle":22.5,"axis":"z","origin":[0,0,0]},"faces":{"north":{"uv":[0,14,2,16],"texture":"#2"},"east":{"uv":[0,14,1,16],"texture":"#2"},"south":{"uv":[0,14,2,16],"texture":"#2"},"west":{"uv":[0,14,1,16],"texture":"#2"},"up":{"uv":[0,14,2,15],"texture":"#2"},"down":{"uv":[0,14,2,15],"texture":"#2"}}},{"from":[7.25,-1,5.5],"to":[7.75,2,5.5],"rotation":{"angle":22.5,"axis":"z","origin":[0,0,0]},"faces":{"north":{"uv":[5,0.5,5.25,3.5],"texture":"#2"},"east":{"uv":[5,0.5,5.25,3.5],"texture":"#2"},"south":{"uv":[5,0.5,5.25,3.5],"texture":"#2"},"west":{"uv":[5,0.5,5.25,3.5],"texture":"#2"},"up":{"uv":[0,0,0.25,0.25],"texture":"#2"},"down":{"uv":[0,0,0.25,0.25],"texture":"#2"}}},{"from":[7,7.25,10],"to":[9,9.25,11],"rotation":{"angle":-22.5,"axis":"z","origin":[0,0,0]},"faces":{"north":{"uv":[2,14,4,16],"texture":"#2"},"east":{"uv":[2,14,3,16],"texture":"#2"},"south":{"uv":[2,14,4,16],"texture":"#2"},"west":{"uv":[2,14,3,16],"texture":"#2"},"up":{"uv":[2,14,4,15],"texture":"#2"},"down":{"uv":[2,14,4,15],"texture":"#2"}}},{"from":[7.75,4.25,10.5],"to":[8.25,7.25,10.5],"rotation":{"angle":-22.5,"axis":"z","origin":[0,0,0]},"faces":{"north":{"uv":[5,0.5,5.25,3.5],"texture":"#2"},"east":{"uv":[5,0.5,5.25,3.5],"texture":"#2"},"south":{"uv":[5,0.5,5.25,3.5],"texture":"#2"},"west":{"uv":[5,0.5,5.25,3.5],"texture":"#2"},"up":{"uv":[0,0,0.25,0.25],"texture":"#2"},"down":{"uv":[0,0,0.25,0.25],"texture":"#2"}}}],"display":{"thirdperson_righthand":{"rotation":[75,45,0],"translation":[0,2,1],"scale":[0.375,0.375,0.375]},"thirdperson_lefthand":{"rotation":[75,45,0],"translation":[0,2,1],"scale":[0.375,0.375,0.375]},"firstperson_righthand":{"rotation":[0,45,0],"translation":[0,1,0],"scale":[0.4,0.4,0.4]},"firstperson_lefthand":{"rotation":[0,45,0],"translation":[0,1,0],"scale":[0.4,0.4,0.4]},"ground":{"translation":[0,3,0],"scale":[0.25,0.25,0.25]},"gui":{"rotation":[30,225,0],"translation":[0,2.5,0],"scale":[0.8,0.8,0.8]},"head":{"translation":[0,14.5,0]},"fixed":{"rotation":[-90,0,0],"scale":[2,2,2]}}}