{"credit":"By KeepMeow","texture_size":[32,32],"textures":{"0":"christmas:item/gold_small_present"},"elements":[{"from":[3,6,3],"to":[13,9,13],"faces":{"north":{"uv":[5.5,11,10.5,12.5],"texture":"#0","tintindex":0},"east":{"uv":[10.5,11,15.5,12.5],"texture":"#0","tintindex":0},"south":{"uv":[5.5,12.5,10.5,14],"texture":"#0","tintindex":0},"west":{"uv":[10.5,12.5,15.5,14],"texture":"#0","tintindex":0},"up":{"uv":[5,5,0,0],"texture":"#0","tintindex":0},"down":{"uv":[5,5,0,10],"texture":"#0","tintindex":0}}},{"from":[4,0,4],"to":[12,6,12],"faces":{"north":{"uv":[5,8,9,11],"texture":"#0","tintindex":0},"east":{"uv":[9,0,13,3],"texture":"#0","tintindex":0},"south":{"uv":[9,3,13,6],"texture":"#0","tintindex":0},"west":{"uv":[9,6,13,9],"texture":"#0","tintindex":0},"up":{"uv":[9,4,5,0],"texture":"#0","tintindex":0},"down":{"uv":[9,4,5,8],"texture":"#0","tintindex":0}}},{"from":[13.25,5.75,6],"to":[13.25,9.25,10],"faces":{"north":{"uv":[0,0,0,2],"texture":"#0"},"east":{"uv":[2,13,4,15],"texture":"#0"},"south":{"uv":[0,0,0,2],"texture":"#0"},"west":{"uv":[2,13,4,15],"texture":"#0"},"up":{"uv":[0,2,0,0],"texture":"#0"},"down":{"uv":[0,0,0,2],"texture":"#0"}}},{"from":[2.75,5.75,6],"to":[3.75,5.75,10],"faces":{"north":{"uv":[0,0,0.5,0],"texture":"#0"},"east":{"uv":[0,0,2,0],"texture":"#0"},"south":{"uv":[0,0,0.5,0],"texture":"#0"},"west":{"uv":[0,0,2,0],"texture":"#0"},"up":{"uv":[4.5,13,5,15],"texture":"#0"},"down":{"uv":[4.5,13,5,15],"texture":"#0"}}},{"from":[2.75,5.75,6],"to":[2.75,9.25,10],"faces":{"north":{"uv":[0,0,0,1.75],"texture":"#0"},"east":{"uv":[2,13,4,15],"texture":"#0"},"south":{"uv":[0,0,0,1.75],"texture":"#0"},"west":{"uv":[2,13,4,15],"texture":"#0"},"up":{"uv":[0,0,2,0],"rotation":90,"texture":"#0"},"down":{"uv":[0,0,2,0],"rotation":270,"texture":"#0"}}},{"from":[6,0,3.75],"to":[10,5.75,3.75],"faces":{"north":{"uv":[0,13.125,2,16],"texture":"#0"},"east":{"uv":[0,0,0,2.875],"texture":"#0"},"south":{"uv":[0,0,2,2.875],"texture":"#0"},"west":{"uv":[0,0,0,2.875],"texture":"#0"},"up":{"uv":[0,0,2,0],"texture":"#0"},"down":{"uv":[0,0,2,0],"texture":"#0"}}},{"from":[6,0,12.25],"to":[10,5.75,12.25],"faces":{"north":{"uv":[0,13,2,16],"texture":"#0"},"east":{"uv":[0,0,0,2.875],"texture":"#0"},"south":{"uv":[0,13,2,16],"texture":"#0"},"west":{"uv":[0,0,0,2.875],"texture":"#0"},"up":{"uv":[0,0,2,0],"texture":"#0"},"down":{"uv":[0,0,2,0],"texture":"#0"}}},{"from":[6,5.75,2.75],"to":[10,5.75,3.75],"faces":{"north":{"uv":[0,0,2,0],"texture":"#0"},"east":{"uv":[0,0,0.5,0],"texture":"#0"},"south":{"uv":[0,0,2,0],"texture":"#0"},"west":{"uv":[0,0,0.5,0],"texture":"#0"},"up":{"uv":[4.5,13,5,15],"rotation":90,"texture":"#0"},"down":{"uv":[4.5,13,5,15],"rotation":90,"texture":"#0"}}},{"from":[6,5.75,12.25],"to":[10,5.75,13.25],"faces":{"north":{"uv":[0,0,2,0],"texture":"#0"},"east":{"uv":[0,0,0.5,0],"texture":"#0"},"south":{"uv":[0,0,2,0],"texture":"#0"},"west":{"uv":[0,0,0.5,0],"texture":"#0"},"up":{"uv":[4.5,13,5,15],"rotation":90,"texture":"#0"},"down":{"uv":[4.5,13,5,15],"rotation":90,"texture":"#0"}}},{"from":[6,5.75,2.75],"to":[10,9.25,2.75],"faces":{"north":{"uv":[2,13,4,15],"texture":"#0"},"east":{"uv":[0,0,0,1.75],"texture":"#0"},"south":{"uv":[2,13,4,15],"texture":"#0"},"west":{"uv":[0,0,0,1.75],"texture":"#0"},"up":{"uv":[0,0,2,0],"texture":"#0"},"down":{"uv":[0,0,2,0],"texture":"#0"}}},{"from":[6,5.75,13.25],"to":[10,9.25,13.25],"faces":{"north":{"uv":[2,13,4,15],"texture":"#0"},"east":{"uv":[0,0,0,1.75],"texture":"#0"},"south":{"uv":[2,13,4,15],"texture":"#0"},"west":{"uv":[0,0,0,1.75],"texture":"#0"},"up":{"uv":[0,0,2,0],"texture":"#0"},"down":{"uv":[0,0,2,0],"texture":"#0"}}},{"from":[6,9.25,2.75],"to":[10,9.25,13.25],"faces":{"north":{"uv":[0,0,2,0],"texture":"#0"},"east":{"uv":[0,0,5.25,0],"texture":"#0"},"south":{"uv":[0,0,2,0],"texture":"#0"},"west":{"uv":[0,0,5.25,0],"texture":"#0"},"up":{"uv":[9,9,14.5,11],"rotation":90,"texture":"#0"},"down":{"uv":[9,9,14.5,11],"rotation":90,"texture":"#0"}}},{"from":[2.75,9.26,6],"to":[13.25,9.26,10],"faces":{"north":{"uv":[0,0,5.5,0],"texture":"#0"},"east":{"uv":[0,0,2,0],"texture":"#0"},"south":{"uv":[0,0,5.5,0],"texture":"#0"},"west":{"uv":[0,0,2,0],"texture":"#0"},"up":{"uv":[14.5,11,9,9],"texture":"#0"},"down":{"uv":[14.5,9,9,11],"texture":"#0"}}},{"from":[12.25,0,6],"to":[12.25,5.75,10],"faces":{"north":{"uv":[0,0,0,3],"texture":"#0"},"east":{"uv":[0,13,2,16],"texture":"#0"},"south":{"uv":[0,0,0,3],"texture":"#0"},"west":{"uv":[0,13,2,16],"texture":"#0"},"up":{"uv":[0,2,0,0],"texture":"#0"},"down":{"uv":[0,0,0,2],"texture":"#0"}}},{"from":[3.75,0,6],"to":[3.75,5.75,10],"faces":{"north":{"uv":[0,0,0,2.875],"texture":"#0"},"east":{"uv":[0,13,2,16],"texture":"#0"},"south":{"uv":[0,0,0,2.875],"texture":"#0"},"west":{"uv":[0,13,2,16],"texture":"#0"},"up":{"uv":[0,0,2,0],"rotation":90,"texture":"#0"},"down":{"uv":[0,0,2,0],"rotation":270,"texture":"#0"}}},{"from":[12.25,5.75,6],"to":[13.25,5.75,10],"faces":{"north":{"uv":[0,0,0.5,0],"texture":"#0"},"east":{"uv":[0,0,2,0],"texture":"#0"},"south":{"uv":[0,0,0.5,0],"texture":"#0"},"west":{"uv":[0,0,2,0],"texture":"#0"},"up":{"uv":[5,15,4.5,13],"texture":"#0"},"down":{"uv":[5,13,4.5,15],"texture":"#0"}}},{"from":[8,9,8],"to":[14,15,8],"rotation":{"angle":-45,"axis":"y","origin":[8,9,8]},"faces":{"north":{"uv":[13,3,16,6],"texture":"#0"},"east":{"uv":[0,0,0,3],"texture":"#0"},"south":{"uv":[16,0,13,3],"texture":"#0"},"west":{"uv":[0,0,0,3],"texture":"#0"},"up":{"uv":[0,0,3,0],"texture":"#0"},"down":{"uv":[0,0,3,0],"texture":"#0"}}},{"from":[2,9,8],"to":[8,15,8],"rotation":{"angle":-45,"axis":"y","origin":[8,9,8]},"faces":{"north":{"uv":[16,0,13,3],"texture":"#0"},"east":{"uv":[0,0,0,3],"texture":"#0"},"south":{"uv":[13,3,16,6],"texture":"#0"},"west":{"uv":[0,0,0,3],"texture":"#0"},"up":{"uv":[0,0,3,0],"rotation":180,"texture":"#0"},"down":{"uv":[0,0,3,0],"rotation":180,"texture":"#0"}}},{"from":[2,9,8],"to":[8,15,8],"rotation":{"angle":45,"axis":"y","origin":[8,9,8]},"faces":{"north":{"uv":[16,0,13,3],"texture":"#0"},"east":{"uv":[0,0,0,3],"texture":"#0"},"south":{"uv":[13,3,16,6],"texture":"#0"},"west":{"uv":[0,0,0,3],"texture":"#0"},"up":{"uv":[0,0,3,0],"rotation":180,"texture":"#0"},"down":{"uv":[0,0,3,0],"rotation":180,"texture":"#0"}}},{"from":[8,9,2],"to":[8,15,8],"rotation":{"angle":-45,"axis":"y","origin":[8,9,8]},"faces":{"north":{"uv":[0,0,0,3],"texture":"#0"},"east":{"uv":[16,0,13,3],"texture":"#0"},"south":{"uv":[0,0,0,3],"texture":"#0"},"west":{"uv":[13,3,16,6],"texture":"#0"},"up":{"uv":[0,0,3,0],"rotation":270,"texture":"#0"},"down":{"uv":[0,0,3,0],"rotation":90,"texture":"#0"}}}],"display":{"thirdperson_righthand":{"rotation":[75,45,0],"translation":[0,2.5,0],"scale":[0.375,0.375,0.375]},"thirdperson_lefthand":{"rotation":[75,45,0],"translation":[0,2.5,0],"scale":[0.375,0.375,0.375]},"firstperson_righthand":{"rotation":[0,45,0],"scale":[0.4,0.4,0.4]},"firstperson_lefthand":{"rotation":[0,45,0],"scale":[0.4,0.4,0.4]},"ground":{"translation":[0,3,0],"scale":[0.25,0.25,0.25]},"gui":{"rotation":[30,225,0],"scale":[0.625,0.625,0.625]},"head":{"translation":[0,8,0],"scale":[2,2,2]},"fixed":{"rotation":[-90,0,0],"translation":[0,0,-15],"scale":[2,2,2]}}}