{"credit":"By KeepMeow","texture_size":[128,128],"textures":{"0":"christmas:item/santa_sledge","1":"block/dark_oak_planks"},"elements":[{"from":[-2.5,7,-6],"to":[18.5,16,-4],"faces":{"north":{"uv":[3.5,10,6.125,11.125],"texture":"#0"},"east":{"uv":[3.5,11.125,3.75,12.25],"texture":"#0"},"south":{"uv":[6.125,10,8.75,11.125],"texture":"#0"},"west":{"uv":[3.75,11.125,4,12.25],"texture":"#0"},"up":{"uv":[11.375,10.75,8.75,10.5],"texture":"#0"},"down":{"uv":[13.125,8.75,10.5,9],"texture":"#0"}}},{"from":[-2.5,12,-8],"to":[18.5,16,-6],"faces":{"north":{"uv":[9,6.75,11.625,7.25],"texture":"#0"},"east":{"uv":[4,11.125,4.25,11.625],"texture":"#0"},"south":{"uv":[9,7.25,11.625,7.75],"texture":"#0"},"west":{"uv":[4.25,11.125,4.5,11.625],"texture":"#0"},"up":{"uv":[13.125,9.75,10.5,9.5],"texture":"#0"},"down":{"uv":[13.125,9.75,10.5,10],"texture":"#0"}}},{"from":[-2.5,21,26],"to":[18.5,25,28],"faces":{"north":{"uv":[8.75,10,11.375,10.5],"texture":"#0"},"east":{"uv":[4.5,11.125,4.75,11.625],"texture":"#0"},"south":{"uv":[10.5,7.75,13.125,8.25],"texture":"#0"},"west":{"uv":[4.75,11.125,5,11.625],"texture":"#0"},"up":{"uv":[11.375,11,8.75,10.75],"texture":"#0"},"down":{"uv":[11.375,11,8.75,11.25],"texture":"#0"}}},{"from":[-2.5,7,16],"to":[18.5,25,26],"faces":{"north":{"uv":[5.25,7.75,7.875,10],"texture":"#0"},"east":{"uv":[0,10,1.25,12.25],"texture":"#0"},"south":{"uv":[7.875,7.75,10.5,10],"texture":"#0"},"west":{"uv":[1.75,10,3,12.25],"texture":"#0"},"up":{"uv":[11.625,4.5,9,3.25],"texture":"#0"},"down":{"uv":[11.625,5,9,6.25],"texture":"#0"}}},{"from":[-2.5,7,-4],"to":[-2.5,25,16],"faces":{"north":{"uv":[0,7.75,2.625,10],"texture":"#0"},"east":{"uv":[7.75,5.5,5.25,7.75],"texture":"#0"},"south":{"uv":[2.625,7.75,5.25,10],"texture":"#0"},"west":{"uv":[5.25,5.5,7.75,7.75],"texture":"#0"},"up":{"uv":[2.625,7.75,0,4],"texture":"#0"},"down":{"uv":[5.25,4,2.625,7.75],"texture":"#0"}}},{"from":[18.5,7,-4],"to":[18.5,25,16],"faces":{"north":{"uv":[0,7.75,2.625,10],"texture":"#0"},"east":{"uv":[7.75,5.5,5.25,7.75],"texture":"#0"},"south":{"uv":[2.625,7.75,5.25,10],"texture":"#0"},"west":{"uv":[5.25,5.5,7.75,7.75],"texture":"#0"},"up":{"uv":[2.625,7.75,0,4],"texture":"#0"},"down":{"uv":[5.25,4,2.625,7.75],"texture":"#0"}}},{"from":[-2.5,5,-6],"to":[18.5,7,26],"faces":{"north":{"uv":[10.5,9,13.125,9.25],"texture":"#0"},"east":{"uv":[10.5,8.25,14.5,8.5],"texture":"#0"},"south":{"uv":[10.5,9.25,13.125,9.5],"texture":"#0"},"west":{"uv":[10.5,8.5,14.5,8.75],"texture":"#0"},"up":{"uv":[2.625,4,0,0],"texture":"#0"},"down":{"uv":[5.25,0,2.625,4],"texture":"#0"}}},{"from":[-1.5,0,-16],"to":[-1.5,13,32],"faces":{"north":{"uv":[0,0,0,1.625],"texture":"#0"},"east":{"uv":[11.25,0,5.25,1.625],"texture":"#0"},"south":{"uv":[0,0,0,1.625],"texture":"#0"},"west":{"uv":[5.25,0,11.25,1.625],"texture":"#0"},"up":{"uv":[0,6,0,0],"texture":"#0"},"down":{"uv":[0,0,0,6],"texture":"#0"}}},{"from":[17.5,0,-16],"to":[17.5,13,32],"faces":{"north":{"uv":[0,0,0,1.625],"texture":"#0"},"east":{"uv":[11.25,0,5.25,1.625],"texture":"#0"},"south":{"uv":[0,0,0,1.625],"texture":"#0"},"west":{"uv":[5.25,0,11.25,1.625],"texture":"#0"},"up":{"uv":[0,0,0,2],"texture":"#0"},"down":{"uv":[0,0,0,2],"texture":"#0"}}},{"from":[-2.5,25,16],"to":[-2.5,27,24],"faces":{"north":{"uv":[0,0,0,0.25],"texture":"#0"},"east":{"uv":[1,12.25,0,12.5],"texture":"#0"},"south":{"uv":[0,0,0,0.25],"texture":"#0"},"west":{"uv":[0.125,12.25,1.125,12.5],"texture":"#0"},"up":{"uv":[0,0,0,1],"texture":"#0"},"down":{"uv":[0,0,0,1],"texture":"#0"}}},{"from":[18.5,25,16],"to":[18.5,27,24],"faces":{"north":{"uv":[0,0,0,0.25],"texture":"#0"},"east":{"uv":[1,12.25,0,12.5],"texture":"#0"},"south":{"uv":[0,0,0,0.25],"texture":"#0"},"west":{"uv":[0.125,12.25,1.125,12.5],"texture":"#0"},"up":{"uv":[0,0,0,1],"texture":"#0"},"down":{"uv":[0,0,0,1],"texture":"#0"}}},{"from":[0,7.75,12],"to":[16,11.75,13],"rotation":{"angle":45,"axis":"x","origin":[8,9,14]},"faces":{"north":{"uv":[0,0,16,4],"rotation":180,"texture":"#1"},"east":{"uv":[0,0,3,1],"rotation":90,"texture":"#1"},"south":{"uv":[0,0,16,4],"texture":"#1"},"west":{"uv":[0,0,3,1],"rotation":270,"texture":"#1"},"up":{"uv":[0,0,16,1],"texture":"#1"},"down":{"uv":[0,0,16,1],"rotation":180,"texture":"#1"}}},{"from":[0,8.5,2],"to":[16,9.5,6],"faces":{"north":{"uv":[0,4,16,5],"texture":"#1"},"east":{"uv":[0,4,3,5],"texture":"#1"},"south":{"uv":[0,4,16,5],"texture":"#1"},"west":{"uv":[0,4,3,5],"texture":"#1"},"up":{"uv":[0,4,16,8],"texture":"#1"},"down":{"uv":[0,4,16,8],"texture":"#1"}}},{"from":[0,8.5,7],"to":[16,9.5,11],"faces":{"north":{"uv":[0,8,16,9],"texture":"#1"},"east":{"uv":[0,8,3,9],"texture":"#1"},"south":{"uv":[0,8,16,9],"texture":"#1"},"west":{"uv":[0,8,3,9],"texture":"#1"},"up":{"uv":[0,8,16,12],"texture":"#1"},"down":{"uv":[0,8,16,12],"texture":"#1"}}},{"from":[0,13,15],"to":[16,17,16],"faces":{"north":{"uv":[0,12,16,16],"rotation":180,"texture":"#1"},"east":{"uv":[0,12,3,13],"rotation":90,"texture":"#1"},"south":{"uv":[0,12,16,16],"texture":"#1"},"west":{"uv":[0,12,3,13],"rotation":270,"texture":"#1"},"up":{"uv":[0,12,16,13],"texture":"#1"},"down":{"uv":[0,12,16,13],"rotation":180,"texture":"#1"}}},{"from":[-0.25,6,1.75],"to":[0.75,10,17.75],"faces":{"north":{"uv":[0,12,3,13],"rotation":270,"texture":"#1"},"east":{"uv":[0,12,16,16],"rotation":180,"texture":"#1"},"south":{"uv":[0,12,3,13],"rotation":90,"texture":"#1"},"west":{"uv":[0,12,16,16],"texture":"#1"},"up":{"uv":[0,12,16,13],"rotation":90,"texture":"#1"},"down":{"uv":[0,12,16,13],"rotation":90,"texture":"#1"}}},{"from":[15.25,6,1.75],"to":[16.25,10,17.75],"faces":{"north":{"uv":[0,12,3,13],"rotation":270,"texture":"#1"},"east":{"uv":[0,12,16,16],"rotation":180,"texture":"#1"},"south":{"uv":[0,12,3,13],"rotation":90,"texture":"#1"},"west":{"uv":[0,12,16,16],"texture":"#1"},"up":{"uv":[0,12,16,13],"rotation":90,"texture":"#1"},"down":{"uv":[0,12,16,13],"rotation":90,"texture":"#1"}}}],"display":{"thirdperson_righthand":{"rotation":[75,90,0],"translation":[-6,2,-2],"scale":[0.375,0.375,0.375]},"thirdperson_lefthand":{"rotation":[75,90,0],"translation":[-6,2,-2],"scale":[0.375,0.375,0.375]},"firstperson_righthand":{"rotation":[0,90,0],"translation":[-10.5,-2,0],"scale":[0.4,0.4,0.4]},"firstperson_lefthand":{"rotation":[0,90,0],"translation":[-10.5,-2,0],"scale":[0.4,0.4,0.4]},"ground":{"translation":[0,3,0],"scale":[0.1,0.1,0.1]},"gui":{"rotation":[30,225,0],"translation":[0,-1.5,0],"scale":[0.3,0.3,0.3]},"head":{"translation":[0,-41.75,-6.5],"scale":[2,2,2]},"fixed":{"rotation":[-90,0,0],"translation":[0,0,-16.25],"scale":[2.3,2.3,2.3]}}}