{"credit":"By Ivango & KeepMeow","texture_size":[128,128],"textures":{"1":"christmas:item/snowman"},"elements":[{"from":[1.95,7.95,1.95],"to":[14.05,12.05,14.05],"faces":{"north":{"uv":[3.5,7,5,7.5],"texture":"#1","tintindex":0},"east":{"uv":[7,6.5,8.5,7],"texture":"#1","tintindex":0},"south":{"uv":[7,7,8.5,7.5],"texture":"#1","tintindex":0},"west":{"uv":[7.25,0,8.75,0.5],"texture":"#1","tintindex":0},"up":{"uv":[7,3.5,5.5,2],"texture":"#1","tintindex":0},"down":{"uv":[5,5.5,3.5,7],"texture":"#1","tintindex":0}}},{"from":[15,-16,6],"to":[19,-12,10],"rotation":{"angle":22.5,"axis":"z","origin":[0,0,0]},"faces":{"north":{"uv":[4,3.5,4.5,4],"texture":"#1","tintindex":0},"east":{"uv":[4.5,3.5,5,4],"texture":"#1","tintindex":0},"south":{"uv":[7.5,6,8,6.5],"texture":"#1","tintindex":0},"west":{"uv":[7.625,0.5,8.125,1],"texture":"#1","tintindex":0},"up":{"uv":[8.125,1.5,7.625,1],"texture":"#1","tintindex":0},"down":{"uv":[2.75,7.625,2.25,8.125],"texture":"#1","tintindex":0}}},{"from":[3,10,1],"to":[6,13,4],"faces":{"north":{"uv":[7,3.125,7.375,3.5],"texture":"#1","tintindex":0},"east":{"uv":[1.875,8,2.25,8.375],"texture":"#1","tintindex":0},"south":{"uv":[8.125,0.5,8.5,0.875],"texture":"#1","tintindex":0},"west":{"uv":[8.125,0.875,8.5,1.25],"texture":"#1","tintindex":0},"up":{"uv":[2.625,8.5,2.25,8.125],"texture":"#1","tintindex":0},"down":{"uv":[3,8.125,2.625,8.5],"texture":"#1","tintindex":0}}},{"from":[5,5,0.5],"to":[8,11,3.5],"faces":{"north":{"uv":[6.375,7.5,6.75,8.25],"texture":"#1","tintindex":0},"east":{"uv":[6.75,7.5,7.125,8.25],"texture":"#1","tintindex":0},"south":{"uv":[7.125,7.5,7.5,8.25],"texture":"#1","tintindex":0},"west":{"uv":[7.5,7.5,7.875,8.25],"texture":"#1","tintindex":0},"up":{"uv":[3.375,8.5,3,8.125],"texture":"#1","tintindex":0},"down":{"uv":[5.5,8.125,5.125,8.5],"texture":"#1","tintindex":0}}},{"from":[1.5,3,0],"to":[4.5,12,3],"faces":{"north":{"uv":[7.25,0.5,7.625,1.625],"texture":"#1","tintindex":0},"east":{"uv":[4,7.5,4.375,8.625],"texture":"#1","tintindex":0},"south":{"uv":[4.375,7.5,4.75,8.625],"texture":"#1","tintindex":0},"west":{"uv":[4.75,7.5,5.125,8.625],"texture":"#1","tintindex":0},"up":{"uv":[8.5,5.75,8.125,5.375],"texture":"#1","tintindex":0},"down":{"uv":[5.875,8.125,5.5,8.5],"texture":"#1","tintindex":0}}},{"from":[-4,-10,6],"to":[0,-6,10],"rotation":{"angle":-22.5,"axis":"z","origin":[0,0,0]},"faces":{"north":{"uv":[2.75,7.625,3.25,8.125],"texture":"#1","tintindex":0},"east":{"uv":[7.75,3.125,8.25,3.625],"texture":"#1","tintindex":0},"south":{"uv":[7.75,3.625,8.25,4.125],"texture":"#1","tintindex":0},"west":{"uv":[7.75,4.125,8.25,4.625],"texture":"#1","tintindex":0},"up":{"uv":[7.75,5.125,8.25,4.625],"texture":"#1","tintindex":0},"down":{"uv":[7.875,7.5,8.375,8],"texture":"#1","tintindex":0}}},{"from":[3,19,-4.5],"to":[13,24,5.5],"rotation":{"angle":22.5,"axis":"x","origin":[0,0,0]},"faces":{"north":{"uv":[6,1.25,7.25,1.875],"texture":"#1","tintindex":0},"east":{"uv":[7,1.875,8.25,2.5],"texture":"#1","tintindex":0},"south":{"uv":[2.25,7,3.5,7.625],"texture":"#1","tintindex":0},"west":{"uv":[7,2.5,8.25,3.125],"texture":"#1","tintindex":0},"up":{"uv":[1.25,7.25,0,6],"texture":"#1","tintindex":0},"down":{"uv":[7.25,0,6,1.25],"texture":"#1","tintindex":0}}},{"from":[6.5,24,-1],"to":[9.5,27,2],"rotation":{"angle":22.5,"axis":"x","origin":[0,0,0]},"faces":{"north":{"uv":[8,6.125,8.375,6.5],"texture":"#1"},"east":{"uv":[8,6.125,8.375,6.5],"texture":"#1"},"south":{"uv":[8,6.125,8.375,6.5],"texture":"#1"},"west":{"uv":[8,6.125,8.375,6.5],"texture":"#1"},"up":{"uv":[8,6.125,8.375,6.5],"texture":"#1"},"down":{"uv":[8,6.125,8.375,6.5],"texture":"#1"}}},{"from":[14.5,-12,5.5],"to":[19.5,-10,10.5],"rotation":{"angle":22.5,"axis":"z","origin":[0,0,0]},"faces":{"north":{"uv":[1.25,6.625,1.875,6.875],"texture":"#1"},"east":{"uv":[7.25,1.625,7.875,1.875],"texture":"#1"},"south":{"uv":[7.75,5.125,8.375,5.375],"texture":"#1"},"west":{"uv":[7.875,1.5,8.5,1.75],"texture":"#1"},"up":{"uv":[1.875,6.625,1.25,6],"texture":"#1"},"down":{"uv":[5.75,7.5,5.125,8.125],"texture":"#1"}}},{"from":[-4.5,-6,5.5],"to":[0.5,-4,10.5],"rotation":{"angle":-22.5,"axis":"z","origin":[0,0,0]},"faces":{"north":{"uv":[1.25,8,1.875,8.25],"texture":"#1"},"east":{"uv":[8,6,8.625,6.25],"texture":"#1"},"south":{"uv":[8,6.25,8.625,6.5],"texture":"#1"},"west":{"uv":[7.875,8,8.5,8.25],"texture":"#1"},"up":{"uv":[8.125,6,7.5,5.375],"texture":"#1"},"down":{"uv":[6.375,7.5,5.75,8.125],"texture":"#1"}}},{"from":[-3,-8,7],"to":[-1,10,9],"rotation":{"angle":-22.5,"axis":"z","origin":[0,0,0]},"faces":{"north":{"uv":[0,7.25,0.25,9.5],"texture":"#1"},"east":{"uv":[0.25,7.25,0.5,9.5],"texture":"#1"},"south":{"uv":[0.5,7.25,0.75,9.5],"texture":"#1"},"west":{"uv":[0.75,7.25,1,9.5],"texture":"#1"},"up":{"uv":[3.5,7.875,3.25,7.625],"texture":"#1"},"down":{"uv":[3.5,7.875,3.25,8.125],"texture":"#1"}}},{"from":[16,-14,7],"to":[18,4,9],"rotation":{"angle":22.5,"axis":"z","origin":[0,0,0]},"faces":{"north":{"uv":[1,7.25,1.25,9.5],"texture":"#1"},"east":{"uv":[7.5,3.125,7.75,5.375],"texture":"#1"},"south":{"uv":[3.5,7.5,3.75,9.75],"texture":"#1"},"west":{"uv":[3.75,7.5,4,9.75],"texture":"#1"},"up":{"uv":[8.375,1.5,8.125,1.25],"texture":"#1"},"down":{"uv":[8.375,5.75,8.125,6],"texture":"#1"}}},{"from":[0,-16,0],"to":[16,0,16],"faces":{"north":{"uv":[0,0,2,2],"texture":"#1"},"east":{"uv":[0,2,2,4],"texture":"#1"},"south":{"uv":[2,0,4,2],"texture":"#1"},"west":{"uv":[2,2,4,4],"texture":"#1"},"up":{"uv":[2,6,0,4],"texture":"#1"},"down":{"uv":[6,0,4,2],"texture":"#1"}}},{"from":[2,0,2],"to":[14,12,14],"faces":{"north":{"uv":[2,4,3.5,5.5],"texture":"#1"},"east":{"uv":[4,2,5.5,3.5],"texture":"#1"},"south":{"uv":[3.5,4,5,5.5],"texture":"#1"},"west":{"uv":[5,3.5,6.5,5],"texture":"#1"},"up":{"uv":[6.5,6.5,5,5],"texture":"#1"},"down":{"uv":[3.5,5.5,2,7],"texture":"#1"}}},{"from":[4,12,4],"to":[12,20,12],"faces":{"north":{"uv":[6.5,3.5,7.5,4.5],"texture":"#1"},"east":{"uv":[6.5,4.5,7.5,5.5],"texture":"#1"},"south":{"uv":[5,6.5,6,7.5],"texture":"#1"},"west":{"uv":[6.5,5.5,7.5,6.5],"texture":"#1"},"up":{"uv":[7,7.5,6,6.5],"texture":"#1"},"down":{"uv":[6,6.5,5,7.5],"texture":"#1"}}},{"from":[7,14,1],"to":[9,16,4],"faces":{"north":{"uv":[8.75,0,9,0.25],"texture":"#1"},"east":{"uv":[9.25,0,9.625,0.25],"texture":"#1"},"south":{"uv":[8.75,0,9,0.25],"texture":"#1"},"west":{"uv":[9.625,0.25,9.25,0],"texture":"#1"},"up":{"uv":[9,0,9.25,0.375],"texture":"#1"},"down":{"uv":[9.25,0.375,9,0],"texture":"#1"}}}],"display":{"thirdperson_righthand":{"rotation":[75,45,0],"translation":[0,1.5,0],"scale":[0.15,0.15,0.15]},"thirdperson_lefthand":{"rotation":[75,45,0],"translation":[0,1.5,0],"scale":[0.15,0.15,0.15]},"firstperson_righthand":{"rotation":[0,45,0],"scale":[0.3,0.3,0.3]},"firstperson_lefthand":{"rotation":[0,45,0],"scale":[0.3,0.3,0.3]},"ground":{"translation":[0,3,0],"scale":[0.1,0.1,0.1]},"gui":{"rotation":[30,225,0],"translation":[0,1.75,0],"scale":[0.35,0.35,0.35]},"head":{"translation":[0,2.5,0],"scale":[2,2,2]},"fixed":{"rotation":[-90,0,0],"translation":[0,0,-47],"scale":[2,2,2]}}}