{"credit":"Credit:  Ontvlambaar","textures":{"0":"block/gold_block","2":"block/redstone_block","3":"block/lapis_block","4":"block/emerald_block","6":"block/purple_concrete_powder","7":"block/orange_concrete_powder","9":"block/yellow_terracotta","particle":"block/gold_block"},"elements":[{"from":[6,0,5],"to":[11,3.5,10],"faces":{"north":{"uv":[9,10,15,15.5],"texture":"#0"},"east":{"uv":[7,8,16,15.5],"texture":"#0"},"south":{"uv":[5,9,10,15.5],"texture":"#0"},"west":{"uv":[10,9,15,15.5],"rotation":90,"texture":"#0"},"up":{"uv":[0,0,4,5.5],"texture":"#0"},"down":{"uv":[0,0,16,15.5],"texture":"#0"}}},{"from":[6,3.5,5],"to":[11,6,8],"rotation":{"angle":0,"axis":"y","origin":[8,11,8]},"faces":{"north":{"uv":[9,10,15,15.5],"texture":"#0"},"east":{"uv":[7,8,16,15.5],"texture":"#0"},"south":{"uv":[5,5,10,11.5],"texture":"#0"},"west":{"uv":[10,9,15,15.5],"rotation":90,"texture":"#0"},"up":{"uv":[0,0,4,5.5],"texture":"#0"},"down":{"uv":[0,0,16,15.5],"texture":"#0"}}},{"from":[6.1,0.5,1],"to":[10.9,4,4],"rotation":{"angle":-45,"axis":"x","origin":[8,9,4]},"faces":{"north":{"uv":[9,10,15,15.5],"texture":"#0"},"east":{"uv":[7,8,16,15.5],"texture":"#0"},"south":{"uv":[5,5,10,11.5],"texture":"#0"},"west":{"uv":[10,9,15,15.5],"rotation":90,"texture":"#0"},"up":{"uv":[0,0,4,5.5],"texture":"#0"},"down":{"uv":[0,0,16,15.5],"texture":"#0"}}},{"from":[9.75,4.5,6.25],"to":[10.75,7.75,6.75],"rotation":{"angle":22.5,"axis":"x","origin":[8,8,8]},"faces":{"north":{"uv":[0,0,7.75,0.75],"rotation":270,"texture":"#0"},"east":{"uv":[0,0,2.25,0.5],"rotation":90,"texture":"#0"},"south":{"uv":[0,0,2.25,0.75],"rotation":270,"texture":"#0"},"west":{"uv":[0,0,2.25,0.5],"rotation":270,"texture":"#0"},"up":{"uv":[0,0,0.75,0.5],"texture":"#0"},"down":{"uv":[0,0,0.75,0.5],"rotation":180,"texture":"#0"}}},{"from":[8.5,4.5,6.25],"to":[9.5,7.75,6.75],"rotation":{"angle":22.5,"axis":"x","origin":[8,8,8]},"faces":{"north":{"uv":[0,0,7.75,0.75],"rotation":270,"texture":"#0"},"east":{"uv":[0,0,2.25,0.5],"rotation":90,"texture":"#0"},"south":{"uv":[0,0,2.25,0.75],"rotation":270,"texture":"#0"},"west":{"uv":[0,0,2.25,0.5],"rotation":270,"texture":"#0"},"up":{"uv":[0,0,0.75,0.5],"texture":"#0"},"down":{"uv":[0,0,0.75,0.5],"rotation":180,"texture":"#0"}}},{"from":[7.25,4.5,6.25],"to":[8.25,7.75,6.75],"rotation":{"angle":22.5,"axis":"x","origin":[8,8,8]},"faces":{"north":{"uv":[0,0,7.75,0.75],"rotation":270,"texture":"#0"},"east":{"uv":[0,0,2.25,0.5],"rotation":90,"texture":"#0"},"south":{"uv":[0,0,2.25,0.75],"rotation":270,"texture":"#0"},"west":{"uv":[0,0,2.25,0.5],"rotation":270,"texture":"#0"},"up":{"uv":[0,0,0.75,0.5],"texture":"#0"},"down":{"uv":[0,0,0.75,0.5],"rotation":180,"texture":"#0"}}},{"from":[6,4.5,6.25],"to":[7,7.75,6.75],"rotation":{"angle":22.5,"axis":"x","origin":[8,8,8]},"faces":{"north":{"uv":[0,0,7.75,0.75],"rotation":270,"texture":"#0"},"east":{"uv":[0,0,2.25,0.5],"rotation":90,"texture":"#0"},"south":{"uv":[0,0,2.25,0.75],"rotation":270,"texture":"#0"},"west":{"uv":[0,0,2.25,0.5],"rotation":270,"texture":"#0"},"up":{"uv":[0,0,0.75,0.5],"texture":"#0"},"down":{"uv":[0,0,0.75,0.5],"rotation":180,"texture":"#0"}}},{"from":[9.9,6.7,7.4],"to":[10.65,9.2,7.9],"rotation":{"angle":45,"axis":"x","origin":[8,9,9]},"faces":{"north":{"uv":[0,0,7.75,0.75],"rotation":270,"texture":"#0"},"east":{"uv":[0,0,1.5,0.5],"rotation":90,"texture":"#0"},"south":{"uv":[0,0,1.5,0.5],"rotation":270,"texture":"#0"},"west":{"uv":[0,0,1.5,0.5],"rotation":270,"texture":"#0"},"up":{"uv":[0,0,0.5,0.5],"texture":"#0"},"down":{"uv":[0,0,0.5,0.5],"rotation":180,"texture":"#0"}}},{"from":[8.65,6.7,7.4],"to":[9.4,9.2,7.9],"rotation":{"angle":45,"axis":"x","origin":[8,9,9]},"faces":{"north":{"uv":[0,0,7.75,0.75],"rotation":270,"texture":"#0"},"east":{"uv":[0,0,1.5,0.5],"rotation":90,"texture":"#0"},"south":{"uv":[0,0,1.5,0.5],"rotation":270,"texture":"#0"},"west":{"uv":[0,0,1.5,0.5],"rotation":270,"texture":"#0"},"up":{"uv":[0,0,0.5,0.5],"texture":"#0"},"down":{"uv":[0,0,0.5,0.5],"rotation":180,"texture":"#0"}}},{"from":[7.4,6.7,7.4],"to":[8.15,9.2,7.9],"rotation":{"angle":45,"axis":"x","origin":[8,9,9]},"faces":{"north":{"uv":[0,0,7.75,0.75],"rotation":270,"texture":"#0"},"east":{"uv":[0,0,1.5,0.5],"rotation":90,"texture":"#0"},"south":{"uv":[0,0,1.5,0.5],"rotation":270,"texture":"#0"},"west":{"uv":[0,0,1.5,0.5],"rotation":270,"texture":"#0"},"up":{"uv":[0,0,0.5,0.5],"texture":"#0"},"down":{"uv":[0,0,0.5,0.5],"rotation":180,"texture":"#0"}}},{"from":[6.15,6.7,7.4],"to":[6.9,9.2,7.9],"rotation":{"angle":45,"axis":"x","origin":[8,9,9]},"faces":{"north":{"uv":[0,0,7.75,0.75],"rotation":270,"texture":"#0"},"east":{"uv":[0,0,1.5,0.5],"rotation":90,"texture":"#0"},"south":{"uv":[0,0,1.5,0.5],"rotation":270,"texture":"#0"},"west":{"uv":[0,0,1.5,0.5],"rotation":270,"texture":"#0"},"up":{"uv":[0,0,0.5,0.5],"texture":"#0"},"down":{"uv":[0,0,0.5,0.5],"rotation":180,"texture":"#0"}}},{"from":[11,2.75,8.5],"to":[11.75,6.5,9.75],"rotation":{"angle":22.5,"axis":"x","origin":[8,7,9]},"faces":{"north":{"uv":[0,0,0.75,15.75],"texture":"#0"},"east":{"uv":[0,0,1,11.75],"texture":"#0"},"south":{"uv":[0,0,0.75,2.75],"texture":"#0"},"west":{"uv":[0,5,4,7.75],"texture":"#0"},"up":{"uv":[0,0,1,0.75],"rotation":90,"texture":"#0"},"down":{"uv":[0,0,1,0.75],"rotation":270,"texture":"#0"}}},{"from":[10,4.5,4.75],"to":[10.75,5.75,5],"rotation":{"angle":0,"axis":"y","origin":[8,9,8]},"faces":{"north":{"uv":[0,0,2.75,6.25],"texture":"#6"},"east":{"uv":[0,0,1,8.5],"texture":"#6"},"south":{"uv":[0,0,1,8.5],"texture":"#6"},"west":{"uv":[0,0,1,8.5],"texture":"#6"},"up":{"uv":[0,0,1,8.5],"texture":"#6"},"down":{"uv":[0,0,16,15.5],"texture":"#6"}}},{"from":[11.75,3.25,9],"to":[12,4.5,9.75],"rotation":{"angle":22.5,"axis":"x","origin":[8,7,11]},"faces":{"north":{"uv":[15,1,16,9.5],"texture":"#4"},"east":{"uv":[6,7,11.75,13.25],"texture":"#4"},"south":{"uv":[13,1,14,9.5],"texture":"#4"},"west":{"uv":[0,0,16,15.5],"texture":"#4"},"up":{"uv":[0,0,4,5.5],"rotation":90,"texture":"#4"},"down":{"uv":[0,0,16,15.5],"rotation":270,"texture":"#4"}}},{"from":[8.75,4.5,4.75],"to":[9.5,5.75,5],"rotation":{"angle":0,"axis":"y","origin":[8,9,8]},"faces":{"north":{"uv":[11,5,14.75,11.25],"texture":"#3"},"east":{"uv":[0,0,16,15.5],"texture":"#3"},"south":{"uv":[0,0,16,15.5],"texture":"#3"},"west":{"uv":[0,0,16,15.5],"texture":"#3"},"up":{"uv":[0,0,4,5.5],"texture":"#3"},"down":{"uv":[0,0,16,15.5],"texture":"#3"}}},{"from":[7.5,1.5,4.75],"to":[9.5,3.5,5],"faces":{"north":{"uv":[11,6,15,11.5],"texture":"#9"},"east":{"uv":[0,0,1,6.5],"texture":"#9"},"south":{"uv":[0,0,1,6.5],"texture":"#9"},"west":{"uv":[0,0,1,6.5],"texture":"#9"},"up":{"uv":[0,0,1,6.5],"texture":"#9"},"down":{"uv":[0,0,1,6.5],"texture":"#9"}}},{"from":[7.5,4.5,4.75],"to":[8.25,5.75,5],"rotation":{"angle":0,"axis":"y","origin":[8,9,8]},"faces":{"north":{"uv":[11,2,14,9.5],"texture":"#7"},"east":{"uv":[0,0,1,7.5],"texture":"#7"},"south":{"uv":[0,0,1,7.5],"texture":"#7"},"west":{"uv":[0,0,1,7.5],"texture":"#7"},"up":{"uv":[0,0,1,7.5],"texture":"#7"},"down":{"uv":[0,0,1,7.5],"texture":"#7"}}},{"from":[6.25,4.5,4.75],"to":[7,5.75,5],"rotation":{"angle":0,"axis":"y","origin":[8,9,8]},"faces":{"north":{"uv":[2,2,4.75,6.25],"texture":"#2"},"east":{"uv":[2,1,2.75,5.25],"texture":"#2"},"south":{"uv":[2,1,2.75,5.25],"texture":"#2"},"west":{"uv":[2,1,2.75,5.25],"texture":"#2"},"up":{"uv":[2,1,2.75,5.25],"texture":"#2"},"down":{"uv":[2,1,2.75,5.25],"texture":"#2"}}}],"display":{"thirdperson_righthand":{"rotation":[-90,180,0],"translation":[0.5,-2.5,-2.5]},"thirdperson_lefthand":{"rotation":[-90,180,0],"translation":[-0.5,-2.5,-3]},"firstperson_righthand":{"rotation":[-54,180,0],"translation":[-1,4.75,0],"scale":[0.79,1,0.86]},"firstperson_lefthand":{"rotation":[-54,133,0],"translation":[-1,4.75,0],"scale":[0.79,1,0.86]},"ground":{"rotation":[0,1,92],"translation":[0,-1.5,0]},"gui":{"rotation":[15,-151,12],"translation":[1,4.75,0],"scale":[1.4,1.4,1.4]},"head":{"translation":[-1.25,13.5,1.75],"scale":[2.58,1,2.44336]},"fixed":{"translation":[-1.75,4,-2.75],"scale":[2,2,2]}}}