{"credit":"Credit:  Ontvlambaar","textures":{"0":"block/spruce_planks","1":"block/gold_block","2":"block/yellow_concrete","3":"block/lime_terracotta","4":"block/green_terracotta","5":"block/sunflower_front","6":"block/lilac_top","7":"block/rose_bush_top","particle":"block/spruce_planks"},"elements":[{"from":[0,-4,0],"to":[1,4,1],"rotation":{"angle":0,"axis":"y","origin":[8,6,8]},"faces":{"north":{"uv":[0,0,1,8],"texture":"#0"},"east":{"uv":[0,0,1,8],"texture":"#0"},"south":{"uv":[0,0,1,8],"texture":"#0"},"west":{"uv":[0,0,1,8],"texture":"#0"},"up":{"uv":[0,0,1,1],"texture":"#0"},"down":{"uv":[0,0,1,1],"texture":"#0"}}},{"from":[0,16,0],"to":[1,22,1],"rotation":{"angle":0,"axis":"y","origin":[8,24,8]},"faces":{"north":{"uv":[0,0,1,6],"texture":"#0"},"east":{"uv":[0,0,1,6],"texture":"#0"},"south":{"uv":[0,0,1,6],"texture":"#0"},"west":{"uv":[0,0,1,6],"texture":"#0"},"up":{"uv":[0,0,1,1],"texture":"#0"},"down":{"uv":[0,0,1,1],"texture":"#0"}}},{"from":[0,22,-8],"to":[1,24,-7],"rotation":{"angle":-45,"axis":"x","origin":[8,30,0]},"faces":{"north":{"uv":[0,0,1,6],"texture":"#0"},"east":{"uv":[0,0,1,6],"texture":"#0"},"south":{"uv":[0,0,1,6],"texture":"#0"},"west":{"uv":[0,0,1,6],"texture":"#0"},"up":{"uv":[0,0,1,1],"texture":"#0"},"down":{"uv":[0,0,1,1],"texture":"#0"}}},{"from":[-0.1,21,-0.2],"to":[0,23,1.8],"rotation":{"angle":0,"axis":"y","origin":[7,29,8]},"faces":{"north":{"uv":[0,0,1,6],"texture":"#5"},"east":{"uv":[4,4,12,12],"texture":"#5"},"south":{"uv":[0,0,1,6],"texture":"#5"},"west":{"uv":[4,4,12,12],"texture":"#5"},"up":{"uv":[0,0,1,1],"texture":"#5"},"down":{"uv":[0,0,1,1],"texture":"#5"}}},{"from":[-0.1,17,-0.8],"to":[0,19,1.2],"rotation":{"angle":0,"axis":"y","origin":[7,25,7]},"faces":{"north":{"uv":[0,0,1,6],"texture":"#7"},"east":{"uv":[4,2,11,9],"texture":"#7"},"south":{"uv":[0,0,1,6],"texture":"#7"},"west":{"uv":[0,13,10,1],"texture":"#7"},"up":{"uv":[0,0,1,1],"texture":"#7"},"down":{"uv":[0,0,1,1],"texture":"#7"}}},{"from":[-1.1,22,-3.5],"to":[0.4,23.5,-2],"rotation":{"angle":-22.5,"axis":"x","origin":[7,30,5]},"faces":{"north":{"uv":[0,0,1.5,1.5],"texture":"#2"},"east":{"uv":[0,0,1.5,1.5],"texture":"#2"},"south":{"uv":[0,0,1.5,1.5],"texture":"#2"},"west":{"uv":[0,0,1.5,1.5],"texture":"#2"},"up":{"uv":[0,0,1.5,1.5],"texture":"#2"},"down":{"uv":[0,0,1.5,1.5],"texture":"#2"}}},{"from":[-0.2,20,-3.5],"to":[-0.1,23,-1.5],"rotation":{"angle":-22.5,"axis":"x","origin":[8,29,5]},"faces":{"north":{"uv":[0,0,1.5,1.5],"texture":"#6"},"east":{"uv":[0,16,15.5,2],"texture":"#6"},"south":{"uv":[0,0,1.5,1.5],"texture":"#6"},"west":{"uv":[0,16,15.5,2],"texture":"#6"},"up":{"uv":[0,0,1.5,1.5],"texture":"#6"},"down":{"uv":[0,0,1.5,1.5],"texture":"#6"}}},{"from":[-1,22,-3.5],"to":[0.5,23.5,-2],"rotation":{"angle":-22.5,"axis":"x","origin":[7,30,5]},"faces":{"north":{"uv":[0,0,1.5,1.5],"texture":"#2"},"east":{"uv":[0,0,1.5,1.5],"texture":"#2"},"south":{"uv":[0,0,1.5,1.5],"texture":"#2"},"west":{"uv":[0,0,1.5,1.5],"texture":"#2"},"up":{"uv":[0,0,1.5,1.5],"texture":"#2"},"down":{"uv":[0,0,1.5,1.5],"texture":"#2"}}},{"from":[-0.2,23,-4.2],"to":[0.5,25,-3.2],"rotation":{"angle":-22.5,"axis":"x","origin":[8,31,4]},"faces":{"north":{"uv":[0,0,1.5,1.5],"texture":"#4"},"east":{"uv":[0,0,1.5,1.5],"texture":"#4"},"south":{"uv":[0,0,1.5,1.5],"texture":"#4"},"west":{"uv":[0,0,1.5,1.5],"texture":"#4"},"up":{"uv":[0,0,1.5,1.5],"texture":"#4"},"down":{"uv":[0,0,1.5,1.5],"texture":"#4"}}},{"from":[-1,16.5,1],"to":[0.5,18,2.5],"rotation":{"angle":22.5,"axis":"x","origin":[7,25,9]},"faces":{"north":{"uv":[0,0,1.5,1.5],"texture":"#3"},"east":{"uv":[0,0,1.5,1.5],"texture":"#3"},"south":{"uv":[0,0,1.5,1.5],"texture":"#3"},"west":{"uv":[0,0,1.5,1.5],"texture":"#3"},"up":{"uv":[0,0,1.5,1.5],"texture":"#3"},"down":{"uv":[0,0,1.5,1.5],"texture":"#3"}}},{"from":[1,6,0],"to":[2,14,1],"rotation":{"angle":0,"axis":"y","origin":[9,14,8]},"faces":{"north":{"uv":[0,0,1,8],"texture":"#0"},"east":{"uv":[0,0,1,8],"texture":"#0"},"south":{"uv":[0,0,1,8],"texture":"#0"},"west":{"uv":[0,0,1,8],"texture":"#0"},"up":{"uv":[0,0,1,1],"texture":"#0"},"down":{"uv":[0,0,1,1],"texture":"#0"}}},{"from":[2.4,0,0],"to":[3.4,3,1],"rotation":{"angle":-22.5,"axis":"z","origin":[10,8,8]},"faces":{"north":{"uv":[0,0,1,3],"texture":"#0"},"east":{"uv":[0,0,1,3],"texture":"#0"},"south":{"uv":[0,0,1,3],"texture":"#0"},"west":{"uv":[0,0,1,3],"texture":"#0"},"up":{"uv":[0,0,1,1],"texture":"#0"},"down":{"uv":[0,0,1,1],"texture":"#0"}}},{"from":[2.4,18,0],"to":[3.4,21,1],"rotation":{"angle":-22.5,"axis":"z","origin":[10,26,8]},"faces":{"north":{"uv":[0,0,1,3],"texture":"#0"},"east":{"uv":[0,0,1,3],"texture":"#0"},"south":{"uv":[0,0,1,3],"texture":"#0"},"west":{"uv":[0,0,1,3],"texture":"#0"},"up":{"uv":[0,0,1,1],"texture":"#0"},"down":{"uv":[0,0,1,1],"texture":"#0"}}},{"from":[2.4,17,0],"to":[3.4,20,1],"rotation":{"angle":22.5,"axis":"z","origin":[10,12,8]},"faces":{"north":{"uv":[0,3,1,6],"texture":"#0"},"east":{"uv":[0,3,1,6],"texture":"#0"},"south":{"uv":[0,3,1,6],"texture":"#0"},"west":{"uv":[0,3,1,6],"texture":"#0"},"up":{"uv":[0,1,1,2],"texture":"#0"},"down":{"uv":[0,1,1,2],"texture":"#0"}}},{"from":[2.4,27,0],"to":[3.4,29,1],"rotation":{"angle":22.5,"axis":"z","origin":[10,22,8]},"faces":{"north":{"uv":[0,3,1,7],"texture":"#0"},"east":{"uv":[0,3,1,7],"texture":"#0"},"south":{"uv":[0,3,1,7],"texture":"#0"},"west":{"uv":[0,3,1,7],"texture":"#0"},"up":{"uv":[0,1,1,2],"texture":"#0"},"down":{"uv":[0,1,1,2],"texture":"#0"}}},{"from":[1.7,29,0.2],"to":[2,31,0.6],"rotation":{"angle":22.5,"axis":"z","origin":[9,24,8]},"faces":{"north":{"uv":[0,3,1,7],"texture":"#3"},"east":{"uv":[0,3,1,7],"texture":"#3"},"south":{"uv":[0,3,1,7],"texture":"#3"},"west":{"uv":[0,3,1,7],"texture":"#3"},"up":{"uv":[0,1,1,2],"texture":"#3"},"down":{"uv":[0,1,1,2],"texture":"#3"}}},{"from":[1.7,29,0.8],"to":[2,31,1.3],"rotation":{"angle":22.5,"axis":"z","origin":[9,24,9]},"faces":{"north":{"uv":[0,3,1,7],"texture":"#3"},"east":{"uv":[0,3,1,7],"texture":"#3"},"south":{"uv":[0,3,1,7],"texture":"#3"},"west":{"uv":[0,3,1,7],"texture":"#3"},"up":{"uv":[0,1,1,2],"texture":"#3"},"down":{"uv":[0,1,1,2],"texture":"#3"}}},{"from":[-0.3,29,1.4],"to":[0,31,1.9],"rotation":{"angle":-22.5,"axis":"x","origin":[7,24,9]},"faces":{"north":{"uv":[0,3,1,7],"texture":"#3"},"east":{"uv":[0,3,1,7],"texture":"#3"},"south":{"uv":[0,3,1,7],"texture":"#3"},"west":{"uv":[0,3,1,7],"texture":"#3"},"up":{"uv":[0,1,1,2],"texture":"#3"},"down":{"uv":[0,1,1,2],"texture":"#3"}}},{"from":[-8,30,0.2],"to":[-7.7,32,0.6],"rotation":{"angle":45,"axis":"z","origin":[-1,38,8]},"faces":{"north":{"uv":[0,3,1,7],"texture":"#3"},"east":{"uv":[0,3,1,7],"texture":"#3"},"south":{"uv":[0,3,1,7],"texture":"#3"},"west":{"uv":[0,3,1,7],"texture":"#3"},"up":{"uv":[0,1,1,2],"texture":"#3"},"down":{"uv":[0,1,1,2],"texture":"#3"}}},{"from":[-4.2,29.2,0],"to":[-3.2,30.2,1],"rotation":{"angle":45,"axis":"z","origin":[3,33,8]},"faces":{"north":{"uv":[0,3,1,7],"texture":"#0"},"east":{"uv":[0,3,1,7],"texture":"#0"},"south":{"uv":[0,3,1,7],"texture":"#0"},"west":{"uv":[0,3,1,7],"texture":"#0"},"up":{"uv":[0,1,1,2],"texture":"#0"},"down":{"uv":[0,1,1,2],"texture":"#0"}}},{"from":[1.8,26.8,0],"to":[3.8,27.8,1],"rotation":{"angle":-22.5,"axis":"z","origin":[-1,34,8]},"faces":{"north":{"uv":[0,3,1,7],"rotation":90,"texture":"#0"},"east":{"uv":[0,1,1,2],"rotation":270,"texture":"#0"},"south":{"uv":[0,3,1,7],"rotation":270,"texture":"#0"},"west":{"uv":[0,1,1,2],"rotation":270,"texture":"#0"},"up":{"uv":[0,3,1,7],"rotation":270,"texture":"#0"},"down":{"uv":[0,3,1,7],"rotation":270,"texture":"#0"}}},{"from":[-2.5,26.2,0],"to":[-0.5,27.2,1],"rotation":{"angle":0,"axis":"z","origin":[-5,33,8]},"faces":{"north":{"uv":[0,3,1,7],"rotation":90,"texture":"#0"},"east":{"uv":[0,1,1,2],"rotation":270,"texture":"#0"},"south":{"uv":[0,3,1,7],"rotation":270,"texture":"#0"},"west":{"uv":[0,1,1,2],"rotation":270,"texture":"#0"},"up":{"uv":[0,3,1,7],"rotation":270,"texture":"#0"},"down":{"uv":[0,3,1,7],"rotation":270,"texture":"#0"}}},{"from":[-0.1,21,-0.1],"to":[1.1,21.3,1.1],"rotation":{"angle":0,"axis":"y","origin":[8,29,8]},"faces":{"north":{"uv":[0,0,1.2,0.3],"texture":"#1"},"east":{"uv":[0,0,1.2,0.3],"texture":"#1"},"south":{"uv":[0,0,1.2,0.3],"texture":"#1"},"west":{"uv":[0,0,1.2,0.3],"texture":"#1"},"up":{"uv":[0,0,1.2,1.2],"texture":"#1"},"down":{"uv":[0,0,1.2,1.2],"texture":"#1"}}}],"display":{"thirdperson_righthand":{"rotation":[55,-129,0],"translation":[-9.75,-3.5,0]},"thirdperson_lefthand":{"rotation":[55,18,0],"translation":[-3.75,-10.75,3]},"firstperson_righthand":{"rotation":[-20,0,0],"translation":[14,0,0]},"firstperson_lefthand":{"rotation":[-20,0,0],"translation":[3.75,0,0]},"ground":{"rotation":[-80,72,0],"translation":[0,-6.25,0]},"gui":{"rotation":[-16,41,22],"translation":[8,-0.5,0],"scale":[0.55,0.55,0.6]},"head":{"rotation":[0,0,26],"translation":[10.75,-18.25,15],"scale":[1.5,1.5,1.5]},"fixed":{"translation":[11.5,0,12.75],"scale":[1.7,1.7,1.7]}}}