{"credit":"Credit:  Ontvlambaar","textures":{"0":"block/clay","1":"block/black_concrete","2":"block/gray_concrete","particle":"block/clay"},"elements":[{"from":[-6.4,0,7.6],"to":[1.6,0.4,8.4],"rotation":{"angle":0,"axis":"y","origin":[-0.8,3.2,10.8]},"faces":{"north":{"uv":[0,0,16,1],"texture":"#0"},"east":{"uv":[0,0,2,1],"texture":"#0"},"south":{"uv":[0,0,16,1],"texture":"#0"},"west":{"uv":[0,0,2,1],"texture":"#0"},"up":{"uv":[0,0,16,2],"texture":"#0"},"down":{"uv":[0,0,16,2],"texture":"#0"}}},{"from":[-4.4,0.4,7.6],"to":[-4,2,8.4],"rotation":{"angle":0,"axis":"y","origin":[-1.2,3.6,11.2]},"faces":{"north":{"uv":[0,0,1,4],"texture":"#1"},"east":{"uv":[0,0,2,4],"texture":"#1"},"south":{"uv":[0,0,1,4],"texture":"#1"},"west":{"uv":[0,0,2,4],"texture":"#1"},"up":{"uv":[0,0,1,2],"texture":"#1"},"down":{"uv":[0,0,1,2],"texture":"#1"}}},{"from":[-5,0.4,7.6],"to":[-4.6,2,8.4],"rotation":{"angle":0,"axis":"y","origin":[-1.6,3.6,11.2]},"faces":{"north":{"uv":[0,0,1,4],"texture":"#1"},"east":{"uv":[0,0,2,4],"texture":"#1"},"south":{"uv":[0,0,1,4],"texture":"#1"},"west":{"uv":[0,0,2,4],"texture":"#1"},"up":{"uv":[0,0,1,2],"texture":"#1"},"down":{"uv":[0,0,1,2],"texture":"#1"}}},{"from":[-3.8,0.4,7.6],"to":[-3.4,2,8.4],"rotation":{"angle":0,"axis":"y","origin":[-0.4,3.6,11.2]},"faces":{"north":{"uv":[0,0,1,4],"texture":"#1"},"east":{"uv":[0,0,2,4],"texture":"#1"},"south":{"uv":[0,0,1,4],"texture":"#1"},"west":{"uv":[0,0,2,4],"texture":"#1"},"up":{"uv":[0,0,1,2],"texture":"#1"},"down":{"uv":[0,0,1,2],"texture":"#1"}}},{"from":[-2,1.2,7.6],"to":[-1.6,2,8.4],"rotation":{"angle":0,"axis":"y","origin":[1.2,3.6,11.2]},"faces":{"north":{"uv":[0,0,1,2],"texture":"#1"},"east":{"uv":[0,0,2,2],"texture":"#1"},"south":{"uv":[0,0,1,2],"texture":"#1"},"west":{"uv":[0,0,2,2],"texture":"#1"},"up":{"uv":[0,0,1,2],"texture":"#1"},"down":{"uv":[0,0,1,2],"texture":"#1"}}},{"from":[-2.6,0.4,7.6],"to":[-2.2,2,8.4],"rotation":{"angle":0,"axis":"y","origin":[0.8,3.6,11.2]},"faces":{"north":{"uv":[0,0,1,4],"texture":"#1"},"east":{"uv":[0,0,2,4],"texture":"#1"},"south":{"uv":[0,0,1,4],"texture":"#1"},"west":{"uv":[0,0,2,4],"texture":"#1"},"up":{"uv":[0,0,1,2],"texture":"#1"},"down":{"uv":[0,0,1,2],"texture":"#1"}}},{"from":[-2.2,0.4,7.6],"to":[1.4,0.8,8.4],"rotation":{"angle":0,"axis":"y","origin":[1.2,3.6,11.2]},"faces":{"north":{"uv":[0,0,9,1],"texture":"#1"},"east":{"uv":[0,0,2,1],"texture":"#1"},"south":{"uv":[0,0,9,1],"texture":"#1"},"west":{"uv":[0,0,2,1],"texture":"#1"},"up":{"uv":[0,0,9,2],"texture":"#1"},"down":{"uv":[0,0,9,2],"texture":"#1"}}},{"from":[-1.6,1.2,7.6],"to":[1.4,1.6,8.4],"rotation":{"angle":0,"axis":"y","origin":[1.2,4.4,11.2]},"faces":{"north":{"uv":[0,0,7.5,1],"texture":"#1"},"east":{"uv":[0,0,2,1],"texture":"#1"},"south":{"uv":[0,0,7.5,1],"texture":"#1"},"west":{"uv":[0,0,2,1],"texture":"#1"},"up":{"uv":[0,0,7.5,2],"texture":"#1"},"down":{"uv":[0,0,7.5,2],"texture":"#1"}}},{"from":[-2,0.8,7.6],"to":[1.6,1.2,8.4],"rotation":{"angle":0,"axis":"y","origin":[1.2,4,11.2]},"faces":{"north":{"uv":[0,0,9,1],"texture":"#0"},"east":{"uv":[0,0,2,1],"texture":"#0"},"south":{"uv":[0,0,9,1],"texture":"#0"},"west":{"uv":[0,0,2,1],"texture":"#0"},"up":{"uv":[0,0,9,2],"texture":"#0"},"down":{"uv":[0,0,9,2],"texture":"#0"}}},{"from":[-1.6,1.6,7.6],"to":[1.6,2,8.4],"rotation":{"angle":0,"axis":"y","origin":[1.2,4.8,11.2]},"faces":{"north":{"uv":[0,0,8,1],"texture":"#0"},"east":{"uv":[0,0,2,1],"texture":"#0"},"south":{"uv":[0,0,8,1],"texture":"#0"},"west":{"uv":[0,0,2,1],"texture":"#0"},"up":{"uv":[0,0,8,2],"texture":"#0"},"down":{"uv":[0,0,8,2],"texture":"#0"}}},{"from":[2,-0.4,7.2],"to":[5.2,-0.2,8.8],"rotation":{"angle":0,"axis":"y","origin":[4.8,2.8,10.8]},"faces":{"north":{"uv":[0,0,8,0.5],"texture":"#0"},"east":{"uv":[0,0,4,0.5],"texture":"#0"},"south":{"uv":[0,0,8,0.5],"texture":"#0"},"west":{"uv":[0,0,4,0.5],"texture":"#0"},"up":{"uv":[0,0,8,4],"texture":"#0"},"down":{"uv":[0,0,8,4],"texture":"#0"}}},{"from":[-5.6,0.4,7.6],"to":[-5.2,2,8.4],"rotation":{"angle":0,"axis":"y","origin":[-2.4,3.6,11.2]},"faces":{"north":{"uv":[0,0,1,4],"texture":"#1"},"east":{"uv":[0,0,2,4],"texture":"#1"},"south":{"uv":[0,0,1,4],"texture":"#1"},"west":{"uv":[0,0,2,4],"texture":"#1"},"up":{"uv":[0,0,1,2],"texture":"#1"},"down":{"uv":[0,0,1,2],"texture":"#1"}}},{"from":[-6.4,0.4,7.6],"to":[-5.6,2,8.4],"rotation":{"angle":0,"axis":"y","origin":[-3.2,3.6,11.2]},"faces":{"north":{"uv":[0,0,2,4],"texture":"#0"},"east":{"uv":[0,0,2,4],"texture":"#0"},"south":{"uv":[0,0,2,4],"texture":"#0"},"west":{"uv":[0,0,2,4],"texture":"#0"},"up":{"uv":[0,0,2,2],"texture":"#0"},"down":{"uv":[0,0,2,2],"texture":"#0"}}},{"from":[-7.2,0.4,7.7],"to":[-6.4,2,8.3],"rotation":{"angle":0,"axis":"y","origin":[-4.2,3.6,11.2]},"faces":{"north":{"uv":[0,0,2,4],"texture":"#0"},"east":{"uv":[0,0,2,4],"texture":"#0"},"south":{"uv":[0,0,2,4],"texture":"#0"},"west":{"uv":[0,0,2,4],"texture":"#0"},"up":{"uv":[0,0,2,2],"texture":"#0"},"down":{"uv":[0,0,2,2],"texture":"#0"}}},{"from":[-6.8,0,7.7],"to":[-6.4,0.6,8.3],"rotation":{"angle":0,"axis":"y","origin":[-4.2,2.6,11.2]},"faces":{"north":{"uv":[0,0,2,4],"texture":"#0"},"east":{"uv":[0,0,2,4],"texture":"#0"},"south":{"uv":[0,0,2,4],"texture":"#0"},"west":{"uv":[0,0,2,4],"texture":"#0"},"up":{"uv":[0,0,2,2],"texture":"#0"},"down":{"uv":[0,0,2,2],"texture":"#0"}}},{"from":[-10.2,0,7.7],"to":[-9.7,0.8,8.3],"rotation":{"angle":-45,"axis":"z","origin":[-8.2,-3.4,11.2]},"faces":{"north":{"uv":[0,0,2,4],"rotation":270,"texture":"#0"},"east":{"uv":[0,0,2,2],"rotation":90,"texture":"#0"},"south":{"uv":[0,0,2,4],"rotation":90,"texture":"#0"},"west":{"uv":[0,0,2,2],"rotation":90,"texture":"#0"},"up":{"uv":[0,0,2,4],"rotation":90,"texture":"#0"},"down":{"uv":[0,0,2,4],"rotation":90,"texture":"#0"}}},{"from":[1.6,1.2,7.6],"to":[5.44,2,8.4],"rotation":{"angle":0,"axis":"y","origin":[4.8,3.6,11.2]},"faces":{"north":{"uv":[0,0,9,2],"texture":"#0"},"east":{"uv":[0,0,2,2],"texture":"#0"},"south":{"uv":[0,0,1,2],"texture":"#0"},"west":{"uv":[0,0,2,2],"texture":"#0"},"up":{"uv":[0,0,9,2],"texture":"#0"},"down":{"uv":[0,0,9,2],"texture":"#0"}}},{"from":[5.76,1.6,7.6],"to":[6.4,1.88,8.4],"rotation":{"angle":0,"axis":"y","origin":[9.6,3.6,11.2]},"faces":{"north":{"uv":[0,0,9,2],"texture":"#0"},"east":{"uv":[0,0,2,2],"texture":"#0"},"south":{"uv":[0,0,1,2],"texture":"#0"},"west":{"uv":[0,0,2,2],"texture":"#0"},"up":{"uv":[0,0,9,2],"texture":"#0"},"down":{"uv":[0,0,9,2],"texture":"#0"}}},{"from":[6.4,1.6,7.6],"to":[30.24,2.16,8.4],"rotation":{"angle":0,"axis":"y","origin":[8.8,3.6,11.2]},"faces":{"north":{"uv":[0,0,9,2],"texture":"#0"},"east":{"uv":[0,0,2,2],"texture":"#0"},"south":{"uv":[0,0,1,2],"texture":"#0"},"west":{"uv":[0,0,2,2],"texture":"#0"},"up":{"uv":[0,0,9,2],"texture":"#0"},"down":{"uv":[0,0,9,2],"texture":"#0"}}},{"from":[4.8,0.16,7.6],"to":[27.04,0.4,8.4],"rotation":{"angle":0,"axis":"y","origin":[8.8,2,11.2]},"faces":{"north":{"uv":[0,0,9,2],"texture":"#0"},"east":{"uv":[0,0,2,2],"texture":"#0"},"south":{"uv":[0,0,1,2],"texture":"#0"},"west":{"uv":[0,0,2,2],"texture":"#0"},"up":{"uv":[0,0,9,2],"texture":"#0"},"down":{"uv":[0,0,9,2],"texture":"#0"}}},{"from":[25.6,1.76,7.6],"to":[30.24,2.06,8.4],"rotation":{"angle":22.5,"axis":"z","origin":[30.4,3.6,11.2]},"faces":{"north":{"uv":[0,0,9,2],"texture":"#0"},"east":{"uv":[0,0,2,2],"texture":"#0"},"south":{"uv":[0,0,1,2],"texture":"#0"},"west":{"uv":[0,0,2,2],"texture":"#0"},"up":{"uv":[0,0,9,2],"texture":"#0"},"down":{"uv":[0,0,9,2],"texture":"#0"}}},{"from":[26.4,1.76,7.6],"to":[31.04,2.16,8.4],"rotation":{"angle":0,"axis":"z","origin":[31.2,3.6,11.2]},"faces":{"north":{"uv":[0,0,9,2],"texture":"#0"},"east":{"uv":[0,0,2,2],"texture":"#0"},"south":{"uv":[0,0,1,2],"texture":"#0"},"west":{"uv":[0,0,2,2],"texture":"#0"},"up":{"uv":[0,0,9,2],"texture":"#0"},"down":{"uv":[0,0,9,2],"texture":"#0"}}},{"from":[1.6,0,7.6],"to":[5.04,0.8,8.4],"rotation":{"angle":0,"axis":"y","origin":[4.8,2.4,11.2]},"faces":{"north":{"uv":[0,0,8,2],"texture":"#0"},"east":{"uv":[0,0,2,2],"texture":"#0"},"south":{"uv":[0,0,1,2],"texture":"#0"},"west":{"uv":[0,0,2,2],"texture":"#0"},"up":{"uv":[0,0,8,2],"texture":"#0"},"down":{"uv":[0,0,8,2],"texture":"#0"}}},{"from":[8.68,2.4,7.6],"to":[9.08,2.72,8.4],"rotation":{"angle":-45,"axis":"z","origin":[6.8,5.2,11.2]},"faces":{"north":{"uv":[0,0,5,2],"rotation":90,"texture":"#0"},"east":{"uv":[0,0,5,2],"rotation":270,"texture":"#0"},"south":{"uv":[0,0,1,2],"rotation":270,"texture":"#0"},"west":{"uv":[0,0,5,2],"rotation":270,"texture":"#0"},"up":{"uv":[0,0,2,2],"rotation":270,"texture":"#0"},"down":{"uv":[0,0,2,2],"rotation":270,"texture":"#0"}}},{"from":[6,0.6,7.6],"to":[6.4,2.52,8.4],"rotation":{"angle":-22.5,"axis":"z","origin":[4.4,3.6,11.2]},"faces":{"north":{"uv":[0,0,5,2],"rotation":90,"texture":"#0"},"east":{"uv":[0,0,5,2],"rotation":270,"texture":"#0"},"south":{"uv":[0,0,1,2],"rotation":270,"texture":"#0"},"west":{"uv":[0,0,5,2],"rotation":270,"texture":"#0"},"up":{"uv":[0,0,2,2],"rotation":270,"texture":"#0"},"down":{"uv":[0,0,2,2],"rotation":270,"texture":"#0"}}},{"from":[1.6,0.8,7.7],"to":[5.2,1.2,8.3],"rotation":{"angle":0,"axis":"y","origin":[4.8,2.8,11.2]},"faces":{"north":{"uv":[0,0,8,1],"texture":"#2"},"east":{"uv":[0,0,1.5,1],"texture":"#2"},"south":{"uv":[0,0,1,2],"texture":"#2"},"west":{"uv":[0,0,1.5,1],"texture":"#2"},"up":{"uv":[0,0,8,1.5],"texture":"#2"},"down":{"uv":[0,0,8,1.5],"texture":"#2"}}},{"from":[26,1.12,7.7],"to":[28,2.16,8.3],"rotation":{"angle":22.5,"axis":"z","origin":[28.4,3.6,11.2]},"faces":{"north":{"uv":[0,0,8,1],"rotation":270,"texture":"#1"},"east":{"uv":[0,0,8,1.5],"rotation":90,"texture":"#1"},"south":{"uv":[0,0,1,2],"rotation":90,"texture":"#1"},"west":{"uv":[0,0,8,1.5],"rotation":90,"texture":"#1"},"up":{"uv":[0,0,1.5,1],"rotation":90,"texture":"#1"},"down":{"uv":[0,0,1.5,1],"rotation":90,"texture":"#1"}}},{"from":[26.8,1.4,7.7],"to":[28.8,1.9,8.3],"rotation":{"angle":22.5,"axis":"z","origin":[29.2,3.6,11.2]},"faces":{"north":{"uv":[0,0,8,1],"rotation":270,"texture":"#1"},"east":{"uv":[0,0,8,1.5],"rotation":90,"texture":"#1"},"south":{"uv":[0,0,1,2],"rotation":90,"texture":"#1"},"west":{"uv":[0,0,8,1.5],"rotation":90,"texture":"#1"},"up":{"uv":[0,0,1.5,1],"rotation":90,"texture":"#1"},"down":{"uv":[0,0,1.5,1],"rotation":90,"texture":"#1"}}},{"from":[5.2,0.4,7.7],"to":[27.2,1.6,8.3],"rotation":{"angle":0,"axis":"y","origin":[8.4,2.8,11.2]},"faces":{"north":{"uv":[0,0,8,1],"texture":"#1"},"east":{"uv":[0,0,1.5,1],"texture":"#1"},"south":{"uv":[0,0,1,2],"texture":"#1"},"west":{"uv":[0,0,1.5,1],"texture":"#1"},"up":{"uv":[0,0,8,1.5],"texture":"#1"},"down":{"uv":[0,0,8,1.5],"texture":"#1"}}},{"from":[-3.4,0.4,7.6],"to":[-2.6,2,8.4],"rotation":{"angle":0,"axis":"y","origin":[0,3.6,11.2]},"faces":{"north":{"uv":[0,0,2,4],"texture":"#0"},"east":{"uv":[0,0,2,4],"texture":"#0"},"south":{"uv":[0,0,2,4],"texture":"#0"},"west":{"uv":[0,0,2,4],"texture":"#0"},"up":{"uv":[0,0,2,2],"texture":"#0"},"down":{"uv":[0,0,2,2],"texture":"#0"}}},{"from":[-5.2,0.4,7.6],"to":[-5,2,8.4],"rotation":{"angle":0,"axis":"y","origin":[-2,3.6,11.2]},"faces":{"north":{"uv":[0,0,0.5,4],"texture":"#0"},"east":{"uv":[0,0,2,4],"texture":"#0"},"south":{"uv":[0,0,0.5,4],"texture":"#0"},"west":{"uv":[0,0,2,4],"texture":"#0"},"up":{"uv":[0,0,0.5,2],"texture":"#0"},"down":{"uv":[0,0,0.5,2],"texture":"#0"}}},{"from":[-4,0.4,7.6],"to":[-3.8,2,8.4],"rotation":{"angle":0,"axis":"y","origin":[-0.8,3.6,11.2]},"faces":{"north":{"uv":[0,0,0.5,4],"texture":"#0"},"east":{"uv":[0,0,2,4],"texture":"#0"},"south":{"uv":[0,0,0.5,4],"texture":"#0"},"west":{"uv":[0,0,2,4],"texture":"#0"},"up":{"uv":[0,0,0.5,2],"texture":"#0"},"down":{"uv":[0,0,0.5,2],"texture":"#0"}}},{"from":[-4.6,0.4,7.6],"to":[-4.4,2,8.4],"rotation":{"angle":0,"axis":"y","origin":[-1.2,3.6,11.2]},"faces":{"north":{"uv":[0,0,0.5,4],"texture":"#0"},"east":{"uv":[0,0,2,4],"texture":"#0"},"south":{"uv":[0,0,0.5,4],"texture":"#0"},"west":{"uv":[0,0,2,4],"texture":"#0"},"up":{"uv":[0,0,0.5,2],"texture":"#0"},"down":{"uv":[0,0,0.5,2],"texture":"#0"}}},{"from":[-2.2,0.8,7.6],"to":[-2,2,8.4],"rotation":{"angle":0,"axis":"y","origin":[1.2,3.6,11.2]},"faces":{"north":{"uv":[0,0,0.5,3],"texture":"#0"},"east":{"uv":[0,0,2,3],"texture":"#0"},"south":{"uv":[0,0,0.5,3],"texture":"#0"},"west":{"uv":[0,0,2,3],"texture":"#0"},"up":{"uv":[0,0,0.5,2],"texture":"#0"},"down":{"uv":[0,0,0.5,2],"texture":"#0"}}},{"from":[2,1,7.2],"to":[2.2,3.6,8.8],"rotation":{"angle":22.5,"axis":"z","origin":[5.2,0.4,10.4]},"faces":{"north":{"uv":[0,0,6.5,0.5],"rotation":270,"texture":"#0"},"east":{"uv":[0,0,6.5,4],"rotation":90,"texture":"#0"},"south":{"uv":[0,0,6.5,0.5],"rotation":90,"texture":"#0"},"west":{"uv":[0,0,6.5,4],"rotation":90,"texture":"#0"},"up":{"uv":[0,0,4,0.5],"rotation":90,"texture":"#0"},"down":{"uv":[0,0,4,0.5],"rotation":90,"texture":"#0"}}}],"display":{"thirdperson_righthand":{"rotation":[-90,-90,0],"translation":[0,6.25,-4.75],"scale":[0.8,0.8,0.8]},"thirdperson_lefthand":{"rotation":[90,-90,0],"translation":[0,6,6.5],"scale":[0.8,0.8,0.8]},"firstperson_righthand":{"rotation":[23,96,-7],"translation":[6.5,3.5,-10.25],"scale":[0.8,0.8,0.88789]},"firstperson_lefthand":{"rotation":[25,-81,12],"translation":[1.5,5.75,0.25],"scale":[0.8,0.8,0.8]},"ground":{"translation":[0,3.25,0]},"gui":{"rotation":[0,0,53.5],"translation":[-3.5,1,0],"scale":[0.5,0.5,0.5]},"fixed":{"translation":[-1.5,7.75,0.75]}}}