{"credit":"Credit: Ontvlambaar, Sammie_gaga","textures":{"0":"block/white_concrete","1":"block/black_concrete","particle":"block/white_concrete"},"elements":[{"from":[0,1,0],"to":[16,16,16],"faces":{"north":{"uv":[0,0,16,15],"texture":"#0"},"east":{"uv":[0,0,16,15],"texture":"#0"},"south":{"uv":[0,0,16,15],"texture":"#0"},"west":{"uv":[0,0,16,15],"texture":"#0"},"up":{"uv":[0,0,16,16],"texture":"#0"},"down":{"uv":[0,0,16,16],"texture":"#0"}}},{"from":[1,1,16],"to":[15,15,23],"rotation":{"angle":0,"axis":"y","origin":[8,8,24]},"faces":{"north":{"uv":[0,0,14,14],"texture":"#0"},"east":{"uv":[0,0,7,14],"texture":"#0"},"south":{"uv":[0,0,14,14],"texture":"#0"},"west":{"uv":[0,0,7,14],"texture":"#0"},"up":{"uv":[0,0,14,7],"texture":"#0"},"down":{"uv":[0,0,14,7],"texture":"#0"}}},{"from":[0,8,-15],"to":[6,14,0],"rotation":{"angle":0,"axis":"y","origin":[8,6,-8]},"faces":{"north":{"uv":[0,0,6,6],"texture":"#0"},"east":{"uv":[0,0,15,6],"texture":"#0"},"south":{"uv":[0,0,6,6],"texture":"#0"},"west":{"uv":[0,0,15,6],"texture":"#0"},"up":{"uv":[0,0,6,15],"texture":"#0"},"down":{"uv":[0,0,6,15],"texture":"#0"}}},{"from":[1,6,-12],"to":[5,8,0],"rotation":{"angle":0,"axis":"y","origin":[8,0,-8]},"faces":{"north":{"uv":[0,0,4,2],"texture":"#0"},"east":{"uv":[0,0,12,2],"texture":"#0"},"south":{"uv":[0,0,4,2],"texture":"#0"},"west":{"uv":[0,0,12,2],"texture":"#0"},"up":{"uv":[0,0,4,12],"texture":"#0"},"down":{"uv":[0,0,4,12],"texture":"#0"}}},{"from":[17,8,-13],"to":[23,14,12],"rotation":{"angle":-22.5,"axis":"y","origin":[15,6,-5]},"faces":{"north":{"uv":[6,0,12,6],"texture":"#0"},"east":{"uv":[0,0,16,6],"texture":"#0"},"south":{"uv":[6,0,12,6],"texture":"#0"},"west":{"uv":[0,0,16,6],"texture":"#0"},"up":{"uv":[6,0,12,16],"texture":"#0"},"down":{"uv":[6,0,12,16],"texture":"#0"}}},{"from":[18.4,9,-13.7],"to":[22.4,13,-12.7],"rotation":{"angle":-22.5,"axis":"y","origin":[15.4,6,-5.7]},"faces":{"north":{"uv":[6,0,10,4],"texture":"#0"},"east":{"uv":[0,0,1,4],"texture":"#0"},"south":{"uv":[6,0,10,4],"texture":"#0"},"west":{"uv":[0,0,1,4],"texture":"#0"},"up":{"uv":[6,0,10,1],"texture":"#0"},"down":{"uv":[6,0,10,1],"texture":"#0"}}},{"from":[18,14,-12],"to":[22,15,12],"rotation":{"angle":-22.5,"axis":"y","origin":[15,12,-5]},"faces":{"north":{"uv":[6,0,10,1],"texture":"#0"},"east":{"uv":[0,0,16,1],"texture":"#0"},"south":{"uv":[6,0,10,1],"texture":"#0"},"west":{"uv":[0,0,16,1],"texture":"#0"},"up":{"uv":[6,0,10,16],"texture":"#0"},"down":{"uv":[6,0,10,16],"texture":"#0"}}},{"from":[18,6,-7],"to":[22,8,12],"rotation":{"angle":-22.5,"axis":"y","origin":[15,0,-5]},"faces":{"north":{"uv":[6,0,10,2],"texture":"#0"},"east":{"uv":[0,0,16,2],"texture":"#0"},"south":{"uv":[6,0,10,2],"texture":"#0"},"west":{"uv":[0,0,16,2],"texture":"#0"},"up":{"uv":[6,0,10,16],"texture":"#0"},"down":{"uv":[6,0,10,16],"texture":"#0"}}},{"from":[-10,8,-10],"to":[-4,14,15],"rotation":{"angle":45,"axis":"y","origin":[-2,6,-2]},"faces":{"north":{"uv":[0,0,6,6],"texture":"#0"},"east":{"uv":[0,0,16,6],"texture":"#0"},"south":{"uv":[0,0,6,6],"texture":"#0"},"west":{"uv":[0,0,16,6],"texture":"#0"},"up":{"uv":[0,0,6,16],"texture":"#0"},"down":{"uv":[0,0,6,16],"texture":"#0"}}},{"from":[-9.2,9,-10],"to":[-5.2,13,-9],"rotation":{"angle":45,"axis":"y","origin":[-3.2,6,-2]},"faces":{"north":{"uv":[0,0,4,4],"texture":"#0"},"east":{"uv":[0,0,1,4],"texture":"#0"},"south":{"uv":[0,0,4,4],"texture":"#0"},"west":{"uv":[0,0,1,4],"texture":"#0"},"up":{"uv":[0,0,4,1],"texture":"#0"},"down":{"uv":[0,0,4,1],"texture":"#0"}}},{"from":[-9,14,-9],"to":[-5,15,13],"rotation":{"angle":45,"axis":"y","origin":[-2,12,-2]},"faces":{"north":{"uv":[0,0,4,1],"texture":"#0"},"east":{"uv":[0,0,16,1],"texture":"#0"},"south":{"uv":[0,0,4,1],"texture":"#0"},"west":{"uv":[0,0,16,1],"texture":"#0"},"up":{"uv":[0,0,4,16],"texture":"#0"},"down":{"uv":[0,0,4,16],"texture":"#0"}}},{"from":[-9,6,-5],"to":[-5,8,15],"rotation":{"angle":45,"axis":"y","origin":[-2,0,-2]},"faces":{"north":{"uv":[0,0,4,2],"texture":"#0"},"east":{"uv":[0,0,16,2],"texture":"#0"},"south":{"uv":[0,0,4,2],"texture":"#0"},"west":{"uv":[0,0,16,2],"texture":"#0"},"up":{"uv":[0,0,4,16],"texture":"#0"},"down":{"uv":[0,0,4,16],"texture":"#0"}}},{"from":[10,8,-15],"to":[16,14,0],"rotation":{"angle":0,"axis":"y","origin":[18,6,-8]},"faces":{"north":{"uv":[0,0,6,6],"texture":"#0"},"east":{"uv":[0,0,15,6],"texture":"#0"},"south":{"uv":[0,0,6,6],"texture":"#0"},"west":{"uv":[0,0,15,6],"texture":"#0"},"up":{"uv":[0,0,6,15],"texture":"#0"},"down":{"uv":[0,0,6,15],"texture":"#0"}}},{"from":[11,13,-14],"to":[15,15,0],"rotation":{"angle":0,"axis":"y","origin":[18,11,-8]},"faces":{"north":{"uv":[0,0,4,2],"texture":"#0"},"east":{"uv":[0,0,14,2],"texture":"#0"},"south":{"uv":[0,0,4,2],"texture":"#0"},"west":{"uv":[0,0,14,2],"texture":"#0"},"up":{"uv":[0,0,4,14],"texture":"#0"},"down":{"uv":[0,0,4,14],"texture":"#0"}}},{"from":[1,13,-14],"to":[5,15,0],"rotation":{"angle":0,"axis":"y","origin":[8,11,-8]},"faces":{"north":{"uv":[0,0,4,2],"texture":"#0"},"east":{"uv":[0,0,14,2],"texture":"#0"},"south":{"uv":[0,0,4,2],"texture":"#0"},"west":{"uv":[0,0,14,2],"texture":"#0"},"up":{"uv":[0,0,4,14],"texture":"#0"},"down":{"uv":[0,0,4,14],"texture":"#0"}}},{"from":[11,9,-16],"to":[15,13,-15],"rotation":{"angle":0,"axis":"y","origin":[18,6,-9]},"faces":{"north":{"uv":[0,0,4,4],"texture":"#0"},"east":{"uv":[0,0,1,4],"texture":"#0"},"south":{"uv":[0,0,4,4],"texture":"#0"},"west":{"uv":[0,0,1,4],"texture":"#0"},"up":{"uv":[0,0,4,1],"texture":"#0"},"down":{"uv":[0,0,4,1],"texture":"#0"}}},{"from":[1,9,-16],"to":[5,13,-15],"rotation":{"angle":0,"axis":"y","origin":[8,6,-9]},"faces":{"north":{"uv":[0,0,4,4],"texture":"#0"},"east":{"uv":[0,0,1,4],"texture":"#0"},"south":{"uv":[0,0,4,4],"texture":"#0"},"west":{"uv":[0,0,1,4],"texture":"#0"},"up":{"uv":[0,0,4,1],"texture":"#0"},"down":{"uv":[0,0,4,1],"texture":"#0"}}},{"from":[11,6,-12],"to":[15,8,0],"rotation":{"angle":0,"axis":"y","origin":[18,0,-8]},"faces":{"north":{"uv":[0,0,4,2],"texture":"#0"},"east":{"uv":[0,0,12,2],"texture":"#0"},"south":{"uv":[0,0,4,2],"texture":"#0"},"west":{"uv":[0,0,12,2],"texture":"#0"},"up":{"uv":[0,0,4,12],"texture":"#0"},"down":{"uv":[0,0,4,12],"texture":"#0"}}},{"from":[10,16,6],"to":[11,16.1,17],"rotation":{"angle":-22.5,"axis":"y","origin":[18,24,14]},"faces":{"north":{"uv":[0,0,1,0.1],"texture":"#1"},"east":{"uv":[0,0,11,0.1],"texture":"#1"},"south":{"uv":[0,0,1,0.1],"texture":"#1"},"west":{"uv":[0,0,11,0.1],"texture":"#1"},"up":{"uv":[0,0,1,11],"texture":"#1"},"down":{"uv":[0,0,1,11],"texture":"#1"}}},{"from":[5,16,6],"to":[6,16.1,17],"rotation":{"angle":22.5,"axis":"y","origin":[-2,24,14]},"faces":{"north":{"uv":[1,0,0,0.1],"texture":"#1"},"east":{"uv":[11,0,0,0.1],"texture":"#1"},"south":{"uv":[1,0,0,0.1],"texture":"#1"},"west":{"uv":[11,0,0,0.1],"texture":"#1"},"up":{"uv":[1,0,0,11],"texture":"#1"},"down":{"uv":[1,0,0,11],"texture":"#1"}}},{"from":[7.5,16,2.8],"to":[8.5,16.1,14],"rotation":{"angle":0,"axis":"y","origin":[16,24,19]},"faces":{"north":{"uv":[0,0,1,0.1],"texture":"#1"},"east":{"uv":[0,0,11.2,0.1],"texture":"#1"},"south":{"uv":[0,0,1,0.1],"texture":"#1"},"west":{"uv":[0,0,11.2,0.1],"texture":"#1"},"up":{"uv":[0,0,1,11.2],"texture":"#1"},"down":{"uv":[0,0,1,11.2],"texture":"#1"}}}],"display":{"thirdperson_righthand":{"rotation":[0,0,-90],"translation":[0,-2,1.25],"scale":[0.3,0.3,0.3]},"thirdperson_lefthand":{"rotation":[0,0,-90],"translation":[0,-2,1.25],"scale":[0.3,0.3,0.3]},"firstperson_righthand":{"rotation":[17,0,0],"scale":[0.4,0.4,0.4]},"firstperson_lefthand":{"rotation":[17,0,0],"scale":[0.4,0.4,0.4]},"gui":{"rotation":[45,147,0],"translation":[1.75,0.5,0],"scale":[0.4,0.4,0.4]}}}