{"credit":"Credit:  Ontvlambaar","textures":{"2":"block/stonecutter_bottom","3":"block/dark_oak_planks","particle":"block/iron_block"},"elements":[{"from":[9.4,0.6,7.6],"to":[11.4,2.6,9.6],"rotation":{"angle":0,"axis":"y","origin":[1.2,4.8,11.2]},"faces":{"north":{"uv":[0,3,8,9],"rotation":270,"texture":"#3"},"east":{"uv":[0,3,8,9],"texture":"#3"},"south":{"uv":[0,3,8,9],"rotation":90,"texture":"#3"},"west":{"uv":[0,3,8,12],"texture":"#3"},"up":{"uv":[0,3,8,9],"rotation":90,"texture":"#3"},"down":{"uv":[0,3,8,9],"rotation":90,"texture":"#3"}}},{"from":[6.4,0.6,7.6],"to":[8.4,2.6,9.6],"rotation":{"angle":0,"axis":"y","origin":[-1.8,4.8,11.2]},"faces":{"north":{"uv":[0,3,8,9],"rotation":270,"texture":"#3"},"east":{"uv":[0,3,8,9],"texture":"#3"},"south":{"uv":[0,3,8,9],"rotation":90,"texture":"#3"},"west":{"uv":[0,3,8,12],"texture":"#3"},"up":{"uv":[0,3,8,9],"rotation":90,"texture":"#3"},"down":{"uv":[0,3,8,9],"rotation":90,"texture":"#3"}}},{"from":[-2.6,0.6,7.6],"to":[-0.6,2.6,9.6],"rotation":{"angle":0,"axis":"y","origin":[-10.8,4.8,11.2]},"faces":{"north":{"uv":[0,3,8,9],"rotation":270,"texture":"#3"},"east":{"uv":[0,3,8,9],"texture":"#3"},"south":{"uv":[0,3,8,9],"rotation":90,"texture":"#3"},"west":{"uv":[0,3,8,12],"texture":"#3"},"up":{"uv":[0,3,8,9],"rotation":90,"texture":"#3"},"down":{"uv":[0,3,8,9],"rotation":90,"texture":"#3"}}},{"from":[3.4,0.6,7.6],"to":[5.4,2.6,9.6],"rotation":{"angle":0,"axis":"y","origin":[-4.8,4.8,11.2]},"faces":{"north":{"uv":[0,3,8,9],"rotation":270,"texture":"#3"},"east":{"uv":[0,3,8,9],"texture":"#3"},"south":{"uv":[0,3,8,9],"rotation":90,"texture":"#3"},"west":{"uv":[0,3,8,12],"texture":"#3"},"up":{"uv":[0,3,8,9],"rotation":90,"texture":"#3"},"down":{"uv":[0,3,8,9],"rotation":90,"texture":"#3"}}},{"from":[-5.6,0.6,7.6],"to":[-3.6,2.6,9.6],"rotation":{"angle":0,"axis":"y","origin":[-13.8,4.8,11.2]},"faces":{"north":{"uv":[0,3,8,9],"rotation":270,"texture":"#3"},"east":{"uv":[0,3,8,9],"texture":"#3"},"south":{"uv":[0,3,8,9],"rotation":90,"texture":"#3"},"west":{"uv":[0,3,8,12],"texture":"#3"},"up":{"uv":[0,3,8,9],"rotation":90,"texture":"#3"},"down":{"uv":[0,3,8,9],"rotation":90,"texture":"#3"}}},{"from":[0.4,0.6,7.6],"to":[2.4,2.6,9.6],"rotation":{"angle":0,"axis":"y","origin":[-7.8,4.8,11.2]},"faces":{"north":{"uv":[0,3,8,9],"rotation":270,"texture":"#3"},"east":{"uv":[0,3,8,9],"texture":"#3"},"south":{"uv":[0,3,8,9],"rotation":90,"texture":"#3"},"west":{"uv":[0,3,8,12],"texture":"#3"},"up":{"uv":[0,3,8,9],"rotation":90,"texture":"#3"},"down":{"uv":[0,3,8,9],"rotation":90,"texture":"#3"}}},{"from":[-8.6,0.6,7.6],"to":[-6.6,2.6,9.6],"rotation":{"angle":0,"axis":"y","origin":[-16.8,4.8,11.2]},"faces":{"north":{"uv":[0,3,8,9],"rotation":270,"texture":"#3"},"east":{"uv":[0,3,8,9],"texture":"#3"},"south":{"uv":[0,3,8,9],"rotation":90,"texture":"#3"},"west":{"uv":[0,3,8,12],"texture":"#3"},"up":{"uv":[0,3,8,9],"rotation":90,"texture":"#3"},"down":{"uv":[0,3,8,9],"rotation":90,"texture":"#3"}}},{"from":[8.4,0.7,7.7],"to":[9.4,2.5,9.5],"rotation":{"angle":0,"axis":"y","origin":[-0.8,4.8,11.2]},"faces":{"north":{"uv":[0,0,16,16],"texture":"#2"},"east":{"uv":[0,0,16,16],"texture":"#2"},"south":{"uv":[0,0,16,16],"texture":"#2"},"west":{"uv":[0,0,16,16],"texture":"#2"},"up":{"uv":[0,0,16,16],"texture":"#2"},"down":{"uv":[0,0,16,16],"texture":"#2"}}},{"from":[-0.6,0.7,7.7],"to":[0.4,2.5,9.5],"rotation":{"angle":0,"axis":"y","origin":[-9.8,4.8,11.2]},"faces":{"north":{"uv":[0,0,16,16],"texture":"#2"},"east":{"uv":[0,0,16,16],"texture":"#2"},"south":{"uv":[0,0,16,16],"texture":"#2"},"west":{"uv":[0,0,16,16],"texture":"#2"},"up":{"uv":[0,0,16,16],"texture":"#2"},"down":{"uv":[0,0,16,16],"texture":"#2"}}},{"from":[5.4,0.7,7.7],"to":[6.4,2.5,9.5],"rotation":{"angle":0,"axis":"y","origin":[-3.8,4.8,11.2]},"faces":{"north":{"uv":[0,0,16,16],"texture":"#2"},"east":{"uv":[0,0,16,16],"texture":"#2"},"south":{"uv":[0,0,16,16],"texture":"#2"},"west":{"uv":[0,0,16,16],"texture":"#2"},"up":{"uv":[0,0,16,16],"texture":"#2"},"down":{"uv":[0,0,16,16],"texture":"#2"}}},{"from":[-3.6,0.7,7.7],"to":[-2.6,2.5,9.5],"rotation":{"angle":0,"axis":"y","origin":[-12.8,4.8,11.2]},"faces":{"north":{"uv":[0,0,16,16],"texture":"#2"},"east":{"uv":[0,0,16,16],"texture":"#2"},"south":{"uv":[0,0,16,16],"texture":"#2"},"west":{"uv":[0,0,16,16],"texture":"#2"},"up":{"uv":[0,0,16,16],"texture":"#2"},"down":{"uv":[0,0,16,16],"texture":"#2"}}},{"from":[2.4,0.7,7.7],"to":[3.4,2.5,9.5],"rotation":{"angle":0,"axis":"y","origin":[-6.8,4.8,11.2]},"faces":{"north":{"uv":[0,0,16,16],"texture":"#2"},"east":{"uv":[0,0,16,16],"texture":"#2"},"south":{"uv":[0,0,16,16],"texture":"#2"},"west":{"uv":[0,0,16,16],"texture":"#2"},"up":{"uv":[0,0,16,16],"texture":"#2"},"down":{"uv":[0,0,16,16],"texture":"#2"}}},{"from":[-6.6,0.7,7.7],"to":[-5.6,2.5,9.5],"rotation":{"angle":0,"axis":"y","origin":[-15.8,4.8,11.2]},"faces":{"north":{"uv":[0,0,16,16],"texture":"#2"},"east":{"uv":[0,0,16,16],"texture":"#2"},"south":{"uv":[0,0,16,16],"texture":"#2"},"west":{"uv":[0,0,16,16],"texture":"#2"},"up":{"uv":[0,0,16,16],"texture":"#2"},"down":{"uv":[0,0,16,16],"texture":"#2"}}},{"from":[-9.6,0.7,7.7],"to":[-8.6,2.5,9.5],"rotation":{"angle":0,"axis":"y","origin":[-18.8,4.8,11.2]},"faces":{"north":{"uv":[0,0,16,16],"texture":"#2"},"east":{"uv":[0,0,16,16],"texture":"#2"},"south":{"uv":[0,0,16,16],"texture":"#2"},"west":{"uv":[3,3,13,13],"texture":"#2"},"up":{"uv":[0,0,16,16],"texture":"#2"},"down":{"uv":[0,0,16,16],"texture":"#2"}}},{"from":[-9.8,0.9,7.95],"to":[-9.6,2.2,9.25],"rotation":{"angle":0,"axis":"y","origin":[-19.8,4.8,11.2]},"faces":{"north":{"uv":[0,0,16,16],"texture":"#2"},"east":{"uv":[0,0,16,16],"texture":"#2"},"south":{"uv":[0,0,16,16],"texture":"#2"},"west":{"uv":[3,3,13,13],"texture":"#2"},"up":{"uv":[0,0,16,16],"texture":"#2"},"down":{"uv":[0,0,16,16],"texture":"#2"}}},{"from":[-9,2.5,8.2],"to":[-7.8,2.7,9],"rotation":{"angle":0,"axis":"y","origin":[-17.8,6.8,11.2]},"faces":{"north":{"uv":[0,0,16,16],"texture":"#2"},"east":{"uv":[0,0,16,16],"texture":"#2"},"south":{"uv":[0,0,16,16],"texture":"#2"},"west":{"uv":[3,3,13,13],"texture":"#2"},"up":{"uv":[0,0,16,16],"texture":"#2"},"down":{"uv":[0,0,16,16],"texture":"#2"}}},{"from":[-9,0.5,8.2],"to":[-7.8,0.7,9],"rotation":{"angle":0,"axis":"y","origin":[-17.8,4.8,11.2]},"faces":{"north":{"uv":[0,0,16,16],"texture":"#2"},"east":{"uv":[0,0,16,16],"texture":"#2"},"south":{"uv":[0,0,16,16],"texture":"#2"},"west":{"uv":[3,3,13,13],"texture":"#2"},"up":{"uv":[0,0,16,16],"texture":"#2"},"down":{"uv":[0,0,16,16],"texture":"#2"}}},{"from":[-9,1.3,9.5],"to":[-7.8,2.1,9.7],"rotation":{"angle":0,"axis":"x","origin":[-17.8,4.8,5.2]},"faces":{"north":{"uv":[0,0,16,16],"rotation":180,"texture":"#2"},"east":{"uv":[0,0,16,16],"rotation":90,"texture":"#2"},"south":{"uv":[0,0,16,16],"texture":"#2"},"west":{"uv":[3,3,13,13],"rotation":270,"texture":"#2"},"up":{"uv":[0,0,16,16],"texture":"#2"},"down":{"uv":[0,0,16,16],"rotation":180,"texture":"#2"}}},{"from":[-9,1.3,7.5],"to":[-7.8,2.1,7.7],"rotation":{"angle":0,"axis":"x","origin":[-17.8,4.8,3.2]},"faces":{"north":{"uv":[0,0,16,16],"rotation":180,"texture":"#2"},"east":{"uv":[0,0,16,16],"rotation":90,"texture":"#2"},"south":{"uv":[0,0,16,16],"texture":"#2"},"west":{"uv":[3,3,13,13],"rotation":270,"texture":"#2"},"up":{"uv":[0,0,16,16],"texture":"#2"},"down":{"uv":[0,0,16,16],"rotation":180,"texture":"#2"}}},{"from":[18.4,0.6,7.6],"to":[18.9,2.6,9.6],"rotation":{"angle":0,"axis":"y","origin":[21.2,4.8,11.2]},"faces":{"north":{"uv":[0,0,8,1],"texture":"#2"},"east":{"uv":[0,0,7,6],"texture":"#2"},"south":{"uv":[0,0,8,5],"texture":"#2"},"west":{"uv":[0,0,2,1],"texture":"#2"},"up":{"uv":[0,0,8,2],"texture":"#2"},"down":{"uv":[0,0,8,2],"texture":"#2"}}},{"from":[11.4,-6.8,4.6],"to":[19.6,10,12.4],"rotation":{"angle":0,"axis":"y","origin":[18.2,4.8,11.2]},"faces":{"north":{"uv":[0,0,16,16],"texture":"#2"},"east":{"uv":[0,0,16,16],"texture":"#2"},"south":{"uv":[0.4,0,16,16],"texture":"#2"},"west":{"uv":[0,0,16,16],"texture":"#2"},"up":{"uv":[0,0,9,6],"texture":"#2"},"down":{"uv":[0,0,8,7],"texture":"#2"}}},{"from":[12.4,9.6,5.6],"to":[18.6,11,11.4],"rotation":{"angle":0,"axis":"y","origin":[18.2,20.8,11.2]},"faces":{"north":{"uv":[0,0,8,10],"texture":"#2"},"east":{"uv":[0,0,6,12],"texture":"#2"},"south":{"uv":[11.4,6,18.6,22],"texture":"#2"},"west":{"uv":[0,0,9,7],"texture":"#2"},"up":{"uv":[1,1,15,15],"texture":"#2"},"down":{"uv":[0,0,8,7],"texture":"#2"}}},{"from":[12.4,-8,5.6],"to":[18.6,-6.6,11.4],"rotation":{"angle":0,"axis":"y","origin":[18.2,-17.8,11.2]},"faces":{"north":{"uv":[0,10,8,0],"texture":"#2"},"east":{"uv":[0,12,6,0],"texture":"#2"},"south":{"uv":[11.4,22,18.6,6],"texture":"#2"},"west":{"uv":[0,7,9,0],"texture":"#2"},"up":{"uv":[0,7,8,0],"texture":"#2"},"down":{"uv":[1,15,15,1],"texture":"#2"}}},{"from":[12.4,6.2,12.6],"to":[18.6,7.6,13.4],"rotation":{"angle":45,"axis":"x","origin":[18.2,17.8,13.2]},"faces":{"north":{"uv":[0,0,16,16],"texture":"#2"},"east":{"uv":[0,0,6,12],"texture":"#2"},"south":{"uv":[11.4,6,18.6,22],"texture":"#2"},"west":{"uv":[0,0,9,7],"texture":"#2"},"up":{"uv":[0,0,9,6],"texture":"#2"},"down":{"uv":[0,0,8,7],"texture":"#2"}}},{"from":[12.4,-4.6,12.6],"to":[18.6,-3.2,13.4],"rotation":{"angle":-45,"axis":"x","origin":[18.2,-14.8,13.2]},"faces":{"north":{"uv":[0,16,16,0],"texture":"#2"},"east":{"uv":[0,12,6,0],"texture":"#2"},"south":{"uv":[11.4,22,18.6,6],"texture":"#2"},"west":{"uv":[0,7,9,0],"texture":"#2"},"up":{"uv":[0,7,8,0],"texture":"#2"},"down":{"uv":[0,6,9,0],"texture":"#2"}}},{"from":[12.4,1.6,8.2],"to":[18.6,2.4,9.6],"rotation":{"angle":45,"axis":"x","origin":[18.2,2.8,20.2]},"faces":{"north":{"uv":[0,0,8,7],"rotation":180,"texture":"#2"},"east":{"uv":[0,0,6,12],"rotation":270,"texture":"#2"},"south":{"uv":[0,0,9,6],"texture":"#2"},"west":{"uv":[0,0,9,7],"rotation":90,"texture":"#2"},"up":{"uv":[0,0,16,16],"rotation":180,"texture":"#2"},"down":{"uv":[11.4,6,18.6,22],"texture":"#2"}}},{"from":[12.4,0.6,8.2],"to":[18.6,1.4,9.6],"rotation":{"angle":-45,"axis":"x","origin":[18.2,0.2,20.2]},"faces":{"north":{"uv":[0,7,8,0],"rotation":180,"texture":"#2"},"east":{"uv":[6,0,0,12],"rotation":270,"texture":"#2"},"south":{"uv":[0,6,9,0],"texture":"#2"},"west":{"uv":[9,0,0,7],"rotation":90,"texture":"#2"},"up":{"uv":[11.4,22,18.6,6],"texture":"#2"},"down":{"uv":[0,16,16,0],"rotation":180,"texture":"#2"}}},{"from":[17.7,2.6,5.6],"to":[18.9,4,11.4],"rotation":{"angle":-45,"axis":"z","origin":[23.4,13.8,11.2]},"faces":{"north":{"uv":[0,0,8,10],"texture":"#2"},"east":{"uv":[0,0,6,12],"texture":"#2"},"south":{"uv":[11.4,6,18.6,22],"texture":"#2"},"west":{"uv":[0,0,16,16],"texture":"#2"},"up":{"uv":[0,0,9,6],"texture":"#2"},"down":{"uv":[0,0,8,7],"texture":"#2"}}},{"from":[17.7,-1,5.6],"to":[18.9,0.4,11.4],"rotation":{"angle":45,"axis":"z","origin":[23.4,-10.8,11.2]},"faces":{"north":{"uv":[0,10,8,0],"texture":"#2"},"east":{"uv":[0,12,6,0],"texture":"#2"},"south":{"uv":[11.4,22,18.6,6],"texture":"#2"},"west":{"uv":[0,16,16,0],"texture":"#2"},"up":{"uv":[0,7,8,0],"texture":"#2"},"down":{"uv":[0,6,9,0],"texture":"#2"}}},{"from":[23.7,2.7,5.6],"to":[24.9,4.1,11.4],"rotation":{"angle":-45,"axis":"z","origin":[29.4,13.8,11.2]},"faces":{"north":{"uv":[0,0,8,10],"texture":"#2"},"east":{"uv":[0,0,6,12],"texture":"#2"},"south":{"uv":[11.4,6,18.6,22],"texture":"#2"},"west":{"uv":[0,0,9,7],"texture":"#2"},"up":{"uv":[0,0,16,16],"texture":"#2"},"down":{"uv":[0,0,8,7],"texture":"#2"}}},{"from":[23.7,-1.1,5.6],"to":[24.9,0.3,11.4],"rotation":{"angle":45,"axis":"z","origin":[29.4,-10.8,11.2]},"faces":{"north":{"uv":[0,10,8,0],"texture":"#2"},"east":{"uv":[0,12,6,0],"texture":"#2"},"south":{"uv":[11.4,22,18.6,6],"texture":"#2"},"west":{"uv":[0,7,9,0],"texture":"#2"},"up":{"uv":[0,7,8,0],"texture":"#2"},"down":{"uv":[0,16,16,0],"texture":"#2"}}}],"display":{"thirdperson_righthand":{"rotation":[-90,-90,0],"translation":[-0.5,5.25,-2.75],"scale":[0.6,0.6,0.6]},"thirdperson_lefthand":{"rotation":[90,-90,0],"translation":[0,5.5,5],"scale":[0.6,0.6,0.6]},"firstperson_righthand":{"rotation":[78,96,-7],"translation":[11.5,0.5,-10.25],"scale":[1,1,1.11133]},"firstperson_lefthand":{"rotation":[79,-81,12],"translation":[5.25,3.25,0.25],"scale":[0.8,0.8,0.8]},"ground":{"translation":[0,3.25,0]},"gui":{"rotation":[0,0,53.5],"translation":[-3.5,1.25,0],"scale":[0.5,0.5,0.5]},"head":{"rotation":[0,0,37],"translation":[-13.25,9.75,0],"scale":[0.6,0.6,0.6]},"fixed":{"translation":[-1.5,7.75,0.75]}}}