{"credit":"Credit:  Ontvlambaar","textures":{"0":"block/yellow_concrete_powder","1":"block/light_gray_concrete_powder","particle":"block/yellow_concrete_powder"},"elements":[{"from":[3,8,7],"to":[12,9,9],"rotation":{"angle":0,"axis":"y","origin":[13,16,16]},"faces":{"north":{"uv":[0,0,9,1],"texture":"#0"},"east":{"uv":[0,0,2,1],"texture":"#0"},"south":{"uv":[0,0,9,1],"texture":"#0"},"west":{"uv":[0,0,2,1],"texture":"#0"},"up":{"uv":[0,0,9,2],"texture":"#0"},"down":{"uv":[0,0,9,2],"texture":"#0"}}},{"from":[2.5,7.5,7],"to":[3.5,8.5,9],"rotation":{"angle":0,"axis":"y","origin":[11,16,16]},"faces":{"north":{"uv":[0,0,1,1],"texture":"#0"},"east":{"uv":[0,0,2,1],"texture":"#0"},"south":{"uv":[0,0,1,1],"texture":"#0"},"west":{"uv":[0,0,2,1],"texture":"#0"},"up":{"uv":[0,0,1,2],"texture":"#0"},"down":{"uv":[0,0,1,2],"texture":"#0"}}},{"from":[11.5,7.5,7],"to":[12.5,8.5,9],"rotation":{"angle":0,"axis":"y","origin":[20,16,16]},"faces":{"north":{"uv":[0,0,1,1],"texture":"#0"},"east":{"uv":[0,0,2,1],"texture":"#0"},"south":{"uv":[0,0,1,1],"texture":"#0"},"west":{"uv":[0,0,2,1],"texture":"#0"},"up":{"uv":[0,0,1,2],"texture":"#0"},"down":{"uv":[0,0,1,2],"texture":"#0"}}},{"from":[5,-1,7],"to":[10,2,9],"rotation":{"angle":0,"axis":"y","origin":[13,9,16]},"faces":{"north":{"uv":[0,0,5,3],"texture":"#0"},"east":{"uv":[0,0,2,3],"texture":"#0"},"south":{"uv":[0,0,5,3],"texture":"#0"},"west":{"uv":[0,0,2,3],"texture":"#0"},"up":{"uv":[0,0,5,2],"texture":"#0"},"down":{"uv":[0,0,5,2],"texture":"#0"}}},{"from":[5.5,-1.5,7],"to":[9.5,-1,9],"rotation":{"angle":0,"axis":"y","origin":[13,4,16]},"faces":{"north":{"uv":[0,0,4,0.5],"texture":"#0"},"east":{"uv":[0,0,2,0.5],"texture":"#0"},"south":{"uv":[0,0,4,0.5],"texture":"#0"},"west":{"uv":[0,0,2,0.5],"texture":"#0"},"up":{"uv":[0,0,4,2],"texture":"#0"},"down":{"uv":[0,0,4,2],"texture":"#0"}}},{"from":[5.5,2,7],"to":[9.5,8,9],"rotation":{"angle":0,"axis":"y","origin":[13,8,16]},"faces":{"north":{"uv":[0,0,4,6],"texture":"#0"},"east":{"uv":[0,0,2,6],"texture":"#0"},"south":{"uv":[0,0,4,6],"texture":"#0"},"west":{"uv":[0,0,2,6],"texture":"#0"},"up":{"uv":[0,0,4,2],"texture":"#0"},"down":{"uv":[0,0,4,2],"texture":"#0"}}},{"from":[5.5,-1,9],"to":[9.5,2,10],"rotation":{"angle":0,"axis":"y","origin":[13,7,17]},"faces":{"north":{"uv":[0,0,4,3],"texture":"#0"},"east":{"uv":[0,0,1,3],"texture":"#0"},"south":{"uv":[0,0,4,3],"texture":"#0"},"west":{"uv":[0,0,1,3],"texture":"#0"},"up":{"uv":[0,0,4,1],"texture":"#0"},"down":{"uv":[0,0,4,1],"texture":"#0"}}},{"from":[5.5,-1,6],"to":[9.5,2,7],"rotation":{"angle":0,"axis":"y","origin":[13,7,15]},"faces":{"north":{"uv":[0,0,4,3],"texture":"#0"},"east":{"uv":[0,0,1,3],"texture":"#0"},"south":{"uv":[0,0,4,3],"texture":"#0"},"west":{"uv":[0,0,1,3],"texture":"#0"},"up":{"uv":[0,0,4,1],"texture":"#0"},"down":{"uv":[0,0,4,1],"texture":"#0"}}},{"from":[5.5,9,7.5],"to":[9.5,14,8.5],"rotation":{"angle":0,"axis":"y","origin":[13,14,16]},"faces":{"north":{"uv":[0,0,4,5],"texture":"#1"},"east":{"uv":[0,0,1,5],"texture":"#1"},"south":{"uv":[0,0,4,5],"texture":"#1"},"west":{"uv":[0,0,1,5],"texture":"#1"},"up":{"uv":[0,0,4,1],"texture":"#1"},"down":{"uv":[0,0,4,1],"texture":"#1"}}},{"from":[5.75,14,7.65],"to":[9.35,18,8.45],"rotation":{"angle":0,"axis":"y","origin":[13,19,16]},"faces":{"north":{"uv":[0,0,3.6,4],"texture":"#1"},"east":{"uv":[0,0,0.8,4],"texture":"#1"},"south":{"uv":[0,0,3.6,4],"texture":"#1"},"west":{"uv":[0,0,0.8,4],"texture":"#1"},"up":{"uv":[0,0,3.6,0.8],"texture":"#1"},"down":{"uv":[0,0,3.6,0.8],"texture":"#1"}}},{"from":[6,18,7.75],"to":[9,21,8.35],"rotation":{"angle":0,"axis":"y","origin":[14,23,16]},"faces":{"north":{"uv":[0,0,3,3],"texture":"#1"},"east":{"uv":[0,0,0.6,3],"texture":"#1"},"south":{"uv":[0,0,3,3],"texture":"#1"},"west":{"uv":[0,0,0.6,3],"texture":"#1"},"up":{"uv":[0,0,3,0.6],"texture":"#1"},"down":{"uv":[0,0,3,0.6],"texture":"#1"}}},{"from":[6.5,21,7.9],"to":[8.5,23,8.2],"rotation":{"angle":0,"axis":"y","origin":[14,26,16]},"faces":{"north":{"uv":[0,0,2,2],"texture":"#1"},"east":{"uv":[0,0,0.3,2],"texture":"#1"},"south":{"uv":[0,0,2,2],"texture":"#1"},"west":{"uv":[0,0,0.3,2],"texture":"#1"},"up":{"uv":[0,0,2,0.3],"texture":"#1"},"down":{"uv":[0,0,2,0.3],"texture":"#1"}}},{"from":[7,23,7.9],"to":[8,24,8.2],"rotation":{"angle":0,"axis":"y","origin":[14,28,16]},"faces":{"north":{"uv":[0,0,1,1],"texture":"#1"},"east":{"uv":[0,0,0.3,1],"texture":"#1"},"south":{"uv":[0,0,1,1],"texture":"#1"},"west":{"uv":[0,0,0.3,1],"texture":"#1"},"up":{"uv":[0,0,1,0.3],"texture":"#1"},"down":{"uv":[0,0,1,0.3],"texture":"#1"}}}],"display":{"thirdperson_righthand":{"rotation":[0,100,0],"scale":[0.4,0.4,0.4]},"thirdperson_lefthand":{"rotation":[0,100,0],"scale":[0.4,0.4,0.4]},"firstperson_righthand":{"rotation":[-23,101,4],"translation":[0.25,0,0],"scale":[0.6,0.6,0.6]},"firstperson_lefthand":{"rotation":[-23,101,4],"translation":[0.25,0,0],"scale":[0.6,0.6,0.6]},"ground":{"rotation":[-34,36,0],"scale":[0.7,0.7,0.7]},"gui":{"rotation":[-17,-170,-36],"translation":[0,-1.25,0],"scale":[0.6,0.7,0.7]},"head":{"rotation":[149,90,0],"translation":[7,-24.75,0],"scale":[0.7,0.7,0.7]},"fixed":{"rotation":[2,0,0],"scale":[0.9,1,1]}}}