{"credit":"Credit:  Ontvlambaar","textures":{"0":"block/iron_block","particle":"block/iron_block"},"elements":[{"from":[10,0,0],"to":[11,3,1.2],"rotation":{"angle":0,"axis":"y","origin":[18,8,8]},"faces":{"north":{"uv":[0,0,1,3],"texture":"#0"},"east":{"uv":[0,0,1.2,3],"texture":"#0"},"south":{"uv":[0,0,1,3],"texture":"#0"},"west":{"uv":[0,0,1.2,3],"texture":"#0"},"up":{"uv":[0,0,1,1.2],"texture":"#0"},"down":{"uv":[0,0,1,1.2],"texture":"#0"}}},{"from":[10,3,-0.2],"to":[11,6,1],"rotation":{"angle":0,"axis":"y","origin":[18,11,8]},"faces":{"north":{"uv":[0,0,1,3],"texture":"#0"},"east":{"uv":[0,0,1.2,3],"texture":"#0"},"south":{"uv":[0,0,1,3],"texture":"#0"},"west":{"uv":[0,0,1.2,3],"texture":"#0"},"up":{"uv":[0,0,1,1.2],"texture":"#0"},"down":{"uv":[0,0,1,1.2],"texture":"#0"}}},{"from":[10,9,0.2],"to":[11,11,1.4],"rotation":{"angle":0,"axis":"y","origin":[18,17,8]},"faces":{"north":{"uv":[0,0,1,2],"texture":"#0"},"east":{"uv":[0,0,1.2,2],"texture":"#0"},"south":{"uv":[0,0,1,2],"texture":"#0"},"west":{"uv":[0,0,1.2,2],"texture":"#0"},"up":{"uv":[0,0,1,1.2],"texture":"#0"},"down":{"uv":[0,0,1,1.2],"texture":"#0"}}},{"from":[10,6,0],"to":[11,9,1.2],"rotation":{"angle":0,"axis":"y","origin":[18,14,8]},"faces":{"north":{"uv":[0,0,1,3],"texture":"#0"},"east":{"uv":[0,0,1.2,3],"texture":"#0"},"south":{"uv":[0,0,1,3],"texture":"#0"},"west":{"uv":[0,0,1.2,3],"texture":"#0"},"up":{"uv":[0,0,1,1.2],"texture":"#0"},"down":{"uv":[0,0,1,1.2],"texture":"#0"}}},{"from":[10,11,0.4],"to":[11,13,1.6],"rotation":{"angle":0,"axis":"y","origin":[18,19,8]},"faces":{"north":{"uv":[0,0,1,2],"texture":"#0"},"east":{"uv":[0,0,1.2,2],"texture":"#0"},"south":{"uv":[0,0,1,2],"texture":"#0"},"west":{"uv":[0,0,1.2,2],"texture":"#0"},"up":{"uv":[0,0,1,1.2],"texture":"#0"},"down":{"uv":[0,0,1,1.2],"texture":"#0"}}},{"from":[10,13,0.6],"to":[11,14.5,1.8],"rotation":{"angle":0,"axis":"y","origin":[18,21,8]},"faces":{"north":{"uv":[0,0,1,1.5],"texture":"#0"},"east":{"uv":[0,0,1.2,1.5],"texture":"#0"},"south":{"uv":[0,0,1,1.5],"texture":"#0"},"west":{"uv":[0,0,1.2,1.5],"texture":"#0"},"up":{"uv":[0,0,1,1.2],"texture":"#0"},"down":{"uv":[0,0,1,1.2],"texture":"#0"}}},{"from":[10,14,0.9],"to":[11,15.5,2.1],"rotation":{"angle":0,"axis":"y","origin":[18,22,9]},"faces":{"north":{"uv":[0,0,1,1.5],"texture":"#0"},"east":{"uv":[0,0,1.2,1.5],"texture":"#0"},"south":{"uv":[0,0,1,1.5],"texture":"#0"},"west":{"uv":[0,0,1.2,1.5],"texture":"#0"},"up":{"uv":[0,0,1,1.2],"texture":"#0"},"down":{"uv":[0,0,1,1.2],"texture":"#0"}}},{"from":[10,15,1.3],"to":[11,16,2.5],"rotation":{"angle":0,"axis":"y","origin":[18,23,9]},"faces":{"north":{"uv":[0,0,1,1],"texture":"#0"},"east":{"uv":[0,0,1.2,1],"texture":"#0"},"south":{"uv":[0,0,1,1],"texture":"#0"},"west":{"uv":[0,0,1.2,1],"texture":"#0"},"up":{"uv":[0,0,1,1.2],"texture":"#0"},"down":{"uv":[0,0,1,1.2],"texture":"#0"}}},{"from":[10,15.8,2],"to":[11,16.8,3],"rotation":{"angle":0,"axis":"y","origin":[18,24,9]},"faces":{"north":{"uv":[0,0,1,1],"texture":"#0"},"east":{"uv":[0,0,1,1],"texture":"#0"},"south":{"uv":[0,0,1,1],"texture":"#0"},"west":{"uv":[0,0,1,1],"texture":"#0"},"up":{"uv":[0,0,1,1],"texture":"#0"},"down":{"uv":[0,0,1,1],"texture":"#0"}}},{"from":[7,0,0],"to":[8,3,1.2],"rotation":{"angle":0,"axis":"y","origin":[15,8,8]},"faces":{"north":{"uv":[0,0,1,3],"texture":"#0"},"east":{"uv":[0,0,1.2,3],"texture":"#0"},"south":{"uv":[0,0,1,3],"texture":"#0"},"west":{"uv":[0,0,1.2,3],"texture":"#0"},"up":{"uv":[0,0,1,1.2],"texture":"#0"},"down":{"uv":[0,0,1,1.2],"texture":"#0"}}},{"from":[7,3,-0.2],"to":[8,6,1],"rotation":{"angle":0,"axis":"y","origin":[15,11,8]},"faces":{"north":{"uv":[0,0,1,3],"texture":"#0"},"east":{"uv":[0,0,1.2,3],"texture":"#0"},"south":{"uv":[0,0,1,3],"texture":"#0"},"west":{"uv":[0,0,1.2,3],"texture":"#0"},"up":{"uv":[0,0,1,1.2],"texture":"#0"},"down":{"uv":[0,0,1,1.2],"texture":"#0"}}},{"from":[7,9,0.2],"to":[8,11,1.4],"rotation":{"angle":0,"axis":"y","origin":[15,17,8]},"faces":{"north":{"uv":[0,0,1,2],"texture":"#0"},"east":{"uv":[0,0,1.2,2],"texture":"#0"},"south":{"uv":[0,0,1,2],"texture":"#0"},"west":{"uv":[0,0,1.2,2],"texture":"#0"},"up":{"uv":[0,0,1,1.2],"texture":"#0"},"down":{"uv":[0,0,1,1.2],"texture":"#0"}}},{"from":[7,6,0],"to":[8,9,1.2],"rotation":{"angle":0,"axis":"y","origin":[15,14,8]},"faces":{"north":{"uv":[0,0,1,3],"texture":"#0"},"east":{"uv":[0,0,1.2,3],"texture":"#0"},"south":{"uv":[0,0,1,3],"texture":"#0"},"west":{"uv":[0,0,1.2,3],"texture":"#0"},"up":{"uv":[0,0,1,1.2],"texture":"#0"},"down":{"uv":[0,0,1,1.2],"texture":"#0"}}},{"from":[7,11,0.4],"to":[8,13,1.6],"rotation":{"angle":0,"axis":"y","origin":[15,19,8]},"faces":{"north":{"uv":[0,0,1,2],"texture":"#0"},"east":{"uv":[0,0,1.2,2],"texture":"#0"},"south":{"uv":[0,0,1,2],"texture":"#0"},"west":{"uv":[0,0,1.2,2],"texture":"#0"},"up":{"uv":[0,0,1,1.2],"texture":"#0"},"down":{"uv":[0,0,1,1.2],"texture":"#0"}}},{"from":[7,13,0.6],"to":[8,14.5,1.8],"rotation":{"angle":0,"axis":"y","origin":[15,21,8]},"faces":{"north":{"uv":[0,0,1,1.5],"texture":"#0"},"east":{"uv":[0,0,1.2,1.5],"texture":"#0"},"south":{"uv":[0,0,1,1.5],"texture":"#0"},"west":{"uv":[0,0,1.2,1.5],"texture":"#0"},"up":{"uv":[0,0,1,1.2],"texture":"#0"},"down":{"uv":[0,0,1,1.2],"texture":"#0"}}},{"from":[7,14,0.9],"to":[8,15.5,2.1],"rotation":{"angle":0,"axis":"y","origin":[15,22,9]},"faces":{"north":{"uv":[0,0,1,1.5],"texture":"#0"},"east":{"uv":[0,0,1.2,1.5],"texture":"#0"},"south":{"uv":[0,0,1,1.5],"texture":"#0"},"west":{"uv":[0,0,1.2,1.5],"texture":"#0"},"up":{"uv":[0,0,1,1.2],"texture":"#0"},"down":{"uv":[0,0,1,1.2],"texture":"#0"}}},{"from":[7,15,1.3],"to":[8,16,2.5],"rotation":{"angle":0,"axis":"y","origin":[15,23,9]},"faces":{"north":{"uv":[0,0,1,1],"texture":"#0"},"east":{"uv":[0,0,1.2,1],"texture":"#0"},"south":{"uv":[0,0,1,1],"texture":"#0"},"west":{"uv":[0,0,1.2,1],"texture":"#0"},"up":{"uv":[0,0,1,1.2],"texture":"#0"},"down":{"uv":[0,0,1,1.2],"texture":"#0"}}},{"from":[7,15.8,2],"to":[8,16.8,3],"rotation":{"angle":0,"axis":"y","origin":[15,24,9]},"faces":{"north":{"uv":[0,0,1,1],"texture":"#0"},"east":{"uv":[0,0,1,1],"texture":"#0"},"south":{"uv":[0,0,1,1],"texture":"#0"},"west":{"uv":[0,0,1,1],"texture":"#0"},"up":{"uv":[0,0,1,1],"texture":"#0"},"down":{"uv":[0,0,1,1],"texture":"#0"}}},{"from":[4,0,0],"to":[5,3,1.2],"rotation":{"angle":0,"axis":"y","origin":[12,8,8]},"faces":{"north":{"uv":[0,0,1,3],"texture":"#0"},"east":{"uv":[0,0,1.2,3],"texture":"#0"},"south":{"uv":[0,0,1,3],"texture":"#0"},"west":{"uv":[0,0,1.2,3],"texture":"#0"},"up":{"uv":[0,0,1,1.2],"texture":"#0"},"down":{"uv":[0,0,1,1.2],"texture":"#0"}}},{"from":[4,3,-0.2],"to":[5,6,1],"rotation":{"angle":0,"axis":"y","origin":[12,11,8]},"faces":{"north":{"uv":[0,0,1,3],"texture":"#0"},"east":{"uv":[0,0,1.2,3],"texture":"#0"},"south":{"uv":[0,0,1,3],"texture":"#0"},"west":{"uv":[0,0,1.2,3],"texture":"#0"},"up":{"uv":[0,0,1,1.2],"texture":"#0"},"down":{"uv":[0,0,1,1.2],"texture":"#0"}}},{"from":[4,9,0.2],"to":[5,11,1.4],"rotation":{"angle":0,"axis":"y","origin":[12,17,8]},"faces":{"north":{"uv":[0,0,1,2],"texture":"#0"},"east":{"uv":[0,0,1.2,2],"texture":"#0"},"south":{"uv":[0,0,1,2],"texture":"#0"},"west":{"uv":[0,0,1.2,2],"texture":"#0"},"up":{"uv":[0,0,1,1.2],"texture":"#0"},"down":{"uv":[0,0,1,1.2],"texture":"#0"}}},{"from":[4,6,0],"to":[5,9,1.2],"rotation":{"angle":0,"axis":"y","origin":[12,14,8]},"faces":{"north":{"uv":[0,0,1,3],"texture":"#0"},"east":{"uv":[0,0,1.2,3],"texture":"#0"},"south":{"uv":[0,0,1,3],"texture":"#0"},"west":{"uv":[0,0,1.2,3],"texture":"#0"},"up":{"uv":[0,0,1,1.2],"texture":"#0"},"down":{"uv":[0,0,1,1.2],"texture":"#0"}}},{"from":[4,11,0.4],"to":[5,13,1.6],"rotation":{"angle":0,"axis":"y","origin":[12,19,8]},"faces":{"north":{"uv":[0,0,1,2],"texture":"#0"},"east":{"uv":[0,0,1.2,2],"texture":"#0"},"south":{"uv":[0,0,1,2],"texture":"#0"},"west":{"uv":[0,0,1.2,2],"texture":"#0"},"up":{"uv":[0,0,1,1.2],"texture":"#0"},"down":{"uv":[0,0,1,1.2],"texture":"#0"}}},{"from":[4,13,0.6],"to":[5,14.5,1.8],"rotation":{"angle":0,"axis":"y","origin":[12,21,8]},"faces":{"north":{"uv":[0,0,1,1.5],"texture":"#0"},"east":{"uv":[0,0,1.2,1.5],"texture":"#0"},"south":{"uv":[0,0,1,1.5],"texture":"#0"},"west":{"uv":[0,0,1.2,1.5],"texture":"#0"},"up":{"uv":[0,0,1,1.2],"texture":"#0"},"down":{"uv":[0,0,1,1.2],"texture":"#0"}}},{"from":[4,14,0.9],"to":[5,15.5,2.1],"rotation":{"angle":0,"axis":"y","origin":[12,22,9]},"faces":{"north":{"uv":[0,0,1,1.5],"texture":"#0"},"east":{"uv":[0,0,1.2,1.5],"texture":"#0"},"south":{"uv":[0,0,1,1.5],"texture":"#0"},"west":{"uv":[0,0,1.2,1.5],"texture":"#0"},"up":{"uv":[0,0,1,1.2],"texture":"#0"},"down":{"uv":[0,0,1,1.2],"texture":"#0"}}},{"from":[4,15,1.3],"to":[5,16,2.5],"rotation":{"angle":0,"axis":"y","origin":[12,23,9]},"faces":{"north":{"uv":[0,0,1,1],"texture":"#0"},"east":{"uv":[0,0,1.2,1],"texture":"#0"},"south":{"uv":[0,0,1,1],"texture":"#0"},"west":{"uv":[0,0,1.2,1],"texture":"#0"},"up":{"uv":[0,0,1,1.2],"texture":"#0"},"down":{"uv":[0,0,1,1.2],"texture":"#0"}}},{"from":[4,15.8,2],"to":[5,16.8,3],"rotation":{"angle":0,"axis":"y","origin":[12,24,9]},"faces":{"north":{"uv":[0,0,1,1],"texture":"#0"},"east":{"uv":[0,0,1,1],"texture":"#0"},"south":{"uv":[0,0,1,1],"texture":"#0"},"west":{"uv":[0,0,1,1],"texture":"#0"},"up":{"uv":[0,0,1,1],"texture":"#0"},"down":{"uv":[0,0,1,1],"texture":"#0"}}}],"display":{"thirdperson_righthand":{"rotation":[-91,-180,0],"translation":[0,-3.5,-2.5],"scale":[0.4,0.4,0.4]},"thirdperson_lefthand":{"rotation":[-93,-180,0],"translation":[0,-3.5,-2.25],"scale":[0.4,0.4,0.4]},"firstperson_righthand":{"rotation":[-48,-180,0],"scale":[0.6,0.6,0.6]},"firstperson_lefthand":{"rotation":[-48,-180,0],"scale":[0.6,0.6,0.6]},"ground":{"rotation":[88,0,0],"translation":[0,-6,0],"scale":[0.6,0.6,0.6]},"gui":{"rotation":[-43,125,78],"translation":[2.5,-2.25,0],"scale":[0.8,0.8,0.8]}}}