{"providers":[{"file":"char/black.png","chars":[""],"height":1,"ascent":-5000,"type":"bitmap"},{"file":"char/black.png","chars":[""],"height":2,"ascent":-5000,"type":"bitmap"},{"file":"char/black.png","chars":[""],"height":3,"ascent":-5000,"type":"bitmap"},{"file":"char/black.png","chars":[""],"height":4,"ascent":-5000,"type":"bitmap"},{"file":"char/black.png","chars":[""],"height":5,"ascent":-5000,"type":"bitmap"},{"file":"char/black.png","chars":[""],"height":6,"ascent":-5000,"type":"bitmap"},{"file":"char/black.png","chars":[""],"height":7,"ascent":-5000,"type":"bitmap"},{"file":"char/black.png","chars":[""],"height":15,"ascent":-5000,"type":"bitmap"},{"file":"char/black.png","chars":[""],"height":31,"ascent":-5000,"type":"bitmap"},{"file":"char/black.png","chars":[""],"height":63,"ascent":-5000,"type":"bitmap"},{"file":"char/black.png","chars":[""],"height":127,"ascent":-5000,"type":"bitmap"},{"file":"char/black.png","chars":[""],"height":256,"ascent":-5000,"type":"bitmap"},{"file":"char/black.png","chars":[""],"height":512,"ascent":-5000,"type":"bitmap"},{"file":"char/black.png","chars":[""],"height":1024,"ascent":-5000,"type":"bitmap"},{"file":"char/black.png","chars":[""],"height":-3,"ascent":-5000,"type":"bitmap"},{"file":"char/black.png","chars":[""],"height":-4,"ascent":-5000,"type":"bitmap"},{"file":"char/black.png","chars":[""],"height":-5,"ascent":-5000,"type":"bitmap"},{"file":"char/black.png","chars":[""],"height":-6,"ascent":-5000,"type":"bitmap"},{"file":"char/black.png","chars":[""],"height":-7,"ascent":-5000,"type":"bitmap"},{"file":"char/black.png","chars":[""],"height":-8,"ascent":-5000,"type":"bitmap"},{"file":"char/black.png","chars":[""],"height":-9,"ascent":-5000,"type":"bitmap"},{"file":"char/black.png","chars":[""],"height":-10,"ascent":-5000,"type":"bitmap"},{"file":"char/black.png","chars":[""],"height":-18,"ascent":-5000,"type":"bitmap"},{"file":"char/black.png","chars":[""],"height":-34,"ascent":-5000,"type":"bitmap"},{"file":"char/black.png","chars":[""],"height":-66,"ascent":-5000,"type":"bitmap"},{"file":"char/black.png","chars":[""],"height":-130,"ascent":-5000,"type":"bitmap"},{"file":"char/black.png","chars":[""],"height":-259,"ascent":-5000,"type":"bitmap"},{"file":"char/black.png","chars":[""],"height":-515,"ascent":-5000,"type":"bitmap"},{"file":"char/black.png","chars":[""],"height":-1027,"ascent":-5000,"type":"bitmap"},{"file":"_iainternal:gui/no_recipe.png","chars":[""],"height":170,"ascent":47,"type":"bitmap"},{"file":"_iainternal:gui/crafting.png","chars":[""],"height":170,"ascent":47,"type":"bitmap"},{"file":"_iainternal:gui/cooking.png","chars":[""],"height":170,"ascent":47,"type":"bitmap"},{"file":"_iainternal:gui/blank_menu.png","chars":[""],"height":170,"ascent":47,"type":"bitmap"},{"file":"_iainternal:gui/anvil_repair.png","chars":[""],"height":170,"ascent":47,"type":"bitmap"},{"file":"_iainternal:gui/smithing.png","chars":[""],"height":170,"ascent":47,"type":"bitmap"},{"file":"custom_death:you_died.png","chars":[""],"height":80,"ascent":25,"type":"bitmap"},{"file":"_iainternal:hud/small_cooldown_bar/0.png","chars":[""],"height":22,"ascent":-42,"type":"bitmap"},{"file":"_iainternal:hud/small_cooldown_bar/1.png","chars":[""],"height":22,"ascent":-42,"type":"bitmap"},{"file":"_iainternal:hud/small_cooldown_bar/2.png","chars":[""],"height":22,"ascent":-42,"type":"bitmap"},{"file":"_iainternal:hud/small_cooldown_bar/3.png","chars":[""],"height":22,"ascent":-42,"type":"bitmap"},{"file":"_iainternal:hud/small_cooldown_bar/4.png","chars":[""],"height":22,"ascent":-42,"type":"bitmap"},{"file":"_iainternal:hud/small_cooldown_bar/5.png","chars":[""],"height":22,"ascent":-42,"type":"bitmap"},{"file":"_iainternal:hud/small_cooldown_bar/6.png","chars":[""],"height":22,"ascent":-42,"type":"bitmap"},{"file":"_iainternal:hud/small_cooldown_bar/7.png","chars":[""],"height":22,"ascent":-42,"type":"bitmap"},{"file":"_iainternal:hud/small_cooldown_bar/8.png","chars":[""],"height":22,"ascent":-42,"type":"bitmap"},{"file":"_iainternal:hud/small_cooldown_bar/9.png","chars":[""],"height":22,"ascent":-42,"type":"bitmap"},{"file":"_iainternal:hud/small_cooldown_bar/10.png","chars":[""],"height":22,"ascent":-42,"type":"bitmap"},{"file":"_iainternal:hud/small_cooldown_bar/11.png","chars":[""],"height":22,"ascent":-42,"type":"bitmap"},{"file":"_iainternal:hud/small_cooldown_bar/12.png","chars":[""],"height":22,"ascent":-42,"type":"bitmap"},{"file":"_iainternal:hud/small_cooldown_bar/13.png","chars":[""],"height":22,"ascent":-42,"type":"bitmap"},{"file":"_iainternal:hud/small_cooldown_bar/14.png","chars":[""],"height":22,"ascent":-42,"type":"bitmap"},{"file":"_iainternal:hud/small_cooldown_bar/15.png","chars":[""],"height":22,"ascent":-42,"type":"bitmap"},{"file":"_iainternal:hud/small_cooldown_bar/16.png","chars":[""],"height":22,"ascent":-42,"type":"bitmap"},{"file":"_iainternal:hud/small_cooldown_bar/17.png","chars":[""],"height":22,"ascent":-42,"type":"bitmap"},{"file":"_iainternal:hud/small_cooldown_bar/18.png","chars":[""],"height":22,"ascent":-42,"type":"bitmap"},{"file":"_iainternal:hud/small_cooldown_bar/19.png","chars":[""],"height":22,"ascent":-42,"type":"bitmap"},{"file":"_iainternal:hud/small_cooldown_bar/20.png","chars":[""],"height":22,"ascent":-42,"type":"bitmap"},{"type":"bitmap","file":"minecraft:ranks/adminbyrg.png","ascent":8,"height":8,"chars":[""]},{"type":"bitmap","file":"minecraft:ranks/bluebyrg.png","ascent":8,"height":8,"chars":[""]},{"type":"bitmap","file":"minecraft:ranks/builderbyrg.png","ascent":8,"height":8,"chars":[""]},{"type":"bitmap","file":"minecraft:ranks/designerbyrg.png","ascent":8,"height":8,"chars":[""]},{"type":"bitmap","file":"minecraft:ranks/devbyrg.png","ascent":8,"height":8,"chars":[""]},{"type":"bitmap","file":"minecraft:ranks/devlbyrg.png","ascent":8,"height":8,"chars":[""]},{"type":"bitmap","file":"minecraft:ranks/donatorbyrg.png","ascent":8,"height":8,"chars":[""]},{"type":"bitmap","file":"minecraft:ranks/elitebyrg.png","ascent":8,"height":8,"chars":[""]},{"type":"bitmap","file":"minecraft:ranks/eliteplusbyrg.png","ascent":8,"height":8,"chars":[""]},{"type":"bitmap","file":"minecraft:ranks/eventsbyrg.png","ascent":8,"height":8,"chars":[""]},{"type":"bitmap","file":"minecraft:ranks/godbyrg.png","ascent":8,"height":8,"chars":[""]},{"type":"bitmap","file":"minecraft:ranks/greenbyrg.png","ascent":8,"height":8,"chars":[""]},{"type":"bitmap","file":"minecraft:ranks/helperbyrg.png","ascent":8,"height":8,"chars":[""]},{"type":"bitmap","file":"minecraft:ranks/managerbyrg.png","ascent":8,"height":8,"chars":[""]},{"type":"bitmap","file":"minecraft:ranks/mediabyrg.png","ascent":8,"height":8,"chars":[""]},{"type":"bitmap","file":"minecraft:ranks/modbyrg.png","ascent":8,"height":8,"chars":[""]},{"type":"bitmap","file":"minecraft:ranks/modlbyrg.png","ascent":8,"height":8,"chars":[""]},{"type":"bitmap","file":"minecraft:ranks/mvpbyrg.png","ascent":8,"height":8,"chars":[""]},{"type":"bitmap","file":"minecraft:ranks/mvpplusbyrg.png","ascent":8,"height":8,"chars":[""]},{"type":"bitmap","file":"minecraft:ranks/mvpplusplusbyrg.png","ascent":8,"height":8,"chars":[""]},{"type":"bitmap","file":"minecraft:ranks/noobbyrg.png","ascent":8,"height":8,"chars":[""]},{"type":"bitmap","file":"minecraft:ranks/ogbyrg.png","ascent":8,"height":8,"chars":[""]},{"type":"bitmap","file":"minecraft:ranks/ownerbyrg.png","ascent":8,"height":8,"chars":[""]},{"type":"bitmap","file":"minecraft:ranks/probyrg.png","ascent":8,"height":8,"chars":[""]},{"type":"bitmap","file":"minecraft:ranks/redbyrg.png","ascent":8,"height":8,"chars":[""]},{"type":"bitmap","file":"minecraft:ranks/tiktokbyrg.png","ascent":8,"height":8,"chars":[""]},{"type":"bitmap","file":"minecraft:ranks/twitchbyrg.png","ascent":8,"height":8,"chars":[""]},{"type":"bitmap","file":"minecraft:ranks/vipbyrg.png","ascent":8,"height":8,"chars":[""]},{"type":"bitmap","file":"minecraft:ranks/vipplusbyrg.png","ascent":8,"height":8,"chars":[""]},{"type":"bitmap","file":"minecraft:ranks/yellowbyrg.png","ascent":8,"height":8,"chars":[""]},{"type":"bitmap","file":"minecraft:ranks/youtubebyrg.png","ascent":8,"height":8,"chars":[""]},{"type":"bitmap","file":"minecraft:ranks/sysman.png","ascent":8,"height":8,"chars":["㆛"]},{"type":"bitmap","file":"minecraft:ranks/owner.png","ascent":8,"height":8,"chars":["㆚"]},{"type":"bitmap","file":"minecraft:ranks/memberbyrg.png","ascent":8,"height":8,"chars":[""]},{"type":"bitmap","file":"minecraft:ranks/leitung.png","ascent":8,"height":8,"chars":["㆗"]},{"type":"bitmap","file":"minecraft:logo/logo.png","ascent":66,"height":106,"chars":["㆓"]},{"type":"bitmap","file":"minecraft:ranks/support.png","ascent":8,"height":8,"chars":["㆟"]},{"type":"bitmap","file":"minecraft:logo/sc.png","ascent":30,"height":30,"chars":["㆔"]}]}