{"credit":"Credit: Ontvlambaar, Sammie_gaga","textures":{"0":"block/white_concrete","1":"block/light_gray_concrete","2":"block/black_concrete","3":"block/white_concrete","4":"block/red_concrete_powder","particle":"block/white_concrete"},"elements":[{"from":[7.2,-13,5.2],"to":[8.8,-12.6,5.6],"rotation":{"angle":0,"axis":"y","origin":[9.6,-9.8,8]},"faces":{"north":{"uv":[0,0,4,1],"texture":"#0"},"east":{"uv":[0,0,1,1],"texture":"#0"},"south":{"uv":[0,0,4,1],"texture":"#0"},"west":{"uv":[0,0,1,1],"texture":"#0"},"up":{"uv":[0,0,4,1],"texture":"#0"},"down":{"uv":[0,0,4,1],"texture":"#0"}}},{"from":[6.8,-13,5.6],"to":[9.2,-12.6,8],"rotation":{"angle":0,"axis":"y","origin":[10,-9.8,8.8]},"faces":{"north":{"uv":[0,0,6,1],"texture":"#0"},"east":{"uv":[0,0,6,1],"texture":"#0"},"south":{"uv":[0,0,6,1],"texture":"#0"},"west":{"uv":[0,0,6,1],"texture":"#0"},"up":{"uv":[0,0,6,6],"texture":"#0"},"down":{"uv":[0,0,6,6],"texture":"#0"}}},{"from":[6.4,-13,6],"to":[6.8,-12.6,7.6],"rotation":{"angle":0,"axis":"y","origin":[7.6,-9.8,8.8]},"faces":{"north":{"uv":[0,0,1,1],"texture":"#0"},"east":{"uv":[0,0,4,1],"texture":"#0"},"south":{"uv":[0,0,1,1],"texture":"#0"},"west":{"uv":[0,0,4,1],"texture":"#0"},"up":{"uv":[0,0,1,4],"texture":"#0"},"down":{"uv":[0,0,1,4],"texture":"#0"}}},{"from":[9.2,-13,6],"to":[9.6,-12.6,7.6],"rotation":{"angle":0,"axis":"y","origin":[10.4,-9.8,8.8]},"faces":{"north":{"uv":[0,0,1,1],"texture":"#0"},"east":{"uv":[0,0,4,1],"texture":"#0"},"south":{"uv":[0,0,1,1],"texture":"#0"},"west":{"uv":[0,0,4,1],"texture":"#0"},"up":{"uv":[0,0,1,4],"texture":"#0"},"down":{"uv":[0,0,1,4],"texture":"#0"}}},{"from":[7.2,-13,8],"to":[8.8,-12.6,8.4],"rotation":{"angle":0,"axis":"y","origin":[9.6,-9.8,10.8]},"faces":{"north":{"uv":[0,0,4,1],"texture":"#0"},"east":{"uv":[0,0,1,1],"texture":"#0"},"south":{"uv":[0,0,4,1],"texture":"#0"},"west":{"uv":[0,0,1,1],"texture":"#0"},"up":{"uv":[0,0,4,1],"texture":"#0"},"down":{"uv":[0,0,4,1],"texture":"#0"}}},{"from":[7.28,-13.16,5.36],"to":[8.72,-12.76,5.72],"rotation":{"angle":0,"axis":"y","origin":[9.6,-10.36,7.88]},"faces":{"north":{"uv":[0,0,4,1],"texture":"#1"},"east":{"uv":[0,0,1,1],"texture":"#1"},"south":{"uv":[0,0,4,1],"texture":"#1"},"west":{"uv":[0,0,1,1],"texture":"#1"},"up":{"uv":[0,0,4,1],"texture":"#1"},"down":{"uv":[0,0,4,1],"texture":"#1"}}},{"from":[6.92,-13.16,5.72],"to":[9.08,-12.76,7.88],"rotation":{"angle":0,"axis":"y","origin":[9.96,-10.36,8.6]},"faces":{"north":{"uv":[0,0,6,1],"texture":"#1"},"east":{"uv":[0,0,6,1],"texture":"#1"},"south":{"uv":[0,0,6,1],"texture":"#1"},"west":{"uv":[0,0,6,1],"texture":"#1"},"up":{"uv":[0,0,6,6],"texture":"#1"},"down":{"uv":[0,0,6,6],"texture":"#1"}}},{"from":[6.56,-13.16,6.08],"to":[6.92,-12.76,7.52],"rotation":{"angle":0,"axis":"y","origin":[7.8,-10.36,8.6]},"faces":{"north":{"uv":[0,0,1,1],"texture":"#1"},"east":{"uv":[0,0,4,1],"texture":"#1"},"south":{"uv":[0,0,1,1],"texture":"#1"},"west":{"uv":[0,0,4,1],"texture":"#1"},"up":{"uv":[0,0,1,4],"texture":"#1"},"down":{"uv":[0,0,1,4],"texture":"#1"}}},{"from":[9.08,-13.16,6.08],"to":[9.44,-12.76,7.52],"rotation":{"angle":0,"axis":"y","origin":[10.32,-10.36,8.6]},"faces":{"north":{"uv":[0,0,1,1],"texture":"#1"},"east":{"uv":[0,0,4,1],"texture":"#1"},"south":{"uv":[0,0,1,1],"texture":"#1"},"west":{"uv":[0,0,4,1],"texture":"#1"},"up":{"uv":[0,0,1,4],"texture":"#1"},"down":{"uv":[0,0,1,4],"texture":"#1"}}},{"from":[7.28,-13.16,7.88],"to":[8.72,-12.76,8.24],"rotation":{"angle":0,"axis":"y","origin":[9.6,-10.36,10.4]},"faces":{"north":{"uv":[0,0,4,1],"texture":"#1"},"east":{"uv":[0,0,1,1],"texture":"#1"},"south":{"uv":[0,0,4,1],"texture":"#1"},"west":{"uv":[0,0,1,1],"texture":"#1"},"up":{"uv":[0,0,4,1],"texture":"#1"},"down":{"uv":[0,0,4,1],"texture":"#1"}}},{"from":[7.28,-12.76,5.36],"to":[8.72,-12.36,5.72],"rotation":{"angle":0,"axis":"y","origin":[9.6,-9.96,7.88]},"faces":{"north":{"uv":[0,0,4,1],"texture":"#1"},"east":{"uv":[0,0,1,1],"texture":"#1"},"south":{"uv":[0,0,4,1],"texture":"#1"},"west":{"uv":[0,0,1,1],"texture":"#1"},"up":{"uv":[0,0,4,1],"texture":"#1"},"down":{"uv":[0,0,4,1],"texture":"#1"}}},{"from":[6.92,-12.76,5.72],"to":[9.08,-12.36,7.88],"rotation":{"angle":0,"axis":"y","origin":[9.96,-9.96,8.6]},"faces":{"north":{"uv":[0,0,6,1],"texture":"#1"},"east":{"uv":[0,0,6,1],"texture":"#1"},"south":{"uv":[0,0,6,1],"texture":"#1"},"west":{"uv":[0,0,6,1],"texture":"#1"},"up":{"uv":[0,0,6,6],"texture":"#1"},"down":{"uv":[0,0,6,6],"texture":"#1"}}},{"from":[6.56,-12.76,6.08],"to":[6.92,-12.36,7.52],"rotation":{"angle":0,"axis":"y","origin":[7.8,-9.96,8.6]},"faces":{"north":{"uv":[0,0,1,1],"texture":"#1"},"east":{"uv":[0,0,4,1],"texture":"#1"},"south":{"uv":[0,0,1,1],"texture":"#1"},"west":{"uv":[0,0,4,1],"texture":"#1"},"up":{"uv":[0,0,1,4],"texture":"#1"},"down":{"uv":[0,0,1,4],"texture":"#1"}}},{"from":[9.08,-12.76,6.08],"to":[9.44,-12.36,7.52],"rotation":{"angle":0,"axis":"y","origin":[10.32,-9.96,8.6]},"faces":{"north":{"uv":[0,0,1,1],"texture":"#1"},"east":{"uv":[0,0,4,1],"texture":"#1"},"south":{"uv":[0,0,1,1],"texture":"#1"},"west":{"uv":[0,0,4,1],"texture":"#1"},"up":{"uv":[0,0,1,4],"texture":"#1"},"down":{"uv":[0,0,1,4],"texture":"#1"}}},{"from":[7.28,-12.76,7.88],"to":[8.72,-12.36,8.24],"rotation":{"angle":0,"axis":"y","origin":[9.6,-9.96,10.4]},"faces":{"north":{"uv":[0,0,4,1],"texture":"#1"},"east":{"uv":[0,0,1,1],"texture":"#1"},"south":{"uv":[0,0,4,1],"texture":"#1"},"west":{"uv":[0,0,1,1],"texture":"#1"},"up":{"uv":[0,0,4,1],"texture":"#1"},"down":{"uv":[0,0,4,1],"texture":"#1"}}},{"from":[7.36,-12.44,7.78],"to":[8.64,-2.92,8.1],"rotation":{"angle":0,"axis":"y","origin":[9.28,-9.88,10.24]},"faces":{"north":{"uv":[0,0,4,1],"texture":"#0"},"east":{"uv":[0,0,1,1],"texture":"#0"},"south":{"uv":[0,0,4,1],"texture":"#0"},"west":{"uv":[0,0,1,1],"texture":"#0"},"up":{"uv":[0,0,4,1],"texture":"#0"},"down":{"uv":[0,0,4,1],"texture":"#0"}}},{"from":[8.96,-12.44,6.16],"to":[9.28,-2.92,7.44],"rotation":{"angle":0,"axis":"y","origin":[9.92,-9.88,8.64]},"faces":{"north":{"uv":[0,0,1,1],"texture":"#0"},"east":{"uv":[0,0,4,1],"texture":"#0"},"south":{"uv":[0,0,1,1],"texture":"#0"},"west":{"uv":[0,0,4,1],"texture":"#0"},"up":{"uv":[0,0,1,4],"texture":"#0"},"down":{"uv":[0,0,1,4],"texture":"#0"}}},{"from":[6.72,-12.44,6.16],"to":[7.04,-2.92,7.44],"rotation":{"angle":0,"axis":"y","origin":[7.68,-9.88,8.64]},"faces":{"north":{"uv":[0,0,1,1],"texture":"#0"},"east":{"uv":[0,0,4,1],"texture":"#0"},"south":{"uv":[0,0,1,1],"texture":"#0"},"west":{"uv":[0,0,4,1],"texture":"#0"},"up":{"uv":[0,0,1,4],"texture":"#0"},"down":{"uv":[0,0,1,4],"texture":"#0"}}},{"from":[7.04,-12.44,5.86],"to":[8.96,-2.92,7.78],"rotation":{"angle":0,"axis":"y","origin":[9.6,-9.88,8.64]},"faces":{"north":{"uv":[0,0,6,1],"texture":"#0"},"east":{"uv":[0,0,6,1],"texture":"#0"},"south":{"uv":[0,0,6,1],"texture":"#0"},"west":{"uv":[0,0,6,1],"texture":"#0"},"up":{"uv":[0,0,6,6],"texture":"#0"},"down":{"uv":[0,0,6,6],"texture":"#0"}}},{"from":[7.36,-12.44,5.54],"to":[8.64,-2.92,5.86],"rotation":{"angle":0,"axis":"y","origin":[9.28,-9.88,8]},"faces":{"north":{"uv":[0,0,4,1],"texture":"#0"},"east":{"uv":[0,0,1,1],"texture":"#0"},"south":{"uv":[0,0,4,1],"texture":"#0"},"west":{"uv":[0,0,1,1],"texture":"#0"},"up":{"uv":[0,0,4,1],"texture":"#0"},"down":{"uv":[0,0,4,1],"texture":"#0"}}},{"from":[7.28,-7.96,7.88],"to":[8.72,-6.36,8.24],"rotation":{"angle":0,"axis":"y","origin":[9.6,-5.16,10.4]},"faces":{"north":{"uv":[0,0,4,1],"texture":"#2"},"east":{"uv":[0,0,1,1],"texture":"#2"},"south":{"uv":[0,0,4,1],"texture":"#2"},"west":{"uv":[0,0,1,1],"texture":"#2"},"up":{"uv":[0,0,4,1],"texture":"#2"},"down":{"uv":[0,0,4,1],"texture":"#2"}}},{"from":[9.08,-7.96,6.08],"to":[9.44,-6.36,7.52],"rotation":{"angle":0,"axis":"y","origin":[10.32,-5.16,8.6]},"faces":{"north":{"uv":[0,0,1,1],"texture":"#2"},"east":{"uv":[0,0,4,1],"texture":"#2"},"south":{"uv":[0,0,1,1],"texture":"#2"},"west":{"uv":[0,0,4,1],"texture":"#2"},"up":{"uv":[0,0,1,4],"texture":"#2"},"down":{"uv":[0,0,1,4],"texture":"#2"}}},{"from":[9.44,-7.96,6.28],"to":[9.6,-6.36,7.32],"rotation":{"angle":0,"axis":"y","origin":[10.72,-5.16,8.6]},"faces":{"north":{"uv":[0,0,1,1],"texture":"#0"},"east":{"uv":[0,0,4,1],"texture":"#0"},"south":{"uv":[0,0,1,1],"texture":"#0"},"west":{"uv":[0,0,4,1],"texture":"#0"},"up":{"uv":[0,0,1,4],"texture":"#0"},"down":{"uv":[0,0,1,4],"texture":"#0"}}},{"from":[9.44,-7.96,6.28],"to":[9.6,-6.36,7.32],"rotation":{"angle":0,"axis":"y","origin":[10.72,-5.16,8.6]},"faces":{"north":{"uv":[0,0,1,1],"texture":"#0"},"east":{"uv":[0,0,4,1],"texture":"#0"},"south":{"uv":[0,0,1,1],"texture":"#0"},"west":{"uv":[0,0,4,1],"texture":"#0"},"up":{"uv":[0,0,1,4],"texture":"#0"},"down":{"uv":[0,0,1,4],"texture":"#0"}}},{"from":[9.2,-7.56,6],"to":[9.36,-6.76,6.12],"rotation":{"angle":0,"axis":"y","origin":[10.32,-5.16,7.4]},"faces":{"north":{"uv":[0,0,1,1],"texture":"#0"},"east":{"uv":[0,0,4,1],"texture":"#0"},"south":{"uv":[0,0,1,1],"texture":"#0"},"west":{"uv":[0,0,4,1],"texture":"#0"},"up":{"uv":[0,0,1,4],"texture":"#0"},"down":{"uv":[0,0,1,4],"texture":"#0"}}},{"from":[9.2,-7.56,7.48],"to":[9.36,-6.76,7.6],"rotation":{"angle":0,"axis":"y","origin":[10.32,-5.16,8.6]},"faces":{"north":{"uv":[0,0,1,1],"texture":"#0"},"east":{"uv":[0,0,4,1],"texture":"#0"},"south":{"uv":[0,0,1,1],"texture":"#0"},"west":{"uv":[0,0,4,1],"texture":"#0"},"up":{"uv":[0,0,1,4],"texture":"#0"},"down":{"uv":[0,0,1,4],"texture":"#0"}}},{"from":[9.44,-7.96,7.32],"to":[9.6,-6.36,7.48],"rotation":{"angle":0,"axis":"y","origin":[10.72,-5.16,9.8]},"faces":{"north":{"uv":[0,0,1,1],"texture":"#2"},"east":{"uv":[0,0,4,1],"texture":"#2"},"south":{"uv":[0,0,1,1],"texture":"#2"},"west":{"uv":[0,0,4,1],"texture":"#2"},"up":{"uv":[0,0,1,4],"texture":"#2"},"down":{"uv":[0,0,1,4],"texture":"#2"}}},{"from":[9.44,-7.96,6.12],"to":[9.6,-6.36,6.28],"rotation":{"angle":0,"axis":"y","origin":[10.72,-5.16,8.6]},"faces":{"north":{"uv":[0,0,1,1],"texture":"#2"},"east":{"uv":[0,0,4,1],"texture":"#2"},"south":{"uv":[0,0,1,1],"texture":"#2"},"west":{"uv":[0,0,4,1],"texture":"#2"},"up":{"uv":[0,0,1,4],"texture":"#2"},"down":{"uv":[0,0,1,4],"texture":"#2"}}},{"from":[6.56,-7.96,6.08],"to":[6.92,-6.36,7.52],"rotation":{"angle":0,"axis":"y","origin":[7.8,-5.16,8.6]},"faces":{"north":{"uv":[0,0,1,1],"texture":"#2"},"east":{"uv":[0,0,4,1],"texture":"#2"},"south":{"uv":[0,0,1,1],"texture":"#2"},"west":{"uv":[0,0,4,1],"texture":"#2"},"up":{"uv":[0,0,1,4],"texture":"#2"},"down":{"uv":[0,0,1,4],"texture":"#2"}}},{"from":[6.92,-7.96,5.72],"to":[9.08,-6.36,7.88],"rotation":{"angle":0,"axis":"y","origin":[9.96,-5.16,8.6]},"faces":{"north":{"uv":[0,0,6,1],"texture":"#2"},"east":{"uv":[0,0,6,1],"texture":"#2"},"south":{"uv":[0,0,6,1],"texture":"#2"},"west":{"uv":[0,0,6,1],"texture":"#2"},"up":{"uv":[0,0,6,6],"texture":"#2"},"down":{"uv":[0,0,6,6],"texture":"#2"}}},{"from":[7.28,-7.96,5.36],"to":[8.72,-6.36,5.72],"rotation":{"angle":0,"axis":"y","origin":[9.6,-5.16,7.88]},"faces":{"north":{"uv":[0,0,4,1],"texture":"#2"},"east":{"uv":[0,0,1,1],"texture":"#2"},"south":{"uv":[0,0,4,1],"texture":"#2"},"west":{"uv":[0,0,1,1],"texture":"#2"},"up":{"uv":[0,0,4,1],"texture":"#2"},"down":{"uv":[0,0,4,1],"texture":"#2"}}},{"from":[7.8,-12.2,8],"to":[8.2,-8.2,8.4],"rotation":{"angle":0,"axis":"y","origin":[9.2,-9,10.8]},"faces":{"north":{"uv":[0,0,1,10],"texture":"#2"},"east":{"uv":[0,0,1,10],"texture":"#2"},"south":{"uv":[0,0,1,10],"texture":"#2"},"west":{"uv":[0,0,1,10],"texture":"#2"},"up":{"uv":[0,0,1,1],"texture":"#2"},"down":{"uv":[0,0,1,1],"texture":"#2"}}},{"from":[7.8,-12.2,5.2],"to":[8.2,-8.2,5.6],"rotation":{"angle":0,"axis":"y","origin":[9.2,-9,8]},"faces":{"north":{"uv":[0,0,1,10],"texture":"#2"},"east":{"uv":[0,0,1,10],"texture":"#2"},"south":{"uv":[0,0,1,10],"texture":"#2"},"west":{"uv":[0,0,1,10],"texture":"#2"},"up":{"uv":[0,0,1,1],"texture":"#2"},"down":{"uv":[0,0,1,1],"texture":"#2"}}},{"from":[9.2,-12.2,6.6],"to":[9.6,-8.2,7],"rotation":{"angle":0,"axis":"y","origin":[10.4,-9,8.4]},"faces":{"north":{"uv":[0,0,1,10],"texture":"#2"},"east":{"uv":[0,0,1,10],"texture":"#2"},"south":{"uv":[0,0,1,10],"texture":"#2"},"west":{"uv":[0,0,1,10],"texture":"#2"},"up":{"uv":[0,0,1,1],"texture":"#2"},"down":{"uv":[0,0,1,1],"texture":"#2"}}},{"from":[8.64,-12.2,5.8],"to":[9.04,-8.2,6.2],"rotation":{"angle":0,"axis":"y","origin":[10,-9,7.6]},"faces":{"north":{"uv":[0,0,1,10],"texture":"#2"},"east":{"uv":[0,0,1,10],"texture":"#2"},"south":{"uv":[0,0,1,10],"texture":"#2"},"west":{"uv":[0,0,1,10],"texture":"#2"},"up":{"uv":[0,0,1,1],"texture":"#2"},"down":{"uv":[0,0,1,1],"texture":"#2"}}},{"from":[6.92,-12.2,5.8],"to":[7.32,-8.2,6.2],"rotation":{"angle":0,"axis":"y","origin":[8.4,-9,7.6]},"faces":{"north":{"uv":[0,0,1,10],"texture":"#2"},"east":{"uv":[0,0,1,10],"texture":"#2"},"south":{"uv":[0,0,1,10],"texture":"#2"},"west":{"uv":[0,0,1,10],"texture":"#2"},"up":{"uv":[0,0,1,1],"texture":"#2"},"down":{"uv":[0,0,1,1],"texture":"#2"}}},{"from":[8.64,-12.2,7.48],"to":[9.04,-8.2,7.88],"rotation":{"angle":0,"axis":"y","origin":[10,-9,9.2]},"faces":{"north":{"uv":[0,0,1,10],"texture":"#2"},"east":{"uv":[0,0,1,10],"texture":"#2"},"south":{"uv":[0,0,1,10],"texture":"#2"},"west":{"uv":[0,0,1,10],"texture":"#2"},"up":{"uv":[0,0,1,1],"texture":"#2"},"down":{"uv":[0,0,1,1],"texture":"#2"}}},{"from":[6.92,-12.2,7.48],"to":[7.32,-8.2,7.88],"rotation":{"angle":0,"axis":"y","origin":[8.4,-9,9.2]},"faces":{"north":{"uv":[0,0,1,10],"texture":"#2"},"east":{"uv":[0,0,1,10],"texture":"#2"},"south":{"uv":[0,0,1,10],"texture":"#2"},"west":{"uv":[0,0,1,10],"texture":"#2"},"up":{"uv":[0,0,1,1],"texture":"#2"},"down":{"uv":[0,0,1,1],"texture":"#2"}}},{"from":[6.4,-12.2,6.6],"to":[6.8,-8.2,7],"rotation":{"angle":0,"axis":"y","origin":[7.6,-9,8.4]},"faces":{"north":{"uv":[0,0,1,10],"texture":"#2"},"east":{"uv":[0,0,1,10],"texture":"#2"},"south":{"uv":[0,0,1,10],"texture":"#2"},"west":{"uv":[0,0,1,10],"texture":"#2"},"up":{"uv":[0,0,1,1],"texture":"#2"},"down":{"uv":[0,0,1,1],"texture":"#2"}}},{"from":[7.424,-10.776,5.4],"to":[8.576,-9.624,5.688],"rotation":{"angle":0,"axis":"y","origin":[9.152,-9.912,7.64]},"faces":{"north":{"uv":[0,0,4,1],"texture":"#2"},"east":{"uv":[0,0,1,1],"texture":"#2"},"south":{"uv":[0,0,4,1],"texture":"#2"},"west":{"uv":[0,0,1,1],"texture":"#2"},"up":{"uv":[0,0,4,1],"texture":"#2"},"down":{"uv":[0,0,4,1],"texture":"#2"}}},{"from":[7.36,-2.92,7.78],"to":[8.64,-1,8.1],"rotation":{"angle":0,"axis":"y","origin":[9.28,-7.88,10.24]},"faces":{"north":{"uv":[0,0,4,1],"texture":"#2"},"east":{"uv":[0,0,1,1],"texture":"#2"},"south":{"uv":[0,0,4,1],"texture":"#2"},"west":{"uv":[0,0,1,1],"texture":"#2"},"up":{"uv":[0,0,4,1],"texture":"#2"},"down":{"uv":[0,0,4,1],"texture":"#2"}}},{"from":[8.96,-1.72,6.16],"to":[9.28,-0.6,7.44],"rotation":{"angle":0,"axis":"y","origin":[9.92,-7.88,8.64]},"faces":{"north":{"uv":[0,0,1,1],"texture":"#2"},"east":{"uv":[0,0,4,1],"texture":"#2"},"south":{"uv":[0,0,1,1],"texture":"#2"},"west":{"uv":[0,0,4,1],"texture":"#2"},"up":{"uv":[0,0,1,4],"texture":"#2"},"down":{"uv":[0,0,1,4],"texture":"#2"}}},{"from":[6.72,-2.92,6.16],"to":[7.04,-1,7.44],"rotation":{"angle":0,"axis":"y","origin":[7.68,-7.88,8.64]},"faces":{"north":{"uv":[0,0,1,1],"texture":"#2"},"east":{"uv":[0,0,4,1],"texture":"#2"},"south":{"uv":[0,0,1,1],"texture":"#2"},"west":{"uv":[0,0,4,1],"texture":"#2"},"up":{"uv":[0,0,1,4],"texture":"#2"},"down":{"uv":[0,0,1,4],"texture":"#2"}}},{"from":[7.44,-2.92,5.86],"to":[8.96,-0.6,7.78],"rotation":{"angle":0,"axis":"y","origin":[9.6,-7.88,8.64]},"faces":{"north":{"uv":[0,0,6,1],"texture":"#2"},"east":{"uv":[0,0,6,1],"texture":"#2"},"south":{"uv":[0,0,6,1],"texture":"#2"},"west":{"uv":[0,0,6,1],"texture":"#2"},"up":{"uv":[0,0,6,6],"texture":"#2"},"down":{"uv":[0,0,6,6],"texture":"#2"}}},{"from":[7.04,-2.92,5.86],"to":[7.44,-0.72,7.78],"rotation":{"angle":0,"axis":"y","origin":[9.2,-7.88,8.64]},"faces":{"north":{"uv":[0,0,6,1],"texture":"#2"},"east":{"uv":[0,0,6,1],"texture":"#2"},"south":{"uv":[0,0,6,1],"texture":"#2"},"west":{"uv":[0,0,6,1],"texture":"#2"},"up":{"uv":[0,0,6,6],"texture":"#2"},"down":{"uv":[0,0,6,6],"texture":"#2"}}},{"from":[7.36,-2.92,5.54],"to":[8.64,-1,5.86],"rotation":{"angle":0,"axis":"y","origin":[9.28,-7.88,8]},"faces":{"north":{"uv":[0,0,4,1],"texture":"#2"},"east":{"uv":[0,0,1,1],"texture":"#2"},"south":{"uv":[0,0,4,1],"texture":"#2"},"west":{"uv":[0,0,1,1],"texture":"#2"},"up":{"uv":[0,0,4,1],"texture":"#2"},"down":{"uv":[0,0,4,1],"texture":"#2"}}},{"from":[9.08,-3.96,6.08],"to":[9.44,-2.76,7.52],"rotation":{"angle":0,"axis":"y","origin":[10.32,-1.56,8.6]},"faces":{"north":{"uv":[0,0,1,1],"texture":"#2"},"east":{"uv":[0,0,4,1],"texture":"#2"},"south":{"uv":[0,0,1,1],"texture":"#2"},"west":{"uv":[0,0,4,1],"texture":"#2"},"up":{"uv":[0,0,1,4],"texture":"#2"},"down":{"uv":[0,0,1,4],"texture":"#2"}}},{"from":[9.08,-5.56,6.28],"to":[9.4,-3.96,7.32],"rotation":{"angle":0,"axis":"y","origin":[10.32,-2.76,8.6]},"faces":{"north":{"uv":[0,0,1,1],"texture":"#0"},"east":{"uv":[0,0,4,1],"texture":"#0"},"south":{"uv":[0,0,1,1],"texture":"#0"},"west":{"uv":[0,0,4,1],"texture":"#0"},"up":{"uv":[0,0,1,4],"texture":"#0"},"down":{"uv":[0,0,1,4],"texture":"#0"}}},{"from":[9.48,-5.16,4.28],"to":[9.8,-4.36,4.92],"rotation":{"angle":45,"axis":"y","origin":[10.72,-2.76,6.2]},"faces":{"north":{"uv":[0,0,1,1],"texture":"#4"},"east":{"uv":[0,0,4,1],"texture":"#4"},"south":{"uv":[0,0,1,1],"texture":"#4"},"west":{"uv":[0,0,4,1],"texture":"#4"},"up":{"uv":[0,0,1,4],"texture":"#4"},"down":{"uv":[0,0,1,4],"texture":"#4"}}},{"from":[7.28,-3.56,5.36],"to":[8.72,-2.76,5.72],"rotation":{"angle":0,"axis":"y","origin":[9.6,-1.16,7.88]},"faces":{"north":{"uv":[0,0,4,1],"texture":"#2"},"east":{"uv":[0,0,1,1],"texture":"#2"},"south":{"uv":[0,0,4,1],"texture":"#2"},"west":{"uv":[0,0,1,1],"texture":"#2"},"up":{"uv":[0,0,4,1],"texture":"#2"},"down":{"uv":[0,0,4,1],"texture":"#2"}}},{"from":[7.28,-3.56,7.88],"to":[8.72,-2.76,8.24],"rotation":{"angle":0,"axis":"y","origin":[9.6,-1.56,10.4]},"faces":{"north":{"uv":[0,0,4,1],"texture":"#2"},"east":{"uv":[0,0,1,1],"texture":"#2"},"south":{"uv":[0,0,4,1],"texture":"#2"},"west":{"uv":[0,0,1,1],"texture":"#2"},"up":{"uv":[0,0,4,1],"texture":"#2"},"down":{"uv":[0,0,4,1],"texture":"#2"}}},{"from":[7.32,-3.76,5.72],"to":[9.08,-2.76,7.88],"rotation":{"angle":0,"axis":"y","origin":[9.96,-1.56,8.6]},"faces":{"north":{"uv":[0,0,6,1],"texture":"#2"},"east":{"uv":[0,0,6,1],"texture":"#2"},"south":{"uv":[0,0,6,1],"texture":"#2"},"west":{"uv":[0,0,6,1],"texture":"#2"},"up":{"uv":[0,0,6,6],"texture":"#2"},"down":{"uv":[0,0,6,6],"texture":"#2"}}},{"from":[6.56,-3.56,6.08],"to":[6.92,-2.76,7.52],"rotation":{"angle":0,"axis":"y","origin":[7.8,-1.56,8.6]},"faces":{"north":{"uv":[0,0,1,1],"texture":"#2"},"east":{"uv":[0,0,4,1],"texture":"#2"},"south":{"uv":[0,0,1,1],"texture":"#2"},"west":{"uv":[0,0,4,1],"texture":"#2"},"up":{"uv":[0,0,1,4],"texture":"#2"},"down":{"uv":[0,0,1,4],"texture":"#2"}}},{"from":[6.92,-3.56,5.72],"to":[7.48,-2.76,6.28],"rotation":{"angle":0,"axis":"y","origin":[9.96,-1.56,8.6]},"faces":{"north":{"uv":[0,0,6,1],"texture":"#2"},"east":{"uv":[0,0,6,1],"texture":"#2"},"south":{"uv":[0,0,6,1],"texture":"#2"},"west":{"uv":[0,0,6,1],"texture":"#2"},"up":{"uv":[0,0,6,6],"texture":"#2"},"down":{"uv":[0,0,6,6],"texture":"#2"}}},{"from":[6.92,-3.56,7.32],"to":[7.48,-2.76,7.88],"rotation":{"angle":0,"axis":"y","origin":[9.96,-1.56,10.2]},"faces":{"north":{"uv":[0,0,6,1],"texture":"#2"},"east":{"uv":[0,0,6,1],"texture":"#2"},"south":{"uv":[0,0,6,1],"texture":"#2"},"west":{"uv":[0,0,6,1],"texture":"#2"},"up":{"uv":[0,0,6,6],"texture":"#2"},"down":{"uv":[0,0,6,6],"texture":"#2"}}},{"from":[8.96,-2.84,6.96],"to":[9.28,-1.72,7.44],"rotation":{"angle":0,"axis":"y","origin":[9.92,-4.68,8.64]},"faces":{"north":{"uv":[0,0,1,1],"texture":"#0"},"east":{"uv":[0,0,4,1],"texture":"#0"},"south":{"uv":[0,0,1,1],"texture":"#0"},"west":{"uv":[0,0,4,1],"texture":"#0"},"up":{"uv":[0,0,1,4],"texture":"#0"},"down":{"uv":[0,0,1,4],"texture":"#0"}}},{"from":[8.96,-2.84,6.16],"to":[9.28,-1.72,6.64],"rotation":{"angle":0,"axis":"y","origin":[9.92,-4.68,7.84]},"faces":{"north":{"uv":[0,0,1,1],"texture":"#0"},"east":{"uv":[0,0,4,1],"texture":"#0"},"south":{"uv":[0,0,1,1],"texture":"#0"},"west":{"uv":[0,0,4,1],"texture":"#0"},"up":{"uv":[0,0,1,4],"texture":"#0"},"down":{"uv":[0,0,1,4],"texture":"#0"}}},{"from":[8.96,-1.84,6.56],"to":[9.28,-1.72,7.04],"rotation":{"angle":0,"axis":"y","origin":[9.92,-4.68,8.24]},"faces":{"north":{"uv":[0,0,1,1],"texture":"#0"},"east":{"uv":[0,0,4,1],"texture":"#0"},"south":{"uv":[0,0,1,1],"texture":"#0"},"west":{"uv":[0,0,4,1],"texture":"#0"},"up":{"uv":[0,0,1,4],"texture":"#0"},"down":{"uv":[0,0,1,4],"texture":"#0"}}},{"from":[8.96,-2.76,6.56],"to":[9.28,-2.64,7.04],"rotation":{"angle":0,"axis":"y","origin":[9.92,-5.48,8.24]},"faces":{"north":{"uv":[0,0,1,1],"texture":"#0"},"east":{"uv":[0,0,4,1],"texture":"#0"},"south":{"uv":[0,0,1,1],"texture":"#0"},"west":{"uv":[0,0,4,1],"texture":"#0"},"up":{"uv":[0,0,1,4],"texture":"#0"},"down":{"uv":[0,0,1,4],"texture":"#0"}}},{"from":[8.96,-2.76,6.56],"to":[9.16,-1.84,7.04],"rotation":{"angle":0,"axis":"y","origin":[9.92,-5.08,8.24]},"faces":{"north":{"uv":[0,0,1,1],"texture":"#0"},"east":{"uv":[0,0,4,1],"texture":"#0"},"south":{"uv":[0,0,1,1],"texture":"#0"},"west":{"uv":[0,0,4,1],"texture":"#0"},"up":{"uv":[0,0,1,4],"texture":"#0"},"down":{"uv":[0,0,1,4],"texture":"#0"}}},{"from":[7.4,18,6.2],"to":[8.6,30,7.4],"rotation":{"angle":0,"axis":"y","origin":[10.4,2.2,10.4]},"faces":{"north":{"uv":[6,3,10,12],"texture":"#3","tintindex":0},"east":{"uv":[6,3,10,12],"texture":"#3","tintindex":0},"south":{"uv":[6,3,10,12],"texture":"#3","tintindex":0},"west":{"uv":[6,3,10,12],"texture":"#3","tintindex":0},"up":{"uv":[6,3,10,12],"texture":"#3","tintindex":0},"down":{"uv":[6,3,10,12],"texture":"#3","tintindex":0}}},{"from":[7.2,-1,6],"to":[8.8,8,7.6],"rotation":{"angle":0,"axis":"y","origin":[10.4,2.2,10.4]},"faces":{"north":{"uv":[6,3,10,12],"texture":"#3","tintindex":0},"east":{"uv":[6,3,10,12],"texture":"#3","tintindex":0},"south":{"uv":[6,3,10,12],"texture":"#3","tintindex":0},"west":{"uv":[6,3,10,12],"texture":"#3","tintindex":0},"up":{"uv":[6,3,10,12],"texture":"#3","tintindex":0},"down":{"uv":[6,3,10,12],"texture":"#3","tintindex":0}}},{"from":[7.3,8,6.1],"to":[8.7,18,7.5],"rotation":{"angle":0,"axis":"y","origin":[10.4,11.2,10.4]},"faces":{"north":{"uv":[6,3,10,12],"texture":"#3","tintindex":0},"east":{"uv":[6,3,10,12],"texture":"#3","tintindex":0},"south":{"uv":[6,3,10,12],"texture":"#3","tintindex":0},"west":{"uv":[6,3,10,12],"texture":"#3","tintindex":0},"up":{"uv":[6,3,10,12],"texture":"#3","tintindex":0},"down":{"uv":[6,3,10,12],"texture":"#3","tintindex":0}}}],"display":{"thirdperson_righthand":{"rotation":[13.75,0,0],"translation":[0,8.75,4],"scale":[0.7,0.7,0.7]},"thirdperson_lefthand":{"rotation":[13.75,0,0],"translation":[0,8.75,4.25],"scale":[0.7,0.7,0.7]},"firstperson_righthand":{"rotation":[-20,0,0],"translation":[2.5,4.5,0],"scale":[0.55,0.55,0.55]},"firstperson_lefthand":{"rotation":[-20,0,0],"translation":[3.75,5,0],"scale":[0.55,0.55,0.55]},"ground":{"rotation":[62,0,0],"scale":[0.7,0.7,0.7]},"gui":{"rotation":[1,-143,32],"translation":[0,-0.5,0],"scale":[0.4,0.4,0.4]}}}