{"credit":"Made with Vega_Senpai","texture_size":[32,32],"textures":{"0":"item/allay_spawn_egg"},"elements":[{"from":[5.5,5,5],"to":[10.5,10,10],"rotation":{"angle":0,"axis":"x","origin":[-0.5,-5,5]},"faces":{"north":{"uv":[2.5,2.5,5,5],"texture":"#0"},"east":{"uv":[0,2.5,2.5,5],"texture":"#0"},"south":{"uv":[7.5,2.5,10,5],"texture":"#0"},"west":{"uv":[5,2.5,7.5,5],"texture":"#0"},"up":{"uv":[2.5,0,5,2.5],"texture":"#0"},"down":{"uv":[5,0,7.5,2.5],"texture":"#0"}}},{"from":[6.5,1,6.5],"to":[9.5,5,8.5],"rotation":{"angle":0,"axis":"x","origin":[-0.5,-5,5]},"faces":{"north":{"uv":[1,6,2.5,8],"texture":"#0"},"east":{"uv":[0,6,1,8],"texture":"#0"},"south":{"uv":[3.5,6,5,8],"texture":"#0"},"west":{"uv":[2.5,6,3.5,8],"texture":"#0"},"up":{"uv":[2.5,6,1,5],"texture":"#0"},"down":{"uv":[4,5,2.5,6],"texture":"#0"}}},{"from":[6.8,0,6.8],"to":[9.3,4.5,8.3],"rotation":{"angle":0,"axis":"x","origin":[-0.5,-5,5]},"faces":{"north":{"uv":[1,9,2.5,11.5],"texture":"#0"},"east":{"uv":[0,9,1,11.5],"texture":"#0"},"south":{"uv":[3.5,9,5,11.5],"texture":"#0"},"west":{"uv":[2.5,9,3.5,11.5],"texture":"#0"},"up":{"uv":[2.5,9,1,8],"texture":"#0"},"down":{"uv":[4,8,2.5,9],"texture":"#0"}}},{"from":[12.4,-3.65,6.5],"to":[13.4,0.35,8.5],"rotation":{"angle":22.5,"axis":"z","origin":[-0.5,-5,5]},"faces":{"north":{"uv":[12.5,1,13,3],"texture":"#0"},"east":{"uv":[11.5,1,12.5,3],"texture":"#0"},"south":{"uv":[14,1,14.5,3],"texture":"#0"},"west":{"uv":[13,1,14,3],"texture":"#0"},"up":{"uv":[13,1,12.5,0],"texture":"#0"},"down":{"uv":[13.5,0,13,1],"texture":"#0"}}},{"from":[1.3,2.85,6.5],"to":[2.3,6.85,8.5],"rotation":{"angle":-22.5,"axis":"z","origin":[-0.5,-5,5]},"faces":{"north":{"uv":[12.5,4,13,6],"texture":"#0"},"east":{"uv":[11.5,4,12.5,6],"texture":"#0"},"south":{"uv":[14,4,14.5,6],"texture":"#0"},"west":{"uv":[13,4,14,6],"texture":"#0"},"up":{"uv":[13,4,12.5,3],"texture":"#0"},"down":{"uv":[13.5,3,13,4],"texture":"#0"}}},{"from":[-2.7,0,10.9],"to":[5.3,5,10.9],"rotation":{"angle":22.5,"axis":"y","origin":[0.5,-5.7,4.3]},"faces":{"north":{"uv":[12,11,16,13.5],"texture":"#0"},"east":{"uv":[8,11,8,13.5],"texture":"#0"},"south":{"uv":[16,11,12,13.5],"texture":"#0"},"west":{"uv":[12,11,12,13.5],"texture":"#0"},"up":{"uv":[12,11,8,11],"texture":"#0"},"down":{"uv":[16,11,12,11],"texture":"#0"}}},{"from":[9.5,0,5.1],"to":[17.5,5,5.1],"rotation":{"angle":-22.5,"axis":"y","origin":[0.5,-5.7,4.3]},"faces":{"north":{"uv":[8,11,12,13.5],"texture":"#0"},"east":{"uv":[8,11,8,13.5],"texture":"#0"},"south":{"uv":[12,11,8,13.5],"texture":"#0"},"west":{"uv":[12,11,12,13.5],"texture":"#0"},"up":{"uv":[12,11,8,11],"texture":"#0"},"down":{"uv":[16,11,12,11],"texture":"#0"}}}],"display":{"thirdperson_righthand":{"rotation":[50,50,0],"translation":[0,1.75,1.75],"scale":[0.3,0.3,0.3]},"thirdperson_lefthand":{"rotation":[50,50,0],"translation":[0,1.75,1.75],"scale":[0.3,0.3,0.3]},"firstperson_righthand":{"rotation":[10,115,-10],"translation":[2.25,4.75,0],"scale":[0.5,0.5,0.5]},"firstperson_lefthand":{"rotation":[10,115,-10],"translation":[2.25,4.75,0],"scale":[0.5,0.5,0.5]},"ground":{"translation":[0,2,0],"scale":[0.35,0.35,0.35]},"gui":{"rotation":[25,135,0],"translation":[-1.25,3,0]},"head":{"translation":[0,12.5,0],"scale":[0.35,0.35,0.35]},"fixed":{"rotation":[-90,0,0],"translation":[0,0,-15]}}}