{"credit":"Made by Vega_Senpai","ambientocclusion":false,"texture_size":[32,32],"textures":{"0":"item/bat_spawn_egg"},"elements":[{"from":[6,9.25,7.75],"to":[10,12.25,9.75],"rotation":{"angle":45,"axis":"x","origin":[8,10.5,6]},"faces":{"north":{"uv":[1,4.5,3,6],"texture":"#0"},"east":{"uv":[0,4.5,1,6],"texture":"#0"},"south":{"uv":[4,4.5,6,6],"texture":"#0"},"west":{"uv":[3,4.5,4,6],"texture":"#0"},"up":{"uv":[3,4.5,1,3.5],"texture":"#0"},"down":{"uv":[5,3.5,3,4.5],"texture":"#0"}}},{"from":[6.5,0,5],"to":[9.5,5,7],"rotation":{"angle":0,"axis":"x","origin":[0,0,0],"rescale":true},"faces":{"north":{"uv":[1,1,2.5,3.5],"texture":"#0"},"east":{"uv":[0,1,1,3.5],"texture":"#0"},"south":{"uv":[3.5,1,5,3.5],"texture":"#0"},"west":{"uv":[2.5,1,3.5,3.5],"texture":"#0"},"up":{"uv":[2.5,1,1,0],"texture":"#0"},"down":{"uv":[4,0,2.5,1],"texture":"#0"}}},{"from":[4,12.15,1.35],"to":[7,17.15,1.351],"rotation":{"angle":45,"axis":"x","origin":[8,2.5,0]},"faces":{"north":{"uv":[4,7.5,5.5,10],"texture":"#0"},"east":{"uv":[4,7.5,4,10],"texture":"#0"},"south":{"uv":[5.5,7.5,7,10],"texture":"#0"},"west":{"uv":[5.5,7.5,5.5,10],"texture":"#0"},"up":{"uv":[5.5,7.5,4,7.5],"texture":"#0"},"down":{"uv":[7,7.5,5.5,7.5],"texture":"#0"}}},{"from":[9,12.15,1.35],"to":[12,17.15,1.351],"rotation":{"angle":45,"axis":"x","origin":[8,2.5,0]},"faces":{"north":{"uv":[0.5,7.5,2,10],"texture":"#0"},"east":{"uv":[0.5,7.5,0.5,10],"texture":"#0"},"south":{"uv":[2,7.5,3.5,10],"texture":"#0"},"west":{"uv":[2,7.5,2,10],"texture":"#0"},"up":{"uv":[2,7.5,0.5,7.5],"texture":"#0"},"down":{"uv":[3.5,7.5,2,7.5],"texture":"#0"}}},{"from":[6.5,-2,8.5],"to":[9.5,0,8.501],"faces":{"north":{"uv":[8,8,9.5,9],"texture":"#0"},"east":{"uv":[8,8,8,9],"texture":"#0"},"south":{"uv":[9.5,8,11,9],"texture":"#0"},"west":{"uv":[9.5,8,9.5,9],"texture":"#0"},"up":{"uv":[9.5,8,8,8],"texture":"#0"},"down":{"uv":[11,8,9.5,8],"texture":"#0"}}},{"from":[-0.68585,2.071,8.75136],"to":[5.31415,10.071,8.75236],"rotation":{"angle":-22.5,"axis":"y","origin":[2.31415,6.071,8.75136]},"faces":{"north":{"uv":[8,4,11,8],"texture":"#0"},"east":{"uv":[8,4,8,8],"texture":"#0"},"south":{"uv":[11,4,14,8],"texture":"#0"},"west":{"uv":[11,4,11,8],"texture":"#0"},"up":{"uv":[11,4,8,4],"texture":"#0"},"down":{"uv":[14,4,11,4],"texture":"#0"}}},{"from":[10.68585,2.071,8.75136],"to":[16.68585,10.071,8.75236],"rotation":{"angle":22.5,"axis":"y","origin":[13.68585,6.071,8.75136]},"faces":{"north":{"uv":[8,0,11,4],"texture":"#0"},"east":{"uv":[8,0,8,4],"texture":"#0"},"south":{"uv":[11,0,14,4],"texture":"#0"},"west":{"uv":[11,0,11,4],"texture":"#0"},"up":{"uv":[11,0,8,0],"texture":"#0"},"down":{"uv":[14,0,11,0],"texture":"#0"}}},{"from":[4.79289,2.071,9.19231],"to":[6.79289,7.071,9.19331],"rotation":{"angle":45,"axis":"y","origin":[5.79289,4.571,9.19231]},"faces":{"north":{"uv":[6,4.5,7,7],"texture":"#0"},"east":{"uv":[6,4.5,6,7],"texture":"#0"},"south":{"uv":[7,4.5,8,7],"texture":"#0"},"west":{"uv":[7,4.5,7,7],"texture":"#0"},"up":{"uv":[7,4.5,6,4.5],"texture":"#0"},"down":{"uv":[8,4.5,7,4.5],"texture":"#0"}}},{"from":[9.20711,2.071,9.19231],"to":[11.20711,7.071,9.19331],"rotation":{"angle":-45,"axis":"y","origin":[10.20711,4.571,9.19231]},"faces":{"north":{"uv":[6,1,7,3.5],"texture":"#0"},"east":{"uv":[6,1,6,3.5],"texture":"#0"},"south":{"uv":[7,1,8,3.5],"texture":"#0"},"west":{"uv":[7,1,7,3.5],"texture":"#0"},"up":{"uv":[7,1,6,1],"texture":"#0"},"down":{"uv":[8,1,7,1],"texture":"#0"}}}],"display":{"thirdperson_righthand":{"rotation":[0,50,0],"translation":[-1.25,2,0],"scale":[0.3,0.3,0.3]},"thirdperson_lefthand":{"rotation":[0,50,0],"translation":[-1.25,2,0],"scale":[0.3,0.3,0.3]},"firstperson_righthand":{"rotation":[70,150,-70],"translation":[1.25,3,0.5],"scale":[0.5,0.5,0.5]},"firstperson_lefthand":{"rotation":[70,150,-70],"translation":[1.25,3,0.5],"scale":[0.5,0.5,0.5]},"ground":{"rotation":[-60,0,0],"translation":[0,1.5,-1.5],"scale":[0.3,0.3,0.3]},"gui":{"rotation":[-110,20,150],"translation":[-1,0,0]},"head":{"rotation":[-50,0,0],"translation":[0,13,-1],"scale":[0.5,0.5,0.5]},"fixed":{"rotation":[-145,0,0],"translation":[0,-3,-12]}}}