{"credit":"Made with Vega_Senpai","texture_size":[128,128],"textures":{"0":"item/camel_spawn_egg"},"elements":[{"from":[0.5,-14,1],"to":[5.5,7,6],"rotation":{"angle":0,"axis":"y","origin":[0.5,2,-2]},"faces":{"north":{"uv":[0.625,0.625,1.25,3.25],"texture":"#0"},"east":{"uv":[0,0.625,0.625,3.25],"texture":"#0"},"south":{"uv":[1.875,0.625,2.5,3.25],"texture":"#0"},"west":{"uv":[1.25,0.625,1.875,3.25],"texture":"#0"},"up":{"uv":[1.25,0.625,0.625,0],"texture":"#0"},"down":{"uv":[1.875,0,1.25,0.625],"texture":"#0"}}},{"from":[0.5,-14,22],"to":[5.5,7,27],"rotation":{"angle":0,"axis":"y","origin":[0.5,2,-2]},"faces":{"north":{"uv":[7.875,2.625,8.5,5.25],"texture":"#0"},"east":{"uv":[7.25,2.625,7.875,5.25],"texture":"#0"},"south":{"uv":[9.125,2.625,9.75,5.25],"texture":"#0"},"west":{"uv":[8.5,2.625,9.125,5.25],"texture":"#0"},"up":{"uv":[8.5,2.625,7.875,2],"texture":"#0"},"down":{"uv":[9.125,2,8.5,2.625],"texture":"#0"}}},{"from":[10.5,-14,22],"to":[15.5,7,27],"rotation":{"angle":0,"axis":"y","origin":[0.5,2,-2]},"faces":{"north":{"uv":[12.375,2.625,13,5.25],"texture":"#0"},"east":{"uv":[11.75,2.625,12.375,5.25],"texture":"#0"},"south":{"uv":[13.625,2.625,14.25,5.25],"texture":"#0"},"west":{"uv":[13,2.625,13.625,5.25],"texture":"#0"},"up":{"uv":[13,2.625,12.375,2],"texture":"#0"},"down":{"uv":[13.625,2,13,2.625],"texture":"#0"}}},{"from":[10.5,-14,1],"to":[15.5,7,6],"rotation":{"angle":0,"axis":"y","origin":[0.5,2,-2]},"faces":{"north":{"uv":[0.625,3.875,1.25,6.5],"texture":"#0"},"east":{"uv":[0,3.875,0.625,6.5],"texture":"#0"},"south":{"uv":[1.875,3.875,2.5,6.5],"texture":"#0"},"west":{"uv":[1.25,3.875,1.875,6.5],"texture":"#0"},"up":{"uv":[1.25,3.875,0.625,3.25],"texture":"#0"},"down":{"uv":[1.875,3.25,1.25,3.875],"texture":"#0"}}},{"from":[0.5,7,1],"to":[15.5,19,28],"rotation":{"angle":0,"axis":"y","origin":[0.5,2,-2]},"faces":{"north":{"uv":[3.375,6.5,5.25,8],"texture":"#0"},"east":{"uv":[0,6.5,3.375,8],"texture":"#0"},"south":{"uv":[8.625,6.5,10.5,8],"texture":"#0"},"west":{"uv":[5.25,6.5,8.625,8],"texture":"#0"},"up":{"uv":[5.25,6.5,3.375,3.125],"texture":"#0"},"down":{"uv":[7.125,3.125,5.25,6.5],"texture":"#0"}}},{"from":[4.5,9,-10],"to":[11.5,17,9],"rotation":{"angle":0,"axis":"y","origin":[0.5,2,0]},"faces":{"north":{"uv":[9.875,5.375,10.75,6.375],"texture":"#0"},"east":{"uv":[7.5,5.375,9.875,6.375],"texture":"#0"},"south":{"uv":[13.125,5.375,14,6.375],"texture":"#0"},"west":{"uv":[10.75,5.375,13.125,6.375],"texture":"#0"},"up":{"uv":[10.75,5.375,9.875,3],"texture":"#0"},"down":{"uv":[11.625,3,10.75,5.375],"texture":"#0"}}},{"from":[4.5,17,-10],"to":[11.5,31,-3],"rotation":{"angle":0,"axis":"y","origin":[0.5,2,0]},"faces":{"north":{"uv":[3.5,0.875,4.375,2.625],"texture":"#0"},"east":{"uv":[2.625,0.875,3.5,2.625],"texture":"#0"},"south":{"uv":[5.25,0.875,6.125,2.625],"texture":"#0"},"west":{"uv":[4.375,0.875,5.25,2.625],"texture":"#0"},"up":{"uv":[4.375,0.875,3.5,0],"texture":"#0"},"down":{"uv":[5.25,0,4.375,0.875],"texture":"#0"}}},{"from":[5.5,26,-16],"to":[10.5,31,-10],"rotation":{"angle":0,"axis":"y","origin":[0.5,2,0]},"faces":{"north":{"uv":[7,0.75,7.625,1.375],"texture":"#0"},"east":{"uv":[6.25,0.75,7,1.375],"texture":"#0"},"south":{"uv":[8.375,0.75,9,1.375],"texture":"#0"},"west":{"uv":[7.625,0.75,8.375,1.375],"texture":"#0"},"up":{"uv":[7.625,0.75,7,0],"texture":"#0"},"down":{"uv":[8.25,0,7.625,0.75],"texture":"#0"}}},{"from":[3.5,19,9],"to":[12.5,24,20],"rotation":{"angle":0,"axis":"y","origin":[0.5,2,-2]},"faces":{"north":{"uv":[10.625,1.375,11.75,2],"texture":"#0"},"east":{"uv":[9.25,1.375,10.625,2],"texture":"#0"},"south":{"uv":[13.125,1.375,14.25,2],"texture":"#0"},"west":{"uv":[11.75,1.375,13.125,2],"texture":"#0"},"up":{"uv":[11.75,1.375,10.625,0],"texture":"#0"},"down":{"uv":[12.875,0,11.75,1.375],"texture":"#0"}}},{"from":[1.9,30.5,-5.5],"to":[4.9,31.5,-3.5],"rotation":{"angle":-45,"axis":"z","origin":[3.24264,30.5,-5]},"faces":{"north":{"uv":[5.875,0.25,6.25,0.375],"texture":"#0"},"east":{"uv":[5.625,0.25,5.875,0.375],"texture":"#0"},"south":{"uv":[6.5,0.25,6.875,0.375],"texture":"#0"},"west":{"uv":[6.25,0.25,6.5,0.375],"texture":"#0"},"up":{"uv":[6.25,0.25,5.875,0],"texture":"#0"},"down":{"uv":[6.625,0,6.25,0.25],"texture":"#0"}}},{"from":[10.8733,30.31299,-5.5],"to":[13.8733,31.31299,-3.5],"rotation":{"angle":45,"axis":"z","origin":[12.3733,30.81299,-4.5]},"faces":{"north":{"uv":[8.625,0.25,9,0.375],"texture":"#0"},"east":{"uv":[8.375,0.25,8.625,0.375],"texture":"#0"},"south":{"uv":[9.25,0.25,9.625,0.375],"texture":"#0"},"west":{"uv":[9,0.25,9.25,0.375],"texture":"#0"},"up":{"uv":[9,0.25,8.625,0],"texture":"#0"},"down":{"uv":[9.375,0,9,0.25],"texture":"#0"}}},{"from":[6.5,2.4904,29.699],"to":[9.5,16.4904,29.7],"rotation":{"angle":-22.5,"axis":"x","origin":[8,11.88041,29.9995]},"faces":{"north":{"uv":[15.25,0,15.625,1.75],"texture":"#0"},"east":{"uv":[15.25,0,15.25,1.75],"texture":"#0"},"south":{"uv":[15.625,0,15.25,1.75],"texture":"#0"},"west":{"uv":[15.625,0,15.625,1.75],"texture":"#0"},"up":{"uv":[15.625,0,15.25,0],"texture":"#0"},"down":{"uv":[16,0,15.625,0],"texture":"#0"}}}],"display":{"thirdperson_righthand":{"rotation":[50,50,0],"translation":[-3.25,3.75,-2.5],"scale":[0.3,0.3,0.3]},"thirdperson_lefthand":{"rotation":[50,50,0],"translation":[-3.25,3.75,-2.5],"scale":[0.3,0.3,0.3]},"firstperson_righthand":{"rotation":[10,115,-10],"translation":[0.75,1.75,0],"scale":[0.3,0.3,0.3]},"firstperson_lefthand":{"rotation":[10,115,-10],"translation":[0.75,1.75,0],"scale":[0.3,0.3,0.3]},"ground":{"translation":[0,6.5,-1.75],"scale":[0.3,0.3,0.3]},"gui":{"rotation":[20,135,0],"translation":[-0.5,0.5,0],"scale":[0.35,0.35,0.35]},"head":{"translation":[0,17.4,-3],"scale":[0.5,0.5,0.5]},"fixed":{"rotation":[-90,0,0],"translation":[0,-6,-23]}}}