{"credit":"Made by Vega_Senpai","textures":{"0":"item/chicken_spawn_egg"},"elements":[{"name":"head","from":[6,9,4],"to":[10,15,7],"shade":false,"rotation":{"angle":0,"axis":"y","origin":[16,8,18]},"faces":{"north":{"uv":[0.75,1.5,1.75,4.5],"texture":"#0"},"east":{"uv":[0,1.5,0.75,4.5],"texture":"#0"},"south":{"uv":[2.5,1.5,3.5,4.5],"texture":"#0"},"west":{"uv":[1.75,2,2.5,5],"texture":"#0"},"up":{"uv":[1.75,0,0.75,1.5],"texture":"#0"},"down":{"uv":[1.75,0,2.75,1.5],"texture":"#0"}}},{"name":"beak","from":[6,11,2],"to":[10,13,4],"shade":false,"rotation":{"angle":0,"axis":"y","origin":[16,8,18]},"faces":{"north":{"uv":[4,1,5,2],"texture":"#0"},"east":{"uv":[3.5,1,4,2],"texture":"#0"},"south":{"uv":[5.5,1,6.5,2],"texture":"#0"},"west":{"uv":[5,1,5.5,2],"texture":"#0"},"up":{"uv":[5,1,4,0],"texture":"#0"},"down":{"uv":[5,0,6,1],"texture":"#0"}}},{"name":"comb","from":[7,8.99,3],"to":[9,10.99,5],"shade":false,"rotation":{"angle":0,"axis":"y","origin":[16,8.01,18]},"faces":{"north":{"uv":[4.25,2.5,4.75,3.5],"texture":"#0"},"east":{"uv":[4.25,2.5,4.75,3.5],"texture":"#0"},"south":{"uv":[0,0,0.25,0.5],"texture":"#0"},"west":{"uv":[4.25,3,4.75,4],"texture":"#0"},"up":{"uv":[0,0,0.25,0.5],"texture":"#0"},"down":{"uv":[4.25,3,4.75,4],"texture":"#0"}}},{"name":"body","from":[5,5,6],"to":[11,11,14],"shade":false,"rotation":{"angle":0,"axis":"x","origin":[16,16,10]},"faces":{"north":{"uv":[3,7.5,1.5,4.5],"rotation":180,"texture":"#0"},"east":{"uv":[0,7.5,1.5,11.5],"rotation":90,"texture":"#0"},"south":{"uv":[3,4.5,4.5,7.5],"texture":"#0"},"west":{"uv":[3,7.5,4.5,11.5],"rotation":270,"texture":"#0"},"up":{"uv":[4.5,7.5,6,11.5],"texture":"#0"},"down":{"uv":[1.5,7.5,3,11.5],"rotation":180,"texture":"#0"}}},{"name":"wing1","from":[11,7,7],"to":[12,11,13],"shade":false,"rotation":{"angle":0,"axis":"y","origin":[23,8,18]},"faces":{"north":{"uv":[7.5,9.5,7.75,11.5],"texture":"#0"},"east":{"uv":[6,9.5,7.5,11.5],"texture":"#0"},"south":{"uv":[9.25,9.5,9.5,11.5],"texture":"#0"},"west":{"uv":[7.75,9.5,9.25,11.5],"texture":"#0"},"up":{"uv":[7.75,9.5,7.5,6.5],"texture":"#0"},"down":{"uv":[7.75,6.5,8,9.5],"texture":"#0"}}},{"name":"leg0","from":[5,0,11],"to":[8,5,11.01],"shade":false,"rotation":{"angle":0,"axis":"y","origin":[16,8,18]},"faces":{"north":{"uv":[8.75,1.5,9.5,4],"texture":"#0"},"east":{"uv":[0,0,0.25,0.5],"texture":"#0"},"south":{"uv":[8.75,1.5,9.5,4],"texture":"#0"},"west":{"uv":[0,0,0.25,0.5],"texture":"#0"},"up":{"uv":[0,0,0.25,0.5],"texture":"#0"},"down":{"uv":[0,0,0.25,0.5],"texture":"#0"}}},{"name":"leg1","from":[8,0,11],"to":[11,5,11.01],"shade":false,"rotation":{"angle":0,"axis":"y","origin":[19,8,18]},"faces":{"north":{"uv":[8.75,1.5,9.5,4],"texture":"#0"},"east":{"uv":[0,0,0.25,0.5],"texture":"#0"},"south":{"uv":[8.75,1.5,9.5,4],"texture":"#0"},"west":{"uv":[0,0,0.25,0.5],"texture":"#0"},"up":{"uv":[0,0,0.25,0.5],"texture":"#0"},"down":{"uv":[0,0,0.25,0.5],"texture":"#0"}}},{"name":"leg1","from":[5,0,8],"to":[8,0.01,11],"shade":false,"rotation":{"angle":0,"axis":"y","origin":[13,8,18]},"faces":{"north":{"uv":[0,0,0.25,0.5],"texture":"#0"},"east":{"uv":[0,0,0.25,0.5],"texture":"#0"},"south":{"uv":[0,0,0.25,0.5],"texture":"#0"},"west":{"uv":[0,0,0.25,0.5],"texture":"#0"},"up":{"uv":[8,0,8.75,1.5],"rotation":180,"texture":"#0"},"down":{"uv":[8,0,8.75,1.5],"texture":"#0"}}},{"name":"leg2","from":[8,0,8],"to":[11,0.01,11],"shade":false,"rotation":{"angle":0,"axis":"y","origin":[16,8,18]},"faces":{"north":{"uv":[0,0,0.25,0.5],"texture":"#0"},"east":{"uv":[0,0,0.25,0.5],"texture":"#0"},"south":{"uv":[0,0,0.25,0.5],"texture":"#0"},"west":{"uv":[0,0,0.25,0.5],"texture":"#0"},"up":{"uv":[8,0,8.75,1.5],"rotation":180,"texture":"#0"},"down":{"uv":[8,0,8.75,1.5],"texture":"#0"}}},{"name":"wing0","from":[4,7,7],"to":[5,11,13],"shade":false,"rotation":{"angle":0,"axis":"y","origin":[16,8,18]},"faces":{"north":{"uv":[7.5,9.5,7.75,11.5],"texture":"#0"},"east":{"uv":[6,9.5,7.5,11.5],"texture":"#0"},"south":{"uv":[9.25,9.5,9.5,11.5],"texture":"#0"},"west":{"uv":[7.75,9.5,9.25,11.5],"texture":"#0"},"up":{"uv":[7.75,9.5,7.5,6.5],"texture":"#0"},"down":{"uv":[7.75,6.5,8,9.5],"texture":"#0"}}}],"display":{"thirdperson_righthand":{"rotation":[50,50,0],"translation":[0,1,0],"scale":[0.3,0.3,0.3]},"thirdperson_lefthand":{"rotation":[50,50,0],"translation":[0,1,0],"scale":[0.3,0.3,0.3]},"firstperson_righthand":{"rotation":[10,115,-10],"translation":[1.25,1.75,0],"scale":[0.5,0.5,0.5]},"firstperson_lefthand":{"rotation":[10,115,-10],"translation":[1.25,1.75,0],"scale":[0.5,0.5,0.5]},"ground":{"translation":[0,1.5,0],"scale":[0.3,0.3,0.3]},"gui":{"rotation":[25,135,0],"translation":[-0.5,1,0],"scale":[0.9,0.9,0.9]},"head":{"translation":[0,10.5,0],"scale":[0.5,0.5,0.5]},"fixed":{"rotation":[-90,0,0],"translation":[0,-1,-8]}}}