{"credit":"Made with Vega_Senpai","textures":{"0":"item/cod_spawn_egg"},"elements":[{"name":"body","from":[7,0,5],"to":[9,4,12],"rotation":{"angle":0,"axis":"y","origin":[16,8,12]},"faces":{"north":{"uv":[3.5,3.5,4.5,5.5],"texture":"#0"},"east":{"uv":[0,3.5,3.5,5.5],"texture":"#0"},"south":{"uv":[8,3.5,9,5.5],"texture":"#0"},"west":{"uv":[4.5,3.5,8,5.5],"texture":"#0"},"up":{"uv":[4.5,3.5,3.5,0],"texture":"#0"},"down":{"uv":[5.5,0,4.5,3.5],"texture":"#0"}}},{"name":"body","from":[8,4,4],"to":[8.01,5,10],"rotation":{"angle":0,"axis":"y","origin":[16,8,12]},"faces":{"east":{"uv":[16,0,13,0.5],"texture":"#0"},"west":{"uv":[13,0,16,0.5],"texture":"#0"}}},{"name":"body","from":[8,-1,7],"to":[8.01,0,9],"rotation":{"angle":0,"axis":"y","origin":[16,8,12]},"faces":{"east":{"uv":[1,1,2,1.5],"texture":"#0"},"west":{"uv":[1,1,2,1.5],"texture":"#0"}}},{"name":"head","from":[7,1,1],"to":[9,4,2],"rotation":{"angle":0,"axis":"y","origin":[16,8,12]},"faces":{"north":{"uv":[0.5,0.5,1.5,2],"texture":"#0"},"east":{"uv":[0,0.5,0.5,2],"texture":"#0"},"south":{"uv":[2,0.5,3,2],"texture":"#0"},"west":{"uv":[1.5,0.5,2,2],"texture":"#0"},"up":{"uv":[1.5,0.5,0.5,0],"texture":"#0"},"down":{"uv":[2.5,0,1.5,0.5],"texture":"#0"}}},{"name":"head","from":[7,0,2],"to":[9,4,5],"rotation":{"angle":0,"axis":"y","origin":[16,8,12]},"faces":{"north":{"uv":[7,1.5,8,3.5],"texture":"#0"},"east":{"uv":[5.5,1.5,7,3.5],"texture":"#0"},"south":{"uv":[9.5,1.5,10.5,3.5],"texture":"#0"},"west":{"uv":[8,1.5,9.5,3.5],"texture":"#0"},"up":{"uv":[8,1.5,7,0],"texture":"#0"},"down":{"uv":[9,0,8,1.5],"texture":"#0"}}},{"name":"rightFin","from":[0.32616,3.78832,4],"to":[2.32616,3.79832,6],"rotation":{"angle":45,"axis":"z","origin":[8,8,8]},"faces":{"up":{"uv":[14,3,13,2],"texture":"#0"},"down":{"uv":[14,2,13,3],"texture":"#0"}}},{"name":"rightFin","from":[13.67384,3.78832,4],"to":[15.67384,3.79832,6],"rotation":{"angle":-45,"axis":"z","origin":[8,8,8]},"faces":{"up":{"uv":[13,3,14,2],"texture":"#0"},"down":{"uv":[13,2,14,3],"texture":"#0"}}},{"name":"tailfin","from":[8,0,12],"to":[8.01,4,18],"rotation":{"angle":0,"axis":"y","origin":[16,8,12]},"faces":{"east":{"uv":[16,3.5,13,5.5],"texture":"#0"},"west":{"uv":[13,3.5,16,5.5],"texture":"#0"}}}],"display":{"thirdperson_righthand":{"rotation":[50,50,0],"translation":[-1.5,3,1.5],"scale":[0.5,0.5,0.5]},"thirdperson_lefthand":{"rotation":[50,50,0],"translation":[-1.5,3,1.5],"scale":[0.5,0.5,0.5]},"firstperson_righthand":{"rotation":[10,105,-10],"translation":[2.25,4.75,0],"scale":[0.5,0.5,0.5]},"firstperson_lefthand":{"rotation":[10,105,-10],"translation":[2.25,4.75,0],"scale":[0.5,0.5,0.5]},"ground":{"rotation":[0,0,90],"translation":[-3,1,0],"scale":[0.5,0.5,0.5]},"gui":{"rotation":[25,135,0],"translation":[0.25,8,0],"scale":[1.3,1.3,1.3]},"head":{"translation":[0,13.5,0],"scale":[0.5,0.5,0.5]},"fixed":{"rotation":[-90,0,0],"translation":[0,0,-15]}}}