{"credit":"Made by Vega_Senpai","textures":{"0":"item/creeper_spawn_egg"},"elements":[{"name":"body","from":[4,6,6],"to":[12,18,10],"shade":false,"rotation":{"angle":0,"axis":"y","origin":[0,8,16]},"faces":{"north":{"uv":[5,10,7,16],"texture":"#0"},"east":{"uv":[4,10,5,16],"texture":"#0"},"south":{"uv":[8,10,10,16],"texture":"#0"},"west":{"uv":[7,10,8,16],"texture":"#0"},"up":{"uv":[7,10,5,8],"texture":"#0"},"down":{"uv":[9,8,7,10],"texture":"#0"}}},{"name":"head","from":[4,18,4],"to":[12,26,12],"shade":false,"rotation":{"angle":0,"axis":"y","origin":[0,8,16]},"faces":{"north":{"uv":[2,4,4,8],"texture":"#0"},"east":{"uv":[0,4,2,8],"texture":"#0"},"south":{"uv":[6,4,8,8],"texture":"#0"},"west":{"uv":[4,4,6,8],"texture":"#0"},"up":{"uv":[4,4,2,0],"texture":"#0"},"down":{"uv":[6,0,4,4],"texture":"#0"}}},{"name":"leg0","from":[8,0,10],"to":[12,6,14],"shade":false,"rotation":{"angle":0,"axis":"y","origin":[0,8,16]},"faces":{"north":{"uv":[1,10,2,13],"texture":"#0"},"east":{"uv":[0,10,1,13],"texture":"#0"},"south":{"uv":[3,10,4,13],"texture":"#0"},"west":{"uv":[2,10,3,13],"texture":"#0"},"up":{"uv":[2,10,1,8],"texture":"#0"},"down":{"uv":[3,8,2,10],"texture":"#0"}}},{"name":"leg1","from":[4,0,10],"to":[8,6,14],"shade":false,"rotation":{"angle":0,"axis":"y","origin":[0,8,16]},"faces":{"north":{"uv":[1,10,2,13],"texture":"#0"},"east":{"uv":[0,10,1,13],"texture":"#0"},"south":{"uv":[3,10,4,13],"texture":"#0"},"west":{"uv":[2,10,3,13],"texture":"#0"},"up":{"uv":[2,10,1,8],"texture":"#0"},"down":{"uv":[3,8,2,10],"texture":"#0"}}},{"name":"leg2","from":[8,0,2],"to":[12,6,6],"shade":false,"rotation":{"angle":0,"axis":"y","origin":[0,8,16]},"faces":{"north":{"uv":[1,10,2,13],"texture":"#0"},"east":{"uv":[0,10,1,13],"texture":"#0"},"south":{"uv":[3,10,4,13],"texture":"#0"},"west":{"uv":[2,10,3,13],"texture":"#0"},"up":{"uv":[2,10,1,8],"texture":"#0"},"down":{"uv":[3,8,2,10],"texture":"#0"}}},{"name":"leg3","from":[4,0,2],"to":[8,6,6],"shade":false,"rotation":{"angle":0,"axis":"y","origin":[0,8,16]},"faces":{"north":{"uv":[1,10,2,13],"texture":"#0"},"east":{"uv":[0,10,1,13],"texture":"#0"},"south":{"uv":[3,10,4,13],"texture":"#0"},"west":{"uv":[2,10,3,13],"texture":"#0"},"up":{"uv":[2,10,1,8],"texture":"#0"},"down":{"uv":[3,8,2,10],"texture":"#0"}}}],"display":{"thirdperson_righthand":{"rotation":[50,50,0],"translation":[0,0.25,-0.75],"scale":[0.3,0.3,0.3]},"thirdperson_lefthand":{"rotation":[50,50,0],"translation":[0,0.25,-0.75],"scale":[0.3,0.3,0.3]},"firstperson_righthand":{"rotation":[10,115,-10],"translation":[3,2,0],"scale":[0.3,0.3,0.3]},"firstperson_lefthand":{"rotation":[10,115,-10],"translation":[3,2,0],"scale":[0.3,0.3,0.3]},"ground":{"translation":[0,3,0],"scale":[0.3,0.3,0.3]},"gui":{"rotation":[20,135,0],"translation":[0,-2.25,0],"scale":[0.5,0.5,0.5]},"head":{"translation":[0,10.4,0],"scale":[0.5,0.5,0.5]},"fixed":{"rotation":[-90,0,0],"translation":[0,0,-8]}}}