{"credit":"Made by Vega_Senpai","textures":{"0":"item/dolphin_spawn_egg"},"elements":[{"name":"head","from":[4,0,-2],"to":[12,7,4],"shade":false,"rotation":{"angle":0,"axis":"y","origin":[0,8,15]},"faces":{"north":{"uv":[1.5,1.5,3.5,3.25],"texture":"#0"},"east":{"uv":[0,1.5,1.5,3.25],"texture":"#0"},"south":{"uv":[5,1.5,7,3.25],"texture":"#0"},"west":{"uv":[3.5,1.5,5,3.25],"texture":"#0"},"up":{"uv":[3.5,1.5,1.5,0],"texture":"#0"},"down":{"uv":[5.5,0,3.5,1.5],"texture":"#0"}}},{"name":"body","from":[4,0,4],"to":[12,7,17],"shade":false,"rotation":{"angle":0,"axis":"y","origin":[16,8,15]},"faces":{"north":{"uv":[10.75,3.25,8.75,5],"texture":"#0"},"east":{"uv":[14,3.25,10.75,5],"texture":"#0"},"south":{"uv":[16,3.25,14,5],"texture":"#0"},"west":{"uv":[8.75,3.25,5.5,5],"texture":"#0"},"up":{"uv":[8.75,3.25,10.75,0],"texture":"#0"},"down":{"uv":[10.75,0,12.75,3.25],"texture":"#0"}}},{"name":"tail","from":[6,0,17],"to":[10,5,28],"shade":false,"rotation":{"angle":0,"axis":"y","origin":[16,8,15]},"faces":{"north":{"uv":[3.75,7.5,2.75,8.75],"texture":"#0"},"east":{"uv":[6.5,7.5,3.75,8.75],"texture":"#0"},"south":{"uv":[7.5,7.5,6.5,8.75],"texture":"#0"},"west":{"uv":[2.75,7.5,0,8.75],"texture":"#0"},"up":{"uv":[2.75,7.5,3.75,4.75],"texture":"#0"},"down":{"uv":[3.75,4.75,4.75,7.5],"texture":"#0"}}},{"name":"tail_fin","from":[3,2,26],"to":[13,3,32],"shade":false,"rotation":{"angle":0,"axis":"y","origin":[16,8,15]},"faces":{"north":{"uv":[8.75,6.5,6.25,6.75],"texture":"#0"},"east":{"uv":[10.25,6.5,8.75,6.75],"texture":"#0"},"south":{"uv":[12.75,6.5,10.25,6.75],"texture":"#0"},"west":{"uv":[6.25,6.5,4.75,6.75],"texture":"#0"},"up":{"uv":[6.25,6.5,8.75,5],"texture":"#0"},"down":{"uv":[8.75,5,11.25,6.5],"texture":"#0"}}},{"name":"back_fin","from":[7.5,5,8.5],"to":[8.5,10,12.5],"shade":false,"rotation":{"angle":22.5,"axis":"x","origin":[16,6,13.5]},"faces":{"north":{"uv":[14.5,0,14.25,1],"texture":"#0"},"east":{"uv":[15.75,1.25,14.5,2.25],"texture":"#0"},"south":{"uv":[14.25,0,14,1.25],"texture":"#0"},"west":{"uv":[14,1.25,12.75,2.25],"texture":"#0"},"up":{"uv":[14,1,14.25,0],"texture":"#0"},"down":{"uv":[14,1,14.25,2.25],"texture":"#0"}}},{"name":"right_fin","from":[-6,5,5],"to":[2,6,9],"shade":false,"rotation":{"angle":22.5,"axis":"z","origin":[13,12,15]},"faces":{"north":{"uv":[14,5,13.75,6.75],"rotation":90,"texture":"#0"},"east":{"uv":[12.75,6.5,11.75,6.75],"texture":"#0"},"south":{"uv":[14.25,5,14,6.75],"rotation":270,"texture":"#0"},"west":{"uv":[16,6.75,15.75,7.75],"rotation":270,"texture":"#0"},"up":{"uv":[14,7.75,15.75,6.75],"rotation":180,"texture":"#0"},"down":{"uv":[12,7.75,13.75,6.75],"texture":"#0"}}},{"name":"right_fin","from":[14,5,5],"to":[22,6,9],"shade":false,"rotation":{"angle":-22.5,"axis":"z","origin":[3,12,15]},"faces":{"north":{"uv":[14,6.75,13.75,5],"rotation":90,"texture":"#0"},"east":{"uv":[16,7.75,15.75,6.75],"rotation":270,"texture":"#0"},"south":{"uv":[14.25,6.75,14,5],"rotation":270,"texture":"#0"},"west":{"uv":[11.75,6.5,12.75,6.75],"texture":"#0"},"up":{"uv":[15.75,7.75,14,6.75],"rotation":180,"texture":"#0"},"down":{"uv":[13.75,7.75,12,6.75],"texture":"#0"}}},{"name":"nose","from":[7,0,-6],"to":[9,2,-2],"shade":false,"rotation":{"angle":0,"axis":"y","origin":[0,8,15]},"faces":{"north":{"uv":[1,4.25,1.5,4.75],"texture":"#0"},"east":{"uv":[0,4.25,1,4.75],"texture":"#0"},"south":{"uv":[2.5,4.25,3,4.75],"texture":"#0"},"west":{"uv":[1.5,4.25,2.5,4.75],"texture":"#0"},"up":{"uv":[1.5,4.25,1,3.25],"texture":"#0"},"down":{"uv":[2,3.25,1.5,4.25],"texture":"#0"}}}],"display":{"thirdperson_righthand":{"rotation":[50,50,0],"translation":[-0.5,2.5,0],"scale":[0.3,0.3,0.3]},"thirdperson_lefthand":{"rotation":[50,50,0],"translation":[-0.5,2.5,0],"scale":[0.3,0.3,0.3]},"firstperson_righthand":{"rotation":[10,115,-10],"translation":[1.25,5.25,0],"scale":[0.4,0.4,0.4]},"firstperson_lefthand":{"rotation":[10,115,-10],"translation":[1.25,5.25,0],"scale":[0.4,0.4,0.4]},"ground":{"translation":[0,2.5,0],"scale":[0.3,0.3,0.3]},"gui":{"rotation":[25,135,0],"translation":[-2.25,1.5,0],"scale":[0.5,0.5,0.5]},"head":{"translation":[0,13.5,-1.25],"scale":[0.5,0.5,0.5]},"fixed":{"rotation":[-90,0,0],"translation":[0,0,-15]}}}