{"credit":"Made by Vega_Senpai","textures":{"0":"item/drowned_spawn_egg2","1":"item/drowned_spawn_egg"},"elements":[{"name":"body","from":[4,-2.99,6],"to":[12,9.01,6.01],"rotation":{"angle":0,"axis":"y","origin":[16,-6.99,16]},"faces":{"north":{"uv":[5,5,7,8],"texture":"#0"},"south":{"uv":[7,5,5,8],"texture":"#0"}}},{"name":"body","from":[4,9,6],"to":[12,9.01,10],"rotation":{"angle":0,"axis":"y","origin":[16,-7,16]},"faces":{"up":{"uv":[7,5,5,4],"texture":"#0"},"down":{"uv":[7,4,5,5],"texture":"#0"}}},{"name":"body","from":[4,-2.99,6],"to":[12,-2.98,10],"rotation":{"angle":0,"axis":"y","origin":[16,-6.99,16]},"faces":{"up":{"uv":[9,5,7,4],"texture":"#0"},"down":{"uv":[9,4,7,5],"texture":"#0"}}},{"name":"body","from":[4,-2.99,9.99],"to":[12,9.01,10],"rotation":{"angle":0,"axis":"y","origin":[16,-6.99,15.99]},"faces":{"north":{"uv":[10,5,8,8],"texture":"#0"},"east":{"uv":[4,5,4.25,8],"texture":"#0"},"south":{"uv":[8,5,10,8],"texture":"#0"},"west":{"uv":[7.75,5,8,8],"texture":"#0"},"up":{"uv":[7,4.25,5,4],"texture":"#0"},"down":{"uv":[9,4,7,4.25],"texture":"#0"}}},{"name":"body","from":[11.99,-2.99,6],"to":[12,9.01,10],"rotation":{"angle":0,"axis":"y","origin":[15.99,-6.99,16]},"faces":{"north":{"uv":[5,5,5,8],"texture":"#0"},"east":{"uv":[4,5,5,8],"texture":"#0"},"south":{"uv":[9.75,5,10,8],"texture":"#0"},"west":{"uv":[5,5,4,8],"texture":"#0"},"up":{"uv":[5,5,5.25,4],"texture":"#0"},"down":{"uv":[7.25,4,7,5],"texture":"#0"}}},{"name":"body","from":[4,-2.99,6],"to":[4.01,9.01,10],"rotation":{"angle":0,"axis":"y","origin":[16,-6.99,16]},"faces":{"north":{"uv":[6.75,5,7,8],"texture":"#0"},"east":{"uv":[8,5,7,8],"texture":"#0"},"south":{"uv":[9.75,5,10,8],"texture":"#0"},"west":{"uv":[7,5,8,8],"texture":"#0"},"up":{"uv":[7,5,6.75,4],"texture":"#0"},"down":{"uv":[9,4,8.75,5],"texture":"#0"}}},{"name":"body","from":[3.8,-3.19,5.8],"to":[12.2,9.21,5.81],"rotation":{"angle":0,"axis":"y","origin":[16,-6.99,16]},"faces":{"north":{"uv":[5,5,7,8],"texture":"#1"},"south":{"uv":[7,5,5,8],"texture":"#1"}}},{"name":"body","from":[3.8,9.2,5.8],"to":[12.2,9.21,10.2],"rotation":{"angle":0,"axis":"y","origin":[16,-7,16.4]},"faces":{"up":{"uv":[7,5,5,4],"texture":"#1"},"down":{"uv":[7,4,5,5],"texture":"#1"}}},{"name":"body","from":[12.19,-3.19,5.8],"to":[12.2,9.21,10.2],"rotation":{"angle":0,"axis":"y","origin":[15.99,-6.99,16]},"faces":{"east":{"uv":[5,5,4,8],"texture":"#1"},"west":{"uv":[4,5,5,8],"texture":"#1"}}},{"name":"body","from":[3.8,-3.19,5.8],"to":[3.81,9.21,10.2],"rotation":{"angle":0,"axis":"y","origin":[16,-6.99,16]},"faces":{"east":{"uv":[8,5,7,8],"texture":"#1"},"west":{"uv":[7,5,8,8],"texture":"#1"}}},{"name":"body","from":[3.8,-3.19,10.19],"to":[12.2,9.21,10.2],"rotation":{"angle":0,"axis":"y","origin":[16,-6.99,15.99]},"faces":{"north":{"uv":[10,5,8,8],"texture":"#1"},"south":{"uv":[8,5,10,8],"texture":"#1"}}},{"name":"head","from":[4,9,4],"to":[12,17,12],"shade":false,"rotation":{"angle":0,"axis":"y","origin":[0,-7,16]},"faces":{"north":{"uv":[2,2,4,4],"texture":"#0"},"east":{"uv":[0,2,2,4],"texture":"#0"},"south":{"uv":[6,2,8,4],"texture":"#0"},"west":{"uv":[4,2,6,4],"texture":"#0"},"up":{"uv":[4,2,2,0],"texture":"#0"},"down":{"uv":[6,0,4,2],"texture":"#0"}}},{"name":"head","from":[3.8,8.8,3.8],"to":[12.2,17.2,12.2],"shade":false,"rotation":{"angle":0,"axis":"y","origin":[0,-7,16]},"faces":{"north":{"uv":[2,2,4,4],"texture":"#1"},"east":{"uv":[0,2,2,4],"texture":"#1"},"south":{"uv":[6,2,8,4],"texture":"#1"},"west":{"uv":[4,2,6,4],"texture":"#1"},"up":{"uv":[4,2,2,0],"texture":"#1"},"down":{"uv":[6,0,4,2],"texture":"#1"}}},{"name":"rightArm","from":[0,5,-1.9],"to":[4,9,10.1],"shade":false,"rotation":{"angle":0,"axis":"x","origin":[16,-6,-5.9]},"faces":{"north":{"uv":[12,4,13,5],"rotation":180,"texture":"#0"},"east":{"uv":[13,5,12,8],"rotation":270,"texture":"#0"},"south":{"uv":[11,5,12,4],"texture":"#0"},"west":{"uv":[11,5,10,8],"rotation":90,"texture":"#0"},"up":{"uv":[12,5,11,8],"rotation":180,"texture":"#0"},"down":{"uv":[14,5,13,8],"texture":"#0"}}},{"name":"rightArm","from":[-0.2,4.8,-2.1],"to":[4.2,9.2,10.3],"shade":false,"rotation":{"angle":0,"axis":"x","origin":[16,-6,-5.7]},"faces":{"north":{"uv":[12,4,13,5],"rotation":180,"texture":"#1"},"east":{"uv":[13,5,12,8],"rotation":270,"texture":"#1"},"south":{"uv":[11,5,12,4],"texture":"#1"},"west":{"uv":[11,5,10,8],"rotation":90,"texture":"#1"},"up":{"uv":[12,5,11,8],"rotation":180,"texture":"#1"},"down":{"uv":[14,5,13,8],"texture":"#1"}}},{"name":"leftArm","from":[12,5,-1.9],"to":[16,9,10.1],"rotation":{"angle":0,"axis":"x","origin":[16,-6,-5.9]},"faces":{"north":{"uv":[11,12,10,13],"rotation":180,"texture":"#0"},"east":{"uv":[8,13,9,16],"rotation":270,"texture":"#0"},"south":{"uv":[10,13,9,12],"texture":"#0"},"west":{"uv":[10,13,11,16],"rotation":90,"texture":"#0"},"up":{"uv":[9,13,10,16],"rotation":180,"texture":"#0"},"down":{"uv":[11,13,12,16],"texture":"#0"}}},{"name":"leftArm","from":[11.8,4.8,-2.1],"to":[16.2,9.2,10.3],"rotation":{"angle":0,"axis":"x","origin":[16,-6,-5.7]},"faces":{"north":{"uv":[11,12,10,13],"rotation":180,"texture":"#1"},"east":{"uv":[8,13,9,16],"rotation":270,"texture":"#1"},"south":{"uv":[10,13,9,12],"texture":"#1"},"west":{"uv":[10,13,11,16],"rotation":90,"texture":"#1"},"up":{"uv":[9,13,10,16],"rotation":180,"texture":"#1"},"down":{"uv":[11,13,12,16],"texture":"#1"}}},{"name":"rightLeg","from":[3.95,-15,6],"to":[7.95,-3,10],"shade":false,"rotation":{"angle":0,"axis":"y","origin":[16,-7,16]},"faces":{"north":{"uv":[2,5,1,8],"texture":"#0"},"east":{"uv":[3,5,2,8],"texture":"#0"},"south":{"uv":[4,5,3,8],"texture":"#0"},"west":{"uv":[1,5,0,8],"texture":"#0"},"up":{"uv":[1,5,2,4],"texture":"#0"},"down":{"uv":[2,4,3,5],"texture":"#0"}}},{"name":"rightLeg","from":[3.75,-15.2,5.8],"to":[8.15,-2.8,10.2],"shade":false,"rotation":{"angle":0,"axis":"x","origin":[16,-7,16]},"faces":{"north":{"uv":[2,5,1,8],"texture":"#1"},"east":{"uv":[3,5,2,8],"texture":"#1"},"south":{"uv":[4,5,3,8],"texture":"#1"},"west":{"uv":[1,5,0,8],"texture":"#1"},"up":{"uv":[1,5,2,4],"texture":"#1"},"down":{"uv":[2,4,3,5],"texture":"#1"}}},{"name":"leftLeg","from":[8.05,-15,6],"to":[12.05,-3,10],"rotation":{"angle":0,"axis":"y","origin":[16,-7,16]},"faces":{"north":{"uv":[5,13,6,16],"texture":"#0"},"east":{"uv":[4,13,5,16],"texture":"#0"},"south":{"uv":[7,13,8,16],"texture":"#0"},"west":{"uv":[6,13,7,16],"texture":"#0"},"up":{"uv":[6,13,5,12],"texture":"#0"},"down":{"uv":[7,12,6,13],"texture":"#0"}}},{"name":"leftLeg","from":[7.85,-15.2,5.8],"to":[12.25,-2.8,10.2],"rotation":{"angle":0,"axis":"y","origin":[16,-7,16]},"faces":{"north":{"uv":[5,13,6,16],"texture":"#1"},"east":{"uv":[4,13,5,16],"texture":"#1"},"south":{"uv":[7,13,8,16],"texture":"#1"},"west":{"uv":[6,13,7,16],"texture":"#1"},"up":{"uv":[6,13,5,12],"texture":"#1"},"down":{"uv":[7,12,6,13],"texture":"#1"}}}],"display":{"thirdperson_righthand":{"rotation":[50,50,0],"translation":[0,3.5,3.5],"scale":[0.3,0.3,0.3]},"thirdperson_lefthand":{"rotation":[50,50,0],"translation":[0,3.5,3.5],"scale":[0.3,0.3,0.3]},"firstperson_righthand":{"rotation":[10,115,-10],"translation":[2,5,0],"scale":[0.3,0.3,0.3]},"firstperson_lefthand":{"rotation":[10,115,-10],"translation":[2,5,0],"scale":[0.3,0.3,0.3]},"ground":{"translation":[0,6,0],"scale":[0.3,0.3,0.3]},"gui":{"rotation":[20,135,0],"translation":[0.75,3.25,0],"scale":[0.45,0.45,0.45]},"head":{"translation":[0,18,0],"scale":[0.5,0.5,0.5]},"fixed":{"rotation":[-90,0,0],"translation":[0,0,-23]}}}