{"credit":"Made by Vega_Senpai","texture_size":[256,256],"textures":{"0":"item/dragon_spawn_egg"},"elements":[{"from":[6.575,-0.2,-10.3],"to":[9.2416,2.4666,-7.6334],"rotation":{"angle":0,"axis":"y","origin":[0.75,-7.45,0]},"faces":{"north":{"uv":[8,2.875,9,3.875],"texture":"#0"},"east":{"uv":[7,2.875,8,3.875],"texture":"#0"},"south":{"uv":[10,2.875,11,3.875],"texture":"#0"},"west":{"uv":[9,2.875,10,3.875],"texture":"#0"},"up":{"uv":[9,2.875,8,1.875],"texture":"#0"},"down":{"uv":[10,1.875,9,2.875],"texture":"#0"}}},{"from":[6.908,0.635,-12.645],"to":[8.908,1.4683,-9.9784],"rotation":{"angle":0,"axis":"y","origin":[0.75,-7.45,0]},"faces":{"north":{"uv":[12,3.75,12.75,4.0625],"texture":"#0"},"east":{"uv":[11,3.75,12,4.0625],"texture":"#0"},"south":{"uv":[13.75,3.75,14.5,4.0625],"texture":"#0"},"west":{"uv":[12.75,3.75,13.75,4.0625],"texture":"#0"},"up":{"uv":[12.75,3.75,12,2.75],"texture":"#0"},"down":{"uv":[13.5,2.75,12.75,3.75],"texture":"#0"}}},{"from":[6.908,-0.5566,-12.645],"to":[8.908,0.11,-9.9784],"rotation":{"angle":-22.5,"axis":"x","origin":[7.908,0.3017,-11.3117]},"faces":{"north":{"uv":[12,5.0625,12.75,5.3125],"texture":"#0"},"east":{"uv":[11,5.0625,12,5.3125],"texture":"#0"},"south":{"uv":[13.75,5.0625,14.5,5.3125],"texture":"#0"},"west":{"uv":[12.75,5.0625,13.75,5.3125],"texture":"#0"},"up":{"uv":[12.75,5.0625,12,4.0625],"texture":"#0"},"down":{"uv":[13.5,4.0625,12.75,5.0625],"texture":"#0"}}},{"from":[7.075,1.4683,-12.31],"to":[7.4083,1.8016,-11.6434],"shade":false,"rotation":{"angle":0,"axis":"y","origin":[26.108,-19.5317,-1.745]},"faces":{"north":{"uv":[7.375,0.25,7.25,0.375],"texture":"#0"},"east":{"uv":[7.625,0.25,7.375,0.375],"texture":"#0"},"south":{"uv":[7.75,0.25,7.625,0.375],"texture":"#0"},"west":{"uv":[7.25,0.25,7,0.375],"texture":"#0"},"up":{"uv":[7.25,0.25,7.375,0],"texture":"#0"},"down":{"uv":[7.375,0,7.5,0.25],"texture":"#0"}}},{"from":[7.075,2.4666,-9.3],"to":[7.40833,3.1332,-8.3],"shade":false,"rotation":{"angle":0,"axis":"y","origin":[22.075,-25.5334,-16.3]},"faces":{"north":{"uv":[0.375,0.375,0.5,0.625],"texture":"#0"},"east":{"uv":[0.5,0.375,0.875,0.625],"texture":"#0"},"south":{"uv":[0.875,0.375,1,0.625],"texture":"#0"},"west":{"uv":[0,0.375,0.375,0.625],"texture":"#0"},"up":{"uv":[0.375,0,0.5,0.375],"texture":"#0"},"down":{"uv":[0.5,0,0.625,0.375],"texture":"#0"}}},{"from":[8.41,2.4666,-9.3],"to":[8.74333,3.1332,-8.3],"shade":false,"rotation":{"angle":0,"axis":"y","origin":[22.075,-25.5334,-16.3]},"faces":{"north":{"uv":[0.375,0.375,0.5,0.625],"texture":"#0"},"east":{"uv":[0.5,0.375,0.875,0.625],"texture":"#0"},"south":{"uv":[0.875,0.375,1,0.625],"texture":"#0"},"west":{"uv":[0,0.375,0.375,0.625],"texture":"#0"},"up":{"uv":[0.375,0,0.5,0.375],"texture":"#0"},"down":{"uv":[0.5,0,0.625,0.375],"texture":"#0"}}},{"from":[8.407,1.4683,-12.31],"to":[8.7403,1.8016,-11.6434],"shade":false,"rotation":{"angle":0,"axis":"y","origin":[26.108,-19.5317,-1.745]},"faces":{"north":{"uv":[7.375,0.25,7.25,0.375],"texture":"#0"},"east":{"uv":[7.625,0.25,7.375,0.375],"texture":"#0"},"south":{"uv":[7.75,0.25,7.625,0.375],"texture":"#0"},"west":{"uv":[7.25,0.25,7,0.375],"texture":"#0"},"up":{"uv":[7.25,0.25,7.375,0],"texture":"#0"},"down":{"uv":[7.375,0,7.5,0.25],"texture":"#0"}}},{"from":[7.175,0.2,-7.625],"to":[8.8416,1.8666,-5.9584],"rotation":{"angle":0,"axis":"y","origin":[0.75,-7.45,0]},"faces":{"north":{"uv":[12.625,7.125,13.25,7.75],"texture":"#0"},"east":{"uv":[12,7.125,12.625,7.75],"texture":"#0"},"south":{"uv":[13.875,7.125,14.5,7.75],"texture":"#0"},"west":{"uv":[13.25,7.125,13.875,7.75],"texture":"#0"},"up":{"uv":[13.25,7.125,12.625,6.5],"texture":"#0"},"down":{"uv":[13.875,6.5,13.25,7.125],"texture":"#0"}}},{"from":[7.845,1.8666,-7.29],"to":[8.1783,2.5332,-6.29],"shade":false,"rotation":{"angle":0,"axis":"y","origin":[11.95,-14.9834,-2.4]},"faces":{"north":{"uv":[3.5,0.375,3.375,0.625],"texture":"#0"},"east":{"uv":[3.875,0.375,3.5,0.625],"texture":"#0"},"south":{"uv":[4,0.375,3.875,0.625],"texture":"#0"},"west":{"uv":[3.375,0.375,3,0.625],"texture":"#0"},"up":{"uv":[3.375,0.375,3.5,0],"texture":"#0"},"down":{"uv":[3.5,0,3.625,0.375],"texture":"#0"}}},{"from":[7.845,1.9666,-5.625],"to":[8.1783,2.6332,-4.625],"shade":false,"rotation":{"angle":0,"axis":"y","origin":[13.62,-14.8834,-10.065]},"faces":{"north":{"uv":[3.5,0.375,3.375,0.625],"texture":"#0"},"east":{"uv":[3.875,0.375,3.5,0.625],"texture":"#0"},"south":{"uv":[4,0.375,3.875,0.625],"texture":"#0"},"west":{"uv":[3.375,0.375,3,0.625],"texture":"#0"},"up":{"uv":[3.375,0.375,3.5,0],"texture":"#0"},"down":{"uv":[3.5,0,3.625,0.375],"texture":"#0"}}},{"from":[7.175,0.3,-5.9584],"to":[8.8416,1.9666,-4.2918],"rotation":{"angle":0,"axis":"y","origin":[0.75,-7.35,-6.8334]},"faces":{"north":{"uv":[12.625,7.125,13.25,7.75],"texture":"#0"},"east":{"uv":[12,7.125,12.625,7.75],"texture":"#0"},"south":{"uv":[13.875,7.125,14.5,7.75],"texture":"#0"},"west":{"uv":[13.25,7.125,13.875,7.75],"texture":"#0"},"up":{"uv":[13.25,7.125,12.625,6.5],"texture":"#0"},"down":{"uv":[13.875,6.5,13.25,7.125],"texture":"#0"}}},{"from":[7.175,0.4,-4.2918],"to":[8.8416,2.0666,-2.6252],"rotation":{"angle":0,"axis":"y","origin":[0.75,-7.25,-13.6668]},"faces":{"north":{"uv":[12.625,7.125,13.25,7.75],"texture":"#0"},"east":{"uv":[12,7.125,12.625,7.75],"texture":"#0"},"south":{"uv":[13.875,7.125,14.5,7.75],"texture":"#0"},"west":{"uv":[13.25,7.125,13.875,7.75],"texture":"#0"},"up":{"uv":[13.25,7.125,12.625,6.5],"texture":"#0"},"down":{"uv":[13.875,6.5,13.25,7.125],"texture":"#0"}}},{"from":[7.845,2.0666,-3.957],"to":[8.1783,2.7332,-2.957],"shade":false,"rotation":{"angle":0,"axis":"y","origin":[13.62,-14.7834,-16.9]},"faces":{"north":{"uv":[3.5,0.375,3.375,0.625],"texture":"#0"},"east":{"uv":[3.875,0.375,3.5,0.625],"texture":"#0"},"south":{"uv":[4,0.375,3.875,0.625],"texture":"#0"},"west":{"uv":[3.375,0.375,3,0.625],"texture":"#0"},"up":{"uv":[3.375,0.375,3.5,0],"texture":"#0"},"down":{"uv":[3.5,0,3.625,0.375],"texture":"#0"}}},{"from":[7.175,0.5,-2.6252],"to":[8.8416,2.1666,-0.9586],"rotation":{"angle":0,"axis":"y","origin":[0.75,-7.15,-20.5002]},"faces":{"north":{"uv":[12.625,7.125,13.25,7.75],"texture":"#0"},"east":{"uv":[12,7.125,12.625,7.75],"texture":"#0"},"south":{"uv":[13.875,7.125,14.5,7.75],"texture":"#0"},"west":{"uv":[13.25,7.125,13.875,7.75],"texture":"#0"},"up":{"uv":[13.25,7.125,12.625,6.5],"texture":"#0"},"down":{"uv":[13.875,6.5,13.25,7.125],"texture":"#0"}}},{"from":[7.845,2.1666,-2.29],"to":[8.1783,2.8332,-1.29],"shade":false,"rotation":{"angle":0,"axis":"y","origin":[13.62,-14.6834,-22.732]},"faces":{"north":{"uv":[3.5,0.375,3.375,0.625],"texture":"#0"},"east":{"uv":[3.875,0.375,3.5,0.625],"texture":"#0"},"south":{"uv":[4,0.375,3.875,0.625],"texture":"#0"},"west":{"uv":[3.375,0.375,3,0.625],"texture":"#0"},"up":{"uv":[3.375,0.375,3.5,0],"texture":"#0"},"down":{"uv":[3.5,0,3.625,0.375],"texture":"#0"}}},{"from":[7.175,0.6,-0.9586],"to":[8.8416,2.2666,0.708],"rotation":{"angle":0,"axis":"y","origin":[0.75,-7.05,-28.3336]},"faces":{"north":{"uv":[12.625,7.125,13.25,7.75],"texture":"#0"},"east":{"uv":[12,7.125,12.625,7.75],"texture":"#0"},"south":{"uv":[13.875,7.125,14.5,7.75],"texture":"#0"},"west":{"uv":[13.25,7.125,13.875,7.75],"texture":"#0"},"up":{"uv":[13.25,7.125,12.625,6.5],"texture":"#0"},"down":{"uv":[13.875,6.5,13.25,7.125],"texture":"#0"}}},{"from":[7.845,2.2666,-0.625],"to":[8.1783,2.9332,0.375],"shade":false,"rotation":{"angle":0,"axis":"y","origin":[13.62,-14.5834,-31.565]},"faces":{"north":{"uv":[3.5,0.375,3.375,0.625],"texture":"#0"},"east":{"uv":[3.875,0.375,3.5,0.625],"texture":"#0"},"south":{"uv":[4,0.375,3.875,0.625],"texture":"#0"},"west":{"uv":[3.375,0.375,3,0.625],"texture":"#0"},"up":{"uv":[3.375,0.375,3.5,0],"texture":"#0"},"down":{"uv":[3.5,0,3.625,0.375],"texture":"#0"}}},{"from":[6,0.1,0.715],"to":[10,4.1,11.3816],"rotation":{"angle":0,"axis":"y","origin":[8,2.1,6.0483]},"faces":{"north":{"uv":[4,4,5.5,5.5],"texture":"#0"},"east":{"uv":[0,4,4,5.5],"texture":"#0"},"south":{"uv":[9.5,4,11,5.5],"texture":"#0"},"west":{"uv":[5.5,4,9.5,5.5],"texture":"#0"},"up":{"uv":[5.5,4,4,0],"texture":"#0"},"down":{"uv":[7,4,5.5,0],"texture":"#0"}}},{"from":[7.83,4.1,1.71],"to":[8.1633,5.1,3.71],"rotation":{"angle":0,"axis":"y","origin":[12,8.2,1.43]},"faces":{"north":{"uv":[14.5,4.0625,14.625,4.4375],"texture":"#0"},"east":{"uv":[15.375,4.0625,14.625,4.4375],"texture":"#0"},"south":{"uv":[15.375,4.0625,15.5,4.4375],"texture":"#0"},"west":{"uv":[14.5,4.0625,13.75,4.4375],"texture":"#0"},"up":{"uv":[14.625,4.0625,14.5,3.3125],"texture":"#0"},"down":{"uv":[14.625,4.0625,14.75,3.3125],"texture":"#0"}}},{"from":[7.83,4.1,5.05],"to":[8.1633,5.1,7.05],"rotation":{"angle":0,"axis":"y","origin":[12,8.2,1.43]},"faces":{"north":{"uv":[14.5,4.0625,14.625,4.4375],"texture":"#0"},"east":{"uv":[15.375,4.0625,14.625,4.4375],"texture":"#0"},"south":{"uv":[15.375,4.0625,15.5,4.4375],"texture":"#0"},"west":{"uv":[14.5,4.0625,13.75,4.4375],"texture":"#0"},"up":{"uv":[14.625,4.0625,14.5,3.3125],"texture":"#0"},"down":{"uv":[14.625,4.0625,14.75,3.3125],"texture":"#0"}}},{"from":[7.83,4.1,8.385],"to":[8.1633,5.1,10.385],"rotation":{"angle":0,"axis":"y","origin":[12,8.2,1.43]},"faces":{"north":{"uv":[14.5,4.0625,14.625,4.4375],"texture":"#0"},"east":{"uv":[15.375,4.0625,14.625,4.4375],"texture":"#0"},"south":{"uv":[15.375,4.0625,15.5,4.4375],"texture":"#0"},"west":{"uv":[14.5,4.0625,13.75,4.4375],"texture":"#0"},"up":{"uv":[14.625,4.0625,14.5,3.3125],"texture":"#0"},"down":{"uv":[14.625,4.0625,14.75,3.3125],"texture":"#0"}}},{"from":[-8.27036,8.9579,2.7233],"to":[1.06297,8.9679,12.05663],"rotation":{"angle":45,"axis":"z","origin":[1.01697,3.6916,18.95748]},"faces":{"up":{"uv":[0,12.5,3.5,9],"texture":"#0"},"down":{"uv":[0,9,3.5,12.5],"texture":"#0"}}},{"from":[-2.7898,5.68508,2.7233],"to":[6.54353,5.69508,12.05663],"rotation":{"angle":-22.5,"axis":"z","origin":[1.87686,6.34008,7.71497]},"faces":{"up":{"uv":[0,9,3.5,5.5],"texture":"#0"},"down":{"uv":[0,5.5,3.5,9],"texture":"#0"}}},{"from":[-9.4712,9.66278,2.04],"to":[-0.1379,10.32938,2.7066],"rotation":{"angle":45,"axis":"z","origin":[1.62045,5.72108,2.3733]},"faces":{"north":{"uv":[10.75,8.75,7.25,9],"texture":"#0"},"east":{"uv":[11,8.75,10.75,9],"texture":"#0"},"south":{"uv":[14.5,8.75,11,9],"texture":"#0"},"west":{"uv":[7.25,8.75,7,9],"texture":"#0"},"up":{"uv":[7.25,8.75,10.75,8.5],"texture":"#0"},"down":{"uv":[10.75,8.5,14.25,8.75],"texture":"#0"}}},{"from":[-3.4333,5.1,1.715],"to":[5.9,6.4333,3.0483],"rotation":{"angle":-22.5,"axis":"z","origin":[1.33335,4.76665,1.38165]},"faces":{"north":{"uv":[11,6,7.5,6.5],"texture":"#0"},"east":{"uv":[11.5,6,11,6.5],"texture":"#0"},"south":{"uv":[15,6,11.5,6.5],"texture":"#0"},"west":{"uv":[7.5,6,7,6.5],"texture":"#0"},"up":{"uv":[7.5,6,11,5.5],"texture":"#0"},"down":{"uv":[11,6,14.5,5.5],"texture":"#0"}}},{"from":[10.1,5.1,1.715],"to":[19.4333,6.4333,3.0483],"rotation":{"angle":22.5,"axis":"z","origin":[14.66665,4.76665,1.38165]},"faces":{"north":{"uv":[7.5,6,11,6.5],"texture":"#0"},"east":{"uv":[7,6,7.5,6.5],"texture":"#0"},"south":{"uv":[11.5,6,15,6.5],"texture":"#0"},"west":{"uv":[11,6,11.5,6.5],"texture":"#0"},"up":{"uv":[11,6,7.5,5.5],"texture":"#0"},"down":{"uv":[14.5,6,11,5.5],"texture":"#0"}}},{"from":[16.1379,9.66278,2.04],"to":[25.4712,10.32938,2.7066],"rotation":{"angle":-45,"axis":"z","origin":[14.37955,5.72108,2.3733]},"faces":{"north":{"uv":[7.25,8.75,10.75,9],"texture":"#0"},"east":{"uv":[7,8.75,7.25,9],"texture":"#0"},"south":{"uv":[11,8.75,14.5,9],"texture":"#0"},"west":{"uv":[10.75,8.75,11,9],"texture":"#0"},"up":{"uv":[10.75,8.75,7.25,8.5],"texture":"#0"},"down":{"uv":[14.25,8.5,10.75,8.75],"texture":"#0"}}},{"from":[9.45647,5.68508,2.7233],"to":[18.7898,5.69508,12.05663],"rotation":{"angle":22.5,"axis":"z","origin":[14.12314,6.34008,7.71497]},"faces":{"up":{"uv":[3.5,9,0,5.5],"texture":"#0"},"down":{"uv":[3.5,5.5,0,9],"texture":"#0"}}},{"from":[11.65418,6.56481,2.7233],"to":[20.98751,6.57481,12.05663],"rotation":{"angle":-45,"axis":"z","origin":[16.32085,-1.43019,7.38997]},"faces":{"up":{"uv":[3.5,12.5,0,9],"texture":"#0"},"down":{"uv":[3.5,9,0,12.5],"texture":"#0"}}},{"from":[5.3,-4.75,8.175],"to":[6.6333,-2.0834,8.8416],"rotation":{"angle":0,"axis":"x","origin":[1.66665,0.3333,8.3333]},"faces":{"north":{"uv":[10.5,7.5,10,6.5],"rotation":180,"texture":"#0"},"east":{"uv":[9,7.5,10,7.75],"rotation":90,"texture":"#0"},"south":{"uv":[11,6.5,10.5,7.5],"texture":"#0"},"west":{"uv":[10.5,7.5,11.5,7.75],"rotation":270,"texture":"#0"},"up":{"uv":[11.5,7.5,12,7.75],"texture":"#0"},"down":{"uv":[10,7.5,10.5,7.75],"rotation":180,"texture":"#0"}}},{"from":[9.3417,0.40889,1.26787],"to":[10.675,1.74219,5.26787],"rotation":{"angle":22.5,"axis":"x","origin":[9.33335,-0.04946,2.81787]},"faces":{"north":{"uv":[8,7,7.5,6.5],"rotation":180,"texture":"#0"},"east":{"uv":[7,7,7.5,8.5],"rotation":90,"texture":"#0"},"south":{"uv":[8.5,6.5,8,7],"texture":"#0"},"west":{"uv":[8,7,8.5,8.5],"rotation":270,"texture":"#0"},"up":{"uv":[8.5,7,9,8.5],"texture":"#0"},"down":{"uv":[7.5,7,8,8.5],"rotation":180,"texture":"#0"}}},{"from":[9.5,-2.725,6.275],"to":[10.5,-1.725,10.275],"rotation":{"angle":45,"axis":"x","origin":[8.5,0,8.5]},"faces":{"north":{"uv":[14.875,9,14.5,8.625],"rotation":180,"texture":"#0"},"east":{"uv":[14.125,9,14.5,10.5],"rotation":90,"texture":"#0"},"south":{"uv":[15.25,8.625,14.875,9],"texture":"#0"},"west":{"uv":[14.875,9,15.25,10.5],"rotation":270,"texture":"#0"},"up":{"uv":[15.25,9,15.625,10.5],"texture":"#0"},"down":{"uv":[14.5,9,14.875,10.5],"rotation":180,"texture":"#0"}}},{"from":[9.3,-4.75,8.175],"to":[10.6333,-2.0834,8.8416],"rotation":{"angle":0,"axis":"y","origin":[5.66665,0.3333,8.3333]},"faces":{"north":{"uv":[10.5,7.5,10,6.5],"rotation":180,"texture":"#0"},"east":{"uv":[9,7.5,10,7.75],"rotation":90,"texture":"#0"},"south":{"uv":[11,6.5,10.5,7.5],"texture":"#0"},"west":{"uv":[10.5,7.5,11.5,7.75],"rotation":270,"texture":"#0"},"up":{"uv":[11.5,7.5,12,7.75],"texture":"#0"},"down":{"uv":[10,7.5,10.5,7.75],"rotation":180,"texture":"#0"}}},{"from":[5.5,-2.725,6.275],"to":[6.5,-1.725,10.275],"rotation":{"angle":45,"axis":"x","origin":[4.5,0,8.5]},"faces":{"north":{"uv":[14.875,9,14.5,8.625],"rotation":180,"texture":"#0"},"east":{"uv":[14.125,9,14.5,10.5],"rotation":90,"texture":"#0"},"south":{"uv":[15.25,8.625,14.875,9],"texture":"#0"},"west":{"uv":[14.875,9,15.25,10.5],"rotation":270,"texture":"#0"},"up":{"uv":[15.25,9,15.625,10.5],"texture":"#0"},"down":{"uv":[14.5,9,14.875,10.5],"rotation":180,"texture":"#0"}}},{"from":[5.3417,0.40889,1.26787],"to":[6.675,1.74219,5.26787],"rotation":{"angle":22.5,"axis":"x","origin":[5.33335,-0.04946,2.81787]},"faces":{"north":{"uv":[8,7,7.5,6.5],"rotation":180,"texture":"#0"},"east":{"uv":[7,7,7.5,8.5],"rotation":90,"texture":"#0"},"south":{"uv":[8.5,6.5,8,7],"texture":"#0"},"west":{"uv":[8,7,8.5,8.5],"rotation":270,"texture":"#0"},"up":{"uv":[8.5,7,9,8.5],"texture":"#0"},"down":{"uv":[7.5,7,8,8.5],"rotation":180,"texture":"#0"}}},{"from":[3.825,-0.89066,18.90922],"to":[6.825,0.10934,22.90922],"rotation":{"angle":45,"axis":"x","origin":[5.325,0.28434,20.55922]},"faces":{"north":{"uv":[11.125,1.5,12.25,1.875],"rotation":180,"texture":"#0"},"east":{"uv":[7,1.5,8.5,1.875],"rotation":180,"texture":"#0"},"south":{"uv":[8.5,1.5,9.625,1.875],"rotation":180,"texture":"#0"},"west":{"uv":[9.625,1.5,11.125,1.875],"rotation":180,"texture":"#0"},"up":{"uv":[10.75,0,9.625,1.5],"texture":"#0"},"down":{"uv":[9.625,1.5,8.5,0],"texture":"#0"}}},{"from":[4.325,-0.50833,13.45834],"to":[6.325,1.49166,18.79167],"rotation":{"angle":0,"axis":"x","origin":[5,1.34166,15.775]},"faces":{"north":{"uv":[13.75,0.75,13,0],"rotation":180,"texture":"#0"},"east":{"uv":[12.25,0.75,13,2.75],"rotation":90,"texture":"#0"},"south":{"uv":[14.5,0,13.75,0.75],"texture":"#0"},"west":{"uv":[13.75,0.75,14.5,2.75],"rotation":270,"texture":"#0"},"up":{"uv":[14.5,0.75,15.25,2.75],"texture":"#0"},"down":{"uv":[13,0.75,13.75,2.75],"rotation":180,"texture":"#0"}}},{"from":[4,0.00837,8.44163],"to":[6.6666,2.67496,13.77496],"rotation":{"angle":22.5,"axis":"x","origin":[5.3333,1.34166,11.1083]},"faces":{"north":{"uv":[2,1,1,0],"rotation":180,"texture":"#0"},"east":{"uv":[0,1,1,3],"rotation":90,"texture":"#0"},"south":{"uv":[3,0,2,1],"texture":"#0"},"west":{"uv":[2,1,3,3],"rotation":270,"texture":"#0"},"up":{"uv":[3,1,4,3],"texture":"#0"},"down":{"uv":[1,1,2,3],"rotation":180,"texture":"#0"}}},{"from":[9.15,-0.89066,18.90922],"to":[12.15,0.10934,22.90922],"rotation":{"angle":45,"axis":"x","origin":[10.65,0.28434,20.55922]},"faces":{"north":{"uv":[11.125,1.5,12.25,1.875],"rotation":180,"texture":"#0"},"east":{"uv":[7,1.5,8.5,1.875],"rotation":180,"texture":"#0"},"south":{"uv":[8.5,1.5,9.625,1.875],"rotation":180,"texture":"#0"},"west":{"uv":[9.625,1.5,11.125,1.875],"rotation":180,"texture":"#0"},"up":{"uv":[10.75,0,9.625,1.5],"texture":"#0"},"down":{"uv":[9.625,1.5,8.5,0],"texture":"#0"}}},{"from":[9.65,-0.50833,13.45834],"to":[11.65,1.49166,18.79167],"rotation":{"angle":0,"axis":"y","origin":[10.325,1.34166,15.775]},"faces":{"north":{"uv":[13.75,0.75,13,0],"rotation":180,"texture":"#0"},"east":{"uv":[12.25,0.75,13,2.75],"rotation":90,"texture":"#0"},"south":{"uv":[14.5,0,13.75,0.75],"texture":"#0"},"west":{"uv":[13.75,0.75,14.5,2.75],"rotation":270,"texture":"#0"},"up":{"uv":[14.5,0.75,15.25,2.75],"texture":"#0"},"down":{"uv":[13,0.75,13.75,2.75],"rotation":180,"texture":"#0"}}},{"from":[9.325,0.00837,8.44163],"to":[11.9916,2.67496,13.77496],"rotation":{"angle":22.5,"axis":"x","origin":[10.6583,1.34166,11.1083]},"faces":{"north":{"uv":[2,1,1,0],"rotation":180,"texture":"#0"},"east":{"uv":[0,1,1,3],"rotation":90,"texture":"#0"},"south":{"uv":[3,0,2,1],"texture":"#0"},"west":{"uv":[2,1,3,3],"rotation":270,"texture":"#0"},"up":{"uv":[3,1,4,3],"texture":"#0"},"down":{"uv":[1,1,2,3],"rotation":180,"texture":"#0"}}},{"from":[7.175,2.65,18.0414],"to":[8.8416,4.3166,19.708],"rotation":{"angle":0,"axis":"y","origin":[0.75,-7.05,-28.3336]},"faces":{"north":{"uv":[12.625,7.125,13.25,7.75],"texture":"#0"},"east":{"uv":[12,7.125,12.625,7.75],"texture":"#0"},"south":{"uv":[13.875,7.125,14.5,7.75],"texture":"#0"},"west":{"uv":[13.25,7.125,13.875,7.75],"texture":"#0"},"up":{"uv":[13.25,7.125,12.625,6.5],"texture":"#0"},"down":{"uv":[13.875,6.5,13.25,7.125],"texture":"#0"}}},{"from":[7.175,2.55,16.3748],"to":[8.8416,4.2166,18.0414],"rotation":{"angle":0,"axis":"y","origin":[0.75,-7.05,-20.5002]},"faces":{"north":{"uv":[12.625,7.125,13.25,7.75],"texture":"#0"},"east":{"uv":[12,7.125,12.625,7.75],"texture":"#0"},"south":{"uv":[13.875,7.125,14.5,7.75],"texture":"#0"},"west":{"uv":[13.25,7.125,13.875,7.75],"texture":"#0"},"up":{"uv":[13.25,7.125,12.625,6.5],"texture":"#0"},"down":{"uv":[13.875,6.5,13.25,7.125],"texture":"#0"}}},{"from":[7.845,4.3166,18.375],"to":[8.1783,4.9832,19.375],"shade":false,"rotation":{"angle":0,"axis":"y","origin":[13.62,-14.5834,-31.565]},"faces":{"north":{"uv":[3.5,0.375,3.375,0.625],"texture":"#0"},"east":{"uv":[3.875,0.375,3.5,0.625],"texture":"#0"},"south":{"uv":[4,0.375,3.875,0.625],"texture":"#0"},"west":{"uv":[3.375,0.375,3,0.625],"texture":"#0"},"up":{"uv":[3.375,0.375,3.5,0],"texture":"#0"},"down":{"uv":[3.5,0,3.625,0.375],"texture":"#0"}}},{"from":[7.845,4.2166,16.71],"to":[8.1783,4.8832,17.71],"shade":false,"rotation":{"angle":0,"axis":"y","origin":[13.62,-14.5834,-22.732]},"faces":{"north":{"uv":[3.5,0.375,3.375,0.625],"texture":"#0"},"east":{"uv":[3.875,0.375,3.5,0.625],"texture":"#0"},"south":{"uv":[4,0.375,3.875,0.625],"texture":"#0"},"west":{"uv":[3.375,0.375,3,0.625],"texture":"#0"},"up":{"uv":[3.375,0.375,3.5,0],"texture":"#0"},"down":{"uv":[3.5,0,3.625,0.375],"texture":"#0"}}},{"from":[7.175,2.45,14.7082],"to":[8.8416,4.1166,16.3748],"rotation":{"angle":0,"axis":"y","origin":[0.75,-7.05,-13.6668]},"faces":{"north":{"uv":[12.625,7.125,13.25,7.75],"texture":"#0"},"east":{"uv":[12,7.125,12.625,7.75],"texture":"#0"},"south":{"uv":[13.875,7.125,14.5,7.75],"texture":"#0"},"west":{"uv":[13.25,7.125,13.875,7.75],"texture":"#0"},"up":{"uv":[13.25,7.125,12.625,6.5],"texture":"#0"},"down":{"uv":[13.875,6.5,13.25,7.125],"texture":"#0"}}},{"from":[7.845,4.1166,15.043],"to":[8.1783,4.7832,16.043],"shade":false,"rotation":{"angle":0,"axis":"y","origin":[13.62,-14.5834,-16.9]},"faces":{"north":{"uv":[3.5,0.375,3.375,0.625],"texture":"#0"},"east":{"uv":[3.875,0.375,3.5,0.625],"texture":"#0"},"south":{"uv":[4,0.375,3.875,0.625],"texture":"#0"},"west":{"uv":[3.375,0.375,3,0.625],"texture":"#0"},"up":{"uv":[3.375,0.375,3.5,0],"texture":"#0"},"down":{"uv":[3.5,0,3.625,0.375],"texture":"#0"}}},{"from":[7.845,4.0166,13.375],"to":[8.1783,4.6832,14.375],"shade":false,"rotation":{"angle":0,"axis":"y","origin":[13.62,-14.5834,-10.065]},"faces":{"north":{"uv":[3.5,0.375,3.375,0.625],"texture":"#0"},"east":{"uv":[3.875,0.375,3.5,0.625],"texture":"#0"},"south":{"uv":[4,0.375,3.875,0.625],"texture":"#0"},"west":{"uv":[3.375,0.375,3,0.625],"texture":"#0"},"up":{"uv":[3.375,0.375,3.5,0],"texture":"#0"},"down":{"uv":[3.5,0,3.625,0.375],"texture":"#0"}}},{"from":[7.175,2.35,13.0416],"to":[8.8416,4.0166,14.7082],"rotation":{"angle":0,"axis":"y","origin":[0.75,-7.05,-6.8334]},"faces":{"north":{"uv":[12.625,7.125,13.25,7.75],"texture":"#0"},"east":{"uv":[12,7.125,12.625,7.75],"texture":"#0"},"south":{"uv":[13.875,7.125,14.5,7.75],"texture":"#0"},"west":{"uv":[13.25,7.125,13.875,7.75],"texture":"#0"},"up":{"uv":[13.25,7.125,12.625,6.5],"texture":"#0"},"down":{"uv":[13.875,6.5,13.25,7.125],"texture":"#0"}}},{"from":[7.175,2.25,11.375],"to":[8.8416,3.9166,13.0416],"rotation":{"angle":0,"axis":"y","origin":[0.75,-7.05,0]},"faces":{"north":{"uv":[12.625,7.125,13.25,7.75],"texture":"#0"},"east":{"uv":[12,7.125,12.625,7.75],"texture":"#0"},"south":{"uv":[13.875,7.125,14.5,7.75],"texture":"#0"},"west":{"uv":[13.25,7.125,13.875,7.75],"texture":"#0"},"up":{"uv":[13.25,7.125,12.625,6.5],"texture":"#0"},"down":{"uv":[13.875,6.5,13.25,7.125],"texture":"#0"}}},{"from":[7.845,3.9166,11.71],"to":[8.1783,4.5832,12.71],"shade":false,"rotation":{"angle":0,"axis":"y","origin":[11.95,-14.5834,-2.4]},"faces":{"north":{"uv":[3.5,0.375,3.375,0.625],"texture":"#0"},"east":{"uv":[3.875,0.375,3.5,0.625],"texture":"#0"},"south":{"uv":[4,0.375,3.875,0.625],"texture":"#0"},"west":{"uv":[3.375,0.375,3,0.625],"texture":"#0"},"up":{"uv":[3.375,0.375,3.5,0],"texture":"#0"},"down":{"uv":[3.5,0,3.625,0.375],"texture":"#0"}}},{"from":[7.175,2.375,26.3664],"to":[8.8416,4.0416,28.033],"rotation":{"angle":0,"axis":"y","origin":[1.01697,3.7416,18.95748]},"faces":{"north":{"uv":[12.625,7.125,13.25,7.75],"texture":"#0"},"east":{"uv":[12,7.125,12.625,7.75],"texture":"#0"},"south":{"uv":[13.875,7.125,14.5,7.75],"texture":"#0"},"west":{"uv":[13.25,7.125,13.875,7.75],"texture":"#0"},"up":{"uv":[13.25,7.125,12.625,6.5],"texture":"#0"},"down":{"uv":[13.875,6.5,13.25,7.125],"texture":"#0"}}},{"from":[7.175,2.45,24.6998],"to":[8.8416,4.1166,26.3664],"rotation":{"angle":0,"axis":"y","origin":[0.75,-7.05,-20.5002]},"faces":{"north":{"uv":[12.625,7.125,13.25,7.75],"texture":"#0"},"east":{"uv":[12,7.125,12.625,7.75],"texture":"#0"},"south":{"uv":[13.875,7.125,14.5,7.75],"texture":"#0"},"west":{"uv":[13.25,7.125,13.875,7.75],"texture":"#0"},"up":{"uv":[13.25,7.125,12.625,6.5],"texture":"#0"},"down":{"uv":[13.875,6.5,13.25,7.125],"texture":"#0"}}},{"from":[7.845,4.0416,26.7],"to":[8.1783,4.7082,27.7],"shade":false,"rotation":{"angle":0,"axis":"y","origin":[1.01697,3.7416,18.95748]},"faces":{"north":{"uv":[3.5,0.375,3.375,0.625],"texture":"#0"},"east":{"uv":[3.875,0.375,3.5,0.625],"texture":"#0"},"south":{"uv":[4,0.375,3.875,0.625],"texture":"#0"},"west":{"uv":[3.375,0.375,3,0.625],"texture":"#0"},"up":{"uv":[3.375,0.375,3.5,0],"texture":"#0"},"down":{"uv":[3.5,0,3.625,0.375],"texture":"#0"}}},{"from":[7.845,4.1166,25.035],"to":[8.1783,4.7832,26.035],"shade":false,"rotation":{"angle":0,"axis":"y","origin":[13.62,-14.5834,-22.732]},"faces":{"north":{"uv":[3.5,0.375,3.375,0.625],"texture":"#0"},"east":{"uv":[3.875,0.375,3.5,0.625],"texture":"#0"},"south":{"uv":[4,0.375,3.875,0.625],"texture":"#0"},"west":{"uv":[3.375,0.375,3,0.625],"texture":"#0"},"up":{"uv":[3.375,0.375,3.5,0],"texture":"#0"},"down":{"uv":[3.5,0,3.625,0.375],"texture":"#0"}}},{"from":[7.175,2.55,23.0332],"to":[8.8416,4.2166,24.6998],"rotation":{"angle":0,"axis":"y","origin":[0.75,-7.05,-13.6668]},"faces":{"north":{"uv":[12.625,7.125,13.25,7.75],"texture":"#0"},"east":{"uv":[12,7.125,12.625,7.75],"texture":"#0"},"south":{"uv":[13.875,7.125,14.5,7.75],"texture":"#0"},"west":{"uv":[13.25,7.125,13.875,7.75],"texture":"#0"},"up":{"uv":[13.25,7.125,12.625,6.5],"texture":"#0"},"down":{"uv":[13.875,6.5,13.25,7.125],"texture":"#0"}}},{"from":[7.845,4.2166,23.368],"to":[8.1783,4.8832,24.368],"shade":false,"rotation":{"angle":0,"axis":"y","origin":[13.62,-14.5834,-16.9]},"faces":{"north":{"uv":[3.5,0.375,3.375,0.625],"texture":"#0"},"east":{"uv":[3.875,0.375,3.5,0.625],"texture":"#0"},"south":{"uv":[4,0.375,3.875,0.625],"texture":"#0"},"west":{"uv":[3.375,0.375,3,0.625],"texture":"#0"},"up":{"uv":[3.375,0.375,3.5,0],"texture":"#0"},"down":{"uv":[3.5,0,3.625,0.375],"texture":"#0"}}},{"from":[7.845,4.3166,21.7],"to":[8.1783,4.9832,22.7],"shade":false,"rotation":{"angle":0,"axis":"y","origin":[13.62,-14.5834,-10.065]},"faces":{"north":{"uv":[3.5,0.375,3.375,0.625],"texture":"#0"},"east":{"uv":[3.875,0.375,3.5,0.625],"texture":"#0"},"south":{"uv":[4,0.375,3.875,0.625],"texture":"#0"},"west":{"uv":[3.375,0.375,3,0.625],"texture":"#0"},"up":{"uv":[3.375,0.375,3.5,0],"texture":"#0"},"down":{"uv":[3.5,0,3.625,0.375],"texture":"#0"}}},{"from":[7.175,2.65,21.3666],"to":[8.8416,4.3166,23.0332],"rotation":{"angle":0,"axis":"y","origin":[0.75,-7.05,-6.8334]},"faces":{"north":{"uv":[12.625,7.125,13.25,7.75],"texture":"#0"},"east":{"uv":[12,7.125,12.625,7.75],"texture":"#0"},"south":{"uv":[13.875,7.125,14.5,7.75],"texture":"#0"},"west":{"uv":[13.25,7.125,13.875,7.75],"texture":"#0"},"up":{"uv":[13.25,7.125,12.625,6.5],"texture":"#0"},"down":{"uv":[13.875,6.5,13.25,7.125],"texture":"#0"}}},{"from":[7.175,2.75,19.7],"to":[8.8416,4.4166,21.3666],"rotation":{"angle":0,"axis":"y","origin":[0.75,-7.05,0]},"faces":{"north":{"uv":[12.625,7.125,13.25,7.75],"texture":"#0"},"east":{"uv":[12,7.125,12.625,7.75],"texture":"#0"},"south":{"uv":[13.875,7.125,14.5,7.75],"texture":"#0"},"west":{"uv":[13.25,7.125,13.875,7.75],"texture":"#0"},"up":{"uv":[13.25,7.125,12.625,6.5],"texture":"#0"},"down":{"uv":[13.875,6.5,13.25,7.125],"texture":"#0"}}},{"from":[7.845,4.4166,20.035],"to":[8.1783,5.0832,21.035],"shade":false,"rotation":{"angle":0,"axis":"y","origin":[11.95,-14.5834,-2.4]},"faces":{"north":{"uv":[3.5,0.375,3.375,0.625],"texture":"#0"},"east":{"uv":[3.875,0.375,3.5,0.625],"texture":"#0"},"south":{"uv":[4,0.375,3.875,0.625],"texture":"#0"},"west":{"uv":[3.375,0.375,3,0.625],"texture":"#0"},"up":{"uv":[3.375,0.375,3.5,0],"texture":"#0"},"down":{"uv":[3.5,0,3.625,0.375],"texture":"#0"}}},{"from":[7.175,2.3,28.0248],"to":[8.8416,3.9666,29.6914],"rotation":{"angle":0,"axis":"y","origin":[1.01697,3.7166,18.95748]},"faces":{"north":{"uv":[12.625,7.125,13.25,7.75],"texture":"#0"},"east":{"uv":[12,7.125,12.625,7.75],"texture":"#0"},"south":{"uv":[13.875,7.125,14.5,7.75],"texture":"#0"},"west":{"uv":[13.25,7.125,13.875,7.75],"texture":"#0"},"up":{"uv":[13.25,7.125,12.625,6.5],"texture":"#0"},"down":{"uv":[13.875,6.5,13.25,7.125],"texture":"#0"}}},{"from":[7.175,2.225,29.6914],"to":[8.8416,3.8916,31.358],"rotation":{"angle":0,"axis":"y","origin":[1.01697,3.6916,18.95748]},"faces":{"north":{"uv":[12.625,7.125,13.25,7.75],"texture":"#0"},"east":{"uv":[12,7.125,12.625,7.75],"texture":"#0"},"south":{"uv":[13.875,7.125,14.5,7.75],"texture":"#0"},"west":{"uv":[13.25,7.125,13.875,7.75],"texture":"#0"},"up":{"uv":[13.25,7.125,12.625,6.5],"texture":"#0"},"down":{"uv":[13.875,6.5,13.25,7.125],"texture":"#0"}}},{"from":[7.845,3.8916,30.025],"to":[8.1783,4.5582,31.025],"shade":false,"rotation":{"angle":0,"axis":"y","origin":[1.01697,3.6916,18.95748]},"faces":{"north":{"uv":[3.5,0.375,3.375,0.625],"texture":"#0"},"east":{"uv":[3.875,0.375,3.5,0.625],"texture":"#0"},"south":{"uv":[4,0.375,3.875,0.625],"texture":"#0"},"west":{"uv":[3.375,0.375,3,0.625],"texture":"#0"},"up":{"uv":[3.375,0.375,3.5,0],"texture":"#0"},"down":{"uv":[3.5,0,3.625,0.375],"texture":"#0"}}},{"from":[7.845,3.9666,28.36],"to":[8.1783,4.6332,29.36],"shade":false,"rotation":{"angle":0,"axis":"y","origin":[1.01697,3.7166,18.95748]},"faces":{"north":{"uv":[3.5,0.375,3.375,0.625],"texture":"#0"},"east":{"uv":[3.875,0.375,3.5,0.625],"texture":"#0"},"south":{"uv":[4,0.375,3.875,0.625],"texture":"#0"},"west":{"uv":[3.375,0.375,3,0.625],"texture":"#0"},"up":{"uv":[3.375,0.375,3.5,0],"texture":"#0"},"down":{"uv":[3.5,0,3.625,0.375],"texture":"#0"}}}],"display":{"thirdperson_righthand":{"rotation":[50,50,0],"translation":[-4.25,10.5,1.5]},"thirdperson_lefthand":{"rotation":[50,50,0],"translation":[-3.75,7.25,0.5],"scale":[0.5,0.5,0.5]},"firstperson_righthand":{"rotation":[10,115,-10],"translation":[2.5,8.5,0],"scale":[0.5,0.5,0.5]},"firstperson_lefthand":{"rotation":[10,115,-10],"translation":[2.5,8.5,0],"scale":[0.5,0.5,0.5]},"ground":{"translation":[0,15,0],"scale":[1.8,1.8,1.8]},"gui":{"rotation":[25,135,0],"translation":[0,3,0],"scale":[0.48,0.48,0.48]},"head":{"translation":[0,47,-2],"scale":[3,3,3]},"fixed":{"rotation":[-90,0,0],"translation":[0,0,-57],"scale":[4,4,4]}}}