{"credit":"Made by Vega_Senpai","textures":{"1":"item/endermite_spawn_egg"},"elements":[{"name":"bodyPart_0","from":[6,0,3.5],"to":[10,3,5.5],"shade":false,"rotation":{"angle":0,"axis":"y","origin":[0,8,16]},"faces":{"north":{"uv":[0.5,1,1.5,2.5],"texture":"#1"},"east":{"uv":[0,1,0.5,2.5],"texture":"#1"},"south":{"uv":[2,1,3,2.5],"texture":"#1"},"west":{"uv":[1.5,1,2,2.5],"texture":"#1"},"up":{"uv":[1.5,1,0.5,0],"texture":"#1"},"down":{"uv":[2.5,0,1.5,1],"texture":"#1"}}},{"name":"bodyPart_1","from":[5,0,5.5],"to":[11,4,10.5],"shade":false,"rotation":{"angle":0,"axis":"y","origin":[0,8,16]},"faces":{"north":{"uv":[1.25,5,2.75,7],"texture":"#1"},"east":{"uv":[0,5,1.25,7],"texture":"#1"},"south":{"uv":[4,5,5.5,7],"texture":"#1"},"west":{"uv":[2.75,5,4,7],"texture":"#1"},"up":{"uv":[2.75,5,1.25,2.5],"texture":"#1"},"down":{"uv":[4.25,2.5,2.75,5],"texture":"#1"}}},{"name":"bodyPart_2","from":[6.5,0,10.5],"to":[9.5,3,11.5],"shade":false,"rotation":{"angle":0,"axis":"y","origin":[0,8,16]},"faces":{"north":{"uv":[0.25,7.5,1,9],"texture":"#1"},"east":{"uv":[0,7.5,0.25,9],"texture":"#1"},"south":{"uv":[1.25,7.5,2,9],"texture":"#1"},"west":{"uv":[1,7.5,1.25,9],"texture":"#1"},"up":{"uv":[1,7.5,0.25,7],"texture":"#1"},"down":{"uv":[1.75,7,1,7.5],"texture":"#1"}}},{"name":"bodyPart_3","from":[7.5,0,11.5],"to":[8.5,2,12.5],"shade":false,"rotation":{"angle":0,"axis":"y","origin":[0,8,16]},"faces":{"north":{"uv":[0.25,9.5,0.5,10.5],"texture":"#1"},"east":{"uv":[0,9.5,0.25,10.5],"texture":"#1"},"south":{"uv":[0.75,9.5,1,10.5],"texture":"#1"},"west":{"uv":[0.5,9.5,0.75,10.5],"texture":"#1"},"up":{"uv":[0.5,9.5,0.25,9],"texture":"#1"},"down":{"uv":[0.75,9,0.5,9.5],"texture":"#1"}}}],"display":{"thirdperson_righthand":{"rotation":[50,67,0],"translation":[0,1.75,1.5],"scale":[0.3,0.3,0.3]},"thirdperson_lefthand":{"rotation":[50,67,0],"translation":[0,1.75,1.5],"scale":[0.3,0.3,0.3]},"firstperson_righthand":{"rotation":[10,115,-10],"translation":[2,5.25,0],"scale":[0.5,0.5,0.5]},"firstperson_lefthand":{"rotation":[10,115,-10],"translation":[2,5.25,0],"scale":[0.5,0.5,0.5]},"ground":{"translation":[0,1.5,0],"scale":[0.35,0.35,0.35]},"gui":{"rotation":[20,135,0],"translation":[-0.25,5.75,0],"scale":[1.1,1.1,1.1]},"head":{"translation":[0,10.4,0],"scale":[0.5,0.5,0.5]},"fixed":{"rotation":[-90,0,0],"translation":[0,0,-8]}}}