{"credit":"Made with Blockbench","textureSize":[32,32],"texture":"block/gabel","models":[{"part":"body","id":"body","invertAxis":"xy","translate":[0,-27,0],"submodels":[{"id":"bone","invertAxis":"xy","translate":[0,20.38889,0],"rotate":[0,-90,0],"boxes":[{"coordinates":[-2.5,4.61111,-0.5,5,2,1],"textureOffset":[8,0]},{"coordinates":[-1.5,3.61111,-0.5,3,1,1],"textureOffset":[8,3]},{"coordinates":[-0.5,-1.38889,-0.5,1,5,1],"textureOffset":[8,5]},{"coordinates":[-1.5,-19.38889,-0.5,3,16,1],"textureOffset":[0,0]},{"coordinates":[-1,-20.38889,-0.5,2,1,1],"textureOffset":[12,5]},{"coordinates":[-1,-3.38889,-0.5,2,2,1],"textureOffset":[8,11]},{"coordinates":[-2.5,6.61111,-0.5,1,2,1],"textureOffset":[8,14]},{"coordinates":[-0.5,6.61111,-0.5,1,2,1],"textureOffset":[8,14]},{"coordinates":[1.5,6.61111,-0.5,1,2,1],"textureOffset":[8,14]}],"submodels":[{"id":"fork2","invertAxis":"xy","translate":[-2,9.81111,-0.5],"rotate":[-22.5,0,0],"boxes":[{"coordinates":[-0.5,-1.5,-0.5,1,3,1],"textureOffset":[12,7]},{"coordinates":[1.5,-1.5,-0.5,1,3,1],"textureOffset":[12,7]},{"coordinates":[3.5,-1.5,-0.5,1,3,1],"textureOffset":[12,7]}]}]}]},{"part":"base","id":"base","invertAxis":"xy","translate":[0,-27,0]},{"part":"left_spike","id":"left_spike","invertAxis":"xy","translate":[0,-27,0]},{"part":"middle_spike","id":"middle_spike","invertAxis":"xy","translate":[0,-27,0]},{"part":"right_spike","id":"right_spike","invertAxis":"xy","mirrorTexture":"u","translate":[0,-27,0]},{"part":"root","id":"root","invertAxis":"xy","translate":[0,0,0]}]}