{"credit":"Made with Vega_Senpai","textures":{"0":"item/ghast_spawn_egg"},"elements":[{"name":"tentacles_0","from":[1.2,-3,-3],"to":[3.2,6,-1],"shade":false,"rotation":{"angle":-22.5,"axis":"x","origin":[14,13,11]},"faces":{"north":{"uv":[0.5,1,1,5.5],"texture":"#0"},"east":{"uv":[0,1,0.5,5.5],"texture":"#0"},"south":{"uv":[1.5,1,2,5.5],"texture":"#0"},"west":{"uv":[1,1,1.5,5.5],"texture":"#0"},"up":{"uv":[0.5,0,1,1],"texture":"#0"},"down":{"uv":[1,0,1.5,1],"texture":"#0"}}},{"name":"tentacles_1","from":[6.3,-6,-2],"to":[8.3,5,0],"shade":false,"rotation":{"angle":-22.5,"axis":"x","origin":[14,12,12]},"faces":{"north":{"uv":[0.5,1,1,6.5],"texture":"#0"},"east":{"uv":[0,1,0.5,6.5],"texture":"#0"},"south":{"uv":[1.5,1,2,6.5],"texture":"#0"},"west":{"uv":[1,1,1.5,6.5],"texture":"#0"},"up":{"uv":[0.5,0,1,1],"texture":"#0"},"down":{"uv":[1,0,1.5,1],"texture":"#0"}}},{"name":"tentacles_2","from":[11.3,-3,-2],"to":[13.3,5,0],"shade":false,"rotation":{"angle":-22.5,"axis":"x","origin":[14,12,12]},"faces":{"north":{"uv":[0.5,1,1,5],"texture":"#0"},"east":{"uv":[0,1,0.5,5],"texture":"#0"},"south":{"uv":[1.5,1,2,5],"texture":"#0"},"west":{"uv":[1,1,1.5,5],"texture":"#0"},"up":{"uv":[0.5,0,1,1],"texture":"#0"},"down":{"uv":[1,0,1.5,1],"texture":"#0"}}},{"name":"tentacles_3","from":[3.7,-6,4],"to":[5.7,3,6],"shade":false,"rotation":{"angle":-22.5,"axis":"x","origin":[19,10,13]},"faces":{"north":{"uv":[0.5,3.5,1,8],"texture":"#0"},"east":{"uv":[0,1,0.5,5.5],"texture":"#0"},"south":{"uv":[1.5,1,2,5.5],"texture":"#0"},"west":{"uv":[1,1,1.5,5.5],"texture":"#0"},"up":{"uv":[0.5,0,1,1],"texture":"#0"},"down":{"uv":[1,0,1.5,1],"texture":"#0"}}},{"name":"tentacles_4","from":[8.7,-8,-2],"to":[10.7,5,0],"shade":false,"rotation":{"angle":-45,"axis":"x","origin":[19,12,7]},"faces":{"north":{"uv":[0.5,1,1,7.5],"texture":"#0"},"east":{"uv":[0,1,0.5,7.5],"texture":"#0"},"south":{"uv":[1.5,1,2,7.5],"texture":"#0"},"west":{"uv":[1,1,1.5,7.5],"texture":"#0"},"up":{"uv":[0.5,0,1,1],"texture":"#0"},"down":{"uv":[1,0,1.5,1],"texture":"#0"}}},{"name":"tentacles_5","from":[13.8,-8,3],"to":[15.8,3,5],"shade":false,"rotation":{"angle":-22.5,"axis":"x","origin":[19,10,12]},"faces":{"north":{"uv":[0.5,1,1,6.5],"texture":"#0"},"east":{"uv":[0,1,0.5,6.5],"texture":"#0"},"south":{"uv":[1.5,1,2,6.5],"texture":"#0"},"west":{"uv":[1,1,1.5,6.5],"texture":"#0"},"up":{"uv":[0.5,0,1,1],"texture":"#0"},"down":{"uv":[1,0,1.5,1],"texture":"#0"}}},{"name":"tentacles_6","from":[1.2,-11,6],"to":[3.2,1,8],"shade":false,"rotation":{"angle":-45,"axis":"x","origin":[14,8,10]},"faces":{"north":{"uv":[0.5,1,1,7],"texture":"#0"},"east":{"uv":[0,1,0.5,7],"texture":"#0"},"south":{"uv":[1.5,1,2,7],"texture":"#0"},"west":{"uv":[1,1,1.5,7],"texture":"#0"},"up":{"uv":[0.5,0,1,1],"texture":"#0"},"down":{"uv":[1,0,1.5,1],"texture":"#0"}}},{"name":"tentacles_7","from":[6.3,-11,9],"to":[8.3,1,11],"shade":false,"rotation":{"angle":-22.5,"axis":"x","origin":[14,8,13]},"faces":{"north":{"uv":[0.5,1,1,7],"texture":"#0"},"east":{"uv":[0,1,0.5,7],"texture":"#0"},"south":{"uv":[1.5,1,2,7],"texture":"#0"},"west":{"uv":[1,1,1.5,7],"texture":"#0"},"up":{"uv":[0.5,0,1,1],"texture":"#0"},"down":{"uv":[1,0,1.5,1],"texture":"#0"}}},{"name":"tentacles_8","from":[10.3,-12,6],"to":[12.3,1,8],"shade":false,"rotation":{"angle":-45,"axis":"x","origin":[13,8,10]},"faces":{"north":{"uv":[0.5,1,1,7.5],"texture":"#0"},"east":{"uv":[0,1,0.5,7.5],"texture":"#0"},"south":{"uv":[1.5,1,2,7.5],"texture":"#0"},"west":{"uv":[1,1,1.5,7.5],"texture":"#0"},"up":{"uv":[0.5,0,1,1],"texture":"#0"},"down":{"uv":[1,0,1.5,1],"texture":"#0"}}},{"name":"body","from":[0,0,0],"to":[16,16,16],"shade":false,"rotation":{"angle":0,"axis":"x","origin":[16,8,16]},"faces":{"north":{"uv":[4,8,8,16],"texture":"#0"},"east":{"uv":[0,8,4,16],"texture":"#0"},"south":{"uv":[12,8,16,16],"texture":"#0"},"west":{"uv":[8,8,12,16],"texture":"#0"},"up":{"uv":[8,8,4,0],"texture":"#0"},"down":{"uv":[8,0,12,8],"texture":"#0"}}}],"display":{"thirdperson_righthand":{"rotation":[50,50,0],"translation":[0,4,-1],"scale":[0.5,0.5,0.5]},"thirdperson_lefthand":{"rotation":[50,50,0],"translation":[0,4,-1],"scale":[0.5,0.5,0.5]},"firstperson_righthand":{"rotation":[10,115,-10],"translation":[0,5,0],"scale":[0.4,0.4,0.4]},"firstperson_lefthand":{"rotation":[10,115,-10],"translation":[0,5,0],"scale":[0.4,0.4,0.4]},"ground":{"translation":[0,15,0]},"gui":{"rotation":[25,135,0],"translation":[0,1.25,0],"scale":[0.5,0.5,0.5]},"head":{"translation":[0,37,0],"scale":[1.5,1.5,1.5]},"fixed":{"rotation":[-90,0,0],"translation":[0,0,-80],"scale":[4,4,4]}}}