{"credit":"Made by Vega_Senpai","ambientocclusion":false,"textures":{"0":"item/goat_spawn_egg"},"elements":[{"from":[3.5,0,0],"to":[12.5,11,16],"faces":{"north":{"uv":[4.25,4.25,6.5,7],"texture":"#0"},"east":{"uv":[0.25,4.25,4.25,7],"texture":"#0"},"south":{"uv":[10.5,4.25,12.75,7],"texture":"#0"},"west":{"uv":[6.5,4.25,10.5,7],"texture":"#0"},"up":{"uv":[6.5,4.25,4.25,0.25],"texture":"#0"},"down":{"uv":[8.75,0.25,6.5,4.25],"texture":"#0"}}},{"from":[8.5,-6,1],"to":[11.5,4,4],"faces":{"north":{"uv":[9.5,1.25,10.25,3.75],"texture":"#0"},"east":{"uv":[8.75,1.25,9.5,3.75],"texture":"#0"},"south":{"uv":[11,1.25,11.75,3.75],"texture":"#0"},"west":{"uv":[10.25,1.25,11,3.75],"texture":"#0"},"up":{"uv":[10.25,1.25,9.5,0.5],"texture":"#0"},"down":{"uv":[11,0.5,10.25,1.25],"texture":"#0"}}},{"from":[4.5,-6,1],"to":[7.5,4,4],"faces":{"north":{"uv":[13,1.25,13.75,3.75],"texture":"#0"},"east":{"uv":[12.25,1.25,13,3.75],"texture":"#0"},"south":{"uv":[14.5,1.25,15.25,3.75],"texture":"#0"},"west":{"uv":[13.75,1.25,14.5,3.75],"texture":"#0"},"up":{"uv":[13.75,1.25,13,0.5],"texture":"#0"},"down":{"uv":[14.5,0.5,13.75,1.25],"texture":"#0"}}},{"from":[8.5,-6,12],"to":[11.5,0,15],"faces":{"north":{"uv":[9.75,8,10.5,9.5],"texture":"#0"},"east":{"uv":[9,8,9.75,9.5],"texture":"#0"},"south":{"uv":[11.25,8,12,9.5],"texture":"#0"},"west":{"uv":[10.5,8,11.25,9.5],"texture":"#0"},"up":{"uv":[10.5,8,9.75,7.25],"texture":"#0"},"down":{"uv":[11.25,7.25,10.5,8],"texture":"#0"}}},{"from":[4.5,-6,12],"to":[7.5,0,15],"faces":{"north":{"uv":[13,8,13.75,9.5],"texture":"#0"},"east":{"uv":[12.25,8,13,9.5],"texture":"#0"},"south":{"uv":[14.5,8,15.25,9.5],"texture":"#0"},"west":{"uv":[13.75,8,14.5,9.5],"texture":"#0"},"up":{"uv":[13.75,8,13,7.25],"texture":"#0"},"down":{"uv":[14.5,7.25,13.75,8],"texture":"#0"}}},{"from":[2.5,-2,-1],"to":[13.5,12,-0.99],"rotation":{"angle":0,"axis":"y","origin":[0,0,2]},"faces":{"north":{"uv":[2.75,9.75,5.5,13.25],"texture":"#0"},"south":{"uv":[5.5,9.75,2.75,13.25],"texture":"#0"}}},{"from":[2.5,12,-1],"to":[13.5,11.99,10],"faces":{"up":{"uv":[5.5,9.75,2.75,7],"texture":"#0"},"down":{"uv":[5.5,7,2.75,9.75],"texture":"#0"}}},{"from":[2.5,-2,9.99],"to":[13.5,12,10],"rotation":{"angle":0,"axis":"y","origin":[0,0,-4.01]},"faces":{"north":{"uv":[11,9.75,8.25,13.25],"texture":"#0"},"south":{"uv":[8.25,9.75,11,13.25],"texture":"#0"}}},{"from":[2.5,-2,-1],"to":[2.51,12,10],"rotation":{"angle":0,"axis":"y","origin":[3,0,0]},"faces":{"east":{"uv":[8.25,9.75,5.5,13.25],"texture":"#0"},"west":{"uv":[5.5,9.75,8.25,13.25],"texture":"#0"}}},{"from":[13.49,-2,-1],"to":[13.5,12,10],"rotation":{"angle":0,"axis":"y","origin":[-3.01,0,0]},"faces":{"east":{"uv":[0,9.75,2.75,13.25],"texture":"#0"},"west":{"uv":[2.75,9.75,0,13.25],"texture":"#0"}}},{"from":[5.5,6.2,-0.2],"to":[10.5,13.2,9.8],"rotation":{"angle":-45,"axis":"x","origin":[0,0,0]},"faces":{"north":{"uv":[11,14,12.25,15.75],"texture":"#0"},"east":{"uv":[8.5,14,11,15.75],"texture":"#0"},"south":{"uv":[14.75,14,16,15.75],"texture":"#0"},"west":{"uv":[12.25,14,14.75,15.75],"texture":"#0"},"up":{"uv":[12.25,14,11,11.5],"texture":"#0"},"down":{"uv":[13.5,11.5,12.25,14],"texture":"#0"}}},{"from":[5.55,13.3,-2.3],"to":[7.55,20.3,-0.3],"faces":{"north":{"uv":[3.5,14.25,4,16],"texture":"#0"},"east":{"uv":[3,14.25,3.5,16],"texture":"#0"},"south":{"uv":[4.5,14.25,5,16],"texture":"#0"},"west":{"uv":[4,14.25,4.5,16],"texture":"#0"},"up":{"uv":[4,14.25,3.5,13.75],"texture":"#0"},"down":{"uv":[4.5,13.75,4,14.25],"texture":"#0"}}},{"from":[8.45,13.3,-2.3],"to":[10.45,20.3,-0.3],"faces":{"north":{"uv":[3.5,14.25,4,16],"texture":"#0"},"east":{"uv":[3,14.25,3.5,16],"texture":"#0"},"south":{"uv":[4.5,14.25,5,16],"texture":"#0"},"west":{"uv":[4,14.25,4.5,16],"texture":"#0"},"up":{"uv":[4,14.25,3.5,13.75],"texture":"#0"},"down":{"uv":[4.5,13.75,4,14.25],"texture":"#0"}}},{"from":[10.5,13.35,-2.75],"to":[13.5,15.35,-1.75],"faces":{"north":{"uv":[0.75,15.5,1.5,16],"texture":"#0"},"east":{"uv":[0.5,15.5,0.75,16],"texture":"#0"},"south":{"uv":[1.75,15.5,2.5,16],"texture":"#0"},"west":{"uv":[1.5,15.5,1.75,16],"texture":"#0"},"up":{"uv":[1.5,15.5,0.75,15.25],"texture":"#0"},"down":{"uv":[2.25,15.25,1.5,15.5],"texture":"#0"}}},{"from":[2.5,13.25,-2.75],"to":[5.5,15.25,-1.75],"faces":{"north":{"uv":[0.75,15.5,1.5,16],"texture":"#0"},"east":{"uv":[0.5,15.5,0.75,16],"texture":"#0"},"south":{"uv":[1.75,15.5,2.5,16],"texture":"#0"},"west":{"uv":[1.5,15.5,1.75,16],"texture":"#0"},"up":{"uv":[1.5,15.5,0.75,15.25],"texture":"#0"},"down":{"uv":[2.25,15.25,1.5,15.5],"texture":"#0"}}},{"from":[8,0.6,-7.9],"to":[8.01,7.6,-2.9],"faces":{"west":{"uv":[7,14.25,8.25,16],"texture":"#0"}}},{"from":[8,0.6,-7.9],"to":[8.01,7.6,-2.9],"faces":{"east":{"uv":[5.75,14.25,7,16],"texture":"#0"}}}],"display":{"thirdperson_righthand":{"rotation":[45,45,0],"translation":[-0.75,1.25,-0.5],"scale":[0.3,0.3,0.3]},"thirdperson_lefthand":{"rotation":[45,45,0],"translation":[-0.75,1.25,-0.5],"scale":[0.3,0.3,0.3]},"firstperson_righthand":{"rotation":[0,115,0],"translation":[2,4,0],"scale":[0.35,0.35,0.35]},"firstperson_lefthand":{"rotation":[0,115,0],"translation":[2,4,0],"scale":[0.35,0.35,0.35]},"ground":{"translation":[0,3,0],"scale":[0.3,0.3,0.3]},"gui":{"rotation":[25,134,0],"translation":[1.25,1.75,0],"scale":[0.6,0.6,0.6]},"head":{"translation":[0,13.5,0],"scale":[0.5,0.5,0.5]},"fixed":{"rotation":[-90,0,0],"translation":[0,0,-14]}}}