{"parent":"minecraft:item/handheld","textures":{"layer0":"minecraft:item/iron_axe"},"overrides":[{"predicate":{"custom_model_data":10000},"model":"fantasy_weapons:item/black_iron_greataxe"},{"predicate":{"custom_model_data":10001},"model":"fantasy_weapons:item/viridian_greataxe"},{"predicate":{"custom_model_data":10002},"model":"fantasy_weapons:item/crescent_greataxe"},{"predicate":{"custom_model_data":10003},"model":"fantasy_weapons:item/berserkers_greataxe"},{"predicate":{"custom_model_data":10004},"model":"fantasy_weapons:item/berserkers_cleaver"},{"predicate":{"custom_model_data":10005},"model":"fantasy_weapons:item/revenants_gravescepter"},{"predicate":{"custom_model_data":10006},"model":"fantasy_weapons:item/crystal_frostscythe"},{"predicate":{"custom_model_data":10007},"model":"fantasy_weapons:item/black_iron_clobberer"},{"predicate":{"custom_model_data":10008},"model":"fantasy_weapons:item/revenants_gravecleaver"},{"predicate":{"custom_model_data":10009},"model":"fantasy_weapons:item/gloomsteel_greataxe"},{"predicate":{"custom_model_data":10010},"model":"fantasy_weapons:item/emerald_greatcleaver"},{"predicate":{"custom_model_data":10011},"model":"fantasy_weapons:item/sacrificial_cleaver"},{"predicate":{"custom_model_data":10012},"model":"fantasy_weapons:item/crimson_cleaver"},{"predicate":{"custom_model_data":10013},"model":"fantasy_weapons:item/skeleton_axe"},{"predicate":{"custom_model_data":10014},"model":"fantasy_weapons:item/treacherous_cleaver"},{"predicate":{"custom_model_data":10015},"model":"fantasy_weapons:item/iron_mace"},{"predicate":{"custom_model_data":10016},"model":"fantasy_weapons:item/iron_sai"},{"predicate":{"custom_model_data":10017},"model":"fantasy_weapons:item/iron_greataxe"},{"predicate":{"custom_model_data":10018},"model":"fantasy_weapons:item/iron_polearm"},{"predicate":{"custom_model_data":10019},"model":"fantasy_weapons:item/iron_halberd"},{"predicate":{"custom_model_data":10020},"model":"fantasy_weapons:item/iron_battle_axe"},{"predicate":{"custom_model_data":10021},"model":"item/iron_axe"}]}