{"credit":"Made by Vega_Senpai","texture_size":[128,128],"textures":{"0":"item/iron_golem_spawn_egg"},"elements":[{"name":"body","from":[-1,5,2],"to":[17,17,13],"shade":false,"faces":{"north":{"uv":[3.625,6.375,1.375,7.875],"texture":"#0"},"east":{"uv":[5,6.375,3.625,7.875],"texture":"#0"},"south":{"uv":[7.25,6.375,5,7.875],"texture":"#0"},"west":{"uv":[1.375,6.375,0,7.875],"texture":"#0"},"up":{"uv":[1.375,6.375,3.625,5],"texture":"#0"},"down":{"uv":[3.625,5,5.875,6.375],"texture":"#0"}}},{"name":"body","from":[3,-0.5,4.5],"to":[13,5.5,11.5],"shade":false,"faces":{"north":{"uv":[1.875,9.5,0.75,10.125],"texture":"#0"},"east":{"uv":[2.625,9.5,1.875,10.125],"texture":"#0"},"south":{"uv":[3.75,9.5,2.625,10.125],"texture":"#0"},"west":{"uv":[0.75,9.5,0,10.125],"texture":"#0"},"up":{"uv":[0.75,9.5,1.875,8.75],"texture":"#0"},"down":{"uv":[1.875,8.75,3,9.5],"texture":"#0"}}},{"name":"head","from":[4,17,0.5],"to":[12,27,8.5],"shade":false,"faces":{"north":{"uv":[2,1,1,2.25],"texture":"#0"},"east":{"uv":[3,1,2,2.25],"texture":"#0"},"south":{"uv":[4,1,3,2.25],"texture":"#0"},"west":{"uv":[1,1,0,2.25],"texture":"#0"},"up":{"uv":[1,1,2,0],"texture":"#0"},"down":{"uv":[2,0,3,1],"texture":"#0"}}},{"name":"head","from":[7,17,-1.5],"to":[9,21,0.5],"shade":false,"faces":{"north":{"uv":[3.5,0.25,3.25,0.75],"texture":"#0"},"east":{"uv":[3.75,0.25,3.5,0.75],"texture":"#0"},"south":{"uv":[4,0.25,3.75,0.75],"texture":"#0"},"west":{"uv":[3.25,0.25,3,0.75],"texture":"#0"},"up":{"uv":[3.25,0.25,3.5,0],"texture":"#0"},"down":{"uv":[3.5,0,3.75,0.25],"texture":"#0"}}},{"name":"arm0","from":[-5,-12.5,5],"to":[-1,17.5,11],"shade":false,"faces":{"north":{"uv":[8.75,3.375,8.25,7.125],"texture":"#0"},"east":{"uv":[9.5,3.375,8.75,7.125],"texture":"#0"},"south":{"uv":[10,3.375,9.5,7.125],"texture":"#0"},"west":{"uv":[8.25,3.375,7.5,7.125],"texture":"#0"},"up":{"uv":[8.25,3.375,8.75,2.625],"texture":"#0"},"down":{"uv":[8.75,2.625,9.25,3.375],"texture":"#0"}}},{"name":"arm1","from":[17,-12.5,5],"to":[21,17.5,11],"shade":false,"faces":{"north":{"uv":[8.75,8,8.25,11.75],"texture":"#0"},"east":{"uv":[9.5,8,8.75,11.75],"texture":"#0"},"south":{"uv":[10,8,9.5,11.75],"texture":"#0"},"west":{"uv":[8.25,8,7.5,11.75],"texture":"#0"},"up":{"uv":[8.25,8,8.75,7.25],"texture":"#0"},"down":{"uv":[8.75,7.25,9.25,8],"texture":"#0"}}},{"name":"leg0","from":[0.5,-16,5],"to":[6.5,0,10],"shade":false,"faces":{"north":{"uv":[6,0.625,5.25,2.625],"texture":"#0"},"east":{"uv":[6.625,0.625,6,2.625],"texture":"#0"},"south":{"uv":[7.375,0.625,6.625,2.625],"texture":"#0"},"west":{"uv":[5.25,0.625,4.625,2.625],"texture":"#0"},"up":{"uv":[5.25,0.625,6,0],"texture":"#0"},"down":{"uv":[6,0,6.75,0.625],"texture":"#0"}}},{"name":"leg1","from":[9.5,-16,5],"to":[15.5,0,10],"faces":{"north":{"uv":[8.125,0.625,8.875,2.625],"texture":"#0"},"east":{"uv":[7.5,0.625,8.125,2.625],"texture":"#0"},"south":{"uv":[9.5,0.625,10.25,2.625],"texture":"#0"},"west":{"uv":[8.875,0.625,9.5,2.625],"texture":"#0"},"up":{"uv":[8.875,0.625,8.125,0],"texture":"#0"},"down":{"uv":[9.625,0,8.875,0.625],"texture":"#0"}}}],"display":{"thirdperson_righthand":{"rotation":[50,50,0],"translation":[0.25,4.5,3.75],"scale":[0.3,0.3,0.3]},"thirdperson_lefthand":{"rotation":[50,50,0],"translation":[0.25,4.5,3.75],"scale":[0.3,0.3,0.3]},"firstperson_righthand":{"rotation":[-172.13,67.97,175.36],"translation":[2,5.5,0],"scale":[0.3,0.3,0.3]},"firstperson_lefthand":{"rotation":[-172.13,67.97,175.36],"translation":[2,5.5,0],"scale":[0.3,0.3,0.3]},"ground":{"translation":[0,6.5,0],"scale":[0.3,0.3,0.3]},"gui":{"rotation":[20,135,0],"translation":[0,1,0],"scale":[0.35,0.35,0.35]},"head":{"translation":[0,18.4,0],"scale":[0.5,0.5,0.5]},"fixed":{"rotation":[-90,0,0],"translation":[0,0,-24]}}}