{"parent":"minecraft:item/handheld","textures":{"layer0":"minecraft:item/iron_sword"},"overrides":[{"predicate":{"custom_model_data":10000},"model":"disney:item/weapons/makini_staff"},{"predicate":{"custom_model_data":10001},"model":"disney:item/weapons/rafiki_staff"},{"predicate":{"custom_model_data":10002},"model":"disney:item/weapons/mickey_glove"},{"predicate":{"custom_model_data":10003},"model":"disney:item/weapons/maui_fishhook"},{"predicate":{"custom_model_data":10004},"model":"disney:item/weapons/hooks_sword"},{"predicate":{"custom_model_data":10005},"model":"disney:item/weapons/pan_dagger"},{"predicate":{"custom_model_data":10006},"model":"disney:item/weapons/frying_pan"},{"predicate":{"custom_model_data":10008},"model":"fantasy_weapons:item/phantomguard_greatsword"},{"predicate":{"custom_model_data":10009},"model":"fantasy_weapons:item/heavenly_partisan"},{"predicate":{"custom_model_data":10010},"model":"fantasy_weapons:item/valhakyra"},{"predicate":{"custom_model_data":10011},"model":"fantasy_weapons:item/black_iron_greatsword"},{"predicate":{"custom_model_data":10012},"model":"fantasy_weapons:item/phantomguard_partisan"},{"predicate":{"custom_model_data":10013},"model":"fantasy_weapons:item/talonbrand"},{"predicate":{"custom_model_data":10014},"model":"fantasy_weapons:item/windreaper"},{"predicate":{"custom_model_data":10015},"model":"fantasy_weapons:item/crystal_frostblade"},{"predicate":{"custom_model_data":10016},"model":"fantasy_weapons:item/lycanbane"},{"predicate":{"custom_model_data":10017},"model":"fantasy_weapons:item/grand_claymore"},{"predicate":{"custom_model_data":10018},"model":"fantasy_weapons:item/solstice"},{"predicate":{"custom_model_data":10019},"model":"fantasy_weapons:item/gloomsteel_katana"},{"predicate":{"custom_model_data":10020},"model":"fantasy_weapons:item/gloomsteel_knife"},{"predicate":{"custom_model_data":10021},"model":"fantasy_weapons:item/vesper"},{"predicate":{"custom_model_data":10022},"model":"fantasy_weapons:item/calamity_blade"},{"predicate":{"custom_model_data":10023},"model":"fantasy_weapons:item/demons_blood_blade"},{"predicate":{"custom_model_data":10024},"model":"fantasy_weapons:item/demonslayers_greatsword"},{"predicate":{"custom_model_data":10025},"model":"fantasy_weapons:item/moonlight"},{"predicate":{"custom_model_data":10026},"model":"fantasy_weapons:item/oculus"},{"predicate":{"custom_model_data":10027},"model":"fantasy_weapons:item/azure_dagger"},{"predicate":{"custom_model_data":10028},"model":"fantasy_weapons:item/azure_sabre"},{"predicate":{"custom_model_data":10029},"model":"fantasy_weapons:item/dragon_sword"},{"predicate":{"custom_model_data":10030},"model":"fantasy_weapons:item/spider_sword"},{"predicate":{"custom_model_data":10031},"model":"fantasy_weapons:item/runic_piercer"},{"predicate":{"custom_model_data":10032},"model":"fantasy_weapons:item/demonic_sword"},{"predicate":{"custom_model_data":10033},"model":"fantasy_weapons:item/vindicator"},{"predicate":{"custom_model_data":10035},"model":"fantasy_weapons:item/iron_broadsword"},{"predicate":{"custom_model_data":10036},"model":"fantasy_weapons:item/flamberge"},{"predicate":{"custom_model_data":10037},"model":"fantasy_weapons:item/claymore"},{"predicate":{"custom_model_data":10038},"model":"fantasy_weapons:item/uchigatana"},{"predicate":{"custom_model_data":10039},"model":"item/iron_sword"}]}