{"parent":"minecraft:item/handheld","textures":{"layer0":"minecraft:item/netherite_sword"},"overrides":[{"predicate":{"custom_model_data":10000},"model":"disney:item/weapons/keyblade"},{"predicate":{"custom_model_data":10001},"model":"disney:item/weapons/infinity_gauntlet"},{"predicate":{"custom_model_data":10002},"model":"disney:item/weapons/wolverine_claws"},{"predicate":{"custom_model_data":10003},"model":"disney:item/weapons/mandalorian_darksaber"},{"predicate":{"custom_model_data":10004},"model":"fantasy_weapons:item/amethyst_greatblade"},{"predicate":{"custom_model_data":10005},"model":"item/netherite_sword"}]}