{"parent":"minecraft:item/generated","textures":{"layer0":"minecraft:item/paper"},"overrides":[{"predicate":{"custom_model_data":10000},"model":"_iainternal:ia_auto_gen/icon_left_blue"},{"predicate":{"custom_model_data":10001},"model":"_iainternal:ia_auto_gen/icon_right_blue"},{"predicate":{"custom_model_data":10002},"model":"_iainternal:ia_auto_gen/icon_search"},{"predicate":{"custom_model_data":10003},"model":"_iainternal:ia_auto_gen/icon_cancel"},{"predicate":{"custom_model_data":10004},"model":"_iainternal:ia_auto_gen/icon_arrow_chest"},{"predicate":{"custom_model_data":10005},"model":"_iainternal:ia_auto_gen/icon_back_orange"},{"predicate":{"custom_model_data":10006},"model":"_iainternal:ia_auto_gen/icon_next_orange"},{"predicate":{"custom_model_data":10007},"model":"emresitems:toilets/test_toilet"},{"predicate":{"custom_model_data":10015},"model":"gardenplus:bancs/banc_acacia_gauche"},{"predicate":{"custom_model_data":10016},"model":"gardenplus:bancs/banc_acacia_droit"},{"predicate":{"custom_model_data":10017},"model":"gardenplus:bancs/banc_birch_gauche"},{"predicate":{"custom_model_data":10018},"model":"gardenplus:bancs/banc_birch_droit"},{"predicate":{"custom_model_data":10019},"model":"gardenplus:bancs/banc_crimson_gauche"},{"predicate":{"custom_model_data":10020},"model":"gardenplus:bancs/banc_crimson_droit"},{"predicate":{"custom_model_data":10021},"model":"gardenplus:bancs/banc_darkoak_gauche"},{"predicate":{"custom_model_data":10022},"model":"gardenplus:bancs/banc_darkoak_droit"},{"predicate":{"custom_model_data":10023},"model":"gardenplus:bancs/banc_jungle_gauche"},{"predicate":{"custom_model_data":10024},"model":"gardenplus:bancs/banc_jungle_droit"},{"predicate":{"custom_model_data":10025},"model":"gardenplus:bancs/banc_oak_gauche"},{"predicate":{"custom_model_data":10026},"model":"gardenplus:bancs/banc_oak_droit"},{"predicate":{"custom_model_data":10027},"model":"gardenplus:bancs/banc_spruce_gauche"},{"predicate":{"custom_model_data":10028},"model":"gardenplus:bancs/banc_spruce_droit"},{"predicate":{"custom_model_data":10029},"model":"gardenplus:bancs/banc_warped_gauche"},{"predicate":{"custom_model_data":10030},"model":"gardenplus:bancs/banc_warped_droit"},{"predicate":{"custom_model_data":10031},"model":"gardenplus:plantes/dreapleafplante"},{"predicate":{"custom_model_data":10032},"model":"gardenplus:plantes/dreapleafplante_darkoak"},{"predicate":{"custom_model_data":10033},"model":"gardenplus:plantes/dreapleafplante_birch"},{"predicate":{"custom_model_data":10034},"model":"gardenplus:plantes/dreapleafplante_crimson"},{"predicate":{"custom_model_data":10035},"model":"gardenplus:plantes/dreapleafplante_spurce"},{"predicate":{"custom_model_data":10036},"model":"gardenplus:plantes/dreapleafplante_warped"},{"predicate":{"custom_model_data":10037},"model":"gardenplus:plantes/dreapleafplante_cobble"},{"predicate":{"custom_model_data":10038},"model":"gardenplus:plantes/dreapleafplante_jungle"},{"predicate":{"custom_model_data":10039},"model":"gardenplus:plantes/dreapleafplante_brick"},{"predicate":{"custom_model_data":10040},"model":"gardenplus:plantes/bamboo_oak"},{"predicate":{"custom_model_data":10041},"model":"gardenplus:plantes/bamboo_dark_oak"},{"predicate":{"custom_model_data":10042},"model":"gardenplus:plantes/bamboo_birch"},{"predicate":{"custom_model_data":10043},"model":"gardenplus:plantes/bamboo_brick"},{"predicate":{"custom_model_data":10044},"model":"gardenplus:plantes/bamboo_cobble"},{"predicate":{"custom_model_data":10045},"model":"gardenplus:plantes/plantesuspendu"},{"predicate":{"custom_model_data":10046},"model":"gardenplus:plantes/plantesuspendu_birch"},{"predicate":{"custom_model_data":10047},"model":"gardenplus:plantes/plantesuspendu_darkoak"},{"predicate":{"custom_model_data":10048},"model":"gardenplus:plantes/plantesuspendu_crimson"},{"predicate":{"custom_model_data":10049},"model":"gardenplus:plantes/plantesuspendu_jungle"},{"predicate":{"custom_model_data":10050},"model":"gardenplus:plantes/plantesuspendu_spruce"},{"predicate":{"custom_model_data":10051},"model":"gardenplus:plantes/plantesuspendu_warped"},{"predicate":{"custom_model_data":10052},"model":"gardenplus:plantes/plantesuspendu_acacia"},{"predicate":{"custom_model_data":10053},"model":"gardenplus:plantes/rosier_oak"},{"predicate":{"custom_model_data":10054},"model":"gardenplus:plantes/rosier_dark_oak"},{"predicate":{"custom_model_data":10055},"model":"gardenplus:plantes/rosier_spruce"},{"predicate":{"custom_model_data":10056},"model":"gardenplus:plantes/rosier_birch"},{"predicate":{"custom_model_data":10057},"model":"gardenplus:plantes/lilas_birch"},{"predicate":{"custom_model_data":10058},"model":"gardenplus:plantes/lilas_spruce"},{"predicate":{"custom_model_data":10059},"model":"gardenplus:plantes/lilas_oak"},{"predicate":{"custom_model_data":10060},"model":"gardenplus:plantes/lilas_dark_oak"},{"predicate":{"custom_model_data":10061},"model":"gardenplus:plantes/peony_birch"},{"predicate":{"custom_model_data":10062},"model":"gardenplus:plantes/peony_spruce"},{"predicate":{"custom_model_data":10063},"model":"gardenplus:plantes/peony_oak"},{"predicate":{"custom_model_data":10064},"model":"gardenplus:plantes/peony_dark_oak"},{"predicate":{"custom_model_data":10065},"model":"gardenplus:plantes/peony_big_barrel"},{"predicate":{"custom_model_data":10066},"model":"gardenplus:plantes/peony_big_brick"},{"predicate":{"custom_model_data":10067},"model":"gardenplus:plantes/peony_big_cobble"},{"predicate":{"custom_model_data":10068},"model":"gardenplus:plantes/rose_big_barrel"},{"predicate":{"custom_model_data":10069},"model":"gardenplus:plantes/rose_big_brick"},{"predicate":{"custom_model_data":10070},"model":"gardenplus:plantes/rose_big_cobble"},{"predicate":{"custom_model_data":10071},"model":"gardenplus:plantes/lilac_big_barrel"},{"predicate":{"custom_model_data":10072},"model":"gardenplus:plantes/lilac_big_brick"},{"predicate":{"custom_model_data":10073},"model":"gardenplus:plantes/lilac_big_cobble"},{"predicate":{"custom_model_data":10074},"model":"gardenplus:plantes/windowpotside_acacia_pink"},{"predicate":{"custom_model_data":10075},"model":"gardenplus:plantes/windowpotside_barrel_pink"},{"predicate":{"custom_model_data":10076},"model":"gardenplus:plantes/windowpotside_birch_pink"},{"predicate":{"custom_model_data":10077},"model":"gardenplus:plantes/windowpotside_brick_pink"},{"predicate":{"custom_model_data":10078},"model":"gardenplus:plantes/windowpotside_cobble_pink"},{"predicate":{"custom_model_data":10079},"model":"gardenplus:plantes/windowpotside_crimson_pink"},{"predicate":{"custom_model_data":10080},"model":"gardenplus:plantes/windowpotside_darkoak_pink"},{"predicate":{"custom_model_data":10081},"model":"gardenplus:plantes/windowpotside_jungle_pink"},{"predicate":{"custom_model_data":10082},"model":"gardenplus:plantes/windowpotside_oak_pink"},{"predicate":{"custom_model_data":10083},"model":"gardenplus:plantes/windowpotside_spruce_pink"},{"predicate":{"custom_model_data":10084},"model":"gardenplus:plantes/windowpotside_warped_pink"},{"predicate":{"custom_model_data":10085},"model":"christmas:christmas/snowman"},{"predicate":{"custom_model_data":10086},"model":"christmas:christmas/goldsmallgift"},{"predicate":{"custom_model_data":10087},"model":"christmas:christmas/goldbiggift"},{"predicate":{"custom_model_data":10088},"model":"christmas:christmas/greensmallgift"},{"predicate":{"custom_model_data":10089},"model":"christmas:christmas/greenbiggift"},{"predicate":{"custom_model_data":10090},"model":"christmas:christmas/redsmallgift"},{"predicate":{"custom_model_data":10091},"model":"christmas:christmas/redbiggift"},{"predicate":{"custom_model_data":10092},"model":"christmas:christmas/christmas_ball"},{"predicate":{"custom_model_data":10093},"model":"christmas:christmas/christmas_tree"},{"predicate":{"custom_model_data":10094},"model":"christmas:christmas/santa_sledge"},{"predicate":{"custom_model_data":10095},"model":"item/paper"}]}