{"credit":"Made by Vega_Senpai","textures":{"0":"item/parrot_spawn_egg"},"elements":[{"name":"head","from":[7,6.5,5],"to":[9,9.5,7],"shade":false,"rotation":{"angle":0,"axis":"y","origin":[16,8,17]},"faces":{"north":{"uv":[2,2,3,3.5],"texture":"#0"},"east":{"uv":[1,2,2,3.5],"texture":"#0"},"south":{"uv":[4,2,5,3.5],"texture":"#0"},"west":{"uv":[3,2,4,3.5],"texture":"#0"},"up":{"uv":[2,1,3,2],"texture":"#0"},"down":{"uv":[3,1,4,2],"texture":"#0"}}},{"name":"head2","from":[7,9.5,3],"to":[9,10.5,7],"shade":false,"rotation":{"angle":0,"axis":"y","origin":[16,-8,14]},"faces":{"north":{"uv":[7,2,8,2.5],"texture":"#0"},"east":{"uv":[5,2,7,2.5],"texture":"#0"},"south":{"uv":[10,2,11,2.5],"texture":"#0"},"west":{"uv":[8,2,10,2.5],"texture":"#0"},"up":{"uv":[7,0,8,2],"texture":"#0"},"down":{"uv":[8,0,9,2],"texture":"#0"}}},{"name":"beak1","from":[7.5,7.5,4],"to":[8.5,9.5,5],"shade":false,"rotation":{"angle":0,"axis":"y","origin":[16,-8,14]},"faces":{"north":{"uv":[5.5,4,6,5],"texture":"#0"},"east":{"uv":[6.5,4,7,5],"texture":"#0"},"south":{"uv":[6.5,4,7,5],"texture":"#0"},"west":{"uv":[5.5,4,6,5],"texture":"#0"},"up":{"uv":[6,4,6.5,4.5],"texture":"#0"},"down":{"uv":[6,4.5,6.5,5],"texture":"#0"}}},{"name":"beak2","from":[7.5,7.8,3],"to":[8.5,9.5,4],"shade":false,"rotation":{"angle":0,"axis":"y","origin":[16,-8,14]},"faces":{"north":{"uv":[6.5,4,7,4.5],"texture":"#0"},"east":{"uv":[6,4.5,6.5,5],"texture":"#0"},"south":{"uv":[6.5,4.5,7,5],"texture":"#0"},"west":{"uv":[6,4,6.5,4.5],"texture":"#0"},"up":{"uv":[6,4,6.5,4.5],"texture":"#0"},"down":{"uv":[6,4.5,6.5,5],"texture":"#0"}}},{"name":"body","from":[6.5,5.5,3.5],"to":[9.5,11.5,6.5],"shade":false,"rotation":{"angle":-22.5,"axis":"x","origin":[16,12,16]},"faces":{"north":{"uv":[2.5,5.5,4,8.5],"texture":"#0"},"east":{"uv":[1,5.5,2.5,8.5],"texture":"#0"},"south":{"uv":[5.5,5.5,7,8.5],"texture":"#0"},"west":{"uv":[4,5.5,5.5,8.5],"texture":"#0"},"up":{"uv":[2.5,4,4,5.5],"texture":"#0"},"down":{"uv":[4,4,5.5,5.5],"texture":"#0"}}},{"name":"tail","from":[6.51,2.8,3],"to":[9.49,6.8,4],"shade":false,"rotation":{"angle":-45,"axis":"x","origin":[16,11,11]},"faces":{"north":{"uv":[11.5,1,13,3],"texture":"#0"},"east":{"uv":[11,1,11.5,3],"texture":"#0"},"south":{"uv":[13.5,1,15,3],"texture":"#0"},"west":{"uv":[13,1,13.5,3],"texture":"#0"},"up":{"uv":[11.5,0.5,13,1],"texture":"#0"},"down":{"uv":[13,0.5,14.5,1],"texture":"#0"}}},{"name":"wing0","from":[9,8.8,0.9],"to":[10,13.8,3.9],"shade":false,"rotation":{"angle":-45,"axis":"x","origin":[16,15,13]},"faces":{"north":{"uv":[9.5,5.5,10,8],"texture":"#0"},"east":{"uv":[11.5,5.5,13,8],"texture":"#0"},"south":{"uv":[11,5.5,11.5,8],"texture":"#0"},"west":{"uv":[9.5,5.5,11,8],"texture":"#0"},"up":{"uv":[11,4,11.5,5.5],"texture":"#0"},"down":{"uv":[11.5,4,12,5.5],"texture":"#0"}}},{"name":"wing1","from":[6,8.8,0.9],"to":[7,13.8,3.9],"shade":false,"rotation":{"angle":-45,"axis":"x","origin":[13,15,13]},"faces":{"north":{"uv":[9.5,5.5,10,8],"texture":"#0"},"east":{"uv":[11.5,5.5,13,8],"texture":"#0"},"south":{"uv":[11,5.5,11.5,8],"texture":"#0"},"west":{"uv":[9.5,5.5,11,8],"texture":"#0"},"up":{"uv":[11,4,11.5,5.5],"texture":"#0"},"down":{"uv":[11.5,4,12,5.5],"texture":"#0"}}},{"name":"feather","from":[8,7.5,-3.5],"to":[8,12.5,0.5],"shade":false,"rotation":{"angle":22.5,"axis":"x","origin":[16,-10,7]},"faces":{"east":{"uv":[1,11,3,13.5],"texture":"#0"}}},{"name":"feather","from":[7.99,7.5,-3.5],"to":[7.99,12.5,0.5],"shade":false,"rotation":{"angle":22.5,"axis":"x","origin":[15,-10,7]},"faces":{"west":{"uv":[3,11,1,13.5],"texture":"#0"}}},{"name":"leg0","from":[6.5,0,6.5],"to":[7.5,0,7.5],"shade":false,"rotation":{"angle":0,"axis":"y","origin":[14,8,15]},"faces":{"down":{"uv":[8,9,8.5,9.5],"texture":"#0"}}},{"name":"leg1","from":[8.5,0,6.5],"to":[9.5,0,7.5],"shade":false,"rotation":{"angle":0,"axis":"y","origin":[16,8,15]},"faces":{"down":{"uv":[8,9,8.5,9.5],"texture":"#0"}}},{"name":"leg1","from":[6.5,0.01,6.5],"to":[7.5,0.01,7.5],"shade":false,"rotation":{"angle":0,"axis":"y","origin":[14,9,15]},"faces":{"up":{"uv":[8,9,8.5,9.5],"texture":"#0"}}},{"name":"leg2","from":[8.5,0.01,6.5],"to":[9.5,0.01,7.5],"shade":false,"rotation":{"angle":0,"axis":"y","origin":[16,9,15]},"faces":{"up":{"uv":[8,9,8.5,9.5],"texture":"#0"}}},{"name":"leg1","from":[6.5,0,7.5],"to":[7.5,2,7.5],"shade":false,"rotation":{"angle":0,"axis":"y","origin":[16,8,15]},"faces":{"south":{"uv":[8.5,9.5,9,10.5],"texture":"#0"}}},{"name":"leg2","from":[8.5,0,7.5],"to":[9.5,2,7.5],"shade":false,"rotation":{"angle":0,"axis":"y","origin":[18,8,15]},"faces":{"south":{"uv":[8.5,9.5,9,10.5],"texture":"#0"}}},{"name":"leg2","from":[6.5,0,7.49],"to":[7.5,2,7.49],"shade":false,"rotation":{"angle":0,"axis":"y","origin":[16,8,14]},"faces":{"north":{"uv":[8.5,9.5,9,10.5],"texture":"#0"}}},{"name":"leg3","from":[8.5,0,7.49],"to":[9.5,2,7.49],"shade":false,"rotation":{"angle":0,"axis":"y","origin":[18,8,14]},"faces":{"north":{"uv":[8.5,9.5,9,10.5],"texture":"#0"}}}],"display":{"thirdperson_righthand":{"rotation":[50,50,0],"translation":[0,1,0],"scale":[0.5,0.5,0.5]},"thirdperson_lefthand":{"rotation":[50,50,0],"translation":[0,1,0],"scale":[0.5,0.5,0.5]},"firstperson_righthand":{"rotation":[10,115,-10],"translation":[2.5,3.25,0],"scale":[0.5,0.5,0.5]},"firstperson_lefthand":{"rotation":[10,115,-10],"translation":[2,3.25,0],"scale":[0.5,0.5,0.5]},"ground":{"translation":[0,2,0],"scale":[0.5,0.5,0.5]},"gui":{"rotation":[25,135,0],"translation":[0,1.5,0]},"head":{"translation":[0,10.5,0],"scale":[0.5,0.5,0.5]},"fixed":{"rotation":[-90,0,0],"translation":[0,0,-8]}}}