{"credit":"Made by Vega_Senpai","textures":{"1":"item/pillager_spawn_egg","2":"item/pillager_weapon"},"elements":[{"name":"head","from":[4,10,4],"to":[12,20,12],"shade":false,"rotation":{"angle":0,"axis":"y","origin":[0,4.5,16]},"faces":{"north":{"uv":[2,2,4,4.5],"texture":"#1"},"east":{"uv":[0,2,2,4.5],"texture":"#1"},"south":{"uv":[6,2,8,4.5],"texture":"#1"},"west":{"uv":[4,2,6,4.5],"texture":"#1"},"up":{"uv":[4,2,2,0],"texture":"#1"},"down":{"uv":[6,0,4,2],"texture":"#1"}}},{"name":"nose","from":[7,9,2],"to":[9,13,4],"shade":false,"rotation":{"angle":0,"axis":"y","origin":[16,2,16]},"faces":{"north":{"uv":[7,0.5,6.5,1.5],"texture":"#1"},"east":{"uv":[7.5,0.5,7,1.5],"texture":"#1"},"south":{"uv":[8,0.5,7.5,1.5],"texture":"#1"},"west":{"uv":[6.5,0.5,6,1.5],"texture":"#1"},"up":{"uv":[6.5,0.5,7,0],"texture":"#1"},"down":{"uv":[7,0,7.5,0.5],"texture":"#1"}}},{"name":"body","from":[4,-2,5],"to":[12,10,11],"shade":false,"rotation":{"angle":0,"axis":"y","origin":[0,3,16]},"faces":{"north":{"uv":[5.5,6.5,7.5,9.5],"texture":"#1"},"east":{"uv":[4,6.5,5.5,9.5],"texture":"#1"},"south":{"uv":[9,6.5,11,9.5],"texture":"#1"},"west":{"uv":[7.5,6.5,9,9.5],"texture":"#1"},"up":{"uv":[7.5,6.5,5.5,5],"texture":"#1"},"down":{"uv":[9.5,5,7.5,6.5],"texture":"#1"}}},{"name":"body","from":[3.5,-8.49,4.5],"to":[12.5,10.51,4.51],"shade":false,"rotation":{"angle":0,"axis":"y","origin":[0,-5.99,16]},"faces":{"north":{"uv":[1.5,11,3.5,15.5],"texture":"#1"},"east":{"uv":[1.5,11,1.25,15.5],"texture":"#1"},"south":{"uv":[3.5,11,1.5,15.5],"texture":"#1"},"west":{"uv":[3.5,11,3.75,15.5],"texture":"#1"},"up":{"uv":[3.5,11,1.5,9.5],"texture":"#1"},"down":{"uv":[5.5,9.5,3.5,11],"texture":"#1"}}},{"name":"body","from":[12.49,-8.49,4.5],"to":[12.5,10.51,11.5],"shade":false,"rotation":{"angle":0,"axis":"y","origin":[0,-5.99,16]},"faces":{"north":{"uv":[1.75,11,1.5,15.5],"texture":"#1"},"east":{"uv":[0,11,1.5,15.5],"texture":"#1"},"south":{"uv":[6.75,11,7,15.5],"texture":"#1"},"west":{"uv":[3.5,11,5,15.5],"texture":"#1"},"up":{"uv":[3.5,11,3.25,9.5],"texture":"#1"},"down":{"uv":[5.5,9.5,3.5,11],"texture":"#1"}}},{"name":"body","from":[3.5,-8.49,11.49],"to":[12.5,10.51,11.5],"shade":false,"rotation":{"angle":0,"axis":"y","origin":[0,-5.99,15.99]},"faces":{"north":{"uv":[5,11,7,15.5],"texture":"#1"},"east":{"uv":[0,11,1.5,15.5],"texture":"#1"},"south":{"uv":[5,11,7,15.5],"texture":"#1"},"west":{"uv":[3.5,11,5,15.5],"texture":"#1"},"up":{"uv":[3.5,9.75,1.5,9.5],"texture":"#1"},"down":{"uv":[5.5,9.5,3.5,11],"texture":"#1"}}},{"name":"body","from":[3.5,-8.49,4.5],"to":[3.51,10.51,11.5],"shade":false,"rotation":{"angle":0,"axis":"y","origin":[0.01,-5.99,16]},"faces":{"north":{"uv":[1.5,11,1.75,15.5],"texture":"#1"},"east":{"uv":[0,11,1.5,15.5],"texture":"#1"},"south":{"uv":[6.75,11,7,15.5],"texture":"#1"},"west":{"uv":[3.5,11,5,15.5],"texture":"#1"},"up":{"uv":[1.75,11,1.5,9.5],"texture":"#1"},"down":{"uv":[5.5,9.5,3.5,11],"texture":"#1"}}},{"name":"leg0","from":[4,-14,6],"to":[8,-2,10],"shade":false,"rotation":{"angle":0,"axis":"y","origin":[16,3,16]},"faces":{"north":{"uv":[2,6.5,1,9.5],"texture":"#1"},"east":{"uv":[3,6.5,2,9.5],"texture":"#1"},"south":{"uv":[4,6.5,3,9.5],"texture":"#1"},"west":{"uv":[1,6.5,0,9.5],"texture":"#1"},"up":{"uv":[1,6.5,2,5.5],"texture":"#1"},"down":{"uv":[2,5.5,3,6.5],"texture":"#1"}}},{"name":"leg1","from":[8,-14,6],"to":[12,-2,10],"rotation":{"angle":0,"axis":"y","origin":[16,3,16]},"faces":{"north":{"uv":[1,6.5,2,9.5],"texture":"#1"},"east":{"uv":[0,6.5,1,9.5],"texture":"#1"},"south":{"uv":[3,6.5,4,9.5],"texture":"#1"},"west":{"uv":[2,6.5,3,9.5],"texture":"#1"},"up":{"uv":[2,6.5,1,5.5],"texture":"#1"},"down":{"uv":[3,5.5,2,6.5],"texture":"#1"}}},{"name":"rightarm","from":[1.5,5,2],"to":[5.5,9,14],"shade":false,"rotation":{"angle":-22.5,"axis":"y","origin":[18,-1,7]},"faces":{"north":{"uv":[12,11.5,13,12.5],"rotation":180,"texture":"#1"},"east":{"uv":[13,12.5,12,15.5],"rotation":270,"texture":"#1"},"south":{"uv":[11,12.5,12,11.5],"texture":"#1"},"west":{"uv":[11,12.5,10,15.5],"rotation":90,"texture":"#1"},"up":{"uv":[12,12.5,11,15.5],"rotation":180,"texture":"#1"},"down":{"uv":[14,12.5,13,15.5],"texture":"#1"}}},{"name":"leftarm","from":[9.5,5,-4],"to":[13.5,9,8],"rotation":{"angle":22.5,"axis":"y","origin":[13,-1,1]},"faces":{"north":{"uv":[13,11.5,12,12.5],"rotation":180,"texture":"#1"},"east":{"uv":[10,12.5,11,15.5],"rotation":270,"texture":"#1"},"south":{"uv":[12,12.5,11,11.5],"texture":"#1"},"west":{"uv":[12,12.5,13,15.5],"rotation":90,"texture":"#1"},"up":{"uv":[11,12.5,12,15.5],"rotation":180,"texture":"#1"},"down":{"uv":[13,12.5,14,15.5],"texture":"#1"}}},{"from":[-5,9,-4],"to":[-4,10,-3],"rotation":{"angle":-22.5,"axis":"y","origin":[3,17,4]},"faces":{"north":{"uv":[0,12,1,13],"texture":"#2"},"east":{"uv":[0,12,1,13],"texture":"#2"},"south":{"uv":[0,12,1,13],"texture":"#2"},"west":{"uv":[0,12,1,13],"texture":"#2"},"up":{"uv":[0,12,1,13],"texture":"#2"},"down":{"uv":[0,12,1,13],"texture":"#2"}}},{"from":[-2,9,-4],"to":[-1,10,-3],"rotation":{"angle":-22.5,"axis":"y","origin":[3,17,4]},"faces":{"north":{"uv":[3,12,4,13],"texture":"#2"},"east":{"uv":[3,12,4,13],"texture":"#2"},"south":{"uv":[3,12,4,13],"texture":"#2"},"west":{"uv":[3,12,4,13],"texture":"#2"},"up":{"uv":[3,12,4,13],"texture":"#2"},"down":{"uv":[3,12,4,13],"texture":"#2"}}},{"from":[-1,9,-5],"to":[0,10,-4],"rotation":{"angle":-22.5,"axis":"y","origin":[3,17,4]},"faces":{"north":{"uv":[4,11,5,12],"texture":"#2"},"east":{"uv":[4,11,5,12],"texture":"#2"},"south":{"uv":[4,11,5,12],"texture":"#2"},"west":{"uv":[4,11,5,12],"texture":"#2"},"up":{"uv":[4,11,5,12],"texture":"#2"},"down":{"uv":[4,11,5,12],"texture":"#2"}}},{"from":[0,9,-6],"to":[1,10,-5],"rotation":{"angle":-22.5,"axis":"y","origin":[3,17,4]},"faces":{"north":{"uv":[5,10,6,11],"texture":"#2"},"east":{"uv":[5,10,6,11],"texture":"#2"},"south":{"uv":[5,10,6,11],"texture":"#2"},"west":{"uv":[5,10,6,11],"texture":"#2"},"up":{"uv":[5,10,6,11],"texture":"#2"},"down":{"uv":[5,10,6,11],"texture":"#2"}}},{"from":[5,9,-11],"to":[6,10,-10],"rotation":{"angle":-22.5,"axis":"y","origin":[3,17,4]},"faces":{"north":{"uv":[10,5,11,6],"texture":"#2"},"east":{"uv":[10,5,11,6],"texture":"#2"},"south":{"uv":[10,5,11,6],"texture":"#2"},"west":{"uv":[10,5,11,6],"texture":"#2"},"up":{"uv":[10,5,11,6],"texture":"#2"},"down":{"uv":[10,5,11,6],"texture":"#2"}}},{"from":[-3,9,-9],"to":[6,10,-8],"rotation":{"angle":-22.5,"axis":"y","origin":[3,17,4]},"faces":{"north":{"uv":[2,7,11,8],"rotation":180,"texture":"#2"},"east":{"uv":[10,7,11,8],"texture":"#2"},"south":{"uv":[2,7,11,8],"texture":"#2"},"west":{"uv":[2,7,3,8],"texture":"#2"},"up":{"uv":[2,7,11,8],"texture":"#2"},"down":{"uv":[2,7,11,8],"texture":"#2"}}},{"from":[0,9,-8],"to":[7,10,-7],"rotation":{"angle":-22.5,"axis":"y","origin":[3,17,4]},"faces":{"north":{"uv":[5,8,12,9],"rotation":180,"texture":"#2"},"east":{"uv":[11,8,12,9],"texture":"#2"},"south":{"uv":[5,8,12,9],"texture":"#2"},"west":{"uv":[5,8,6,9],"texture":"#2"},"up":{"uv":[5,8,12,9],"texture":"#2"},"down":{"uv":[5,8,12,9],"texture":"#2"}}},{"from":[1,9,-7],"to":[8,10,-6],"rotation":{"angle":-22.5,"axis":"y","origin":[3,17,4]},"faces":{"north":{"uv":[6,9,13,10],"rotation":180,"texture":"#2"},"east":{"uv":[12,9,13,10],"texture":"#2"},"south":{"uv":[6,9,13,10],"texture":"#2"},"west":{"uv":[6,9,7,10],"texture":"#2"},"up":{"uv":[6,9,13,10],"texture":"#2"},"down":{"uv":[6,9,13,10],"texture":"#2"}}},{"from":[2,9,-6],"to":[8,10,-5],"rotation":{"angle":-22.5,"axis":"y","origin":[3,17,4]},"faces":{"north":{"uv":[7,10,13,11],"rotation":180,"texture":"#2"},"east":{"uv":[12,10,13,11],"texture":"#2"},"south":{"uv":[7,10,13,11],"texture":"#2"},"west":{"uv":[7,10,8,11],"texture":"#2"},"up":{"uv":[7,10,13,11],"texture":"#2"},"down":{"uv":[7,10,13,11],"texture":"#2"}}},{"from":[3,9,-5],"to":[9,10,-4],"rotation":{"angle":-22.5,"axis":"y","origin":[3,17,4]},"faces":{"north":{"uv":[8,11,14,12],"rotation":180,"texture":"#2"},"east":{"uv":[13,11,14,12],"texture":"#2"},"south":{"uv":[8,11,14,12],"texture":"#2"},"west":{"uv":[8,11,9,12],"texture":"#2"},"up":{"uv":[8,11,14,12],"texture":"#2"},"down":{"uv":[8,11,14,12],"texture":"#2"}}},{"from":[4,9,-4],"to":[10,10,-3],"rotation":{"angle":-22.5,"axis":"y","origin":[3,17,4]},"faces":{"north":{"uv":[9,12,15,13],"rotation":180,"texture":"#2"},"east":{"uv":[14,12,15,13],"texture":"#2"},"south":{"uv":[9,12,15,13],"texture":"#2"},"west":{"uv":[9,12,10,13],"texture":"#2"},"up":{"uv":[9,12,15,13],"texture":"#2"},"down":{"uv":[9,12,15,13],"texture":"#2"}}},{"from":[6,9,-3],"to":[11,10,-2],"rotation":{"angle":-22.5,"axis":"y","origin":[3,17,4]},"faces":{"north":{"uv":[11,13,16,14],"rotation":180,"texture":"#2"},"east":{"uv":[15,13,16,14],"texture":"#2"},"south":{"uv":[11,13,16,14],"texture":"#2"},"west":{"uv":[11,13,12,14],"texture":"#2"},"up":{"uv":[11,13,16,14],"texture":"#2"},"down":{"uv":[11,13,16,14],"texture":"#2"}}},{"from":[7,9,-2],"to":[11,10,-1],"rotation":{"angle":-22.5,"axis":"y","origin":[3,17,4]},"faces":{"north":{"uv":[12,14,16,15],"rotation":180,"texture":"#2"},"east":{"uv":[15,14,16,15],"texture":"#2"},"south":{"uv":[12,14,16,15],"texture":"#2"},"west":{"uv":[12,14,13,15],"texture":"#2"},"up":{"uv":[12,14,16,15],"texture":"#2"},"down":{"uv":[12,14,16,15],"texture":"#2"}}},{"from":[8,9,-1],"to":[10,10,0],"rotation":{"angle":-22.5,"axis":"y","origin":[3,17,4]},"faces":{"north":{"uv":[13,15,15,16],"texture":"#2"},"east":{"uv":[13,15,14,16],"texture":"#2"},"south":{"uv":[13,15,15,16],"texture":"#2"},"west":{"uv":[14,15,15,16],"texture":"#2"},"up":{"uv":[13,15,15,16],"texture":"#2"},"down":{"uv":[13,15,15,16],"texture":"#2"}}},{"from":[-3,9,-10],"to":[5,10,-9],"rotation":{"angle":-22.5,"axis":"y","origin":[3,17,4]},"faces":{"north":{"uv":[2,6,10,7],"rotation":180,"texture":"#2"},"east":{"uv":[9,6,10,7],"texture":"#2"},"south":{"uv":[2,6,10,7],"texture":"#2"},"west":{"uv":[2,6,3,7],"texture":"#2"},"up":{"uv":[2,6,10,7],"texture":"#2"},"down":{"uv":[2,6,10,7],"texture":"#2"}}},{"from":[-2,9,-11],"to":[4,10,-10],"rotation":{"angle":-22.5,"axis":"y","origin":[3,17,4]},"faces":{"north":{"uv":[3,5,9,6],"rotation":180,"texture":"#2"},"east":{"uv":[8,5,9,6],"texture":"#2"},"south":{"uv":[3,5,9,6],"texture":"#2"},"west":{"uv":[3,5,4,6],"texture":"#2"},"up":{"uv":[3,5,9,6],"texture":"#2"},"down":{"uv":[3,5,9,6],"texture":"#2"}}},{"from":[-1,9,-12],"to":[3,10,-11],"rotation":{"angle":-22.5,"axis":"y","origin":[3,17,4]},"faces":{"north":{"uv":[4,4,8,5],"rotation":180,"texture":"#2"},"east":{"uv":[7,4,8,5],"texture":"#2"},"south":{"uv":[4,4,8,5],"texture":"#2"},"west":{"uv":[4,4,5,5],"texture":"#2"},"up":{"uv":[4,4,8,5],"texture":"#2"},"down":{"uv":[4,4,8,5],"texture":"#2"}}},{"from":[3,9,-15],"to":[9,10,-13],"rotation":{"angle":-22.5,"axis":"y","origin":[3,17,4]},"faces":{"north":{"uv":[8,1,14,2],"rotation":180,"texture":"#2"},"east":{"uv":[13,1,14,3],"rotation":90,"texture":"#2"},"south":{"uv":[8,2,14,3],"texture":"#2"},"west":{"uv":[8,1,9,3],"rotation":270,"texture":"#2"},"up":{"uv":[8,1,14,3],"texture":"#2"},"down":{"uv":[14,1,8,3],"rotation":180,"texture":"#2"}}},{"from":[7,9,-13],"to":[8,10,-12],"rotation":{"angle":-22.5,"axis":"y","origin":[3,17,4]},"faces":{"north":{"uv":[12,3,13,4],"texture":"#2"},"east":{"uv":[12,3,13,4],"texture":"#2"},"south":{"uv":[12,3,13,4],"texture":"#2"},"west":{"uv":[12,3,13,4],"texture":"#2"},"up":{"uv":[12,3,13,4],"texture":"#2"},"down":{"uv":[12,3,13,4],"texture":"#2"}}},{"from":[1,9,-14],"to":[3,10,-13],"rotation":{"angle":-22.5,"axis":"y","origin":[3,17,4]},"faces":{"north":{"uv":[6,2,8,3],"rotation":180,"texture":"#2"},"east":{"uv":[7,2,8,3],"texture":"#2"},"south":{"uv":[6,2,8,3],"texture":"#2"},"west":{"uv":[6,2,7,3],"texture":"#2"},"up":{"uv":[6,2,8,3],"texture":"#2"},"down":{"uv":[6,2,8,3],"texture":"#2"}}},{"from":[0,9,-13],"to":[6,10,-12],"rotation":{"angle":-22.5,"axis":"y","origin":[3,17,4]},"faces":{"north":{"uv":[5,3,11,4],"rotation":180,"texture":"#2"},"east":{"uv":[10,3,11,4],"texture":"#2"},"south":{"uv":[5,3,11,4],"texture":"#2"},"west":{"uv":[5,3,6,4],"texture":"#2"},"up":{"uv":[5,3,11,4],"texture":"#2"},"down":{"uv":[5,3,11,4],"texture":"#2"}}},{"from":[7,9,-16],"to":[8,10,-15],"rotation":{"angle":-22.5,"axis":"y","origin":[3,17,4]},"faces":{"north":{"uv":[12,0,13,1],"texture":"#2"},"east":{"uv":[12,0,13,1],"texture":"#2"},"south":{"uv":[12,0,13,1],"texture":"#2"},"west":{"uv":[12,0,13,1],"texture":"#2"},"up":{"uv":[12,0,13,1],"texture":"#2"},"down":{"uv":[12,0,13,1],"texture":"#2"}}},{"from":[-2,9,-8],"to":[-1,10,-6],"rotation":{"angle":-22.5,"axis":"y","origin":[3,17,4]},"faces":{"north":{"uv":[3,8,4,9],"texture":"#2"},"east":{"uv":[3,8,4,10],"rotation":90,"texture":"#2"},"south":{"uv":[3,8,4,9],"texture":"#2"},"west":{"uv":[3,8,4,10],"rotation":90,"texture":"#2"},"up":{"uv":[3,8,4,10],"texture":"#2"},"down":{"uv":[3,8,4,10],"texture":"#2"}}},{"from":[-4,9,-8],"to":[-2,10,-2],"rotation":{"angle":-22.5,"axis":"y","origin":[3,17,4]},"faces":{"north":{"uv":[1,8,3,9],"rotation":180,"texture":"#2"},"east":{"uv":[2,8,3,14],"rotation":90,"texture":"#2"},"south":{"uv":[1,13,3,14],"texture":"#2"},"west":{"uv":[1,8,2,14],"rotation":270,"texture":"#2"},"up":{"uv":[1,8,3,14],"texture":"#2"},"down":{"uv":[3,8,1,14],"rotation":180,"texture":"#2"}}},{"from":[-2,9,-14],"to":[0,10,-13],"rotation":{"angle":-22.5,"axis":"y","origin":[3,17,4]},"faces":{"north":{"uv":[3,2,5,3],"rotation":180,"texture":"#2"},"east":{"uv":[4,2,5,3],"texture":"#2"},"south":{"uv":[3,2,5,3],"texture":"#2"},"west":{"uv":[3,2,4,3],"texture":"#2"},"up":{"uv":[3,2,5,3],"texture":"#2"},"down":{"uv":[3,2,5,3],"texture":"#2"}}},{"from":[6,9,-12],"to":[7,10,-11],"rotation":{"angle":-22.5,"axis":"y","origin":[3,17,4]},"faces":{"north":{"uv":[11,4,12,5],"texture":"#2"},"east":{"uv":[11,4,12,5],"texture":"#2"},"south":{"uv":[11,4,12,5],"texture":"#2"},"west":{"uv":[11,4,12,5],"texture":"#2"},"up":{"uv":[11,4,12,5],"texture":"#2"},"down":{"uv":[12,3,13,4],"texture":"#2"}}},{"from":[-3,9,-13],"to":[-2,10,-11],"rotation":{"angle":-22.5,"axis":"y","origin":[3,17,4]},"faces":{"north":{"uv":[2,3,3,4],"texture":"#2"},"east":{"uv":[2,3,3,5],"rotation":90,"texture":"#2"},"south":{"uv":[2,4,3,5],"texture":"#2"},"west":{"uv":[2,3,3,5],"rotation":270,"texture":"#2"},"up":{"uv":[2,3,3,5],"texture":"#2"},"down":{"uv":[2,3,3,5],"rotation":180,"texture":"#2"}}}],"display":{"thirdperson_righthand":{"rotation":[50,50,0],"translation":[0,12.5,3.5],"scale":[0.3,0.3,0.3]},"thirdperson_lefthand":{"rotation":[50,50,0],"translation":[0,3.5,3.5],"scale":[0.3,0.3,0.3]},"firstperson_righthand":{"rotation":[10,115,-10],"translation":[2,5.5,0],"scale":[0.3,0.3,0.3]},"firstperson_lefthand":{"rotation":[10,115,-10],"translation":[2,5.5,0],"scale":[0.3,0.3,0.3]},"ground":{"translation":[0,6,0],"scale":[0.3,0.3,0.3]},"gui":{"rotation":[20,135,0],"translation":[1.25,2.25,0],"scale":[0.45,0.45,0.45]},"head":{"translation":[0,17.4,0],"scale":[0.5,0.5,0.5]},"fixed":{"rotation":[-90,0,0],"translation":[0,0,-22]}}}