{"credit":"Made by Vega_Senpai","textures":{"0":"item/ravager_spawn_egg"},"elements":[{"from":[4,7,-7.8],"to":[12,17,0.2],"rotation":{"angle":0,"axis":"y","origin":[12,15,0.2]},"faces":{"north":{"uv":[2,2,4,4.5],"texture":"#0"},"east":{"uv":[6,2,4,4.5],"texture":"#0"},"south":{"uv":[6,2,8,4.5],"texture":"#0"},"west":{"uv":[4,2,6,4.5],"texture":"#0"},"up":{"uv":[2,0,4,2],"rotation":180,"texture":"#0"}}},{"from":[7,6.5,-9.8],"to":[9,10,-7.8],"rotation":{"angle":0,"axis":"y","origin":[15,15,-1.8]},"faces":{"north":{"uv":[0.5,0.125,0.75,0.5625],"texture":"#0"},"east":{"uv":[0,0.625,0.25,1.0625],"texture":"#0"},"south":{"uv":[0.625,0.375,0.875,0.8125],"texture":"#0"},"west":{"uv":[1.25,0.875,1.5,1.3125],"texture":"#0"},"up":{"uv":[0.5,0.25,0.75,0.5],"texture":"#0"},"down":{"uv":[1.125,0.875,1.375,1.125],"texture":"#0"}}},{"from":[4,6.3,-7.8],"to":[12,6.31,0.2],"rotation":{"angle":0,"axis":"x","origin":[12,17.8,0.2]},"faces":{"up":{"uv":[4,4.5,6,6.5],"rotation":180,"texture":"#0"},"down":{"uv":[6,4.5,4,6.5],"texture":"#0"}}},{"from":[4,6.3,-7.8],"to":[12,7.8,-7.79],"rotation":{"angle":0,"axis":"x","origin":[12,17.8,0.2]},"faces":{"north":{"uv":[2,6.5,4,6.875],"texture":"#0"},"south":{"uv":[2,6.5,4,6.875],"texture":"#0"}}},{"from":[4,6.3,0.2],"to":[12,7.8,0.21],"rotation":{"angle":0,"axis":"x","origin":[12,17.8,0.19]},"faces":{"north":{"uv":[6,6.5,8,6.875],"texture":"#0"},"south":{"uv":[6,6.5,8,6.875],"texture":"#0"}}},{"from":[4,6.3,-7.8],"to":[4.01,7.8,0.2],"rotation":{"angle":0,"axis":"x","origin":[12,17.8,0.2]},"faces":{"east":{"uv":[0,6.5,2,6.875],"texture":"#0"},"west":{"uv":[4,6.5,6,6.875],"texture":"#0"}}},{"from":[11.99,6.3,-7.8],"to":[12,7.8,0.2],"rotation":{"angle":0,"axis":"x","origin":[11.99,17.8,0.2]},"faces":{"east":{"uv":[0,6.5,2,6.875],"texture":"#0"},"west":{"uv":[4,6.5,6,6.875],"texture":"#0"}}},{"from":[3,12,-9.3],"to":[4,14,-2.3],"rotation":{"angle":22.5,"axis":"x","origin":[11,20,-0.8]},"faces":{"north":{"uv":[9.75,6.875,10,7.375],"texture":"#0"},"east":{"uv":[10,9.125,10.5,7.375],"rotation":270,"texture":"#0"},"south":{"uv":[10,7,10.125,7.25],"texture":"#0"},"west":{"uv":[10,7.375,10.5,9.125],"rotation":270,"texture":"#0"},"up":{"uv":[10.75,7.375,10.5,9.125],"texture":"#0"},"down":{"uv":[10,7.375,9.75,9.125],"rotation":180,"texture":"#0"}}},{"from":[12,12,-9.3],"to":[13,14,-2.3],"rotation":{"angle":22.5,"axis":"x","origin":[5,20,-0.8]},"faces":{"north":{"uv":[10,6.875,9.75,7.375],"texture":"#0"},"east":{"uv":[10,9.125,10.5,7.375],"rotation":270,"texture":"#0"},"south":{"uv":[10.125,7,10,7.25],"texture":"#0"},"west":{"uv":[10,7.375,10.5,9.125],"rotation":270,"texture":"#0"},"up":{"uv":[10.5,7.375,10.75,9.125],"texture":"#0"},"down":{"uv":[9.75,7.375,10,9.125],"rotation":180,"texture":"#0"}}},{"from":[5.5,10.5,-1.5],"to":[10.5,15.5,7.5],"rotation":{"angle":0,"axis":"y","origin":[13.5,18.5,6.5]},"faces":{"north":{"uv":[10.75,11.375,12,12.625],"texture":"#0"},"east":{"uv":[8.5,11.375,10.75,12.625],"texture":"#0"},"south":{"uv":[14.25,11.375,15.5,12.625],"texture":"#0"},"west":{"uv":[12,11.375,14.25,12.625],"texture":"#0"},"up":{"uv":[10.75,9.125,12,11.375],"rotation":180,"texture":"#0"},"down":{"uv":[12,9.125,13.25,11.375],"texture":"#0"}}},{"from":[10.5,0,0.5],"to":[14.5,18.5,4.5],"rotation":{"angle":0,"axis":"y","origin":[18.5,8,8.5]},"faces":{"north":{"uv":[9,1,10,5.625],"texture":"#0"},"east":{"uv":[8,1,9,5.625],"texture":"#0"},"south":{"uv":[11,1,12,5.625],"texture":"#0"},"west":{"uv":[10,1,11,5.625],"texture":"#0"},"up":{"uv":[9,0,10,1],"rotation":180,"texture":"#0"},"down":{"uv":[10,0,11,1],"texture":"#0"}}},{"from":[1.5,0,0.5],"to":[5.5,18.5,4.5],"rotation":{"angle":0,"axis":"y","origin":[-2.5,8,8.5]},"faces":{"north":{"uv":[10,1,9,5.625],"texture":"#0"},"east":{"uv":[11,1,10,5.625],"texture":"#0"},"south":{"uv":[12,1,11,5.625],"texture":"#0"},"west":{"uv":[9,1,8,5.625],"texture":"#0"},"up":{"uv":[10,0,9,1],"rotation":180,"texture":"#0"},"down":{"uv":[11,0,10,1],"texture":"#0"}}},{"from":[10.5,0,12],"to":[14.5,18.5,16],"rotation":{"angle":0,"axis":"y","origin":[18.5,8,20]},"faces":{"north":{"uv":[13,1,14,5.625],"texture":"#0"},"east":{"uv":[12,1,13,5.625],"texture":"#0"},"south":{"uv":[15,1,16,5.625],"texture":"#0"},"west":{"uv":[14,1,15,5.625],"texture":"#0"},"up":{"uv":[9,0,10,1],"rotation":180,"texture":"#0"},"down":{"uv":[10,0,11,1],"texture":"#0"}}},{"from":[2,0,12],"to":[6,18.5,16],"rotation":{"angle":0,"axis":"y","origin":[-2,8,20]},"faces":{"north":{"uv":[14,1,13,5.625],"texture":"#0"},"east":{"uv":[15,1,14,5.625],"texture":"#0"},"south":{"uv":[16,1,15,5.625],"texture":"#0"},"west":{"uv":[13,1,12,5.625],"texture":"#0"},"up":{"uv":[10,0,9,1],"rotation":180,"texture":"#0"},"down":{"uv":[11,0,10,1],"texture":"#0"}}},{"from":[4.5,8,1],"to":[11.5,18,9],"rotation":{"angle":0,"axis":"y","origin":[12.5,16,9]},"faces":{"north":{"uv":[2.5,6.875,4.25,9.375],"texture":"#0"},"east":{"uv":[4.25,11.375,6.75,9.375],"rotation":270,"texture":"#0"},"south":{"uv":[4.25,6.875,6,9.375],"texture":"#0"},"west":{"uv":[3,9.375,0,11.375],"rotation":270,"texture":"#0"},"up":{"uv":[6.75,9.375,8.5,11.375],"texture":"#0"},"down":{"uv":[2.5,9.375,4.25,11.375],"rotation":180,"texture":"#0"}}},{"from":[5,8,9],"to":[11,17,15.5],"rotation":{"angle":0,"axis":"y","origin":[13.5,16,17]},"faces":{"north":{"uv":[6,12.5,6.75,12.625],"texture":"#0"},"east":{"uv":[0,13.625,2.25,15.25],"rotation":90,"texture":"#0"},"south":{"uv":[5.25,11.375,3.75,13.625],"texture":"#0"},"west":{"uv":[3.75,13.625,6,15.25],"rotation":270,"texture":"#0"},"up":{"uv":[6,13.625,7.5,15.25],"texture":"#0"},"down":{"uv":[2.25,11.375,3.75,13.6875],"texture":"#0"}}}],"display":{"thirdperson_righthand":{"rotation":[50,50,0],"translation":[0,1,0],"scale":[0.5,0.5,0.5]},"thirdperson_lefthand":{"rotation":[50,50,0],"translation":[0,1,0],"scale":[0.5,0.5,0.5]},"firstperson_righthand":{"rotation":[15,115,-10],"translation":[1.25,4.25,0],"scale":[0.4,0.4,0.4]},"firstperson_lefthand":{"rotation":[15,115,-10],"translation":[1.25,4.25,0],"scale":[0.4,0.4,0.4]},"ground":{"translation":[0,4,0],"scale":[0.5,0.5,0.5]},"gui":{"rotation":[20,135,0],"translation":[1.25,-0.25,0],"scale":[0.6,0.6,0.6]},"head":{"translation":[0,12.8,-0.25],"scale":[0.8,0.8,0.8]},"fixed":{"rotation":[-90,0,0],"translation":[-0.5,0,-16],"scale":[2,2,2]}}}