{"credit":"Made by Vega_Senpai","textures":{"0":"item/salmon_spawn_egg"},"elements":[{"name":"body_front","from":[6.5,0.5,0],"to":[9.5,5.5,8],"shade":false,"rotation":{"angle":0,"axis":"y","origin":[16,5,12]},"faces":{"north":{"uv":[5.5,4,4,6.5],"texture":"#0"},"east":{"uv":[9.5,4,5.5,6.5],"texture":"#0"},"south":{"uv":[11,4,9.5,6.5],"texture":"#0"},"west":{"uv":[4,4,0,6.5],"texture":"#0"},"up":{"uv":[4,4,5.5,0],"texture":"#0"},"down":{"uv":[5.5,0,7,4],"texture":"#0"}}},{"name":"body_back","from":[6.5,0.5,8],"to":[9.5,5.5,16],"shade":false,"rotation":{"angle":0,"axis":"y","origin":[16,5,12]},"faces":{"north":{"uv":[5.5,10.5,4,13],"texture":"#0"},"east":{"uv":[9.5,10.5,5.5,13],"texture":"#0"},"south":{"uv":[11,10.5,9.5,13],"texture":"#0"},"west":{"uv":[4,10.5,0,13],"texture":"#0"},"up":{"uv":[4,10.5,5.5,6.5],"texture":"#0"},"down":{"uv":[5.5,6.5,7,10.5],"texture":"#0"}}},{"name":"dorsal_front","from":[8,5.5,6],"to":[8.01,7.5,8],"rotation":{"angle":0,"axis":"y","origin":[0,5,12]},"faces":{"north":{"uv":[3,2,3,3],"texture":"#0"},"east":{"uv":[4,2,3,2.9995],"texture":"#0"},"south":{"uv":[4,2,4,3],"texture":"#0"},"west":{"uv":[3,2,4,3],"texture":"#0"},"up":{"uv":[3,2,3,1],"texture":"#0"},"down":{"uv":[3,1,3,2],"texture":"#0"}}},{"name":"dorsal_back","from":[8,5.5,8],"to":[8.01,7.5,11],"rotation":{"angle":0,"axis":"y","origin":[0,5,12]},"faces":{"north":{"uv":[2.5,3,2.5,4],"texture":"#0"},"east":{"uv":[4,3,2.5,4],"texture":"#0"},"south":{"uv":[4,3,4,4],"texture":"#0"},"west":{"uv":[2.5,3,4,4],"texture":"#0"},"up":{"uv":[2.5,3,2.5,1.5],"texture":"#0"},"down":{"uv":[2.5,1.5,2.5,3],"texture":"#0"}}},{"name":"tailfin","from":[8,0.5,16],"to":[8.01,5.5,22],"rotation":{"angle":0,"axis":"y","origin":[0,5,12]},"faces":{"north":{"uv":[13,8,13,10.5],"texture":"#0"},"east":{"uv":[16,8,13,10.4995],"texture":"#0"},"south":{"uv":[16,8,16,10.5],"texture":"#0"},"west":{"uv":[13,8,16,10.5],"texture":"#0"},"up":{"uv":[13,8,13,5],"texture":"#0"},"down":{"uv":[13,5,13,8],"texture":"#0"}}},{"name":"head","from":[7,1,-3],"to":[9,5,0],"shade":false,"rotation":{"angle":0,"axis":"y","origin":[0,4.5,12]},"faces":{"north":{"uv":[12.5,1.5,13.5,3.5],"texture":"#0"},"east":{"uv":[11,1.5,12.5,3.5],"texture":"#0"},"south":{"uv":[15,1.5,16,3.5],"texture":"#0"},"west":{"uv":[13.5,1.5,15,3.5],"texture":"#0"},"up":{"uv":[13.5,1.5,12.5,0],"texture":"#0"},"down":{"uv":[14.5,0,13.5,1.5],"texture":"#0"}}},{"name":"leftFin","from":[7.49,0.87,0],"to":[9.49,0.87,2],"shade":false,"faces":{"north":{"uv":[3,1,2,1],"texture":"#0"},"east":{"uv":[4,1,3,1],"texture":"#0"},"south":{"uv":[5,1,4,1],"texture":"#0"},"west":{"uv":[2,1,1,1],"texture":"#0"},"up":{"uv":[2,1,3,0],"texture":"#0"},"down":{"uv":[3,0,4,1],"texture":"#0"}}},{"name":"rightFin","from":[6.51,0.87,0],"to":[8.51,0.87,2],"shade":false,"faces":{"north":{"uv":[1,1,0,1],"texture":"#0"},"east":{"uv":[2,1,1,1],"texture":"#0"},"south":{"uv":[3,1,2,1],"texture":"#0"},"west":{"uv":[0,1,-1,1],"texture":"#0"},"up":{"uv":[0,1,1,0],"texture":"#0"},"down":{"uv":[1,0,2,1],"texture":"#0"}}},{"from":[-2.91351,3.39879,0],"to":[-0.91351,3.40879,2],"rotation":{"angle":45,"axis":"z","origin":[5.08649,11.39879,8]},"faces":{"up":{"uv":[3,1,2,0],"texture":"#0"},"down":{"uv":[2.9995,0,2,1],"texture":"#0"}}},{"from":[16.91351,3.39879,0],"to":[18.91351,3.40879,2],"rotation":{"angle":-45,"axis":"z","origin":[10.91351,11.39879,8]},"faces":{"up":{"uv":[2,1,3,0],"texture":"#0"},"down":{"uv":[1,0,0,1],"texture":"#0"}}}],"display":{"thirdperson_righthand":{"rotation":[50,50,0],"translation":[0,2.25,1.5],"scale":[0.5,0.5,0.5]},"thirdperson_lefthand":{"rotation":[50,50,0],"translation":[0,2.25,1.5],"scale":[0.5,0.5,0.5]},"firstperson_righthand":{"rotation":[10,105,-10],"translation":[2.25,4.75,0],"scale":[0.5,0.5,0.5]},"firstperson_lefthand":{"rotation":[10,105,-10],"translation":[2.25,4.75,0],"scale":[0.5,0.5,0.5]},"ground":{"rotation":[0,0,90],"translation":[-2.75,1,0],"scale":[0.5,0.5,0.5]},"gui":{"rotation":[25,135,0],"translation":[-0.5,3.5,0],"scale":[0.8,0.8,0.8]},"head":{"translation":[0,13.5,0],"scale":[0.5,0.5,0.5]},"fixed":{"rotation":[-90,0,0],"translation":[0,0,-15]}}}