{"credit":"Made by Vega_Senpai","textures":{"0":"item/silverfish_spawn_egg"},"elements":[{"name":"bodyPart_0","from":[6.5,0,0.5],"to":[9.5,2,2.5],"shade":false,"rotation":{"angle":0,"axis":"y","origin":[0,8,13]},"faces":{"north":{"uv":[0.5,1,1.25,2],"texture":"#0"},"east":{"uv":[0,1,0.5,2],"texture":"#0"},"south":{"uv":[1.75,1,2.5,2],"texture":"#0"},"west":{"uv":[1.25,1,1.75,2],"texture":"#0"},"up":{"uv":[1.25,1,0.5,0],"texture":"#0"},"down":{"uv":[2,0,1.25,1],"texture":"#0"}}},{"name":"bodyPart_1","from":[6,0,2.5],"to":[10,3,4.5],"shade":false,"rotation":{"angle":0,"axis":"y","origin":[0,8,13]},"faces":{"north":{"uv":[0.5,3,1.5,4.5],"texture":"#0"},"east":{"uv":[0,3,0.5,4.5],"texture":"#0"},"south":{"uv":[2,3,3,4.5],"texture":"#0"},"west":{"uv":[1.5,3,2,4.5],"texture":"#0"},"up":{"uv":[1.5,3,0.5,2],"texture":"#0"},"down":{"uv":[2.5,2,1.5,3],"texture":"#0"}}},{"name":"bodyPart_2","from":[5,0,4.5],"to":[11,4,7.5],"shade":false,"rotation":{"angle":0,"axis":"y","origin":[0,8,13]},"faces":{"north":{"uv":[0.75,6,2.25,8],"texture":"#0"},"east":{"uv":[0,6,0.75,8],"texture":"#0"},"south":{"uv":[3,6,4.5,8],"texture":"#0"},"west":{"uv":[2.25,6,3,8],"texture":"#0"},"up":{"uv":[2.25,6,0.75,4.5],"texture":"#0"},"down":{"uv":[3.75,4.5,2.25,6],"texture":"#0"}}},{"name":"bodyPart_3","from":[6.5,0,7.5],"to":[9.5,3,10.5],"shade":false,"rotation":{"angle":0,"axis":"y","origin":[0,8,13]},"faces":{"north":{"uv":[0.75,9.5,1.5,11],"texture":"#0"},"east":{"uv":[0,9.5,0.75,11],"texture":"#0"},"south":{"uv":[2.25,9.5,3,11],"texture":"#0"},"west":{"uv":[1.5,9.5,2.25,11],"texture":"#0"},"up":{"uv":[1.5,9.5,0.75,8],"texture":"#0"},"down":{"uv":[2.25,8,1.5,9.5],"texture":"#0"}}},{"name":"bodyPart_4","from":[7,0,10.5],"to":[9,2,13.5],"shade":false,"rotation":{"angle":0,"axis":"y","origin":[0,8,13]},"faces":{"north":{"uv":[0.75,12.5,1.25,13.5],"texture":"#0"},"east":{"uv":[0,12.5,0.75,13.5],"texture":"#0"},"south":{"uv":[2,12.5,2.5,13.5],"texture":"#0"},"west":{"uv":[1.25,12.5,2,13.5],"texture":"#0"},"up":{"uv":[1.25,12.5,0.75,11],"texture":"#0"},"down":{"uv":[1.75,11,1.25,12.5],"texture":"#0"}}},{"name":"bodyPart_5","from":[7,0,13.5],"to":[9,1,15.5],"shade":false,"rotation":{"angle":0,"axis":"y","origin":[0,8,13]},"faces":{"north":{"uv":[3.25,1,3.75,1.5],"texture":"#0"},"east":{"uv":[2.75,1,3.25,1.5],"texture":"#0"},"south":{"uv":[4.25,1,4.75,1.5],"texture":"#0"},"west":{"uv":[3.75,1,4.25,1.5],"texture":"#0"},"up":{"uv":[3.75,1,3.25,0],"texture":"#0"},"down":{"uv":[4.25,0,3.75,1],"texture":"#0"}}},{"name":"bodyPart_6","from":[7.5,0,15.5],"to":[8.5,1,17.5],"shade":false,"rotation":{"angle":0,"axis":"y","origin":[0,8,13]},"faces":{"north":{"uv":[3.75,3,4,3.5],"texture":"#0"},"east":{"uv":[3.25,3,3.75,3.5],"texture":"#0"},"south":{"uv":[4.5,3,4.75,3.5],"texture":"#0"},"west":{"uv":[4,3,4.5,3.5],"texture":"#0"},"up":{"uv":[4,3,3.75,2],"texture":"#0"},"down":{"uv":[4.25,2,4,3],"texture":"#0"}}},{"name":"bodyLayer_0","from":[3,0,7.5],"to":[13,8,7.51],"shade":false,"rotation":{"angle":0,"axis":"y","origin":[0,8,13]},"faces":{"north":{"uv":[11.5,1.5,9,5.5],"texture":"#0"},"south":{"uv":[9,1.5,11.5,5.5],"texture":"#0"}}},{"name":"bodyLayer_1","from":[3,0,4.5],"to":[13,8,4.51],"shade":false,"rotation":{"angle":0,"axis":"y","origin":[0,8,13]},"faces":{"north":{"uv":[5.75,1.5,8.25,5.5],"texture":"#0"},"east":{"uv":[5,1.5,5.75,5.5],"texture":"#0"},"south":{"uv":[8.25,1.5,5.75,5.5],"texture":"#0"},"west":{"uv":[8.25,1.5,9,5.5],"texture":"#0"},"up":{"uv":[8.25,1.5,5.75,0],"texture":"#0"},"down":{"uv":[10.75,0,8.25,1.5],"texture":"#0"}}},{"name":"bodyLayer_1","from":[5,0,13.5],"to":[11,4,13.51],"shade":false,"rotation":{"angle":0,"axis":"y","origin":[0,8,13]},"faces":{"north":{"uv":[9.5,7,8,9],"texture":"#0"},"east":{"uv":[5,7,5.75,9],"texture":"#0"},"south":{"uv":[8,7,9.5,9],"texture":"#0"},"west":{"uv":[7.25,7,8,9],"texture":"#0"},"up":{"uv":[7.25,7,5.75,5.5],"texture":"#0"},"down":{"uv":[8.75,5.5,7.25,7],"texture":"#0"}}},{"name":"bodyLayer_2","from":[5,0,10.5],"to":[11,4,10.51],"shade":false,"rotation":{"angle":0,"axis":"y","origin":[0,8,13]},"faces":{"north":{"uv":[5.75,7,7.25,9],"texture":"#0"},"east":{"uv":[5,7,5.75,9],"texture":"#0"},"south":{"uv":[7.25,7,5.75,9],"texture":"#0"},"west":{"uv":[7.25,7,8,9],"texture":"#0"},"up":{"uv":[7.25,7,5.75,5.5],"texture":"#0"},"down":{"uv":[8.75,5.5,7.25,7],"texture":"#0"}}},{"name":"bodyLayer_2","from":[5,0,2],"to":[11,5,2.01],"shade":false,"rotation":{"angle":0,"axis":"y","origin":[0,8,13]},"faces":{"north":{"uv":[5.5,10,7,12.5],"texture":"#0"},"east":{"uv":[5,10,5.5,12.5],"texture":"#0"},"south":{"uv":[7,10,5.5,12.5],"texture":"#0"},"west":{"uv":[7,10,7.5,12.5],"texture":"#0"},"up":{"uv":[7,10,5.5,9],"texture":"#0"},"down":{"uv":[8.5,9,7,10],"texture":"#0"}}}],"display":{"thirdperson_righthand":{"rotation":[50,67,0],"translation":[0,1.75,1.5],"scale":[0.3,0.3,0.3]},"thirdperson_lefthand":{"rotation":[50,67,0],"translation":[0,1.75,1.5],"scale":[0.3,0.3,0.3]},"firstperson_righthand":{"rotation":[10,115,-10],"translation":[2,5.5,0],"scale":[0.5,0.5,0.5]},"firstperson_lefthand":{"rotation":[10,115,-10],"translation":[2,5.5,0],"scale":[0.5,0.5,0.5]},"ground":{"translation":[0,1.5,0],"scale":[0.35,0.35,0.35]},"gui":{"rotation":[20,135,0],"translation":[-0.25,5.75,0],"scale":[1.1,1.1,1.1]},"head":{"translation":[0,10.4,0],"scale":[0.5,0.5,0.5]},"fixed":{"rotation":[-90,0,0],"translation":[0,0,-8]}}}