{"credit":"Made by Vega_Senpai","textures":{"0":"item/slime_spawn_egg"},"elements":[{"from":[4,0,4],"to":[12,8,12],"rotation":{"angle":0,"axis":"y","origin":[13,9,13]},"faces":{"north":{"uv":[1.5,11,3,14],"texture":"#0"},"east":{"uv":[0,11,1.5,14],"texture":"#0"},"south":{"uv":[4.5,11,6,14],"texture":"#0"},"west":{"uv":[3,11,4.5,14],"texture":"#0"},"up":{"uv":[3,11,1.5,8],"texture":"#0"},"down":{"uv":[4.5,8,3,11],"texture":"#0"}}},{"from":[3.4,-0.6,3.4],"to":[12.6,8.6,12.6],"rotation":{"angle":0,"axis":"y","origin":[12,8,12]},"faces":{"north":{"uv":[2,4,4,8],"texture":"#0"},"east":{"uv":[0,4,2,8],"texture":"#0"},"south":{"uv":[6,4,8,8],"texture":"#0"},"west":{"uv":[4,4,6,8],"texture":"#0"},"up":{"uv":[4,4,2,0],"texture":"#0"},"down":{"uv":[6,0,4,4],"texture":"#0"}}}],"display":{"thirdperson_righthand":{"rotation":[50,50,0],"translation":[0,1,0],"scale":[0.6,0.6,0.6]},"thirdperson_lefthand":{"rotation":[50,50,0],"translation":[0,1,0],"scale":[0.6,0.6,0.6]},"firstperson_righthand":{"rotation":[10,115,-10],"translation":[-0.25,6.5,0],"scale":[0.6,0.6,0.6]},"firstperson_lefthand":{"rotation":[10,115,-10],"translation":[-0.25,6.5,0],"scale":[0.6,0.6,0.6]},"ground":{"translation":[0,5,0],"scale":[0.75,0.75,0.75]},"gui":{"rotation":[25,135,0],"translation":[0,3.5,-80]},"head":{"translation":[0,15,0]},"fixed":{"rotation":[-90,0,0],"translation":[0,0,-30],"scale":[3.49,3.49,3.49]}}}