{"credit":"Made by Vega_Senpai","texture_size":[192,192],"textures":{"1":"item/sniffer_spawn_egg"},"elements":[{"from":[5,8,-12],"to":[11.5,9,-7.5],"faces":{"north":{"uv":[1.58333,4.5,2.66667,4.66667],"texture":"#1"},"east":{"uv":[0.83333,4.5,1.58333,4.66667],"texture":"#1"},"south":{"uv":[3.41667,4.5,4.5,4.66667],"texture":"#1"},"west":{"uv":[2.66667,4.5,3.41667,4.66667],"texture":"#1"},"up":{"uv":[2.66667,4.5,1.58333,3.75],"texture":"#1"},"down":{"uv":[3.75,3.75,2.66667,4.5],"texture":"#1"}}},{"from":[5,2,-12],"to":[11.5,8,-7.5],"faces":{"north":{"uv":[1.58333,5.5,2.66667,6.5],"texture":"#1"},"east":{"uv":[0.83333,5.5,1.58333,6.5],"texture":"#1"},"south":{"uv":[3.41667,5.5,4.5,6.5],"texture":"#1"},"west":{"uv":[2.66667,5.5,3.41667,6.5],"texture":"#1"},"up":{"uv":[2.66667,5.5,1.58333,4.75],"texture":"#1"},"down":{"uv":[3.75,4.75,2.66667,5.5],"texture":"#1"}}},{"from":[5,1,-7.5],"to":[5.001,10,-2],"rotation":{"angle":0,"axis":"y","origin":[6,0.001,0]},"faces":{"east":{"uv":[3.58333,2.16667,2.66667,3.66667],"texture":"#1"},"west":{"uv":[2.66667,2.16667,3.58333,3.66667],"texture":"#1"}}},{"from":[5,2.5,-7.5],"to":[11.5,2.5,-2],"faces":{"north":{"uv":[1.58333,1.25,2.66667,1.25],"texture":"#1"},"east":{"uv":[0.66667,1.25,1.58333,1.25],"texture":"#1"},"south":{"uv":[3.58333,1.25,4.66667,1.25],"texture":"#1"},"west":{"uv":[2.66667,1.25,3.58333,1.25],"texture":"#1"},"up":{"uv":[2.66667,1.25,1.58333,0.33333],"texture":"#1"},"down":{"uv":[3.75,0.33333,2.66667,1.25],"texture":"#1"}}},{"from":[4.5,0.501,-5.5],"to":[4.501,10.001,-2],"rotation":{"angle":0,"axis":"y","origin":[1,1.001,0]},"faces":{"east":{"uv":[1.41667,0.58333,0.83333,2.16667],"texture":"#1"},"west":{"uv":[0.83333,0.58333,1.41667,2.16667],"texture":"#1"}}},{"from":[2,17,-2],"to":[14.5,17.001,18],"faces":{"up":{"uv":[10.58333,9,8.5,5.66667],"texture":"#1"},"down":{"uv":[10.58333,5.66667,8.5,9],"texture":"#1"}}},{"from":[1.75,4.751,18.249],"to":[14.75,17.251,18.249],"rotation":{"angle":0,"axis":"y","origin":[0,0.001,-11.001]},"faces":{"north":{"uv":[16,3.33333,13.91667,5.33333],"texture":"#1"},"south":{"uv":[13.91667,3.33333,16,5.33333],"texture":"#1"}}},{"from":[2,4,-2],"to":[14.5,4,18],"faces":{"north":{"uv":[10.58333,9,12.66667,9],"texture":"#1"},"east":{"uv":[7.25,9,10.58333,9],"texture":"#1"},"south":{"uv":[16,9,18.08333,9],"texture":"#1"},"west":{"uv":[12.66667,9,16,9],"texture":"#1"},"up":{"uv":[12.66667,9,10.58333,5.66667],"texture":"#1"},"down":{"uv":[14.75,5.66667,12.66667,9],"texture":"#1"}}},{"from":[2.75,0,-1.25],"to":[6.25,5,2.75],"faces":{"north":{"uv":[0.66667,7.91667,1.25,8.75],"texture":"#1"},"east":{"uv":[0,7.91667,0.66667,8.75],"texture":"#1"},"south":{"uv":[1.91667,7.91667,2.5,8.75],"texture":"#1"},"west":{"uv":[1.25,7.91667,1.91667,8.75],"texture":"#1"},"up":{"uv":[1.25,7.91667,0.66667,7.25],"texture":"#1"},"down":{"uv":[1.83333,7.25,1.25,7.91667],"texture":"#1"}}},{"from":[2.75,0,6],"to":[6.25,5,10],"rotation":{"angle":0,"axis":"y","origin":[-7.25,5,-19.35]},"faces":{"north":{"uv":[0.66667,9.41667,1.25,10.25],"texture":"#1"},"east":{"uv":[0,9.41667,0.66667,10.25],"texture":"#1"},"south":{"uv":[1.91667,9.41667,2.5,10.25],"texture":"#1"},"west":{"uv":[1.25,9.41667,1.91667,10.25],"texture":"#1"},"up":{"uv":[1.25,9.41667,0.66667,8.75],"texture":"#1"},"down":{"uv":[1.83333,8.75,1.25,9.41667],"texture":"#1"}}},{"from":[2.75,0,13.3],"to":[6.25,5,17.3],"rotation":{"angle":0,"axis":"y","origin":[-7.25,5,-23.25]},"faces":{"north":{"uv":[0.66667,10.91667,1.25,11.75],"texture":"#1"},"east":{"uv":[0,10.91667,0.66667,11.75],"texture":"#1"},"south":{"uv":[1.91667,10.91667,2.5,11.75],"texture":"#1"},"west":{"uv":[1.25,10.91667,1.91667,11.75],"texture":"#1"},"up":{"uv":[1.25,10.91667,0.66667,10.25],"texture":"#1"},"down":{"uv":[1.83333,10.25,1.25,10.91667],"texture":"#1"}}},{"from":[10.25,0,-1.25],"to":[13.75,5,2.75],"rotation":{"angle":0,"axis":"y","origin":[-2.75,15,-15.25]},"faces":{"north":{"uv":[3.33333,7.91667,3.91667,8.75],"texture":"#1"},"east":{"uv":[2.66667,7.91667,3.33333,8.75],"texture":"#1"},"south":{"uv":[4.58333,7.91667,5.16667,8.75],"texture":"#1"},"west":{"uv":[3.91667,7.91667,4.58333,8.75],"texture":"#1"},"up":{"uv":[3.91667,7.91667,3.33333,7.25],"texture":"#1"},"down":{"uv":[4.5,7.25,3.91667,7.91667],"texture":"#1"}}},{"from":[10.25,0,6],"to":[13.75,5,10],"rotation":{"angle":0,"axis":"y","origin":[-2.75,15,-19.25]},"faces":{"north":{"uv":[3.33333,9.41667,3.91667,10.25],"texture":"#1"},"east":{"uv":[2.66667,9.41667,3.33333,10.25],"texture":"#1"},"south":{"uv":[4.58333,9.41667,5.16667,10.25],"texture":"#1"},"west":{"uv":[3.91667,9.41667,4.58333,10.25],"texture":"#1"},"up":{"uv":[3.91667,9.41667,3.33333,8.75],"texture":"#1"},"down":{"uv":[4.5,8.75,3.91667,9.41667],"texture":"#1"}}},{"from":[10.25,0,13.25],"to":[13.75,5,17.25],"rotation":{"angle":0,"axis":"y","origin":[-2.75,15,-23.25]},"faces":{"north":{"uv":[3.33333,10.91667,3.91667,11.75],"texture":"#1"},"east":{"uv":[2.66667,10.91667,3.33333,11.75],"texture":"#1"},"south":{"uv":[4.58333,10.91667,5.16667,11.75],"texture":"#1"},"west":{"uv":[3.91667,10.91667,4.58333,11.75],"texture":"#1"},"up":{"uv":[3.91667,10.91667,3.33333,10.25],"texture":"#1"},"down":{"uv":[4.5,10.25,3.91667,10.91667],"texture":"#1"}}},{"from":[14.499,2.501,-2],"to":[14.5,17.001,18],"rotation":{"angle":0,"axis":"y","origin":[-4.001,7.001,0]},"faces":{"east":{"uv":[5.16667,9,8.5,11.41667],"texture":"#1"},"west":{"uv":[8.5,9,5.16667,11.41667],"texture":"#1"}}},{"from":[2,2.501,-2],"to":[2.001,17.001,18],"rotation":{"angle":0,"axis":"y","origin":[5,7.001,0]},"faces":{"east":{"uv":[13.91667,9,10.58333,11.41667],"texture":"#1"},"west":{"uv":[10.58333,9,13.91667,11.41667],"texture":"#1"}}},{"from":[2,2.501,17.999],"to":[14.5,17.001,18],"rotation":{"angle":0,"axis":"y","origin":[0,7.001,-5.001]},"faces":{"north":{"uv":[16,9,13.91667,11.41667],"texture":"#1"},"south":{"uv":[13.91667,9,16,11.41667],"texture":"#1"}}},{"from":[2,2.501,-2],"to":[14.5,17.001,-1.999],"rotation":{"angle":0,"axis":"y","origin":[0,1.001,4]},"faces":{"north":{"uv":[8.5,9,10.58333,11.41667],"texture":"#1"},"south":{"uv":[10.58333,9,8.5,11.41667],"texture":"#1"}}},{"from":[4.999,0.501,-5.5],"to":[5,10.001,-2],"rotation":{"angle":0,"axis":"y","origin":[-2.001,1.001,0]},"faces":{"east":{"uv":[0.16667,0.58333,0.75,2.16667],"texture":"#1"},"west":{"uv":[0.75,0.58333,0.16667,2.16667],"texture":"#1"}}},{"from":[4.5,0.501,-2.001],"to":[5,10.001,-2],"rotation":{"angle":0,"axis":"y","origin":[0,1.001,-3.001]},"faces":{"north":{"uv":[1.5,0.58333,1.41667,2.16667],"texture":"#1"},"south":{"uv":[1.41667,0.58333,1.5,2.16667],"texture":"#1"}}},{"from":[4.5,10,-5.5],"to":[5,10.001,-2],"faces":{"up":{"uv":[0.83333,0.58333,0.75,0],"texture":"#1"},"down":{"uv":[0.75,0,0.83333,0.58333],"texture":"#1"}}},{"from":[4.5,0.501,-5.5],"to":[5,10.001,-5.499],"rotation":{"angle":0,"axis":"y","origin":[0,1.001,3]},"faces":{"north":{"uv":[0.75,0.58333,0.83333,2.16667],"texture":"#1"},"south":{"uv":[0.83333,0.58333,0.75,2.16667],"texture":"#1"}}},{"from":[11.5,0.501,-5.5],"to":[12,10.001,-5.499],"rotation":{"angle":0,"axis":"y","origin":[0,1.001,3]},"faces":{"north":{"uv":[4.66667,0.58333,4.58333,2.16667],"texture":"#1"},"south":{"uv":[4.66667,0.58333,4.58333,2.16667],"texture":"#1"}}},{"from":[11.5,10,-5.5],"to":[12,10.001,-2],"faces":{"up":{"uv":[4.66667,0.58333,4.58333,0],"texture":"#1"},"down":{"uv":[4.58333,0,4.66667,0.58333],"texture":"#1"}}},{"from":[11.5,0.501,-2.001],"to":[12,10.001,-2],"rotation":{"angle":0,"axis":"y","origin":[0,1.001,-3.001]},"faces":{"north":{"uv":[1.5,0.58333,1.41667,2.16667],"texture":"#1"},"south":{"uv":[1.41667,0.58333,1.5,2.16667],"texture":"#1"}}},{"from":[11.999,0.501,-5.5],"to":[12,10.001,-2],"rotation":{"angle":0,"axis":"y","origin":[-2.001,1.001,0]},"faces":{"east":{"uv":[4,0.58333,4.58333,2.16667],"texture":"#1"},"west":{"uv":[4.58333,0.58333,4,2.16667],"texture":"#1"}}},{"from":[11.5,0.501,-5.5],"to":[11.501,10.001,-2],"rotation":{"angle":0,"axis":"y","origin":[1,1.001,0]},"faces":{"east":{"uv":[5.25,0.58333,4.66667,2.16667],"texture":"#1"},"west":{"uv":[4.66667,0.58333,5.25,2.16667],"texture":"#1"}}},{"from":[11.499,1,-7.5],"to":[11.5,10,-2],"rotation":{"angle":0,"axis":"y","origin":[-5.001,0,0]},"faces":{"east":{"uv":[0.66667,2.16667,1.58333,3.66667],"texture":"#1"},"west":{"uv":[1.58333,2.16667,0.66667,3.66667],"texture":"#1"}}},{"from":[5,1,-2.001],"to":[11.5,10,-2],"rotation":{"angle":0,"axis":"y","origin":[0,0.001,-4.001]},"faces":{"north":{"uv":[4.66667,2.16667,3.58333,3.66667],"texture":"#1"},"south":{"uv":[3.58333,2.16667,4.66667,3.66667],"texture":"#1"}}},{"from":[5,1,-7.5],"to":[11.5,10,-7.499],"rotation":{"angle":0,"axis":"y","origin":[0,0.001,5]},"faces":{"north":{"uv":[1.58333,2.16667,2.66667,3.66667],"texture":"#1"},"south":{"uv":[2.66667,2.16667,1.58333,3.66667],"texture":"#1"}}},{"from":[5,10,-7.5],"to":[11.5,10,-2],"faces":{"up":{"uv":[2.66667,2.16667,1.58333,1.25],"texture":"#1"},"down":{"uv":[2.66667,1.25,1.58333,2.16667],"texture":"#1"}}},{"from":[14.749,4.751,-2.25],"to":[14.749,17.251,18.25],"rotation":{"angle":0,"axis":"y","origin":[-8.001,0.001,0]},"faces":{"east":{"uv":[5.16667,3.33333,8.5,5.33333],"texture":"#1"},"west":{"uv":[8.5,3.33333,5.16667,5.33333],"texture":"#1"}}},{"from":[1.75,4.751,-2.25],"to":[1.75,17.251,18.25],"rotation":{"angle":0,"axis":"y","origin":[7,0.001,0]},"faces":{"east":{"uv":[13.91667,3.33333,10.58333,5.33333],"texture":"#1"},"west":{"uv":[10.58333,3.33333,13.91667,5.33333],"texture":"#1"}}},{"from":[1.75,17.25,-2.25],"to":[14.75,17.25,18.25],"faces":{"up":{"uv":[10.58333,3.33333,8.5,0],"texture":"#1"},"down":{"uv":[10.58333,0,8.5,3.33333],"texture":"#1"}}},{"from":[1.75,4.751,-2.25],"to":[14.75,17.251,-2.25],"rotation":{"angle":0,"axis":"y","origin":[0,0.001,9]},"faces":{"north":{"uv":[8.5,3.33333,10.58333,5.33333],"texture":"#1"},"south":{"uv":[10.58333,3.33333,8.5,5.33333],"texture":"#1"}}}],"display":{"thirdperson_righthand":{"rotation":[50,50,0],"translation":[-1.75,2,0],"scale":[0.5,0.5,0.5]},"thirdperson_lefthand":{"rotation":[50,50,0],"translation":[-1.75,2,0],"scale":[0.5,0.5,0.5]},"firstperson_righthand":{"rotation":[15,115,-10],"translation":[1.25,6,0],"scale":[0.4,0.4,0.4]},"firstperson_lefthand":{"rotation":[15,115,-10],"translation":[1.25,6,0],"scale":[0.4,0.4,0.4]},"ground":{"translation":[0,4,0],"scale":[0.5,0.5,0.5]},"gui":{"rotation":[20,135,0],"translation":[1.25,-0.25,0],"scale":[0.55,0.55,0.55]},"head":{"translation":[0,12.8,0],"scale":[0.8,0.8,0.8]},"fixed":{"rotation":[-90,0,0],"translation":[-0.5,0,-16],"scale":[2,2,2]}}}