{"credit":"Made by Vega_Senpai","texture_size":[64,64],"textures":{"0":"item/snow_golem_spawn_egg","1":"item/snow_golem_spawn_egg2"},"elements":[{"name":"head","from":[4.5,20,4.5],"to":[11.5,27,11.5],"shade":false,"rotation":{"angle":0,"axis":"y","origin":[16,0,0]},"faces":{"north":{"uv":[2,2,4,4],"texture":"#0"},"east":{"uv":[0,2,2,4],"texture":"#0"},"south":{"uv":[6,2,8,4],"texture":"#0"},"west":{"uv":[4,2,6,4],"texture":"#0"},"up":{"uv":[4,2,2,0],"texture":"#0"},"down":{"uv":[6,0,4,2],"texture":"#0"}}},{"name":"head","from":[3,20,3],"to":[13,30,13],"shade":false,"rotation":{"angle":0,"axis":"y","origin":[16,0,0]},"faces":{"north":{"uv":[4,8,8,16],"texture":"#1"},"east":{"uv":[0,8,4,16],"texture":"#1"},"south":{"uv":[12,8,16,16],"texture":"#1"},"west":{"uv":[8,8,12,16],"texture":"#1"},"up":{"uv":[8,8,4,0],"texture":"#1"},"down":{"uv":[12,0,8,8],"texture":"#1"}}},{"name":"arm1","from":[12.5,9,7.5],"to":[13.5,20,8.5],"rotation":{"angle":22.5,"axis":"z","origin":[20,16.5,8]},"faces":{"north":{"uv":[8.5,0.5,11.5,1],"rotation":270,"texture":"#0"},"east":{"uv":[11.5,0.5,8.5,0],"rotation":90,"texture":"#0"},"south":{"uv":[12,0.5,15,1],"rotation":90,"texture":"#0"},"west":{"uv":[14.5,0,11.5,0.5],"rotation":90,"texture":"#0"},"up":{"uv":[11.5,0.5,12,1],"rotation":90,"texture":"#0"},"down":{"uv":[8,0.5,8.5,1],"rotation":90,"texture":"#0"}}},{"name":"arm2","from":[2.7,8.7,7.5],"to":[3.7,19.7,8.5],"rotation":{"angle":-22.5,"axis":"z","origin":[-3,16.5,8]},"faces":{"north":{"uv":[8.5,0.5,11.5,1],"rotation":90,"texture":"#0"},"east":{"uv":[14.5,0,11.5,0.5],"rotation":270,"texture":"#0"},"south":{"uv":[12,0.5,15,1],"rotation":270,"texture":"#0"},"west":{"uv":[11.5,0.5,8.5,0],"rotation":270,"texture":"#0"},"up":{"uv":[8,0.5,8.5,1],"rotation":270,"texture":"#0"},"down":{"uv":[11.5,0.5,12,1],"rotation":270,"texture":"#0"}}},{"name":"piece1","from":[3.5,11,3.5],"to":[12.5,20,12.5],"shade":false,"rotation":{"angle":0,"axis":"y","origin":[16,0,0]},"faces":{"north":{"uv":[2.5,6.5,5,9],"texture":"#0"},"east":{"uv":[0,6.5,2.5,9],"texture":"#0"},"south":{"uv":[7.5,6.5,10,9],"texture":"#0"},"west":{"uv":[5,6.5,7.5,9],"texture":"#0"},"up":{"uv":[5,6.5,2.5,4],"texture":"#0"},"down":{"uv":[7.5,4,5,6.5],"texture":"#0"}}},{"name":"piece2","from":[2.5,0,2.5],"to":[13.5,11,13.5],"shade":false,"rotation":{"angle":0,"axis":"y","origin":[16,0,0]},"faces":{"north":{"uv":[3,12,6,15],"texture":"#0"},"east":{"uv":[0,12,3,15],"texture":"#0"},"south":{"uv":[9,12,12,15],"texture":"#0"},"west":{"uv":[6,12,9,15],"texture":"#0"},"up":{"uv":[6,12,3,9],"texture":"#0"},"down":{"uv":[9,9,6,12],"texture":"#0"}}}],"display":{"thirdperson_righthand":{"rotation":[50,50,0],"translation":[-0.25,2.25,-0.25],"scale":[0.3,0.3,0.3]},"thirdperson_lefthand":{"rotation":[50,50,0],"translation":[-0.25,2.25,-0.25],"scale":[0.3,0.3,0.3]},"firstperson_righthand":{"rotation":[10,115,-10],"translation":[2.5,3,0],"scale":[0.3,0.3,0.3]},"firstperson_lefthand":{"rotation":[10,115,-10],"translation":[2.5,3,0],"scale":[0.3,0.3,0.3]},"ground":{"translation":[0,1.75,0],"scale":[0.3,0.3,0.3]},"gui":{"rotation":[20,135,0],"translation":[0.6,-3,0],"scale":[0.45,0.45,0.45]},"head":{"translation":[0,10.4,0],"scale":[0.5,0.5,0.5]},"fixed":{"rotation":[-90,0,0],"translation":[0,0,-8]}}}