{"credit":"Made with Vega_Senpai","textures":{"1":"item/squid_spawn_egg"},"elements":[{"name":"body","from":[2,14,2],"to":[14,30,14],"rotation":{"angle":0,"axis":"y","origin":[16,17,16]},"faces":{"north":{"uv":[3,6,6,14],"texture":"#1"},"east":{"uv":[0,6,3,14],"texture":"#1"},"south":{"uv":[9,6,12,14],"texture":"#1"},"west":{"uv":[6,6,9,14],"texture":"#1"},"up":{"uv":[6,6,3,0],"rotation":180,"texture":"#1"},"down":{"uv":[9,0,6,6],"texture":"#1"}}},{"name":"tentacle","from":[10.5,-3,10.5],"to":[12.5,15,12.5],"rotation":{"angle":45,"axis":"y","origin":[11.5,6,11.5]},"faces":{"north":{"uv":[12.5,1,13,10],"texture":"#1"},"east":{"uv":[12,1,12.5,10],"texture":"#1"},"south":{"uv":[13.5,1,14,10],"texture":"#1"},"west":{"uv":[13,1,13.5,10],"texture":"#1"},"up":{"uv":[13,1,12.5,0],"texture":"#1"},"down":{"uv":[13.5,0,13,1],"texture":"#1"}}},{"name":"tentacle1","from":[10.5,-3,3.5],"to":[12.5,15,5.5],"rotation":{"angle":45,"axis":"y","origin":[11.5,6,4.5]},"faces":{"north":{"uv":[12,1,12.5,10],"texture":"#1"},"east":{"uv":[13.5,1,14,10],"texture":"#1"},"south":{"uv":[13,1,13.5,10],"texture":"#1"},"west":{"uv":[12.5,1,13,10],"texture":"#1"},"up":{"uv":[13,1,12.5,0],"rotation":270,"texture":"#1"},"down":{"uv":[13.5,0,13,1],"rotation":90,"texture":"#1"}}},{"name":"tentacle","from":[3.5,-3,3.5],"to":[5.5,15,5.5],"rotation":{"angle":45,"axis":"y","origin":[4.5,6,4.5]},"faces":{"north":{"uv":[13.5,1,14,10],"texture":"#1"},"east":{"uv":[13,1,13.5,10],"texture":"#1"},"south":{"uv":[12.5,1,13,10],"texture":"#1"},"west":{"uv":[12,1,12.5,10],"texture":"#1"},"up":{"uv":[13,1,12.5,0],"rotation":180,"texture":"#1"},"down":{"uv":[13.5,0,13,1],"rotation":180,"texture":"#1"}}},{"name":"tentacle","from":[3.5,-3,10.5],"to":[5.5,15,12.5],"rotation":{"angle":45,"axis":"y","origin":[4.5,6,11.5]},"faces":{"north":{"uv":[13,1,13.5,10],"texture":"#1"},"east":{"uv":[12.5,1,13,10],"texture":"#1"},"south":{"uv":[12,1,12.5,10],"texture":"#1"},"west":{"uv":[13.5,1,14,10],"texture":"#1"},"up":{"uv":[13,1,12.5,0],"rotation":90,"texture":"#1"},"down":{"uv":[13.5,0,13,1],"rotation":270,"texture":"#1"}}},{"name":"tentacle","from":[7,-3,2.01],"to":[9,15,4.01],"rotation":{"angle":0,"axis":"y","origin":[8,6,8]},"faces":{"north":{"uv":[13.5,1,14,10],"texture":"#1"},"east":{"uv":[13,1,13.5,10],"texture":"#1"},"south":{"uv":[12.5,1,13,10],"texture":"#1"},"west":{"uv":[12,1,12.5,10],"texture":"#1"},"up":{"uv":[13,1,12.5,0],"rotation":180,"texture":"#1"},"down":{"uv":[13.5,0,13,1],"rotation":180,"texture":"#1"}}},{"name":"tentacle","from":[7,-3,11.99],"to":[9,15,13.99],"rotation":{"angle":0,"axis":"y","origin":[8,6,13]},"faces":{"north":{"uv":[12.5,1,13,10],"texture":"#1"},"east":{"uv":[12,1,12.5,10],"texture":"#1"},"south":{"uv":[13.5,1,14,10],"texture":"#1"},"west":{"uv":[13,1,13.5,10],"texture":"#1"},"up":{"uv":[13,1,12.5,0],"texture":"#1"},"down":{"uv":[13.5,0,13,1],"texture":"#1"}}},{"name":"tentacle","from":[11.99,-3,7],"to":[13.99,15,9],"rotation":{"angle":0,"axis":"y","origin":[13,6,8]},"faces":{"north":{"uv":[12,1,12.5,10],"texture":"#1"},"east":{"uv":[13.5,1,14,10],"texture":"#1"},"south":{"uv":[13,1,13.5,10],"texture":"#1"},"west":{"uv":[12.5,1,13,10],"texture":"#1"},"up":{"uv":[13,1,12.5,0],"rotation":270,"texture":"#1"},"down":{"uv":[13.5,0,13,1],"rotation":90,"texture":"#1"}}},{"name":"tentacle","from":[2.01,-3,7],"to":[4.01,15,9],"shade":false,"rotation":{"angle":0,"axis":"y","origin":[3,6,8]},"faces":{"north":{"uv":[12,1,12.5,10],"texture":"#1"},"east":{"uv":[12.5,1,13,10],"texture":"#1"},"south":{"uv":[13,1,13.5,10],"texture":"#1"},"west":{"uv":[13.5,1,14,10],"texture":"#1"},"up":{"uv":[13,1,12.5,0],"rotation":90,"texture":"#1"},"down":{"uv":[13.5,0,13,1],"rotation":270,"texture":"#1"}}}],"display":{"thirdperson_righthand":{"rotation":[50,50,0],"translation":[0,-0.5,-2],"scale":[0.3,0.3,0.3]},"thirdperson_lefthand":{"rotation":[50,50,0],"translation":[0,-0.5,-2],"scale":[0.3,0.3,0.3]},"firstperson_righthand":{"rotation":[10,115,-10],"translation":[1.75,0.5,0],"scale":[0.3,0.3,0.3]},"firstperson_lefthand":{"rotation":[10,115,-10],"translation":[1.75,0.5,0],"scale":[0.3,0.3,0.3]},"ground":{"rotation":[90,0,0],"translation":[0,1.5,-4],"scale":[0.3,0.3,0.3]},"gui":{"rotation":[55,-180,-30],"translation":[1.25,-1.5,0],"scale":[0.5,0.5,0.5]},"head":{"rotation":[-35,0,0],"translation":[0,13,0],"scale":[0.35,0.35,0.35]},"fixed":{"rotation":[-115,0,0],"translation":[0,0,-16],"scale":[0.7,0.7,0.7]}}}