{"credit":"Made by Vega_Senpai","textures":{"1":"item/vex_spawn_egg","2":"item/vex_weapon"},"elements":[{"from":[4.5,5,5],"to":[9.5,10,10],"rotation":{"angle":-22.5,"axis":"z","origin":[6.99339,4.875,8.007]},"faces":{"north":{"uv":[2.5,2.5,5,5],"texture":"#1"},"east":{"uv":[0,2.5,2.5,5],"texture":"#1"},"south":{"uv":[7.5,2.5,10,5],"texture":"#1"},"west":{"uv":[5,2.5,7.5,5],"texture":"#1"},"up":{"uv":[2.5,0,5,2.5],"texture":"#1"},"down":{"uv":[5,0,7.5,2.5],"texture":"#1"}}},{"from":[5.5,1,6.5],"to":[8.5,5,8.5],"rotation":{"angle":-22.5,"axis":"z","origin":[6.99339,4.875,8.007]},"faces":{"north":{"uv":[1,6,2.5,8],"texture":"#1"},"east":{"uv":[0,6,1,8],"texture":"#1"},"south":{"uv":[3.5,6,5,8],"texture":"#1"},"west":{"uv":[2.5,6,3.5,8],"texture":"#1"},"up":{"uv":[2.5,6,1,5],"texture":"#1"},"down":{"uv":[4,5,2.5,6],"texture":"#1"}}},{"from":[5.8,0,6.8],"to":[8.3,4.5,8.3],"rotation":{"angle":-22.5,"axis":"z","origin":[6.99339,4.875,8.007]},"faces":{"north":{"uv":[1,9,2.5,11.5],"texture":"#1"},"east":{"uv":[0,9,1,11.5],"texture":"#1"},"south":{"uv":[3.5,9,5,11.5],"texture":"#1"},"west":{"uv":[2.5,9,3.5,11.5],"texture":"#1"},"up":{"uv":[2.5,9,1,8],"texture":"#1"},"down":{"uv":[4,8,2.5,9],"texture":"#1"}}},{"from":[8.16752,0.85197,6.6],"to":[9.96752,4.45197,8.4],"rotation":{"angle":0,"axis":"z","origin":[6.99339,4.875,8.007]},"faces":{"north":{"uv":[12.5,1,13.5,3],"texture":"#1"},"east":{"uv":[11.5,1,12.5,3],"texture":"#1"},"south":{"uv":[14.5,1,15.5,3],"texture":"#1"},"west":{"uv":[13.5,1,14.5,3],"texture":"#1"},"up":{"uv":[13.5,1,12.5,0],"texture":"#1"},"down":{"uv":[14.5,0,13.5,1],"texture":"#1"}}},{"from":[4.02552,0.85141,6.6],"to":[5.82552,4.45141,8.4],"rotation":{"angle":-45,"axis":"z","origin":[6.99339,4.875,8.007]},"faces":{"north":{"uv":[12.5,4,13.5,6],"texture":"#1"},"east":{"uv":[11.5,4,12.5,6],"texture":"#1"},"south":{"uv":[14.5,4,15.5,6],"texture":"#1"},"west":{"uv":[13.5,4,14.5,6],"texture":"#1"},"up":{"uv":[13.5,4,12.5,3],"texture":"#1"},"down":{"uv":[14.5,3,13.5,4],"texture":"#1"}}},{"from":[0.99896,4.61068,8.514],"to":[5.99896,12.61068,8.514],"rotation":{"angle":22.5,"axis":"z","origin":[6.99339,4.875,8.007]},"faces":{"north":{"uv":[12,11,8,13.5],"rotation":270,"texture":"#1"},"east":{"uv":[12,11,8,11],"rotation":90,"texture":"#1"},"south":{"uv":[8,11,12,13.5],"rotation":90,"texture":"#1"},"west":{"uv":[16,11,12,11],"rotation":90,"texture":"#1"},"up":{"uv":[12,11,12,13.5],"rotation":90,"texture":"#1"},"down":{"uv":[8,11,8,13.5],"rotation":90,"texture":"#1"}}},{"from":[6.74157,-1.10693,8.514],"to":[14.74157,3.89307,8.514],"rotation":{"angle":22.5,"axis":"z","origin":[6.99339,4.875,8.007]},"faces":{"north":{"uv":[8,11,12,13.5],"texture":"#1"},"east":{"uv":[8,11,8,13.5],"texture":"#1"},"south":{"uv":[12,11,8,13.5],"texture":"#1"},"west":{"uv":[12,11,12,13.5],"texture":"#1"},"up":{"uv":[12,11,8,11],"texture":"#1"},"down":{"uv":[16,11,12,11],"texture":"#1"}}},{"from":[8.8,8.275,-5.33972],"to":[9.3,8.775,-4.83972],"rotation":{"angle":-45,"axis":"x","origin":[12.95,9.375,6.21028]},"faces":{"north":{"uv":[15,0,16,1],"texture":"#2"},"east":{"uv":[15,0,16,1],"rotation":270,"texture":"#2"},"south":{"uv":[15,0,16,1],"rotation":180,"texture":"#2"},"west":{"uv":[15,0,16,1],"rotation":90,"texture":"#2"},"up":{"uv":[15,0,16,1],"texture":"#2"},"down":{"uv":[15,0,16,1],"rotation":180,"texture":"#2"}}},{"from":[8.8,7.04069,-5.9054],"to":[9.3,7.54069,-5.4054],"rotation":{"angle":-45,"axis":"x","origin":[12.95,9.94069,5.6446]},"faces":{"north":{"uv":[13,0,14,1],"texture":"#2"},"east":{"uv":[13,0,14,1],"rotation":270,"texture":"#2"},"south":{"uv":[13,0,14,1],"rotation":180,"texture":"#2"},"west":{"uv":[13,0,14,1],"rotation":90,"texture":"#2"},"up":{"uv":[13,0,14,1],"texture":"#2"},"down":{"uv":[13,0,14,1],"rotation":180,"texture":"#2"}}},{"from":[8.8,6.14069,-5.57109],"to":[9.3,6.64069,-5.07109],"rotation":{"angle":-45,"axis":"x","origin":[12.95,9.94069,5.07891]},"faces":{"north":{"uv":[12,1,13,2],"texture":"#2"},"east":{"uv":[12,1,13,2],"rotation":270,"texture":"#2"},"south":{"uv":[12,1,13,2],"rotation":180,"texture":"#2"},"west":{"uv":[12,1,13,2],"rotation":90,"texture":"#2"},"up":{"uv":[12,1,13,2],"texture":"#2"},"down":{"uv":[12,1,13,2],"rotation":180,"texture":"#2"}}},{"from":[8.8,5.24069,-5.23677],"to":[9.3,5.74069,-4.73677],"rotation":{"angle":-45,"axis":"x","origin":[12.95,9.94069,4.51323]},"faces":{"north":{"uv":[11,2,12,3],"texture":"#2"},"east":{"uv":[11,2,12,3],"rotation":270,"texture":"#2"},"south":{"uv":[11,2,12,3],"rotation":180,"texture":"#2"},"west":{"uv":[11,2,12,3],"rotation":90,"texture":"#2"},"up":{"uv":[11,2,12,3],"texture":"#2"},"down":{"uv":[11,2,12,3],"rotation":180,"texture":"#2"}}},{"from":[8.8,4.34069,-4.90246],"to":[9.3,4.84069,-4.40246],"rotation":{"angle":-45,"axis":"x","origin":[12.95,9.94069,3.94754]},"faces":{"north":{"uv":[10,3,11,4],"texture":"#2"},"east":{"uv":[10,3,11,4],"rotation":270,"texture":"#2"},"south":{"uv":[10,3,11,4],"rotation":180,"texture":"#2"},"west":{"uv":[10,3,11,4],"rotation":90,"texture":"#2"},"up":{"uv":[10,3,11,4],"texture":"#2"},"down":{"uv":[10,3,11,4],"rotation":180,"texture":"#2"}}},{"from":[8.8,2.54069,-4.23383],"to":[9.3,3.04069,-3.73383],"rotation":{"angle":-45,"axis":"x","origin":[12.95,9.94069,2.81617]},"faces":{"north":{"uv":[8,5,9,6],"texture":"#2"},"east":{"uv":[8,5,9,6],"rotation":270,"texture":"#2"},"south":{"uv":[8,5,9,6],"rotation":180,"texture":"#2"},"west":{"uv":[8,5,9,6],"rotation":90,"texture":"#2"},"up":{"uv":[8,5,9,6],"texture":"#2"},"down":{"uv":[8,5,9,6],"rotation":180,"texture":"#2"}}},{"from":[8.8,0.74069,-3.5652],"to":[9.3,1.24069,-3.0652],"rotation":{"angle":-45,"axis":"x","origin":[12.95,9.94069,1.6848]},"faces":{"north":{"uv":[6,7,7,8],"texture":"#2"},"east":{"uv":[6,7,7,8],"rotation":270,"texture":"#2"},"south":{"uv":[6,7,7,8],"rotation":180,"texture":"#2"},"west":{"uv":[6,7,7,8],"rotation":90,"texture":"#2"},"up":{"uv":[6,7,7,8],"texture":"#2"},"down":{"uv":[6,7,7,8],"rotation":180,"texture":"#2"}}},{"from":[8.8,-0.49363,-4.13089],"to":[9.3,0.00637,-3.63089],"rotation":{"angle":-45,"axis":"x","origin":[12.95,10.50637,1.11911]},"faces":{"north":{"uv":[4,7,5,8],"texture":"#2"},"east":{"uv":[4,7,5,8],"rotation":270,"texture":"#2"},"south":{"uv":[4,7,5,8],"rotation":180,"texture":"#2"},"west":{"uv":[4,7,5,8],"rotation":90,"texture":"#2"},"up":{"uv":[4,7,5,8],"texture":"#2"},"down":{"uv":[4,7,5,8],"rotation":180,"texture":"#2"}}},{"from":[8.8,-0.82794,-5.03089],"to":[9.3,-0.32794,-4.53089],"rotation":{"angle":-45,"axis":"x","origin":[12.95,11.07206,1.11911]},"faces":{"north":{"uv":[3,6,4,7],"texture":"#2"},"east":{"uv":[3,6,4,7],"rotation":270,"texture":"#2"},"south":{"uv":[3,6,4,7],"rotation":180,"texture":"#2"},"west":{"uv":[3,6,4,7],"rotation":90,"texture":"#2"},"up":{"uv":[3,6,4,7],"texture":"#2"},"down":{"uv":[3,7,4,8],"rotation":180,"texture":"#2"}}},{"from":[8.8,-1.4451,-5.31373],"to":[9.3,-0.9451,-4.81373],"rotation":{"angle":-45,"axis":"x","origin":[12.95,11.3549,0.83627]},"faces":{"north":{"uv":[2,6,3,7],"texture":"#2"},"east":{"uv":[2,6,3,7],"rotation":270,"texture":"#2"},"south":{"uv":[2,6,3,7],"rotation":180,"texture":"#2"},"west":{"uv":[2,6,3,7],"rotation":90,"texture":"#2"},"up":{"uv":[2,6,3,7],"texture":"#2"},"down":{"uv":[2,6,3,7],"rotation":180,"texture":"#2"}}},{"from":[8.8,-1.72794,-4.69657],"to":[9.3,-1.22794,-4.19657],"rotation":{"angle":-45,"axis":"x","origin":[12.95,11.07206,0.55343]},"faces":{"north":{"uv":[2,7,3,8],"texture":"#2"},"east":{"uv":[2,7,3,8],"rotation":270,"texture":"#2"},"south":{"uv":[2,7,3,8],"rotation":180,"texture":"#2"},"west":{"uv":[2,7,3,8],"rotation":90,"texture":"#2"},"up":{"uv":[2,7,3,8],"texture":"#2"},"down":{"uv":[2,7,3,8],"rotation":180,"texture":"#2"}}},{"from":[8.8,-1.39363,-3.79657],"to":[9.3,-0.89363,-3.29657],"rotation":{"angle":-45,"axis":"x","origin":[12.95,10.50637,0.55343]},"faces":{"north":{"uv":[3,8,4,9],"texture":"#2"},"east":{"uv":[3,8,4,9],"rotation":270,"texture":"#2"},"south":{"uv":[3,8,4,9],"rotation":180,"texture":"#2"},"west":{"uv":[3,8,4,9],"rotation":90,"texture":"#2"},"up":{"uv":[3,8,4,9],"texture":"#2"},"down":{"uv":[3,8,4,9],"rotation":180,"texture":"#2"}}},{"from":[8.8,-1.67647,-3.17942],"to":[9.3,-1.17647,-2.67942],"rotation":{"angle":-45,"axis":"x","origin":[12.95,10.22353,0.27058]},"faces":{"north":{"uv":[3,9,4,10],"texture":"#2"},"east":{"uv":[3,9,4,10],"rotation":270,"texture":"#2"},"south":{"uv":[3,9,4,10],"rotation":180,"texture":"#2"},"west":{"uv":[3,9,4,10],"rotation":90,"texture":"#2"},"up":{"uv":[3,9,4,10],"texture":"#2"},"down":{"uv":[3,9,4,10],"rotation":180,"texture":"#2"}}},{"from":[8.8,-1.34216,-2.27942],"to":[9.3,-0.84216,-1.77942],"rotation":{"angle":-45,"axis":"x","origin":[12.95,9.65784,0.27058]},"faces":{"north":{"uv":[4,10,5,11],"texture":"#2"},"east":{"uv":[4,10,5,11],"rotation":270,"texture":"#2"},"south":{"uv":[4,10,5,11],"rotation":180,"texture":"#2"},"west":{"uv":[4,10,5,11],"rotation":90,"texture":"#2"},"up":{"uv":[4,10,5,11],"texture":"#2"},"down":{"uv":[4,10,5,11],"rotation":180,"texture":"#2"}}},{"from":[8.8,-2.24216,-1.9451],"to":[9.3,-1.74216,-1.4451],"rotation":{"angle":-45,"axis":"x","origin":[12.95,9.65784,-0.2951]},"faces":{"north":{"uv":[3,11,4,12],"texture":"#2"},"east":{"uv":[3,11,4,12],"rotation":270,"texture":"#2"},"south":{"uv":[3,11,4,12],"rotation":180,"texture":"#2"},"west":{"uv":[3,11,4,12],"rotation":90,"texture":"#2"},"up":{"uv":[3,11,4,12],"texture":"#2"},"down":{"uv":[3,11,4,12],"rotation":180,"texture":"#2"}}},{"from":[8.8,-1.90784,-1.0451],"to":[9.3,-1.40784,-0.5451],"rotation":{"angle":-45,"axis":"x","origin":[12.95,9.09216,-0.2951]},"faces":{"north":{"uv":[4,12,5,13],"texture":"#2"},"east":{"uv":[4,12,5,13],"rotation":270,"texture":"#2"},"south":{"uv":[4,12,5,13],"rotation":180,"texture":"#2"},"west":{"uv":[4,12,5,13],"rotation":90,"texture":"#2"},"up":{"uv":[4,12,5,13],"texture":"#2"},"down":{"uv":[4,12,5,13],"rotation":180,"texture":"#2"}}},{"from":[8.8,-2.80784,-0.71079],"to":[9.3,-2.30784,-0.21079],"rotation":{"angle":-45,"axis":"x","origin":[12.95,9.09216,-0.86079]},"faces":{"north":{"uv":[3,13,4,14],"texture":"#2"},"east":{"uv":[3,13,4,14],"rotation":270,"texture":"#2"},"south":{"uv":[3,13,4,14],"rotation":180,"texture":"#2"},"west":{"uv":[3,13,4,14],"rotation":90,"texture":"#2"},"up":{"uv":[3,13,4,14],"texture":"#2"},"down":{"uv":[3,13,4,14],"rotation":180,"texture":"#2"}}},{"from":[8.8,-3.425,-0.99363],"to":[9.3,-2.925,-0.49363],"rotation":{"angle":-45,"axis":"x","origin":[12.95,9.375,-1.14363]},"faces":{"north":{"uv":[2,13,3,14],"texture":"#2"},"east":{"uv":[2,13,3,14],"rotation":270,"texture":"#2"},"south":{"uv":[2,13,3,14],"rotation":180,"texture":"#2"},"west":{"uv":[2,13,3,14],"rotation":90,"texture":"#2"},"up":{"uv":[2,13,3,14],"texture":"#2"},"down":{"uv":[2,13,3,14],"rotation":180,"texture":"#2"}}},{"from":[8.8,-4.325,-0.65931],"to":[9.3,-3.825,-0.15931],"rotation":{"angle":-45,"axis":"x","origin":[12.95,9.375,-1.70931]},"faces":{"north":{"uv":[1,14,2,15],"texture":"#2"},"east":{"uv":[1,14,2,15],"rotation":270,"texture":"#2"},"south":{"uv":[1,14,2,15],"rotation":180,"texture":"#2"},"west":{"uv":[1,14,2,15],"rotation":90,"texture":"#2"},"up":{"uv":[1,14,2,15],"texture":"#2"},"down":{"uv":[1,14,2,15],"rotation":180,"texture":"#2"}}},{"from":[8.8,-3.70784,-0.37647],"to":[9.3,-3.20784,0.12353],"rotation":{"angle":-45,"axis":"x","origin":[12.95,9.09216,-1.42647]},"faces":{"north":{"uv":[2,14,3,15],"texture":"#2"},"east":{"uv":[2,14,3,15],"rotation":270,"texture":"#2"},"south":{"uv":[2,14,3,15],"rotation":180,"texture":"#2"},"west":{"uv":[2,14,3,15],"rotation":90,"texture":"#2"},"up":{"uv":[2,14,3,15],"texture":"#2"},"down":{"uv":[2,14,3,15],"rotation":180,"texture":"#2"}}},{"from":[8.8,-3.99069,0.24069],"to":[9.3,-3.49069,0.74069],"rotation":{"angle":-45,"axis":"x","origin":[12.95,8.80931,-1.70931]},"faces":{"north":{"uv":[2,15,3,16],"texture":"#2"},"east":{"uv":[2,15,3,16],"rotation":270,"texture":"#2"},"south":{"uv":[2,15,3,16],"rotation":180,"texture":"#2"},"west":{"uv":[2,15,3,16],"rotation":90,"texture":"#2"},"up":{"uv":[2,15,3,16],"texture":"#2"},"down":{"uv":[2,15,3,16],"rotation":180,"texture":"#2"}}},{"from":[8.8,-4.60784,-0.04216],"to":[9.3,-4.10784,0.45784],"rotation":{"angle":-45,"axis":"x","origin":[12.95,9.09216,-1.99216]},"faces":{"north":{"uv":[1,15,2,16],"texture":"#2"},"east":{"uv":[1,15,2,16],"rotation":270,"texture":"#2"},"south":{"uv":[1,15,2,16],"rotation":180,"texture":"#2"},"west":{"uv":[1,15,2,16],"rotation":90,"texture":"#2"},"up":{"uv":[1,15,2,16],"texture":"#2"},"down":{"uv":[1,15,2,16],"rotation":180,"texture":"#2"}}},{"from":[8.8,-5.225,-0.325],"to":[9.3,-4.725,0.175],"rotation":{"angle":-45,"axis":"x","origin":[12.95,9.375,-2.275]},"faces":{"north":{"uv":[0,15,1,16],"texture":"#2"},"east":{"uv":[0,15,1,16],"rotation":270,"texture":"#2"},"south":{"uv":[0,15,1,16],"rotation":180,"texture":"#2"},"west":{"uv":[0,15,1,16],"rotation":90,"texture":"#2"},"up":{"uv":[0,15,1,16],"texture":"#2"},"down":{"uv":[0,15,1,16],"rotation":180,"texture":"#2"}}},{"from":[8.8,-4.94216,-0.94216],"to":[9.3,-4.44216,-0.44216],"rotation":{"angle":-45,"axis":"x","origin":[12.95,9.65784,-1.99216]},"faces":{"north":{"uv":[0,14,1,15],"texture":"#2"},"east":{"uv":[0,14,1,15],"rotation":270,"texture":"#2"},"south":{"uv":[0,14,1,15],"rotation":180,"texture":"#2"},"west":{"uv":[0,14,1,15],"rotation":90,"texture":"#2"},"up":{"uv":[0,14,1,15],"texture":"#2"},"down":{"uv":[0,14,1,15],"rotation":180,"texture":"#2"}}},{"from":[8.8,-4.65931,-1.55931],"to":[9.3,-4.15931,-1.05931],"rotation":{"angle":-45,"axis":"x","origin":[12.95,9.94069,-1.70931]},"faces":{"north":{"uv":[0,13,1,14],"texture":"#2"},"east":{"uv":[0,13,1,14],"rotation":270,"texture":"#2"},"south":{"uv":[0,13,1,14],"rotation":180,"texture":"#2"},"west":{"uv":[0,13,1,14],"rotation":90,"texture":"#2"},"up":{"uv":[0,13,1,14],"texture":"#2"},"down":{"uv":[0,13,1,14],"rotation":180,"texture":"#2"}}},{"from":[8.8,-4.04216,-1.27647],"to":[9.3,-3.54216,-0.77647],"rotation":{"angle":-45,"axis":"x","origin":[12.95,9.65784,-1.42647]},"faces":{"north":{"uv":[1,13,2,14],"texture":"#2"},"east":{"uv":[1,13,2,14],"rotation":270,"texture":"#2"},"south":{"uv":[1,13,2,14],"rotation":180,"texture":"#2"},"west":{"uv":[1,13,2,14],"rotation":90,"texture":"#2"},"up":{"uv":[1,13,2,14],"texture":"#2"},"down":{"uv":[1,13,2,14],"rotation":180,"texture":"#2"}}},{"from":[8.8,-2.525,-1.32794],"to":[9.3,-2.025,-0.82794],"rotation":{"angle":-45,"axis":"x","origin":[12.95,9.375,-0.57794]},"faces":{"north":{"uv":[3,12,4,13],"texture":"#2"},"east":{"uv":[3,12,4,13],"rotation":270,"texture":"#2"},"south":{"uv":[3,12,4,13],"rotation":180,"texture":"#2"},"west":{"uv":[3,12,4,13],"rotation":90,"texture":"#2"},"up":{"uv":[3,12,4,13],"texture":"#2"},"down":{"uv":[3,12,4,13],"rotation":180,"texture":"#2"}}},{"from":[8.8,-1.625,-1.66226],"to":[9.3,-1.125,-1.16226],"rotation":{"angle":-45,"axis":"x","origin":[12.95,9.375,-0.01226]},"faces":{"north":{"uv":[4,11,5,12],"texture":"#2"},"east":{"uv":[4,11,5,12],"rotation":270,"texture":"#2"},"south":{"uv":[4,11,5,12],"rotation":180,"texture":"#2"},"west":{"uv":[4,11,5,12],"rotation":90,"texture":"#2"},"up":{"uv":[4,11,5,12],"texture":"#2"},"down":{"uv":[4,11,5,12],"rotation":180,"texture":"#2"}}},{"from":[8.8,-3.14216,-1.61079],"to":[9.3,-2.64216,-1.11079],"rotation":{"angle":-45,"axis":"x","origin":[12.95,9.65784,-0.86079]},"faces":{"north":{"uv":[2,12,3,13],"texture":"#2"},"east":{"uv":[2,12,3,13],"rotation":270,"texture":"#2"},"south":{"uv":[2,12,3,13],"rotation":180,"texture":"#2"},"west":{"uv":[2,12,3,13],"rotation":90,"texture":"#2"},"up":{"uv":[2,12,3,13],"texture":"#2"},"down":{"uv":[2,12,3,13],"rotation":180,"texture":"#2"}}},{"from":[8.8,-0.15931,-3.23089],"to":[9.3,0.34069,-2.73089],"rotation":{"angle":-45,"axis":"x","origin":[12.95,9.94069,1.11911]},"faces":{"north":{"uv":[5,8,6,9],"texture":"#2"},"east":{"uv":[5,8,6,9],"rotation":270,"texture":"#2"},"south":{"uv":[5,8,6,9],"rotation":180,"texture":"#2"},"west":{"uv":[5,8,6,9],"rotation":90,"texture":"#2"},"up":{"uv":[5,8,6,9],"texture":"#2"},"down":{"uv":[5,8,6,9],"rotation":180,"texture":"#2"}}},{"from":[8.8,1.64069,-3.89952],"to":[9.3,2.14069,-3.39952],"rotation":{"angle":-45,"axis":"x","origin":[12.95,9.94069,2.25048]},"faces":{"north":{"uv":[7,6,8,7],"texture":"#2"},"east":{"uv":[7,6,8,7],"rotation":270,"texture":"#2"},"south":{"uv":[7,6,8,7],"rotation":180,"texture":"#2"},"west":{"uv":[7,6,8,7],"rotation":90,"texture":"#2"},"up":{"uv":[7,6,8,7],"texture":"#2"},"down":{"uv":[7,6,8,7],"rotation":180,"texture":"#2"}}},{"from":[8.8,3.44069,-4.56815],"to":[9.3,3.94069,-4.06815],"rotation":{"angle":-45,"axis":"x","origin":[12.95,9.94069,3.38185]},"faces":{"north":{"uv":[9,4,10,5],"texture":"#2"},"east":{"uv":[9,4,10,5],"rotation":270,"texture":"#2"},"south":{"uv":[9,4,10,5],"rotation":180,"texture":"#2"},"west":{"uv":[9,4,10,5],"rotation":90,"texture":"#2"},"up":{"uv":[9,4,10,5],"texture":"#2"},"down":{"uv":[9,4,10,5],"rotation":180,"texture":"#2"}}},{"from":[8.8,7.65784,-5.62256],"to":[9.3,8.15784,-5.12256],"rotation":{"angle":-45,"axis":"x","origin":[12.95,9.65784,5.92744]},"faces":{"north":{"uv":[14,0,15,1],"texture":"#2"},"east":{"uv":[14,0,15,1],"rotation":270,"texture":"#2"},"south":{"uv":[14,0,15,1],"rotation":180,"texture":"#2"},"west":{"uv":[14,0,15,1],"rotation":90,"texture":"#2"},"up":{"uv":[14,0,15,1],"texture":"#2"},"down":{"uv":[14,0,15,1],"rotation":180,"texture":"#2"}}},{"from":[8.8,7.99216,-4.72256],"to":[9.3,8.49216,-4.22256],"rotation":{"angle":-45,"axis":"x","origin":[12.95,9.09216,5.92744]},"faces":{"north":{"uv":[15,1,16,2],"texture":"#2"},"east":{"uv":[15,1,16,2],"rotation":270,"texture":"#2"},"south":{"uv":[15,1,16,2],"rotation":180,"texture":"#2"},"west":{"uv":[15,1,16,2],"rotation":90,"texture":"#2"},"up":{"uv":[15,1,16,2],"texture":"#2"},"down":{"uv":[15,1,16,2],"rotation":180,"texture":"#2"}}},{"from":[8.8,7.375,-5.0054],"to":[9.3,7.875,-4.5054],"rotation":{"angle":-45,"axis":"x","origin":[12.95,9.375,5.6446]},"faces":{"north":{"uv":[14,1,15,2],"texture":"#2"},"east":{"uv":[14,1,15,2],"rotation":270,"texture":"#2"},"south":{"uv":[14,1,15,2],"rotation":180,"texture":"#2"},"west":{"uv":[14,1,15,2],"rotation":90,"texture":"#2"},"up":{"uv":[14,1,15,2],"texture":"#2"},"down":{"uv":[14,1,15,2],"rotation":180,"texture":"#2"}}},{"from":[8.8,7.09216,-4.38825],"to":[9.3,7.59216,-3.88825],"rotation":{"angle":-45,"axis":"x","origin":[12.95,9.09216,5.36175]},"faces":{"north":{"uv":[14,2,15,3],"texture":"#2"},"east":{"uv":[14,2,15,3],"rotation":270,"texture":"#2"},"south":{"uv":[14,2,15,3],"rotation":180,"texture":"#2"},"west":{"uv":[14,2,15,3],"rotation":90,"texture":"#2"},"up":{"uv":[14,2,15,3],"texture":"#2"},"down":{"uv":[14,2,15,3],"rotation":180,"texture":"#2"}}},{"from":[8.8,6.75784,-5.28825],"to":[9.3,7.25784,-4.78825],"rotation":{"angle":-45,"axis":"x","origin":[12.95,9.65784,5.36175]},"faces":{"north":{"uv":[13,1,14,2],"texture":"#2"},"east":{"uv":[13,1,14,2],"rotation":270,"texture":"#2"},"south":{"uv":[13,1,14,2],"rotation":180,"texture":"#2"},"west":{"uv":[13,1,14,2],"rotation":90,"texture":"#2"},"up":{"uv":[13,1,14,2],"texture":"#2"},"down":{"uv":[13,1,14,2],"rotation":180,"texture":"#2"}}},{"from":[8.8,5.85784,-4.95393],"to":[9.3,6.35784,-4.45393],"rotation":{"angle":-45,"axis":"x","origin":[12.95,9.65784,4.79607]},"faces":{"north":{"uv":[12,2,13,3],"texture":"#2"},"east":{"uv":[12,2,13,3],"rotation":270,"texture":"#2"},"south":{"uv":[12,2,13,3],"rotation":180,"texture":"#2"},"west":{"uv":[12,2,13,3],"rotation":90,"texture":"#2"},"up":{"uv":[12,2,13,3],"texture":"#2"},"down":{"uv":[12,2,13,3],"rotation":180,"texture":"#2"}}},{"from":[8.8,4.95784,-4.61962],"to":[9.3,5.45784,-4.11962],"rotation":{"angle":-45,"axis":"x","origin":[12.95,9.65784,4.23038]},"faces":{"north":{"uv":[11,3,12,4],"texture":"#2"},"east":{"uv":[11,3,12,4],"rotation":270,"texture":"#2"},"south":{"uv":[11,3,12,4],"rotation":180,"texture":"#2"},"west":{"uv":[11,3,12,4],"rotation":90,"texture":"#2"},"up":{"uv":[11,3,12,4],"texture":"#2"},"down":{"uv":[11,3,12,4],"rotation":180,"texture":"#2"}}},{"from":[8.8,1.35784,-3.28236],"to":[9.3,1.85784,-2.78236],"rotation":{"angle":-45,"axis":"x","origin":[12.95,9.65784,1.96764]},"faces":{"north":{"uv":[7,7,8,8],"texture":"#2"},"east":{"uv":[7,7,8,8],"rotation":270,"texture":"#2"},"south":{"uv":[7,7,8,8],"rotation":180,"texture":"#2"},"west":{"uv":[7,7,8,8],"rotation":90,"texture":"#2"},"up":{"uv":[7,7,8,8],"texture":"#2"},"down":{"uv":[7,7,8,8],"rotation":180,"texture":"#2"}}},{"from":[8.8,0.45784,-2.94804],"to":[9.3,0.95784,-2.44804],"rotation":{"angle":-45,"axis":"x","origin":[12.95,9.65784,1.40196]},"faces":{"north":{"uv":[6,8,7,9],"texture":"#2"},"east":{"uv":[6,8,7,9],"rotation":270,"texture":"#2"},"south":{"uv":[6,8,7,9],"rotation":180,"texture":"#2"},"west":{"uv":[6,8,7,9],"rotation":90,"texture":"#2"},"up":{"uv":[6,8,7,9],"texture":"#2"},"down":{"uv":[6,8,7,9],"rotation":180,"texture":"#2"}}},{"from":[8.8,2.25784,-3.61667],"to":[9.3,2.75784,-3.11667],"rotation":{"angle":-45,"axis":"x","origin":[12.95,9.65784,2.53333]},"faces":{"north":{"uv":[8,6,9,7],"texture":"#2"},"east":{"uv":[8,6,9,7],"rotation":270,"texture":"#2"},"south":{"uv":[8,6,9,7],"rotation":180,"texture":"#2"},"west":{"uv":[8,6,9,7],"rotation":90,"texture":"#2"},"up":{"uv":[8,6,9,7],"texture":"#2"},"down":{"uv":[8,6,9,7],"rotation":180,"texture":"#2"}}},{"from":[8.8,3.15784,-3.95099],"to":[9.3,3.65784,-3.45099],"rotation":{"angle":-45,"axis":"x","origin":[12.95,9.65784,3.09901]},"faces":{"north":{"uv":[9,5,10,6],"texture":"#2"},"east":{"uv":[9,5,10,6],"rotation":270,"texture":"#2"},"south":{"uv":[9,5,10,6],"rotation":180,"texture":"#2"},"west":{"uv":[9,5,10,6],"rotation":90,"texture":"#2"},"up":{"uv":[9,5,10,6],"texture":"#2"},"down":{"uv":[9,5,10,6],"rotation":180,"texture":"#2"}}},{"from":[8.8,4.05784,-4.2853],"to":[9.3,4.55784,-3.7853],"rotation":{"angle":-45,"axis":"x","origin":[12.95,9.65784,3.6647]},"faces":{"north":{"uv":[10,4,11,5],"texture":"#2"},"east":{"uv":[10,4,11,5],"rotation":270,"texture":"#2"},"south":{"uv":[10,4,11,5],"rotation":180,"texture":"#2"},"west":{"uv":[10,4,11,5],"rotation":90,"texture":"#2"},"up":{"uv":[10,4,11,5],"texture":"#2"},"down":{"uv":[10,4,11,5],"rotation":180,"texture":"#2"}}},{"from":[8.8,6.475,-4.67109],"to":[9.3,6.975,-4.17109],"rotation":{"angle":-45,"axis":"x","origin":[12.95,9.375,5.07891]},"faces":{"north":{"uv":[13,2,14,3],"texture":"#2"},"east":{"uv":[13,2,14,3],"rotation":270,"texture":"#2"},"south":{"uv":[13,2,14,3],"rotation":180,"texture":"#2"},"west":{"uv":[13,2,14,3],"rotation":90,"texture":"#2"},"up":{"uv":[13,2,14,3],"texture":"#2"},"down":{"uv":[13,2,14,3],"rotation":180,"texture":"#2"}}},{"from":[8.8,5.575,-4.33677],"to":[9.3,6.075,-3.83677],"rotation":{"angle":-45,"axis":"x","origin":[12.95,9.375,4.51323]},"faces":{"north":{"uv":[12,3,13,4],"texture":"#2"},"east":{"uv":[12,3,13,4],"rotation":270,"texture":"#2"},"south":{"uv":[12,3,13,4],"rotation":180,"texture":"#2"},"west":{"uv":[12,3,13,4],"rotation":90,"texture":"#2"},"up":{"uv":[12,3,13,4],"texture":"#2"},"down":{"uv":[12,3,13,4],"rotation":180,"texture":"#2"}}},{"from":[8.8,4.675,-4.00246],"to":[9.3,5.175,-3.50246],"rotation":{"angle":-45,"axis":"x","origin":[12.95,9.375,3.94754]},"faces":{"north":{"uv":[11,4,12,5],"texture":"#2"},"east":{"uv":[11,4,12,5],"rotation":270,"texture":"#2"},"south":{"uv":[11,4,12,5],"rotation":180,"texture":"#2"},"west":{"uv":[11,4,12,5],"rotation":90,"texture":"#2"},"up":{"uv":[11,4,12,5],"texture":"#2"},"down":{"uv":[11,4,12,5],"rotation":180,"texture":"#2"}}},{"from":[8.8,3.775,-3.66815],"to":[9.3,4.275,-3.16815],"rotation":{"angle":-45,"axis":"x","origin":[12.95,9.375,3.38185]},"faces":{"north":{"uv":[10,5,11,6],"texture":"#2"},"east":{"uv":[10,5,11,6],"rotation":270,"texture":"#2"},"south":{"uv":[10,5,11,6],"rotation":180,"texture":"#2"},"west":{"uv":[10,5,11,6],"rotation":90,"texture":"#2"},"up":{"uv":[10,5,11,6],"texture":"#2"},"down":{"uv":[10,5,11,6],"rotation":180,"texture":"#2"}}},{"from":[8.8,2.875,-3.33383],"to":[9.3,3.375,-2.83383],"rotation":{"angle":-45,"axis":"x","origin":[12.95,9.375,2.81617]},"faces":{"north":{"uv":[9,6,10,7],"texture":"#2"},"east":{"uv":[9,6,10,7],"rotation":270,"texture":"#2"},"south":{"uv":[9,6,10,7],"rotation":180,"texture":"#2"},"west":{"uv":[9,6,10,7],"rotation":90,"texture":"#2"},"up":{"uv":[9,6,10,7],"texture":"#2"},"down":{"uv":[9,6,10,7],"rotation":180,"texture":"#2"}}},{"from":[8.8,1.975,-2.99952],"to":[9.3,2.475,-2.49952],"rotation":{"angle":-45,"axis":"x","origin":[12.95,9.375,2.25048]},"faces":{"north":{"uv":[8,7,9,8],"texture":"#2"},"east":{"uv":[8,7,9,8],"rotation":270,"texture":"#2"},"south":{"uv":[8,7,9,8],"rotation":180,"texture":"#2"},"west":{"uv":[8,7,9,8],"rotation":90,"texture":"#2"},"up":{"uv":[8,7,9,8],"texture":"#2"},"down":{"uv":[8,7,9,8],"rotation":180,"texture":"#2"}}},{"from":[8.8,1.075,-2.6652],"to":[9.3,1.575,-2.1652],"rotation":{"angle":-45,"axis":"x","origin":[12.95,9.375,1.6848]},"faces":{"north":{"uv":[7,8,8,9],"texture":"#2"},"east":{"uv":[7,8,8,9],"rotation":270,"texture":"#2"},"south":{"uv":[7,8,8,9],"rotation":180,"texture":"#2"},"west":{"uv":[7,8,8,9],"rotation":90,"texture":"#2"},"up":{"uv":[7,8,8,9],"texture":"#2"},"down":{"uv":[7,8,8,9],"rotation":180,"texture":"#2"}}},{"from":[8.8,0.175,-2.33089],"to":[9.3,0.675,-1.83089],"rotation":{"angle":-45,"axis":"x","origin":[12.95,9.375,1.11911]},"faces":{"north":{"uv":[6,9,7,10],"texture":"#2"},"east":{"uv":[6,9,7,10],"rotation":270,"texture":"#2"},"south":{"uv":[6,9,7,10],"rotation":180,"texture":"#2"},"west":{"uv":[6,9,7,10],"rotation":90,"texture":"#2"},"up":{"uv":[6,9,7,10],"texture":"#2"},"down":{"uv":[6,9,7,10],"rotation":180,"texture":"#2"}}},{"from":[8.8,-0.725,-1.99657],"to":[9.3,-0.225,-1.49657],"rotation":{"angle":-45,"axis":"x","origin":[12.95,9.375,0.55343]},"faces":{"north":{"uv":[5,10,6,11],"texture":"#2"},"east":{"uv":[5,10,6,11],"rotation":270,"texture":"#2"},"south":{"uv":[5,10,6,11],"rotation":180,"texture":"#2"},"west":{"uv":[5,10,6,11],"rotation":90,"texture":"#2"},"up":{"uv":[5,10,6,11],"texture":"#2"},"down":{"uv":[5,10,6,11],"rotation":180,"texture":"#2"}}},{"from":[8.8,-0.44216,-2.61373],"to":[9.3,0.05784,-2.11373],"rotation":{"angle":-45,"axis":"x","origin":[12.95,9.65784,0.83627]},"faces":{"north":{"uv":[5,9,6,10],"texture":"#2"},"east":{"uv":[5,9,6,10],"rotation":270,"texture":"#2"},"south":{"uv":[5,9,6,10],"rotation":180,"texture":"#2"},"west":{"uv":[5,9,6,10],"rotation":90,"texture":"#2"},"up":{"uv":[5,9,6,10],"texture":"#2"},"down":{"uv":[5,9,6,10],"rotation":180,"texture":"#2"}}},{"from":[8.8,-1.05931,-2.89657],"to":[9.3,-0.55931,-2.39657],"rotation":{"angle":-45,"axis":"x","origin":[12.95,9.94069,0.55343]},"faces":{"north":{"uv":[4,9,5,10],"texture":"#2"},"east":{"uv":[4,9,5,10],"rotation":270,"texture":"#2"},"south":{"uv":[4,9,5,10],"rotation":180,"texture":"#2"},"west":{"uv":[4,9,5,10],"rotation":90,"texture":"#2"},"up":{"uv":[4,9,5,10],"texture":"#2"},"down":{"uv":[4,9,5,10],"rotation":180,"texture":"#2"}}},{"from":[8.8,-0.77647,-3.51373],"to":[9.3,-0.27647,-3.01373],"rotation":{"angle":-45,"axis":"x","origin":[12.95,10.22353,0.83627]},"faces":{"north":{"uv":[4,8,5,9],"texture":"#2"},"east":{"uv":[4,8,5,9],"rotation":270,"texture":"#2"},"south":{"uv":[4,8,5,9],"rotation":180,"texture":"#2"},"west":{"uv":[4,8,5,9],"rotation":90,"texture":"#2"},"up":{"uv":[4,8,5,9],"texture":"#2"},"down":{"uv":[4,8,5,9],"rotation":180,"texture":"#2"}}},{"from":[8.8,-1.11079,-4.41373],"to":[9.3,-0.61079,-3.91373],"rotation":{"angle":-45,"axis":"x","origin":[12.95,10.78921,0.83627]},"faces":{"north":{"uv":[3,7,4,8],"texture":"#2"},"east":{"uv":[3,7,4,8],"rotation":270,"texture":"#2"},"south":{"uv":[3,7,4,8],"rotation":180,"texture":"#2"},"west":{"uv":[3,7,4,8],"rotation":90,"texture":"#2"},"up":{"uv":[3,7,4,8],"texture":"#2"},"down":{"uv":[3,7,4,8],"rotation":180,"texture":"#2"}}},{"from":[8.8,-0.10784,-1.71373],"to":[9.3,0.39216,-1.21373],"rotation":{"angle":-45,"axis":"x","origin":[12.95,9.09216,0.83627]},"faces":{"north":{"uv":[6,10,7,11],"texture":"#2"},"east":{"uv":[6,10,7,11],"rotation":270,"texture":"#2"},"south":{"uv":[6,10,7,11],"rotation":180,"texture":"#2"},"west":{"uv":[6,10,7,11],"rotation":90,"texture":"#2"},"up":{"uv":[6,10,7,11],"texture":"#2"},"down":{"uv":[6,10,7,11],"rotation":180,"texture":"#2"}}},{"from":[8.8,0.22647,-0.81373],"to":[9.3,0.72647,-0.31373],"rotation":{"angle":-45,"axis":"x","origin":[12.95,8.52647,0.83627]},"faces":{"north":{"uv":[7,11,8,12],"texture":"#2"},"east":{"uv":[7,11,8,12],"rotation":270,"texture":"#2"},"south":{"uv":[7,11,8,12],"rotation":180,"texture":"#2"},"west":{"uv":[7,11,8,12],"rotation":90,"texture":"#2"},"up":{"uv":[7,11,8,12],"texture":"#2"},"down":{"uv":[7,11,8,12],"rotation":180,"texture":"#2"}}},{"from":[8.8,0.56079,0.08627],"to":[9.3,1.06079,0.58627],"rotation":{"angle":-45,"axis":"x","origin":[12.95,7.96079,0.83627]},"faces":{"north":{"uv":[8,12,9,13],"texture":"#2"},"east":{"uv":[8,12,9,13],"rotation":270,"texture":"#2"},"south":{"uv":[8,12,9,13],"rotation":180,"texture":"#2"},"west":{"uv":[8,12,9,13],"rotation":90,"texture":"#2"},"up":{"uv":[8,12,9,13],"texture":"#2"},"down":{"uv":[8,12,9,13],"rotation":180,"texture":"#2"}}},{"from":[8.8,-0.39069,-1.09657],"to":[9.3,0.10931,-0.59657],"rotation":{"angle":-45,"axis":"x","origin":[12.95,8.80931,0.55343]},"faces":{"north":{"uv":[6,11,7,12],"texture":"#2"},"east":{"uv":[6,11,7,12],"rotation":270,"texture":"#2"},"south":{"uv":[6,11,7,12],"rotation":180,"texture":"#2"},"west":{"uv":[6,11,7,12],"rotation":90,"texture":"#2"},"up":{"uv":[6,11,7,12],"texture":"#2"},"down":{"uv":[6,11,7,12],"rotation":180,"texture":"#2"}}},{"from":[8.8,6.19216,-4.05393],"to":[9.3,6.69216,-3.55393],"rotation":{"angle":-45,"axis":"x","origin":[12.95,9.09216,4.79607]},"faces":{"north":{"uv":[13,3,14,4],"texture":"#2"},"east":{"uv":[13,3,14,4],"rotation":270,"texture":"#2"},"south":{"uv":[13,3,14,4],"rotation":180,"texture":"#2"},"west":{"uv":[13,3,14,4],"rotation":90,"texture":"#2"},"up":{"uv":[13,3,14,4],"texture":"#2"},"down":{"uv":[13,3,14,4],"rotation":180,"texture":"#2"}}},{"from":[8.8,5.29216,-3.71962],"to":[9.3,5.79216,-3.21962],"rotation":{"angle":-45,"axis":"x","origin":[12.95,9.09216,4.23038]},"faces":{"north":{"uv":[12,4,13,5],"texture":"#2"},"east":{"uv":[12,4,13,5],"rotation":270,"texture":"#2"},"south":{"uv":[12,4,13,5],"rotation":180,"texture":"#2"},"west":{"uv":[12,4,13,5],"rotation":90,"texture":"#2"},"up":{"uv":[12,4,13,5],"texture":"#2"},"down":{"uv":[12,4,13,5],"rotation":180,"texture":"#2"}}},{"from":[8.8,4.39216,-3.3853],"to":[9.3,4.89216,-2.8853],"rotation":{"angle":-45,"axis":"x","origin":[12.95,9.09216,3.6647]},"faces":{"north":{"uv":[11,5,12,6],"texture":"#2"},"east":{"uv":[11,5,12,6],"rotation":270,"texture":"#2"},"south":{"uv":[11,5,12,6],"rotation":180,"texture":"#2"},"west":{"uv":[11,5,12,6],"rotation":90,"texture":"#2"},"up":{"uv":[11,5,12,6],"texture":"#2"},"down":{"uv":[11,5,12,6],"rotation":180,"texture":"#2"}}},{"from":[8.8,3.49216,-3.05099],"to":[9.3,3.99216,-2.55099],"rotation":{"angle":-45,"axis":"x","origin":[12.95,9.09216,3.09901]},"faces":{"north":{"uv":[10,6,11,7],"texture":"#2"},"east":{"uv":[10,6,11,7],"rotation":270,"texture":"#2"},"south":{"uv":[10,6,11,7],"rotation":180,"texture":"#2"},"west":{"uv":[10,6,11,7],"rotation":90,"texture":"#2"},"up":{"uv":[10,6,11,7],"texture":"#2"},"down":{"uv":[10,6,11,7],"rotation":180,"texture":"#2"}}},{"from":[8.8,2.59216,-2.71667],"to":[9.3,3.09216,-2.21667],"rotation":{"angle":-45,"axis":"x","origin":[12.95,9.09216,2.53333]},"faces":{"north":{"uv":[9,7,10,8],"texture":"#2"},"east":{"uv":[9,7,10,8],"rotation":270,"texture":"#2"},"south":{"uv":[9,7,10,8],"rotation":180,"texture":"#2"},"west":{"uv":[9,7,10,8],"rotation":90,"texture":"#2"},"up":{"uv":[9,7,10,8],"texture":"#2"},"down":{"uv":[9,7,10,8],"rotation":180,"texture":"#2"}}},{"from":[8.8,1.69216,-2.38236],"to":[9.3,2.19216,-1.88236],"rotation":{"angle":-45,"axis":"x","origin":[12.95,9.09216,1.96764]},"faces":{"north":{"uv":[8,8,9,9],"texture":"#2"},"east":{"uv":[8,8,9,9],"rotation":270,"texture":"#2"},"south":{"uv":[8,8,9,9],"rotation":180,"texture":"#2"},"west":{"uv":[8,8,9,9],"rotation":90,"texture":"#2"},"up":{"uv":[8,8,9,9],"texture":"#2"},"down":{"uv":[8,8,9,9],"rotation":180,"texture":"#2"}}},{"from":[8.8,0.79216,-2.04804],"to":[9.3,1.29216,-1.54804],"rotation":{"angle":-45,"axis":"x","origin":[12.95,9.09216,1.40196]},"faces":{"north":{"uv":[7,9,8,10],"texture":"#2"},"east":{"uv":[7,9,8,10],"rotation":270,"texture":"#2"},"south":{"uv":[7,9,8,10],"rotation":180,"texture":"#2"},"west":{"uv":[7,9,8,10],"rotation":90,"texture":"#2"},"up":{"uv":[7,9,8,10],"texture":"#2"},"down":{"uv":[7,9,8,10],"rotation":180,"texture":"#2"}}},{"from":[8.8,7.70931,-4.1054],"to":[9.3,8.20931,-3.6054],"rotation":{"angle":-45,"axis":"x","origin":[12.95,8.80931,5.6446]},"faces":{"north":{"uv":[15,2,16,3],"texture":"#2"},"east":{"uv":[15,2,16,3],"rotation":270,"texture":"#2"},"south":{"uv":[15,2,16,3],"rotation":180,"texture":"#2"},"west":{"uv":[15,2,16,3],"rotation":90,"texture":"#2"},"up":{"uv":[15,2,16,3],"texture":"#2"},"down":{"uv":[15,2,16,3],"rotation":180,"texture":"#2"}}},{"from":[8.8,6.80931,-3.77109],"to":[9.3,7.30931,-3.27109],"rotation":{"angle":-45,"axis":"x","origin":[12.95,8.80931,5.07891]},"faces":{"north":{"uv":[14,3,15,4],"texture":"#2"},"east":{"uv":[14,3,15,4],"rotation":270,"texture":"#2"},"south":{"uv":[14,3,15,4],"rotation":180,"texture":"#2"},"west":{"uv":[14,3,15,4],"rotation":90,"texture":"#2"},"up":{"uv":[14,3,15,4],"texture":"#2"},"down":{"uv":[14,3,15,4],"rotation":180,"texture":"#2"}}},{"from":[8.8,5.90931,-3.43677],"to":[9.3,6.40931,-2.93677],"rotation":{"angle":-45,"axis":"x","origin":[12.95,8.80931,4.51323]},"faces":{"north":{"uv":[13,4,14,5],"texture":"#2"},"east":{"uv":[13,4,14,5],"rotation":270,"texture":"#2"},"south":{"uv":[13,4,14,5],"rotation":180,"texture":"#2"},"west":{"uv":[13,4,14,5],"rotation":90,"texture":"#2"},"up":{"uv":[13,4,14,5],"texture":"#2"},"down":{"uv":[13,4,14,5],"rotation":180,"texture":"#2"}}},{"from":[8.8,5.00931,-3.10246],"to":[9.3,5.50931,-2.60246],"rotation":{"angle":-45,"axis":"x","origin":[12.95,8.80931,3.94754]},"faces":{"north":{"uv":[12,5,13,6],"texture":"#2"},"east":{"uv":[12,5,13,6],"rotation":270,"texture":"#2"},"south":{"uv":[12,5,13,6],"rotation":180,"texture":"#2"},"west":{"uv":[12,5,13,6],"rotation":90,"texture":"#2"},"up":{"uv":[12,5,13,6],"texture":"#2"},"down":{"uv":[12,5,13,6],"rotation":180,"texture":"#2"}}},{"from":[8.8,4.10931,-2.76815],"to":[9.3,4.60931,-2.26815],"rotation":{"angle":-45,"axis":"x","origin":[12.95,8.80931,3.38185]},"faces":{"north":{"uv":[11,6,12,7],"texture":"#2"},"east":{"uv":[11,6,12,7],"rotation":270,"texture":"#2"},"south":{"uv":[11,6,12,7],"rotation":180,"texture":"#2"},"west":{"uv":[11,6,12,7],"rotation":90,"texture":"#2"},"up":{"uv":[11,6,12,7],"texture":"#2"},"down":{"uv":[11,6,12,7],"rotation":180,"texture":"#2"}}},{"from":[8.8,3.20931,-2.43383],"to":[9.3,3.70931,-1.93383],"rotation":{"angle":-45,"axis":"x","origin":[12.95,8.80931,2.81617]},"faces":{"north":{"uv":[10,7,11,8],"texture":"#2"},"east":{"uv":[10,7,11,8],"rotation":270,"texture":"#2"},"south":{"uv":[10,7,11,8],"rotation":180,"texture":"#2"},"west":{"uv":[10,7,11,8],"rotation":90,"texture":"#2"},"up":{"uv":[10,7,11,8],"texture":"#2"},"down":{"uv":[10,7,11,8],"rotation":180,"texture":"#2"}}},{"from":[8.8,2.30931,-2.09952],"to":[9.3,2.80931,-1.59952],"rotation":{"angle":-45,"axis":"x","origin":[12.95,8.80931,2.25048]},"faces":{"north":{"uv":[9,8,10,9],"texture":"#2"},"east":{"uv":[9,8,10,9],"rotation":270,"texture":"#2"},"south":{"uv":[9,8,10,9],"rotation":180,"texture":"#2"},"west":{"uv":[9,8,10,9],"rotation":90,"texture":"#2"},"up":{"uv":[9,8,10,9],"texture":"#2"},"down":{"uv":[9,8,10,9],"rotation":180,"texture":"#2"}}},{"from":[8.8,1.40931,-1.7652],"to":[9.3,1.90931,-1.2652],"rotation":{"angle":-45,"axis":"x","origin":[12.95,8.80931,1.6848]},"faces":{"north":{"uv":[8,9,9,10],"texture":"#2"},"east":{"uv":[8,9,9,10],"rotation":270,"texture":"#2"},"south":{"uv":[8,9,9,10],"rotation":180,"texture":"#2"},"west":{"uv":[8,9,9,10],"rotation":90,"texture":"#2"},"up":{"uv":[8,9,9,10],"texture":"#2"},"down":{"uv":[8,9,9,10],"rotation":180,"texture":"#2"}}},{"from":[8.8,0.50931,-1.43089],"to":[9.3,1.00931,-0.93089],"rotation":{"angle":-45,"axis":"x","origin":[12.95,8.80931,1.11911]},"faces":{"north":{"uv":[7,10,8,11],"texture":"#2"},"east":{"uv":[7,10,8,11],"rotation":270,"texture":"#2"},"south":{"uv":[7,10,8,11],"rotation":180,"texture":"#2"},"west":{"uv":[7,10,8,11],"rotation":90,"texture":"#2"},"up":{"uv":[7,10,8,11],"texture":"#2"},"down":{"uv":[7,10,8,11],"rotation":180,"texture":"#2"}}},{"from":[8.8,0.84363,-0.53089],"to":[9.3,1.34363,-0.03089],"rotation":{"angle":-45,"axis":"x","origin":[12.95,8.24363,1.11911]},"faces":{"north":{"uv":[8,11,9,12],"texture":"#2"},"east":{"uv":[8,11,9,12],"rotation":270,"texture":"#2"},"south":{"uv":[8,11,9,12],"rotation":180,"texture":"#2"},"west":{"uv":[8,11,9,12],"rotation":90,"texture":"#2"},"up":{"uv":[8,11,9,12],"texture":"#2"},"down":{"uv":[8,11,9,12],"rotation":180,"texture":"#2"}}},{"from":[8.8,1.17794,0.36911],"to":[9.3,1.67794,0.86911],"rotation":{"angle":-45,"axis":"x","origin":[12.95,7.67794,1.11911]},"faces":{"north":{"uv":[9,12,10,13],"texture":"#2"},"east":{"uv":[9,12,10,13],"rotation":270,"texture":"#2"},"south":{"uv":[9,12,10,13],"rotation":180,"texture":"#2"},"west":{"uv":[9,12,10,13],"rotation":90,"texture":"#2"},"up":{"uv":[9,12,10,13],"texture":"#2"},"down":{"uv":[9,12,10,13],"rotation":180,"texture":"#2"}}},{"from":[8.8,0.8951,0.98627],"to":[9.3,1.3951,1.48627],"rotation":{"angle":-45,"axis":"x","origin":[12.95,7.3951,0.83627]},"faces":{"north":{"uv":[9,13,10,14],"texture":"#2"},"east":{"uv":[9,13,10,14],"rotation":270,"texture":"#2"},"south":{"uv":[9,13,10,14],"rotation":180,"texture":"#2"},"west":{"uv":[9,13,10,14],"rotation":90,"texture":"#2"},"up":{"uv":[9,13,10,14],"texture":"#2"},"down":{"uv":[9,13,10,14],"rotation":180,"texture":"#2"}}},{"from":[8.8,0.27794,0.70343],"to":[9.3,0.77794,1.20343],"rotation":{"angle":-45,"axis":"x","origin":[12.95,7.67794,0.55343]},"faces":{"north":{"uv":[8,13,9,14],"texture":"#2"},"east":{"uv":[8,13,9,14],"rotation":270,"texture":"#2"},"south":{"uv":[8,13,9,14],"rotation":180,"texture":"#2"},"west":{"uv":[8,13,9,14],"rotation":90,"texture":"#2"},"up":{"uv":[8,13,9,14],"texture":"#2"},"down":{"uv":[8,13,9,14],"rotation":180,"texture":"#2"}}},{"from":[8.8,-0.05637,-0.19657],"to":[9.3,0.44363,0.30343],"rotation":{"angle":-45,"axis":"x","origin":[12.95,8.24363,0.55343]},"faces":{"north":{"uv":[7,12,8,13],"texture":"#2"},"east":{"uv":[7,12,8,13],"rotation":270,"texture":"#2"},"south":{"uv":[7,12,8,13],"rotation":180,"texture":"#2"},"west":{"uv":[7,12,8,13],"rotation":90,"texture":"#2"},"up":{"uv":[7,12,8,13],"texture":"#2"},"down":{"uv":[7,12,8,13],"rotation":180,"texture":"#2"}}},{"from":[8.8,-0.67353,-0.47942],"to":[9.3,-0.17353,0.02058],"rotation":{"angle":-45,"axis":"x","origin":[12.95,8.52647,0.27058]},"faces":{"north":{"uv":[6,12,7,13],"texture":"#2"},"east":{"uv":[6,12,7,13],"rotation":270,"texture":"#2"},"south":{"uv":[6,12,7,13],"rotation":180,"texture":"#2"},"west":{"uv":[6,12,7,13],"rotation":90,"texture":"#2"},"up":{"uv":[6,12,7,13],"texture":"#2"},"down":{"uv":[6,12,7,13],"rotation":180,"texture":"#2"}}},{"from":[8.8,-1.00784,-1.37942],"to":[9.3,-0.50784,-0.87942],"rotation":{"angle":-45,"axis":"x","origin":[12.95,9.09216,0.27058]},"faces":{"north":{"uv":[5,11,6,12],"texture":"#2"},"east":{"uv":[5,11,6,12],"rotation":270,"texture":"#2"},"south":{"uv":[5,11,6,12],"rotation":180,"texture":"#2"},"west":{"uv":[5,11,6,12],"rotation":90,"texture":"#2"},"up":{"uv":[5,11,6,12],"texture":"#2"},"down":{"uv":[5,11,6,12],"rotation":180,"texture":"#2"}}}],"display":{"thirdperson_righthand":{"rotation":[50,50,22.5],"translation":[0,1.75,1.75],"scale":[0.3,0.3,0.3]},"thirdperson_lefthand":{"rotation":[50,50,-22.5],"translation":[0,1.75,1.75],"scale":[0.3,0.3,0.3]},"firstperson_righthand":{"rotation":[10,115,13.5],"translation":[2.25,4.75,0],"scale":[0.5,0.5,0.5]},"firstperson_lefthand":{"rotation":[10,115,-33.5],"translation":[2.25,4.75,0],"scale":[0.5,0.5,0.5]},"ground":{"rotation":[0,0,22.5],"translation":[0,2,0],"scale":[0.35,0.35,0.35]},"gui":{"rotation":[25,135,22.5],"translation":[0.75,3,0]},"head":{"rotation":[0,0,22.5],"translation":[0,12.5,0],"scale":[0.35,0.35,0.35]},"fixed":{"rotation":[-90,0,22.5],"translation":[-0.25,0,-15]}}}