{"credit":"Made by Vega_Senpai","textures":{"0":"item/vindicator_spawn_egg"},"elements":[{"name":"head","from":[4,10,4],"to":[12,20,12],"shade":false,"rotation":{"angle":0,"axis":"y","origin":[0,-6,16]},"faces":{"north":{"uv":[2,2,4,4.5],"texture":"#0"},"east":{"uv":[0,2,2,4.5],"texture":"#0"},"south":{"uv":[6,2,8,4.5],"texture":"#0"},"west":{"uv":[4,2,6,4.5],"texture":"#0"},"up":{"uv":[4,2,2,0],"texture":"#0"},"down":{"uv":[6,0,4,2],"texture":"#0"}}},{"name":"nose","from":[7,9,2],"to":[9,13,4],"shade":false,"rotation":{"angle":0,"axis":"y","origin":[16,-6,16]},"faces":{"north":{"uv":[7,0.5,6.5,1.5],"texture":"#0"},"east":{"uv":[7.5,0.5,7,1.5],"texture":"#0"},"south":{"uv":[8,0.5,7.5,1.5],"texture":"#0"},"west":{"uv":[6.5,0.5,6,1.5],"texture":"#0"},"up":{"uv":[6.5,0.5,7,0],"texture":"#0"},"down":{"uv":[7,0,7.5,0.5],"texture":"#0"}}},{"name":"body","from":[4,-2,5],"to":[12,10,11],"shade":false,"rotation":{"angle":0,"axis":"y","origin":[0,-6,16]},"faces":{"north":{"uv":[5.5,6.5,7.5,9.5],"texture":"#0"},"east":{"uv":[4,6.5,5.5,9.5],"texture":"#0"},"south":{"uv":[9,6.5,11,9.5],"texture":"#0"},"west":{"uv":[7.5,6.5,9,9.5],"texture":"#0"},"up":{"uv":[7.5,6.5,5.5,5],"texture":"#0"},"down":{"uv":[9.5,5,7.5,6.5],"texture":"#0"}}},{"name":"body","from":[3.5,10.5,4.5],"to":[12.5,10.51,11.5],"shade":false,"rotation":{"angle":0,"axis":"y","origin":[16,-6,16]},"faces":{"north":{"uv":[3.5,11,1.5,11.25],"texture":"#0"},"east":{"uv":[5,11,3.5,11.25],"texture":"#0"},"south":{"uv":[7,11,5,11.25],"texture":"#0"},"west":{"uv":[1.5,11,0,11.25],"texture":"#0"},"up":{"uv":[1.5,11,3.5,9.5],"texture":"#0"},"down":{"uv":[1.5,9.5,3.5,11],"texture":"#0"}}},{"name":"body","from":[3.5,-8.49,4.5],"to":[12.5,10.51,4.51],"shade":false,"rotation":{"angle":0,"axis":"y","origin":[0,-5.99,16]},"faces":{"north":{"uv":[1.5,11,3.5,15.5],"texture":"#0"},"east":{"uv":[1.5,11,1.25,15.5],"texture":"#0"},"south":{"uv":[3.5,11,1.5,15.5],"texture":"#0"},"west":{"uv":[3.5,11,3.75,15.5],"texture":"#0"},"up":{"uv":[3.5,11,1.5,9.5],"texture":"#0"},"down":{"uv":[5.5,9.5,3.5,11],"texture":"#0"}}},{"name":"body","from":[12.49,-8.49,4.5],"to":[12.5,10.51,11.5],"shade":false,"rotation":{"angle":0,"axis":"y","origin":[0,-5.99,16]},"faces":{"north":{"uv":[1.75,11,1.5,15.5],"texture":"#0"},"east":{"uv":[0,11,1.5,15.5],"texture":"#0"},"south":{"uv":[6.75,11,7,15.5],"texture":"#0"},"west":{"uv":[3.5,11,5,15.5],"texture":"#0"},"up":{"uv":[3.5,11,3.25,9.5],"texture":"#0"},"down":{"uv":[5.5,9.5,3.5,11],"texture":"#0"}}},{"name":"body","from":[3.5,-8.49,11.49],"to":[12.5,10.51,11.5],"shade":false,"rotation":{"angle":0,"axis":"y","origin":[0,-5.99,15.99]},"faces":{"north":{"uv":[5,11,7,15.5],"texture":"#0"},"east":{"uv":[0,11,1.5,15.5],"texture":"#0"},"south":{"uv":[5,11,7,15.5],"texture":"#0"},"west":{"uv":[3.5,11,5,15.5],"texture":"#0"},"up":{"uv":[3.5,9.75,1.5,9.5],"texture":"#0"},"down":{"uv":[5.5,9.5,3.5,11],"texture":"#0"}}},{"name":"body","from":[3.5,-8.49,4.5],"to":[3.51,10.51,11.5],"shade":false,"rotation":{"angle":0,"axis":"y","origin":[0.01,-5.99,16]},"faces":{"north":{"uv":[1.5,11,1.75,15.5],"texture":"#0"},"east":{"uv":[0,11,1.5,15.5],"texture":"#0"},"south":{"uv":[6.75,11,7,15.5],"texture":"#0"},"west":{"uv":[3.5,11,5,15.5],"texture":"#0"},"up":{"uv":[1.75,11,1.5,9.5],"texture":"#0"},"down":{"uv":[5.5,9.5,3.5,11],"texture":"#0"}}},{"name":"arms","from":[4,0,-7],"to":[12,4,-3],"rotation":{"angle":45,"axis":"x","origin":[0,-8,3]},"faces":{"north":{"uv":[11,10.5,13,11.5],"texture":"#0"},"east":{"uv":[10,10.5,11,11.5],"texture":"#0"},"south":{"uv":[14,10.5,16,11.5],"texture":"#0"},"west":{"uv":[13,10.5,14,11.5],"texture":"#0"},"up":{"uv":[13,10.5,11,9.5],"texture":"#0"},"down":{"uv":[15,9.5,13,10.5],"texture":"#0"}}},{"name":"arms","from":[0,0,-7],"to":[4,8,-3],"shade":false,"rotation":{"angle":45,"axis":"x","origin":[16,-8,3]},"faces":{"north":{"uv":[13,6.5,12,8.5],"texture":"#0"},"east":{"uv":[14,6.5,13,8.5],"texture":"#0"},"south":{"uv":[15,6.5,14,8.5],"texture":"#0"},"west":{"uv":[12,6.5,11,8.5],"texture":"#0"},"up":{"uv":[12,6.5,13,5.5],"texture":"#0"},"down":{"uv":[13,5.5,14,6.5],"texture":"#0"}}},{"name":"arms","from":[12,0,-7],"to":[16,8,-3],"shade":false,"rotation":{"angle":45,"axis":"x","origin":[0,-8,3]},"faces":{"north":{"uv":[12,6.5,13,8.5],"texture":"#0"},"east":{"uv":[11,6.5,12,8.5],"texture":"#0"},"south":{"uv":[14,6.5,15,8.5],"texture":"#0"},"west":{"uv":[13,6.5,14,8.5],"texture":"#0"},"up":{"uv":[13,6.5,12,5.5],"texture":"#0"},"down":{"uv":[14,5.5,13,6.5],"texture":"#0"}}},{"name":"leg0","from":[4,-14,6],"to":[8,-2,10],"shade":false,"rotation":{"angle":0,"axis":"y","origin":[16,-6,16]},"faces":{"north":{"uv":[2,6.5,1,9.5],"texture":"#0"},"east":{"uv":[3,6.5,2,9.5],"texture":"#0"},"south":{"uv":[4,6.5,3,9.5],"texture":"#0"},"west":{"uv":[1,6.5,0,9.5],"texture":"#0"},"up":{"uv":[1,6.5,2,5.5],"texture":"#0"},"down":{"uv":[2,5.5,3,6.5],"texture":"#0"}}},{"name":"leg1","from":[8,-14,6],"to":[12,-2,10],"rotation":{"angle":0,"axis":"y","origin":[16,-6,16]},"faces":{"north":{"uv":[1,6.5,2,9.5],"texture":"#0"},"east":{"uv":[0,6.5,1,9.5],"texture":"#0"},"south":{"uv":[3,6.5,4,9.5],"texture":"#0"},"west":{"uv":[2,6.5,3,9.5],"texture":"#0"},"up":{"uv":[2,6.5,1,5.5],"texture":"#0"},"down":{"uv":[3,5.5,2,6.5],"texture":"#0"}}}],"display":{"thirdperson_righthand":{"rotation":[50,50,0],"translation":[0,3.5,3.5],"scale":[0.3,0.3,0.3]},"thirdperson_lefthand":{"rotation":[50,50,0],"translation":[0,3.5,3.5],"scale":[0.3,0.3,0.3]},"firstperson_righthand":{"rotation":[10,115,-10],"translation":[2,5.5,0],"scale":[0.3,0.3,0.3]},"firstperson_lefthand":{"rotation":[10,115,-10],"translation":[2,5.5,0],"scale":[0.3,0.3,0.3]},"ground":{"translation":[0,6,0],"scale":[0.3,0.3,0.3]},"gui":{"rotation":[20,135,0],"translation":[0,2.25,0],"scale":[0.45,0.45,0.45]},"head":{"translation":[0,17.4,0],"scale":[0.5,0.5,0.5]},"fixed":{"rotation":[-90,0,0],"translation":[0,0,-22]}}}