{"credit":"Made by Vega_Senpai","textures":{"1":"item/witch_spawn_egg"},"elements":[{"name":"head","from":[4,10,4],"to":[12,20,12],"shade":false,"rotation":{"angle":0,"axis":"y","origin":[0,11,16]},"faces":{"north":{"uv":[2,1,4,2.25],"texture":"#1"},"east":{"uv":[0,1,2,2.25],"texture":"#1"},"south":{"uv":[6,1,8,2.25],"texture":"#1"},"west":{"uv":[4,1,6,2.25],"texture":"#1"},"up":{"uv":[4,1,2,0],"texture":"#1"},"down":{"uv":[6,0,4,1],"texture":"#1"}}},{"name":"nose","from":[8.25,12.25,1.5],"to":[8.75,12.75,2],"shade":false,"rotation":{"angle":0,"axis":"y","origin":[16,11,16]},"faces":{"north":{"uv":[0.5,0.125,0.25,0.25],"texture":"#1"},"east":{"uv":[0.75,0.125,0.5,0.25],"texture":"#1"},"south":{"uv":[1,0.125,0.75,0.25],"texture":"#1"},"west":{"uv":[0.25,0.125,0,0.25],"texture":"#1"},"up":{"uv":[0.25,0.125,0.5,0],"texture":"#1"},"down":{"uv":[0.5,0,0.75,0.125],"texture":"#1"}}},{"name":"nose","from":[7,10,2],"to":[9,14,4],"shade":false,"rotation":{"angle":0,"axis":"y","origin":[16,11,16]},"faces":{"north":{"uv":[7,0.25,6.5,0.75],"texture":"#1"},"east":{"uv":[7.5,0.25,7,0.75],"texture":"#1"},"south":{"uv":[8,0.25,7.5,0.75],"texture":"#1"},"west":{"uv":[6.5,0.25,6,0.75],"texture":"#1"},"up":{"uv":[6.5,0.25,7,0],"texture":"#1"},"down":{"uv":[7,0,7.5,0.25],"texture":"#1"}}},{"name":"body","from":[4,-2,5],"to":[12,10,11],"shade":false,"rotation":{"angle":0,"axis":"y","origin":[16,10,16]},"faces":{"north":{"uv":[7.5,3.25,5.5,4.75],"texture":"#1"},"east":{"uv":[9,3.25,7.5,4.75],"texture":"#1"},"south":{"uv":[11,3.25,9,4.75],"texture":"#1"},"west":{"uv":[5.5,3.25,4,4.75],"texture":"#1"},"up":{"uv":[5.5,3.25,7.5,2.5],"texture":"#1"},"down":{"uv":[7.5,2.5,9.5,3.25],"texture":"#1"}}},{"name":"body","from":[3.5,10.5,4.5],"to":[12.5,10.51,11.5],"shade":false,"rotation":{"angle":0,"axis":"y","origin":[16,-6,16]},"faces":{"north":{"uv":[3.5,5.5,1.5,5.625],"texture":"#1"},"east":{"uv":[5,5.5,3.5,5.625],"texture":"#1"},"south":{"uv":[7,5.5,5,5.625],"texture":"#1"},"west":{"uv":[1.5,5.5,0,5.625],"texture":"#1"},"up":{"uv":[1.5,5.5,3.5,4.75],"texture":"#1"},"down":{"uv":[1.5,4.75,3.5,5.5],"texture":"#1"}}},{"name":"body","from":[3.5,-8.49,4.5],"to":[12.5,10.51,4.51],"shade":false,"rotation":{"angle":0,"axis":"y","origin":[0,-5.99,16]},"faces":{"north":{"uv":[1.5,5.5,3.5,7.75],"texture":"#1"},"east":{"uv":[1.5,5.5,1.25,7.75],"texture":"#1"},"south":{"uv":[3.5,5.5,1.5,7.75],"texture":"#1"},"west":{"uv":[3.5,5.5,3.75,7.75],"texture":"#1"},"up":{"uv":[3.5,5.5,1.5,4.75],"texture":"#1"},"down":{"uv":[5.5,4.75,3.5,5.5],"texture":"#1"}}},{"name":"body","from":[12.49,-8.49,4.5],"to":[12.5,10.51,11.5],"shade":false,"rotation":{"angle":0,"axis":"y","origin":[0,-5.99,16]},"faces":{"north":{"uv":[1.75,5.5,1.5,7.75],"texture":"#1"},"east":{"uv":[0,5.5,1.5,7.75],"texture":"#1"},"south":{"uv":[6.75,5.5,7,7.75],"texture":"#1"},"west":{"uv":[3.5,5.5,5,7.75],"texture":"#1"},"up":{"uv":[3.5,5.5,3.25,4.75],"texture":"#1"},"down":{"uv":[5.5,4.75,3.5,5.5],"texture":"#1"}}},{"name":"body","from":[3.5,-8.49,11.49],"to":[12.5,10.51,11.5],"shade":false,"rotation":{"angle":0,"axis":"y","origin":[0,-5.99,15.99]},"faces":{"north":{"uv":[5,5.5,7,7.75],"texture":"#1"},"east":{"uv":[0,5.5,1.5,7.75],"texture":"#1"},"south":{"uv":[5,5.5,7,7.75],"texture":"#1"},"west":{"uv":[3.5,5.5,5,7.75],"texture":"#1"},"up":{"uv":[3.5,4.875,1.5,4.75],"texture":"#1"},"down":{"uv":[5.5,4.75,3.5,5.5],"texture":"#1"}}},{"name":"body","from":[3.5,-8.49,4.5],"to":[3.51,10.51,11.5],"shade":false,"rotation":{"angle":0,"axis":"y","origin":[0.01,-5.99,16]},"faces":{"north":{"uv":[1.5,5.5,1.75,7.75],"texture":"#1"},"east":{"uv":[0,5.5,1.5,7.75],"texture":"#1"},"south":{"uv":[6.75,5.5,7,7.75],"texture":"#1"},"west":{"uv":[3.5,5.5,5,7.75],"texture":"#1"},"up":{"uv":[1.75,5.5,1.5,4.75],"texture":"#1"},"down":{"uv":[5.5,4.75,3.5,5.5],"texture":"#1"}}},{"name":"arms","from":[4,-5,4],"to":[12,-1,8],"shade":false,"rotation":{"angle":45,"axis":"x","origin":[0,3,14]},"faces":{"north":{"uv":[11,5.25,13,5.75],"texture":"#1"},"east":{"uv":[10,5.25,11,5.75],"texture":"#1"},"south":{"uv":[14,5.25,16,5.75],"texture":"#1"},"west":{"uv":[13,5.25,14,5.75],"texture":"#1"},"up":{"uv":[13,5.25,11,4.75],"texture":"#1"},"down":{"uv":[15,4.75,13,5.25],"texture":"#1"}}},{"name":"arms","from":[0,-5,4],"to":[4,3,8],"shade":false,"rotation":{"angle":45,"axis":"x","origin":[16,3,14]},"faces":{"north":{"uv":[13,3.25,12,4.25],"texture":"#1"},"east":{"uv":[14,3.25,13,4.25],"texture":"#1"},"south":{"uv":[15,3.25,14,4.25],"texture":"#1"},"west":{"uv":[12,3.25,11,4.25],"texture":"#1"},"up":{"uv":[12,3.25,13,2.75],"texture":"#1"},"down":{"uv":[13,2.75,14,3.25],"texture":"#1"}}},{"name":"arms","from":[12,-5,4],"to":[16,3,8],"shade":false,"rotation":{"angle":45,"axis":"x","origin":[12,3,14]},"faces":{"north":{"uv":[12,3.25,13,4.25],"texture":"#1"},"east":{"uv":[11,3.25,12,4.25],"texture":"#1"},"south":{"uv":[14,3.25,15,4.25],"texture":"#1"},"west":{"uv":[13,3.25,14,4.25],"texture":"#1"},"up":{"uv":[13,3.25,12,2.75],"texture":"#1"},"down":{"uv":[14,2.75,13,3.25],"texture":"#1"}}},{"name":"leg0","from":[4,-14,6],"to":[8,-2,10],"shade":false,"rotation":{"angle":0,"axis":"y","origin":[16,10,16]},"faces":{"north":{"uv":[2,3.25,1,4.75],"texture":"#1"},"east":{"uv":[3,3.25,2,4.75],"texture":"#1"},"south":{"uv":[4,3.25,3,4.75],"texture":"#1"},"west":{"uv":[1,3.25,0,4.75],"texture":"#1"},"up":{"uv":[1,3.25,2,2.75],"texture":"#1"},"down":{"uv":[2,2.75,3,3.25],"texture":"#1"}}},{"name":"leg1","from":[8,-14,6],"to":[12,-2,10],"rotation":{"angle":0,"axis":"y","origin":[16,10,16]},"faces":{"north":{"uv":[1,3.25,2,4.75],"texture":"#1"},"east":{"uv":[0,3.25,1,4.75],"texture":"#1"},"south":{"uv":[3,3.25,4,4.75],"texture":"#1"},"west":{"uv":[2,3.25,3,4.75],"texture":"#1"},"up":{"uv":[2,3.25,1,2.75],"texture":"#1"},"down":{"uv":[3,2.75,2,3.25],"texture":"#1"}}},{"name":"hat","from":[3,18.3,3],"to":[13,20.3,13],"shade":false,"rotation":{"angle":0,"axis":"y","origin":[16,11.3,16]},"faces":{"north":{"uv":[5,9.25,2.5,9.5],"texture":"#1"},"east":{"uv":[7.5,9.25,5,9.5],"texture":"#1"},"south":{"uv":[10,9.25,7.5,9.5],"texture":"#1"},"west":{"uv":[2.5,9.25,0,9.5],"texture":"#1"},"up":{"uv":[2.5,9.25,5,8],"texture":"#1"},"down":{"uv":[5,8,7.5,9.25],"texture":"#1"}}},{"name":"hat2","from":[4.75,20.3,5],"to":[11.75,24.3,12],"shade":false,"faces":{"north":{"uv":[3.5,10.375,1.75,10.875],"texture":"#1"},"east":{"uv":[5.25,10.375,3.5,10.875],"texture":"#1"},"south":{"uv":[7,10.375,5.25,10.875],"texture":"#1"},"west":{"uv":[1.75,10.375,0,10.875],"texture":"#1"},"up":{"uv":[1.75,10.375,3.5,9.5],"texture":"#1"},"down":{"uv":[3.5,9.5,5.25,10.375],"texture":"#1"}}},{"name":"hat3","from":[6.5,24.3,7],"to":[10.5,28.3,11],"shade":false,"faces":{"north":{"uv":[2,11.375,1,11.875],"texture":"#1"},"east":{"uv":[3,11.375,2,11.875],"texture":"#1"},"south":{"uv":[4,11.375,3,11.875],"texture":"#1"},"west":{"uv":[1,11.375,0,11.875],"texture":"#1"},"up":{"uv":[1,11.375,2,10.875],"texture":"#1"},"down":{"uv":[2,10.875,3,11.375],"texture":"#1"}}},{"name":"hat4","from":[8,27.8,8.75],"to":[9.5,30.3,10.25],"shade":false,"faces":{"north":{"uv":[0.5,12,0.25,12.25],"texture":"#1"},"east":{"uv":[0.75,12,0.5,12.25],"texture":"#1"},"south":{"uv":[1,12,0.75,12.25],"texture":"#1"},"west":{"uv":[0.25,12,0,12.25],"texture":"#1"},"up":{"uv":[0.25,12,0.5,11.875],"texture":"#1"},"down":{"uv":[0.5,11.875,0.75,12],"texture":"#1"}}}],"display":{"thirdperson_righthand":{"rotation":[50,50,0],"translation":[0,3.5,3.5],"scale":[0.3,0.3,0.3]},"thirdperson_lefthand":{"rotation":[50,50,0],"translation":[0,3.5,3.5],"scale":[0.3,0.3,0.3]},"firstperson_righthand":{"rotation":[10,115,-10],"translation":[2,5.5,0],"scale":[0.3,0.3,0.3]},"firstperson_lefthand":{"rotation":[10,115,-10],"translation":[2,5.5,0],"scale":[0.3,0.3,0.3]},"ground":{"translation":[0,6,0],"scale":[0.3,0.3,0.3]},"gui":{"rotation":[20,135,0],"translation":[0,2.25,0],"scale":[0.45,0.45,0.45]},"head":{"translation":[0,17.4,0],"scale":[0.5,0.5,0.5]},"fixed":{"rotation":[-90,0,0],"translation":[0,0,-22]}}}