{"credit":"Made by Vega_Senpai","texture_size":[64,64],"textures":{"0":"item/wither_spawn_egg"},"elements":[{"name":"upperBodyPart1","from":[-2.5,10.1,6.5],"to":[17.5,13.1,9.5],"rotation":{"angle":0,"axis":"y","origin":[16,0,0]},"faces":{"north":{"uv":[0.75,4.75,5.75,5.5],"texture":"#0"},"east":{"uv":[0,4.75,0.75,5.5],"texture":"#0"},"south":{"uv":[6.5,4.75,11.5,5.5],"texture":"#0"},"west":{"uv":[5.75,4.75,6.5,5.5],"texture":"#0"},"up":{"uv":[5.75,4.75,0.75,4],"texture":"#0"},"down":{"uv":[10.75,4,5.75,4.75],"texture":"#0"}}},{"name":"upperBodyPart2","from":[6.5,0.1,6.5],"to":[9.5,10.1,9.5],"rotation":{"angle":0,"axis":"x","origin":[8,5.1,8]},"faces":{"north":{"uv":[0.75,6.25,1.5,8.75],"texture":"#0"},"east":{"uv":[0,6.25,0.75,8.75],"texture":"#0"},"south":{"uv":[2.25,6.25,3,8.75],"texture":"#0"},"west":{"uv":[1.5,6.25,2.25,8.75],"texture":"#0"},"up":{"uv":[1.5,6.25,0.75,5.5],"texture":"#0"},"down":{"uv":[2.25,5.5,1.5,6.25],"texture":"#0"}}},{"name":"upperBodyPart2","from":[2.5,6.6,7],"to":[13.5,8.6,9],"rotation":{"angle":0,"axis":"x","origin":[8,5.1,8]},"faces":{"north":{"uv":[6.5,6,9.25,6.5],"texture":"#0"},"east":{"uv":[6,6,6.5,6.5],"texture":"#0"},"south":{"uv":[9.75,6,12.5,6.5],"texture":"#0"},"west":{"uv":[9.25,6,9.75,6.5],"texture":"#0"},"up":{"uv":[9.25,6,6.5,5.5],"texture":"#0"},"down":{"uv":[12,5.5,9.25,6],"texture":"#0"}}},{"name":"upperBodyPart2","from":[2.5,4.1,7],"to":[13.5,6.1,9],"rotation":{"angle":0,"axis":"x","origin":[8,5.1,8]},"faces":{"north":{"uv":[6.5,6,9.25,6.5],"texture":"#0"},"east":{"uv":[6,6,6.5,6.5],"texture":"#0"},"south":{"uv":[9.75,6,12.5,6.5],"texture":"#0"},"west":{"uv":[9.25,6,9.75,6.5],"texture":"#0"},"up":{"uv":[9.25,6,6.5,5.5],"texture":"#0"},"down":{"uv":[12,5.5,9.25,6],"texture":"#0"}}},{"name":"upperBodyPart2","from":[2.5,1.6,7],"to":[13.5,3.6,9],"rotation":{"angle":0,"axis":"x","origin":[8,5.1,8]},"faces":{"north":{"uv":[6.5,6,9.25,6.5],"texture":"#0"},"east":{"uv":[6,6,6.5,6.5],"texture":"#0"},"south":{"uv":[9.75,6,12.5,6.5],"texture":"#0"},"west":{"uv":[9.25,6,9.75,6.5],"texture":"#0"},"up":{"uv":[9.25,6,6.5,5.5],"texture":"#0"},"down":{"uv":[12,5.5,9.25,6],"texture":"#0"}}},{"name":"upperBodyPart3","from":[6.5,-3.96066,8.18198],"to":[9.5,2.03934,11.18198],"rotation":{"angle":-45,"axis":"x","origin":[8,-0.96066,9.68198]},"faces":{"north":{"uv":[3.75,6.25,4.5,7.75],"texture":"#0"},"east":{"uv":[3,6.25,3.75,7.75],"texture":"#0"},"south":{"uv":[5.25,6.25,6,7.75],"texture":"#0"},"west":{"uv":[4.5,6.25,5.25,7.75],"texture":"#0"},"up":{"uv":[4.5,6.25,3.75,5.5],"texture":"#0"},"down":{"uv":[5.25,5.5,4.5,6.25],"texture":"#0"}}},{"name":"head1","from":[3.5,13,3],"to":[11.5,21,11],"rotation":{"angle":0,"axis":"y","origin":[16,0,0]},"faces":{"north":{"uv":[2,2,4,4],"texture":"#0"},"east":{"uv":[0,2,2,4],"texture":"#0"},"south":{"uv":[6,2,8,4],"texture":"#0"},"west":{"uv":[4,2,6,4],"texture":"#0"},"up":{"uv":[4,2,2,0],"texture":"#0"},"down":{"uv":[6,0,4,2],"texture":"#0"}}},{"name":"head2","from":[13.5,11,3],"to":[19.5,17,9],"rotation":{"angle":0,"axis":"y","origin":[16,0,0]},"faces":{"north":{"uv":[9.5,1.5,11,3],"texture":"#0"},"east":{"uv":[8,1.5,9.5,3],"texture":"#0"},"south":{"uv":[12.5,1.5,14,3],"texture":"#0"},"west":{"uv":[11,1.5,12.5,3],"texture":"#0"},"up":{"uv":[11,1.5,9.5,0],"texture":"#0"},"down":{"uv":[12.5,0,11,1.5],"texture":"#0"}}},{"name":"head3","from":[-4.5,11,3],"to":[1.5,17,9],"rotation":{"angle":0,"axis":"y","origin":[16,0,0]},"faces":{"north":{"uv":[9.5,1.5,11,3],"texture":"#0"},"east":{"uv":[8,1.5,9.5,3],"texture":"#0"},"south":{"uv":[12.5,1.5,14,3],"texture":"#0"},"west":{"uv":[11,1.5,12.5,3],"texture":"#0"},"up":{"uv":[11,1.5,9.5,0],"texture":"#0"},"down":{"uv":[12.5,0,11,1.5],"texture":"#0"}}}],"display":{"thirdperson_righthand":{"rotation":[50,50,0],"translation":[-0.5,2.25,2.25],"scale":[0.45,0.45,0.45]},"thirdperson_lefthand":{"rotation":[50,50,0],"translation":[-0.5,2.25,2.25],"scale":[0.45,0.45,0.45]},"firstperson_righthand":{"rotation":[10,115,-10],"translation":[-0.25,3.25,0],"scale":[0.35,0.35,0.35]},"firstperson_lefthand":{"rotation":[10,115,-10],"translation":[-0.25,3.25,0],"scale":[0.35,0.35,0.35]},"ground":{"translation":[0,5,0],"scale":[0.6,0.6,0.6]},"gui":{"rotation":[20,135,0],"translation":[1.1,-0.75,0],"scale":[0.6,0.6,0.6]},"head":{"translation":[0,20,0]},"fixed":{"rotation":[-90,0,0],"translation":[0,0,-30],"scale":[2,2,2]}}}