{"credit":"Made by Vega_Senpai","textures":{"0":"item/wolf_spawn_egg"},"elements":[{"name":"head","from":[5,7.5,-3],"to":[11,13.5,1],"shade":false,"rotation":{"angle":0,"axis":"y","origin":[17,8,14]},"faces":{"north":{"uv":[2.5,2,1,5],"texture":"#0"},"east":{"uv":[3.5,2,2.5,5],"texture":"#0"},"south":{"uv":[5,2,3.5,5],"texture":"#0"},"west":{"uv":[1,2,0,5],"texture":"#0"},"up":{"uv":[1,2,2.5,0],"texture":"#0"},"down":{"uv":[2.5,0,4,2],"texture":"#0"}}},{"name":"head","from":[5,13.5,-1],"to":[7,15.5,0],"shade":false,"rotation":{"angle":0,"axis":"y","origin":[17,8,14]},"faces":{"north":{"uv":[4.75,7.5,4.25,8.5],"texture":"#0"},"east":{"uv":[5,7.5,4.75,8.5],"texture":"#0"},"south":{"uv":[5.5,7.5,5,8.5],"texture":"#0"},"west":{"uv":[4.25,7.5,4,8.5],"texture":"#0"},"up":{"uv":[4.25,7.5,4.75,7],"texture":"#0"},"down":{"uv":[4.75,7,5.25,7.5],"texture":"#0"}}},{"name":"head","from":[9,13.5,-1],"to":[11,15.5,0],"shade":false,"rotation":{"angle":0,"axis":"y","origin":[17,8,14]},"faces":{"north":{"uv":[4.75,7.5,4.25,8.5],"texture":"#0"},"east":{"uv":[5,7.5,4.75,8.5],"texture":"#0"},"south":{"uv":[5.5,7.5,5,8.5],"texture":"#0"},"west":{"uv":[4.25,7.5,4,8.5],"texture":"#0"},"up":{"uv":[4.25,7.5,4.75,7],"texture":"#0"},"down":{"uv":[4.75,7,5.25,7.5],"texture":"#0"}}},{"name":"head","from":[6.5,7.52,-6],"to":[9.5,10.52,-2],"shade":false,"rotation":{"angle":0,"axis":"y","origin":[17,8,14]},"faces":{"north":{"uv":[1.75,7,1,8.5],"texture":"#0"},"east":{"uv":[2.75,7,1.75,8.5],"texture":"#0"},"south":{"uv":[3.5,7,2.75,8.5],"texture":"#0"},"west":{"uv":[1,7,0,8.5],"texture":"#0"},"up":{"uv":[1,7,1.75,5],"texture":"#0"},"down":{"uv":[1.75,5,2.5,7],"texture":"#0"}}},{"name":"body","from":[5,7,7],"to":[11,13,16],"shade":false,"rotation":{"angle":0,"axis":"x","origin":[-1,16,11]},"faces":{"north":{"uv":[7.5,10,6,7],"rotation":180,"texture":"#0"},"east":{"uv":[6,14.5,4.5,10],"rotation":270,"texture":"#0"},"south":{"uv":[9,7,7.5,10],"texture":"#0"},"west":{"uv":[9,14.5,7.5,10],"rotation":90,"texture":"#0"},"up":{"uv":[9,10,10.5,14.5],"texture":"#0"},"down":{"uv":[6,10,7.5,14.5],"rotation":180,"texture":"#0"}}},{"name":"upperBody","from":[4,7,1],"to":[12,14,7],"shade":false,"rotation":{"angle":0,"axis":"x","origin":[-1,16,6]},"faces":{"north":{"uv":[9,3.5,7,0],"rotation":180,"texture":"#0"},"east":{"uv":[7,6.5,5.25,3.5],"rotation":270,"texture":"#0"},"south":{"uv":[11,0,9,3.5],"texture":"#0"},"west":{"uv":[10.75,6.5,9,3.5],"rotation":90,"texture":"#0"},"up":{"uv":[10.75,3.5,12.75,6.5],"texture":"#0"},"down":{"uv":[7,3.5,9,6.5],"rotation":180,"texture":"#0"}}},{"name":"leg0","from":[8.5,0,12],"to":[10.5,8,14],"shade":false,"rotation":{"angle":0,"axis":"y","origin":[-1,8,14]},"faces":{"north":{"uv":[0.5,10,1,14],"texture":"#0"},"east":{"uv":[0,10,0.5,14],"texture":"#0"},"south":{"uv":[1.5,10,2,14],"texture":"#0"},"west":{"uv":[1,10,1.5,14],"texture":"#0"},"up":{"uv":[1,10,0.5,9],"texture":"#0"},"down":{"uv":[1.5,9,1,10],"texture":"#0"}}},{"name":"leg1","from":[5.5,0,12],"to":[7.5,8,14],"shade":false,"rotation":{"angle":0,"axis":"y","origin":[-1,8,14]},"faces":{"north":{"uv":[0.5,10,1,14],"texture":"#0"},"east":{"uv":[0,10,0.5,14],"texture":"#0"},"south":{"uv":[1.5,10,2,14],"texture":"#0"},"west":{"uv":[1,10,1.5,14],"texture":"#0"},"up":{"uv":[1,10,0.5,9],"texture":"#0"},"down":{"uv":[1.5,9,1,10],"texture":"#0"}}},{"name":"leg2","from":[8.5,0,2],"to":[10.5,8,4],"shade":false,"rotation":{"angle":0,"axis":"y","origin":[-1,8,15]},"faces":{"north":{"uv":[0.5,10,1,14],"texture":"#0"},"east":{"uv":[0,10,0.5,14],"texture":"#0"},"south":{"uv":[1.5,10,2,14],"texture":"#0"},"west":{"uv":[1,10,1.5,14],"texture":"#0"},"up":{"uv":[1,10,0.5,9],"texture":"#0"},"down":{"uv":[1.5,9,1,10],"texture":"#0"}}},{"name":"leg3","from":[5.5,0,2],"to":[7.5,8,4],"shade":false,"rotation":{"angle":0,"axis":"y","origin":[-1,8,15]},"faces":{"north":{"uv":[0.5,10,1,14],"texture":"#0"},"east":{"uv":[0,10,0.5,14],"texture":"#0"},"south":{"uv":[1.5,10,2,14],"texture":"#0"},"west":{"uv":[1,10,1.5,14],"texture":"#0"},"up":{"uv":[1,10,0.5,9],"texture":"#0"},"down":{"uv":[1.5,9,1,10],"texture":"#0"}}},{"name":"tail","from":[7,4,17],"to":[9,12,19],"shade":false,"rotation":{"angle":-45,"axis":"x","origin":[-1,8,18]},"faces":{"north":{"uv":[2.75,10,3.25,14],"texture":"#0"},"east":{"uv":[2.25,10,2.75,14],"texture":"#0"},"south":{"uv":[3.75,10,4.25,14],"texture":"#0"},"west":{"uv":[3.25,10,3.75,14],"texture":"#0"},"up":{"uv":[3.25,10,2.75,9],"texture":"#0"},"down":{"uv":[3.75,9,3.25,10],"texture":"#0"}}}],"display":{"thirdperson_righthand":{"rotation":[50,50,0],"translation":[0,1,0],"scale":[0.3,0.3,0.3]},"thirdperson_lefthand":{"rotation":[50,50,0],"translation":[0,1,0],"scale":[0.3,0.3,0.3]},"firstperson_righthand":{"rotation":[10,115,-10],"translation":[2.25,2.75,0],"scale":[0.4,0.4,0.4]},"firstperson_lefthand":{"rotation":[10,115,-10],"translation":[2.25,2.75,0],"scale":[0.4,0.4,0.4]},"ground":{"translation":[0,2,0],"scale":[0.3,0.3,0.3]},"gui":{"rotation":[25,135,0],"translation":[0.25,0.25,0],"scale":[0.7,0.7,0.7]},"head":{"translation":[0,10.4,0],"scale":[0.5,0.5,0.5]},"fixed":{"rotation":[-90,0,0],"translation":[0,0,-8]}}}