{"credit":"Made by Vega_Senpai","textures":{"1":"item/zoglin_spawn_egg"},"elements":[{"from":[5,-16,-2.7],"to":[8,-9,0.3],"rotation":{"angle":45,"axis":"x","origin":[8.5,-8.5,23]},"faces":{"north":{"uv":[5.875,12,6.625,15.5],"texture":"#1"},"east":{"uv":[5.125,12,5.875,15.5],"texture":"#1"},"south":{"uv":[7.375,12,8.125,15.5],"texture":"#1"},"west":{"uv":[6.625,12,7.375,15.5],"texture":"#1"},"up":{"uv":[6.625,12,5.875,10.5],"texture":"#1"},"down":{"uv":[7.375,10.5,6.625,12],"texture":"#1"}}},{"from":[9,-16,-2.7],"to":[12,-9,0.3],"shade":false,"rotation":{"angle":45,"axis":"x","origin":[8.5,-8.5,23]},"faces":{"north":{"uv":[9.75,12,9,15.5],"texture":"#1"},"east":{"uv":[10.5,12,9.75,15.5],"texture":"#1"},"south":{"uv":[11.25,12,10.5,15.5],"texture":"#1"},"west":{"uv":[9,12,8.25,15.5],"texture":"#1"},"up":{"uv":[9,12,9.75,10.5],"texture":"#1"},"down":{"uv":[9.75,10.5,10.5,12],"texture":"#1"}}},{"from":[9.8,-16,6.8],"to":[12.3,-10.5,6.8],"rotation":{"angle":45,"axis":"x","origin":[13.5,-8.5,23]},"faces":{"north":{"uv":[3.25,12.5,3.875,15.25],"texture":"#1"},"east":{"uv":[3.125,12.5,3.25,15.25],"texture":"#1"},"south":{"uv":[3.875,12.5,3.25,15.25],"texture":"#1"},"west":{"uv":[4.375,12.5,4.5,15.25],"texture":"#1"},"up":{"uv":[3.875,12.5,3.25,11.25],"texture":"#1"},"down":{"uv":[4.5,12.25,3.875,12.5],"texture":"#1"}}},{"from":[9.8,-16,6.8],"to":[12.3,-15.99,9.3],"rotation":{"angle":45,"axis":"x","origin":[13.5,-8.5,23]},"faces":{"north":{"uv":[3.25,15,3.875,15.25],"texture":"#1"},"east":{"uv":[2.625,15,3.25,15.25],"texture":"#1"},"south":{"uv":[4.5,15,5.125,15.25],"texture":"#1"},"west":{"uv":[3.875,15,4.5,15.25],"texture":"#1"},"up":{"uv":[4.5,12.5,3.875,11.25],"texture":"#1"},"down":{"uv":[4.5,11.25,3.875,12.5],"texture":"#1"}}},{"from":[9.8,-15.99293,9.29293],"to":[12.3,-10.49293,9.30293],"rotation":{"angle":45,"axis":"x","origin":[13.5,-8.49293,22.99293]},"faces":{"north":{"uv":[5.125,12.5,4.5,15.25],"texture":"#1"},"east":{"uv":[2.625,12.5,2.75,15.25],"texture":"#1"},"south":{"uv":[4.5,12.5,5.125,15.25],"texture":"#1"},"west":{"uv":[4.375,12.5,4.5,15.25],"texture":"#1"},"up":{"uv":[3.875,12.5,3.25,11.25],"texture":"#1"},"down":{"uv":[4.5,12.25,3.875,12.5],"texture":"#1"}}},{"from":[9.8,-16,6.8],"to":[9.8,-10.5,9.3],"rotation":{"angle":45,"axis":"x","origin":[13.5,-8.5,23]},"faces":{"north":{"uv":[3.75,12.5,3.875,15.25],"texture":"#1"},"east":{"uv":[4.5,12.5,3.875,15.25],"texture":"#1"},"south":{"uv":[4.5,12.5,4.625,15.25],"texture":"#1"},"west":{"uv":[3.875,12.5,4.5,15.25],"texture":"#1"},"up":{"uv":[3.875,12.5,3.25,11.25],"texture":"#1"},"down":{"uv":[4.5,12.25,3.875,12.5],"texture":"#1"}}},{"from":[12.29,-16,6.8],"to":[12.3,-10.5,9.3],"rotation":{"angle":45,"axis":"x","origin":[13.49,-8.5,23]},"faces":{"north":{"uv":[3.25,12.5,3.375,15.25],"texture":"#1"},"east":{"uv":[2.625,12.5,3.25,15.25],"texture":"#1"},"south":{"uv":[5,12.5,5.125,15.25],"texture":"#1"},"west":{"uv":[3.25,12.5,2.625,15.25],"texture":"#1"},"up":{"uv":[3.875,12.5,3.25,11.25],"texture":"#1"},"down":{"uv":[4.5,11.25,3.875,12.5],"texture":"#1"}}},{"from":[4.8,-16,6.8],"to":[7.3,-10.5,9.3],"rotation":{"angle":45,"axis":"x","origin":[3.5,-8.5,23]},"faces":{"north":{"uv":[0.625,12.5,1.25,15.25],"texture":"#1"},"east":{"uv":[0,12.5,0.625,15.25],"texture":"#1"},"south":{"uv":[1.875,12.5,2.5,15.25],"texture":"#1"},"west":{"uv":[1.25,12.5,1.875,15.25],"texture":"#1"},"up":{"uv":[1.25,12.5,0.625,11.25],"texture":"#1"},"down":{"uv":[1.875,11.25,1.25,12.5],"texture":"#1"}}},{"from":[4.5,-11,-3.5],"to":[12.5,-4,9.5],"rotation":{"angle":45,"axis":"x","origin":[8.5,-8.5,23]},"faces":{"north":{"uv":[3.375,6.75,5.375,10.25],"texture":"#1"},"east":{"uv":[0.125,6.75,3.375,10.25],"texture":"#1"},"south":{"uv":[8.625,6.75,10.625,10.25],"texture":"#1"},"west":{"uv":[5.375,6.75,8.625,10.25],"texture":"#1"},"up":{"uv":[5.375,6.75,3.375,0.25],"texture":"#1"},"down":{"uv":[7.375,0.25,5.375,6.75],"texture":"#1"}}},{"from":[5,11,-2],"to":[12,14,7],"rotation":{"angle":0,"axis":"x","origin":[27,20,13]},"faces":{"north":{"uv":[10,5,11.75,6.5],"texture":"#1"},"east":{"uv":[7.625,5,10,6.5],"texture":"#1"},"south":{"uv":[14.125,5,15.875,6.5],"texture":"#1"},"west":{"uv":[11.75,5,14.125,6.5],"texture":"#1"},"up":{"uv":[11.75,5,10,0.25],"texture":"#1"},"down":{"uv":[13.5,0.25,11.75,5],"texture":"#1"}}},{"from":[11.5,12,1],"to":[12.5,17.5,2],"rotation":{"angle":0,"axis":"x","origin":[20.5,20,10]},"faces":{"north":{"uv":[0.375,3.75,0.625,6.5],"texture":"#1"},"east":{"uv":[0.125,3.75,0.375,6.5],"texture":"#1"},"south":{"uv":[0.875,3.75,1.125,6.5],"texture":"#1"},"west":{"uv":[0.625,3.75,0.875,6.5],"texture":"#1"},"up":{"uv":[0.625,3.75,0.375,3.25],"texture":"#1"},"down":{"uv":[0.875,3.25,0.625,3.75],"texture":"#1"}}},{"from":[4.5,12,1],"to":[5.5,17.5,2],"rotation":{"angle":0,"axis":"x","origin":[27.5,20,10]},"faces":{"north":{"uv":[0.375,3.75,0.625,6.5],"texture":"#1"},"east":{"uv":[0.125,3.75,0.375,6.5],"texture":"#1"},"south":{"uv":[0.875,3.75,1.125,6.5],"texture":"#1"},"west":{"uv":[0.625,3.75,0.875,6.5],"texture":"#1"},"up":{"uv":[0.625,3.75,0.375,3.25],"texture":"#1"},"down":{"uv":[0.875,3.25,0.625,3.75],"texture":"#1"}}},{"from":[-8.4,29.8,4.5],"to":[-5.4,30.3,6.5],"shade":false,"rotation":{"angle":45,"axis":"z","origin":[19.6,34.9,5.5]},"faces":{"north":{"uv":[1.375,1.25,0.625,1.5],"texture":"#1"},"east":{"uv":[1.875,1.25,1.375,1.5],"texture":"#1"},"south":{"uv":[2.625,1.25,1.875,1.5],"texture":"#1"},"west":{"uv":[0.625,1.25,0.125,1.5],"texture":"#1"},"up":{"uv":[0.625,1.25,1.375,0.25],"texture":"#1"},"down":{"uv":[1.375,0.25,2.125,1.25],"texture":"#1"}}},{"from":[22.4,29.8,4.5],"to":[25.4,30.3,6.5],"shade":false,"rotation":{"angle":-45,"axis":"z","origin":[-2.6,34.9,5.5]},"faces":{"north":{"uv":[0.625,1.25,1.375,1.5],"texture":"#1"},"east":{"uv":[0.125,1.25,0.625,1.5],"texture":"#1"},"south":{"uv":[1.875,1.25,2.625,1.5],"texture":"#1"},"west":{"uv":[1.375,1.25,1.875,1.5],"texture":"#1"},"up":{"uv":[1.375,1.25,0.625,0.25],"texture":"#1"},"down":{"uv":[2.125,0.25,1.375,1.25],"texture":"#1"}}}],"display":{"thirdperson_righthand":{"rotation":[-12,47,44],"translation":[-2,3.75,-0.25],"scale":[0.55,0.55,0.55]},"thirdperson_lefthand":{"rotation":[-12,47,44],"translation":[-2,4.25,-0.25],"scale":[0.55,0.55,0.55]},"firstperson_righthand":{"rotation":[-100,40,112],"translation":[1.25,4.5,0],"scale":[0.5,0.5,0.5]},"firstperson_lefthand":{"rotation":[-100,40,112],"translation":[0.75,4.75,0],"scale":[0.5,0.5,0.5]},"ground":{"rotation":[-45,0,0],"translation":[0,3,0],"scale":[0.5,0.5,0.5]},"gui":{"rotation":[-109,26,148],"translation":[0.5,1,0],"scale":[0.8,0.8,0.8]},"head":{"rotation":[-45,0,0],"translation":[0,13.2,-1.5],"scale":[0.8,0.8,0.8]},"fixed":{"rotation":[-135,0,0],"translation":[0,-5.75,-18.9],"scale":[2.2,2.2,2.2]}}}