{"credit":"Made by Vega_Senpai","textures":{"0":"item/zombie_pigman_spawn_egg","1":"item/piglin_weapon"},"elements":[{"name":"body","from":[4,-3,8],"to":[12,9,12],"shade":false,"rotation":{"angle":0,"axis":"y","origin":[16,-7,18]},"faces":{"north":{"uv":[5,5,7,8],"texture":"#0"},"east":{"uv":[4,5,5,8],"texture":"#0"},"south":{"uv":[8,5,10,8],"texture":"#0"},"west":{"uv":[7,5,8,8],"texture":"#0"},"up":{"uv":[5,5,7,4],"texture":"#0"},"down":{"uv":[7,4,9,5],"texture":"#0"}}},{"name":"head","from":[4,9,6],"to":[12,17,14],"shade":false,"rotation":{"angle":0,"axis":"y","origin":[0,-7,18]},"faces":{"north":{"uv":[2,2,4,4],"texture":"#0"},"east":{"uv":[0,2,2,4],"texture":"#0"},"south":{"uv":[6,2,8,4],"texture":"#0"},"west":{"uv":[4,2,6,4],"texture":"#0"},"up":{"uv":[4,2,2,0],"texture":"#0"},"down":{"uv":[6,0,4,2],"texture":"#0"}}},{"name":"head","from":[3.5,8.51,5.5],"to":[3.51,17.51,14.5],"shade":false,"rotation":{"angle":0,"axis":"y","origin":[16,-6.99,18]},"faces":{"east":{"uv":[16,2,14,4],"texture":"#0"},"west":{"uv":[12,2,14,4],"texture":"#0"}}},{"name":"head","from":[3.5,8.51,5.5],"to":[12.5,8.52,14.5],"shade":false,"rotation":{"angle":0,"axis":"y","origin":[16,-6.99,2]},"faces":{"up":{"uv":[14,0,12,2],"rotation":270,"texture":"#0"},"down":{"uv":[12,0,14,2],"rotation":270,"texture":"#0"}}},{"name":"head","from":[3.5,8.51,14.49],"to":[12.5,17.51,14.5],"shade":false,"rotation":{"angle":0,"axis":"y","origin":[16,-6.99,17.48]},"faces":{"north":{"uv":[16,2,14,4],"texture":"#0"},"south":{"uv":[14,2,16,4],"texture":"#0"}}},{"name":"head","from":[3.5,17.5,5.5],"to":[12.5,17.51,14.5],"shade":false,"rotation":{"angle":0,"axis":"y","origin":[16,-7,18]},"faces":{"up":{"uv":[10,0,12,2],"rotation":180,"texture":"#0"},"down":{"uv":[12,0,10,2],"texture":"#0"}}},{"name":"head","from":[12.49,8.51,5.5],"to":[12.5,17.51,14.5],"shade":false,"rotation":{"angle":0,"axis":"y","origin":[15.99,-6.99,18]},"faces":{"east":{"uv":[8,2,10,4],"texture":"#0"},"west":{"uv":[10,2,8,4],"texture":"#0"}}},{"name":"head","from":[3.5,8.51,5.5],"to":[12.5,17.51,5.51],"shade":false,"rotation":{"angle":0,"axis":"y","origin":[16,-6.99,18]},"faces":{"north":{"uv":[10,2,12,4],"texture":"#0"},"south":{"uv":[12,2,10,4],"texture":"#0"}}},{"name":"rightArm","from":[0,5,-1],"to":[4,9,11],"shade":false,"rotation":{"angle":0,"axis":"x","origin":[16,-1,-5]},"faces":{"north":{"uv":[12,4,13,5],"rotation":180,"texture":"#0"},"east":{"uv":[13,5,12,8],"rotation":270,"texture":"#0"},"south":{"uv":[11,5,12,4],"texture":"#0"},"west":{"uv":[11,5,10,8],"rotation":90,"texture":"#0"},"up":{"uv":[12,5,11,8],"rotation":180,"texture":"#0"},"down":{"uv":[14,5,13,8],"texture":"#0"}}},{"name":"leftArm","from":[12,5,-1],"to":[16,9,11],"rotation":{"angle":0,"axis":"x","origin":[16,-1,-5]},"faces":{"north":{"uv":[13,4,12,5],"rotation":180,"texture":"#0"},"east":{"uv":[10,5,11,8],"rotation":270,"texture":"#0"},"south":{"uv":[12,5,11,4],"texture":"#0"},"west":{"uv":[12,5,13,8],"rotation":90,"texture":"#0"},"up":{"uv":[11,5,12,8],"rotation":180,"texture":"#0"},"down":{"uv":[13,5,14,8],"texture":"#0"}}},{"name":"rightLeg","from":[4,-15,8],"to":[8,-3,12],"shade":false,"rotation":{"angle":0,"axis":"y","origin":[16,-7,18]},"faces":{"north":{"uv":[2,5,1,8],"texture":"#0"},"east":{"uv":[3,5,2,8],"texture":"#0"},"south":{"uv":[4,5,3,8],"texture":"#0"},"west":{"uv":[1,5,0,8],"texture":"#0"},"up":{"uv":[1,5,2,4],"texture":"#0"},"down":{"uv":[2,4,3,5],"texture":"#0"}}},{"name":"leftLeg","from":[8,-15,8],"to":[12,-3,12],"rotation":{"angle":0,"axis":"y","origin":[16,-7,18]},"faces":{"north":{"uv":[1,5,2,8],"texture":"#0"},"east":{"uv":[0,5,1,8],"texture":"#0"},"south":{"uv":[3,5,4,8],"texture":"#0"},"west":{"uv":[2,5,3,8],"texture":"#0"},"up":{"uv":[2,5,1,4],"texture":"#0"},"down":{"uv":[3,4,2,5],"texture":"#0"}}},{"from":[13.6,24.92533,-7.3656],"to":[14.5,25.82533,-6.4656],"rotation":{"angle":22.5,"axis":"x","origin":[21.6,18.72533,-14.4656]},"faces":{"north":{"uv":[15,0,16,1],"rotation":180,"texture":"#1"},"east":{"uv":[15,0,16,1],"texture":"#1"},"south":{"uv":[15,0,16,1],"rotation":180,"texture":"#1"},"west":{"uv":[15,0,16,1],"texture":"#1"},"up":{"uv":[15,0,16,1],"rotation":180,"texture":"#1"},"down":{"uv":[15,0,16,1],"rotation":180,"texture":"#1"}}},{"from":[13.6,24.58091,-6.5341],"to":[14.5,25.48091,-5.6341],"rotation":{"angle":22.5,"axis":"x","origin":[21.6,18.38091,-13.6341]},"faces":{"north":{"uv":[15,1,16,2],"rotation":180,"texture":"#1"},"east":{"uv":[15,1,16,2],"texture":"#1"},"south":{"uv":[15,1,16,2],"rotation":180,"texture":"#1"},"west":{"uv":[15,1,16,2],"texture":"#1"},"up":{"uv":[15,1,16,2],"rotation":180,"texture":"#1"},"down":{"uv":[15,1,16,2],"rotation":180,"texture":"#1"}}},{"from":[13.6,24.2365,-5.70261],"to":[14.5,25.1365,-4.80261],"rotation":{"angle":22.5,"axis":"x","origin":[21.6,18.0365,-12.80261]},"faces":{"north":{"uv":[15,2,16,3],"rotation":180,"texture":"#1"},"east":{"uv":[15,2,16,3],"texture":"#1"},"south":{"uv":[15,2,16,3],"rotation":180,"texture":"#1"},"west":{"uv":[15,2,16,3],"texture":"#1"},"up":{"uv":[15,2,16,3],"rotation":180,"texture":"#1"},"down":{"uv":[15,2,16,3],"rotation":180,"texture":"#1"}}},{"from":[13.6,23.26234,-8.05443],"to":[14.5,24.16234,-7.15443],"rotation":{"angle":22.5,"axis":"x","origin":[21.6,17.06234,-15.15443]},"faces":{"north":{"uv":[13,0,14,1],"rotation":180,"texture":"#1"},"east":{"uv":[13,0,14,1],"texture":"#1"},"south":{"uv":[13,0,14,1],"rotation":180,"texture":"#1"},"west":{"uv":[13,0,14,1],"texture":"#1"},"up":{"uv":[13,0,14,1],"rotation":180,"texture":"#1"},"down":{"uv":[13,0,14,1],"rotation":180,"texture":"#1"}}},{"from":[13.6,24.09383,-7.71001],"to":[14.5,24.99383,-6.81001],"rotation":{"angle":22.5,"axis":"x","origin":[21.6,17.89383,-14.81001]},"faces":{"north":{"uv":[14,0,15,1],"rotation":180,"texture":"#1"},"east":{"uv":[14,0,15,1],"texture":"#1"},"south":{"uv":[14,0,15,1],"rotation":180,"texture":"#1"},"west":{"uv":[14,0,15,1],"texture":"#1"},"up":{"uv":[14,0,15,1],"rotation":180,"texture":"#1"},"down":{"uv":[14,0,15,1],"rotation":180,"texture":"#1"}}},{"from":[13.6,22.08644,-7.56735],"to":[14.5,22.98644,-6.66735],"rotation":{"angle":22.5,"axis":"x","origin":[21.6,15.88644,-14.66735]},"faces":{"north":{"uv":[12,1,13,2],"rotation":180,"texture":"#1"},"east":{"uv":[12,1,13,2],"texture":"#1"},"south":{"uv":[12,1,13,2],"rotation":180,"texture":"#1"},"west":{"uv":[12,1,13,2],"texture":"#1"},"up":{"uv":[12,1,13,2],"rotation":180,"texture":"#1"},"down":{"uv":[12,1,13,2],"rotation":180,"texture":"#1"}}},{"from":[13.6,20.91053,-7.08027],"to":[14.5,21.81053,-6.18027],"rotation":{"angle":22.5,"axis":"x","origin":[21.6,14.71053,-14.18027]},"faces":{"north":{"uv":[11,2,12,3],"rotation":180,"texture":"#1"},"east":{"uv":[11,2,12,3],"texture":"#1"},"south":{"uv":[11,2,12,3],"rotation":180,"texture":"#1"},"west":{"uv":[11,2,12,3],"texture":"#1"},"up":{"uv":[11,2,12,3],"rotation":180,"texture":"#1"},"down":{"uv":[11,2,12,3],"rotation":180,"texture":"#1"}}},{"from":[13.6,18.55872,-6.10612],"to":[14.5,19.45872,-5.20612],"rotation":{"angle":22.5,"axis":"x","origin":[21.6,12.35872,-13.20612]},"faces":{"north":{"uv":[9,4,10,5],"rotation":180,"texture":"#1"},"east":{"uv":[9,4,10,5],"texture":"#1"},"south":{"uv":[9,4,10,5],"rotation":180,"texture":"#1"},"west":{"uv":[9,4,10,5],"texture":"#1"},"up":{"uv":[9,4,10,5],"rotation":180,"texture":"#1"},"down":{"uv":[9,4,10,5],"rotation":180,"texture":"#1"}}},{"from":[13.6,17.38281,-5.61904],"to":[14.5,18.28281,-4.71904],"rotation":{"angle":22.5,"axis":"x","origin":[21.6,11.18281,-12.71904]},"faces":{"north":{"uv":[8,5,9,6],"rotation":180,"texture":"#1"},"east":{"uv":[8,5,9,6],"texture":"#1"},"south":{"uv":[8,5,9,6],"rotation":180,"texture":"#1"},"west":{"uv":[8,5,9,6],"texture":"#1"},"up":{"uv":[8,5,9,6],"rotation":180,"texture":"#1"},"down":{"uv":[8,5,9,6],"rotation":180,"texture":"#1"}}},{"from":[13.6,19.73462,-6.5932],"to":[14.5,20.63462,-5.6932],"rotation":{"angle":22.5,"axis":"x","origin":[21.6,13.53462,-13.6932]},"faces":{"north":{"uv":[10,3,11,4],"rotation":180,"texture":"#1"},"east":{"uv":[10,3,11,4],"texture":"#1"},"south":{"uv":[10,3,11,4],"rotation":180,"texture":"#1"},"west":{"uv":[10,3,11,4],"texture":"#1"},"up":{"uv":[10,3,11,4],"rotation":180,"texture":"#1"},"down":{"uv":[10,3,11,4],"rotation":180,"texture":"#1"}}},{"from":[13.6,15.031,-4.64489],"to":[14.5,15.931,-3.74489],"rotation":{"angle":22.5,"axis":"x","origin":[21.6,8.831,-11.74489]},"faces":{"north":{"uv":[6,7,7,8],"rotation":180,"texture":"#1"},"east":{"uv":[6,7,7,8],"texture":"#1"},"south":{"uv":[6,7,7,8],"rotation":180,"texture":"#1"},"west":{"uv":[6,7,7,8],"texture":"#1"},"up":{"uv":[6,7,7,8],"rotation":180,"texture":"#1"},"down":{"uv":[6,7,7,8],"rotation":180,"texture":"#1"}}},{"from":[13.6,16.2069,-5.13197],"to":[14.5,17.1069,-4.23197],"rotation":{"angle":22.5,"axis":"x","origin":[21.6,10.0069,-12.23197]},"faces":{"north":{"uv":[7,6,8,7],"rotation":180,"texture":"#1"},"east":{"uv":[7,6,8,7],"texture":"#1"},"south":{"uv":[7,6,8,7],"rotation":180,"texture":"#1"},"west":{"uv":[7,6,8,7],"texture":"#1"},"up":{"uv":[7,6,8,7],"rotation":180,"texture":"#1"},"down":{"uv":[7,6,8,7],"rotation":180,"texture":"#1"}}},{"from":[13.6,13.36801,-5.33372],"to":[14.5,14.26801,-4.43372],"rotation":{"angle":22.5,"axis":"x","origin":[21.6,7.16801,-12.43372]},"faces":{"north":{"uv":[4,7,5,8],"rotation":180,"texture":"#1"},"east":{"uv":[4,7,5,8],"texture":"#1"},"south":{"uv":[4,7,5,8],"rotation":180,"texture":"#1"},"west":{"uv":[4,7,5,8],"texture":"#1"},"up":{"uv":[4,7,5,8],"rotation":180,"texture":"#1"},"down":{"uv":[4,7,5,8],"rotation":180,"texture":"#1"}}},{"from":[13.6,23.06059,-5.21554],"to":[14.5,23.96059,-4.31554],"rotation":{"angle":22.5,"axis":"x","origin":[21.6,16.86059,-12.31554]},"faces":{"north":{"uv":[14,3,15,4],"rotation":180,"texture":"#1"},"east":{"uv":[14,3,15,4],"texture":"#1"},"south":{"uv":[14,3,15,4],"rotation":180,"texture":"#1"},"west":{"uv":[14,3,15,4],"texture":"#1"},"up":{"uv":[14,3,15,4],"rotation":180,"texture":"#1"},"down":{"uv":[14,3,15,4],"rotation":180,"texture":"#1"}}},{"from":[13.6,21.88468,-4.72846],"to":[14.5,22.78468,-3.82846],"rotation":{"angle":22.5,"axis":"x","origin":[21.6,15.68468,-11.82846]},"faces":{"north":{"uv":[13,4,14,5],"rotation":180,"texture":"#1"},"east":{"uv":[13,4,14,5],"texture":"#1"},"south":{"uv":[13,4,14,5],"rotation":180,"texture":"#1"},"west":{"uv":[13,4,14,5],"texture":"#1"},"up":{"uv":[13,4,14,5],"rotation":180,"texture":"#1"},"down":{"uv":[13,4,14,5],"rotation":180,"texture":"#1"}}},{"from":[13.6,20.70878,-4.24138],"to":[14.5,21.60878,-3.34138],"rotation":{"angle":22.5,"axis":"x","origin":[21.6,14.50878,-11.34138]},"faces":{"north":{"uv":[12,5,13,6],"rotation":180,"texture":"#1"},"east":{"uv":[12,5,13,6],"texture":"#1"},"south":{"uv":[12,5,13,6],"rotation":180,"texture":"#1"},"west":{"uv":[12,5,13,6],"texture":"#1"},"up":{"uv":[12,5,13,6],"rotation":180,"texture":"#1"},"down":{"uv":[12,5,13,6],"rotation":180,"texture":"#1"}}},{"from":[13.6,19.53287,-3.75431],"to":[14.5,20.43287,-2.85431],"rotation":{"angle":22.5,"axis":"x","origin":[21.6,13.33287,-10.85431]},"faces":{"north":{"uv":[11,6,12,7],"rotation":180,"texture":"#1"},"east":{"uv":[11,6,12,7],"texture":"#1"},"south":{"uv":[11,6,12,7],"rotation":180,"texture":"#1"},"west":{"uv":[11,6,12,7],"texture":"#1"},"up":{"uv":[11,6,12,7],"rotation":180,"texture":"#1"},"down":{"uv":[11,6,12,7],"rotation":180,"texture":"#1"}}},{"from":[13.6,18.35696,-3.26723],"to":[14.5,19.25696,-2.36723],"rotation":{"angle":22.5,"axis":"x","origin":[21.6,12.15696,-10.36723]},"faces":{"north":{"uv":[10,7,11,8],"rotation":180,"texture":"#1"},"east":{"uv":[10,7,11,8],"texture":"#1"},"south":{"uv":[10,7,11,8],"rotation":180,"texture":"#1"},"west":{"uv":[10,7,11,8],"texture":"#1"},"up":{"uv":[10,7,11,8],"rotation":180,"texture":"#1"},"down":{"uv":[10,7,11,8],"rotation":180,"texture":"#1"}}},{"from":[13.6,17.18106,-2.78015],"to":[14.5,18.08106,-1.88015],"rotation":{"angle":22.5,"axis":"x","origin":[21.6,10.98106,-9.88015]},"faces":{"north":{"uv":[9,8,10,9],"rotation":180,"texture":"#1"},"east":{"uv":[9,8,10,9],"texture":"#1"},"south":{"uv":[9,8,10,9],"rotation":180,"texture":"#1"},"west":{"uv":[9,8,10,9],"texture":"#1"},"up":{"uv":[9,8,10,9],"rotation":180,"texture":"#1"},"down":{"uv":[9,8,10,9],"rotation":180,"texture":"#1"}}},{"from":[13.6,16.00515,-2.29308],"to":[14.5,16.90515,-1.39308],"rotation":{"angle":22.5,"axis":"x","origin":[21.6,9.80515,-9.39308]},"faces":{"north":{"uv":[8,9,9,10],"rotation":180,"texture":"#1"},"east":{"uv":[8,9,9,10],"texture":"#1"},"south":{"uv":[8,9,9,10],"rotation":180,"texture":"#1"},"west":{"uv":[8,9,9,10],"texture":"#1"},"up":{"uv":[8,9,9,10],"rotation":180,"texture":"#1"},"down":{"uv":[8,9,9,10],"rotation":180,"texture":"#1"}}},{"from":[13.6,14.82924,-1.806],"to":[14.5,15.72924,-0.906],"rotation":{"angle":22.5,"axis":"x","origin":[21.6,8.62924,-8.906]},"faces":{"north":{"uv":[7,10,8,11],"rotation":180,"texture":"#1"},"east":{"uv":[7,10,8,11],"texture":"#1"},"south":{"uv":[7,10,8,11],"rotation":180,"texture":"#1"},"west":{"uv":[7,10,8,11],"texture":"#1"},"up":{"uv":[7,10,8,11],"rotation":180,"texture":"#1"},"down":{"uv":[7,10,8,11],"rotation":180,"texture":"#1"}}},{"from":[13.6,23.74942,-6.87852],"to":[14.5,24.64942,-5.97852],"rotation":{"angle":22.5,"axis":"x","origin":[21.6,17.54942,-13.97852]},"faces":{"north":{"uv":[14,1,15,2],"rotation":180,"texture":"#1"},"east":{"uv":[14,1,15,2],"texture":"#1"},"south":{"uv":[14,1,15,2],"rotation":180,"texture":"#1"},"west":{"uv":[14,1,15,2],"texture":"#1"},"up":{"uv":[14,1,15,2],"rotation":180,"texture":"#1"},"down":{"uv":[14,1,15,2],"rotation":180,"texture":"#1"}}},{"from":[13.6,23.405,-6.04703],"to":[14.5,24.305,-5.14703],"rotation":{"angle":22.5,"axis":"x","origin":[21.6,17.205,-13.14703]},"faces":{"north":{"uv":[14,2,15,3],"rotation":180,"texture":"#1"},"east":{"uv":[14,2,15,3],"texture":"#1"},"south":{"uv":[14,2,15,3],"rotation":180,"texture":"#1"},"west":{"uv":[14,2,15,3],"texture":"#1"},"up":{"uv":[14,2,15,3],"rotation":180,"texture":"#1"},"down":{"uv":[14,2,15,3],"rotation":180,"texture":"#1"}}},{"from":[13.6,22.91793,-7.22293],"to":[14.5,23.81793,-6.32293],"rotation":{"angle":22.5,"axis":"x","origin":[21.6,16.71793,-14.32293]},"faces":{"north":{"uv":[13,1,14,2],"rotation":180,"texture":"#1"},"east":{"uv":[13,1,14,2],"texture":"#1"},"south":{"uv":[13,1,14,2],"rotation":180,"texture":"#1"},"west":{"uv":[13,1,14,2],"texture":"#1"},"up":{"uv":[13,1,14,2],"rotation":180,"texture":"#1"},"down":{"uv":[13,1,14,2],"rotation":180,"texture":"#1"}}},{"from":[13.6,22.57351,-6.39144],"to":[14.5,23.47351,-5.49144],"rotation":{"angle":22.5,"axis":"x","origin":[21.6,16.37351,-13.49144]},"faces":{"north":{"uv":[13,2,14,3],"rotation":180,"texture":"#1"},"east":{"uv":[13,2,14,3],"texture":"#1"},"south":{"uv":[13,2,14,3],"rotation":180,"texture":"#1"},"west":{"uv":[13,2,14,3],"texture":"#1"},"up":{"uv":[13,2,14,3],"rotation":180,"texture":"#1"},"down":{"uv":[13,2,14,3],"rotation":180,"texture":"#1"}}},{"from":[13.6,22.2291,-5.55995],"to":[14.5,23.1291,-4.65995],"rotation":{"angle":22.5,"axis":"x","origin":[21.6,16.0291,-12.65995]},"faces":{"north":{"uv":[13,3,14,4],"rotation":180,"texture":"#1"},"east":{"uv":[13,3,14,4],"texture":"#1"},"south":{"uv":[13,3,14,4],"rotation":180,"texture":"#1"},"west":{"uv":[13,3,14,4],"texture":"#1"},"up":{"uv":[13,3,14,4],"rotation":180,"texture":"#1"},"down":{"uv":[13,3,14,4],"rotation":180,"texture":"#1"}}},{"from":[13.6,21.05319,-5.07288],"to":[14.5,21.95319,-4.17288],"rotation":{"angle":22.5,"axis":"x","origin":[21.6,14.85319,-12.17288]},"faces":{"north":{"uv":[12,4,13,5],"rotation":180,"texture":"#1"},"east":{"uv":[12,4,13,5],"texture":"#1"},"south":{"uv":[12,4,13,5],"rotation":180,"texture":"#1"},"west":{"uv":[12,4,13,5],"texture":"#1"},"up":{"uv":[12,4,13,5],"rotation":180,"texture":"#1"},"down":{"uv":[12,4,13,5],"rotation":180,"texture":"#1"}}},{"from":[13.6,19.87728,-4.5858],"to":[14.5,20.77728,-3.6858],"rotation":{"angle":22.5,"axis":"x","origin":[21.6,13.67728,-11.6858]},"faces":{"north":{"uv":[11,5,12,6],"rotation":180,"texture":"#1"},"east":{"uv":[11,5,12,6],"texture":"#1"},"south":{"uv":[11,5,12,6],"rotation":180,"texture":"#1"},"west":{"uv":[11,5,12,6],"texture":"#1"},"up":{"uv":[11,5,12,6],"rotation":180,"texture":"#1"},"down":{"uv":[11,5,12,6],"rotation":180,"texture":"#1"}}},{"from":[13.6,18.70138,-4.09872],"to":[14.5,19.60138,-3.19872],"rotation":{"angle":22.5,"axis":"x","origin":[21.6,12.50138,-11.19872]},"faces":{"north":{"uv":[10,6,11,7],"rotation":180,"texture":"#1"},"east":{"uv":[10,6,11,7],"texture":"#1"},"south":{"uv":[10,6,11,7],"rotation":180,"texture":"#1"},"west":{"uv":[10,6,11,7],"texture":"#1"},"up":{"uv":[10,6,11,7],"rotation":180,"texture":"#1"},"down":{"uv":[10,6,11,7],"rotation":180,"texture":"#1"}}},{"from":[13.6,17.52547,-3.61165],"to":[14.5,18.42547,-2.71165],"rotation":{"angle":22.5,"axis":"x","origin":[21.6,11.32547,-10.71165]},"faces":{"north":{"uv":[9,7,10,8],"rotation":180,"texture":"#1"},"east":{"uv":[9,7,10,8],"texture":"#1"},"south":{"uv":[9,7,10,8],"rotation":180,"texture":"#1"},"west":{"uv":[9,7,10,8],"texture":"#1"},"up":{"uv":[9,7,10,8],"rotation":180,"texture":"#1"},"down":{"uv":[9,7,10,8],"rotation":180,"texture":"#1"}}},{"from":[13.6,16.34956,-3.12457],"to":[14.5,17.24956,-2.22457],"rotation":{"angle":22.5,"axis":"x","origin":[21.6,10.14956,-10.22457]},"faces":{"north":{"uv":[8,8,9,9],"rotation":180,"texture":"#1"},"east":{"uv":[8,8,9,9],"texture":"#1"},"south":{"uv":[8,8,9,9],"rotation":180,"texture":"#1"},"west":{"uv":[8,8,9,9],"texture":"#1"},"up":{"uv":[8,8,9,9],"rotation":180,"texture":"#1"},"down":{"uv":[8,8,9,9],"rotation":180,"texture":"#1"}}},{"from":[13.6,15.17366,-2.63749],"to":[14.5,16.07366,-1.73749],"rotation":{"angle":22.5,"axis":"x","origin":[21.6,8.97366,-9.73749]},"faces":{"north":{"uv":[7,9,8,10],"rotation":180,"texture":"#1"},"east":{"uv":[7,9,8,10],"texture":"#1"},"south":{"uv":[7,9,8,10],"rotation":180,"texture":"#1"},"west":{"uv":[7,9,8,10],"texture":"#1"},"up":{"uv":[7,9,8,10],"rotation":180,"texture":"#1"},"down":{"uv":[7,9,8,10],"rotation":180,"texture":"#1"}}},{"from":[13.6,21.39761,-5.90437],"to":[14.5,22.29761,-5.00437],"rotation":{"angle":22.5,"axis":"x","origin":[21.6,15.19761,-13.00437]},"faces":{"north":{"uv":[12,3,13,4],"rotation":180,"texture":"#1"},"east":{"uv":[12,3,13,4],"texture":"#1"},"south":{"uv":[12,3,13,4],"rotation":180,"texture":"#1"},"west":{"uv":[12,3,13,4],"texture":"#1"},"up":{"uv":[12,3,13,4],"rotation":180,"texture":"#1"},"down":{"uv":[12,3,13,4],"rotation":180,"texture":"#1"}}},{"from":[13.6,20.2217,-5.41729],"to":[14.5,21.1217,-4.51729],"rotation":{"angle":22.5,"axis":"x","origin":[21.6,14.0217,-12.51729]},"faces":{"north":{"uv":[11,4,12,5],"rotation":180,"texture":"#1"},"east":{"uv":[11,4,12,5],"texture":"#1"},"south":{"uv":[11,4,12,5],"rotation":180,"texture":"#1"},"west":{"uv":[11,4,12,5],"texture":"#1"},"up":{"uv":[11,4,12,5],"rotation":180,"texture":"#1"},"down":{"uv":[11,4,12,5],"rotation":180,"texture":"#1"}}},{"from":[13.6,19.04579,-4.93021],"to":[14.5,19.94579,-4.03021],"rotation":{"angle":22.5,"axis":"x","origin":[21.6,12.84579,-12.03021]},"faces":{"north":{"uv":[10,5,11,6],"rotation":180,"texture":"#1"},"east":{"uv":[10,5,11,6],"texture":"#1"},"south":{"uv":[10,5,11,6],"rotation":180,"texture":"#1"},"west":{"uv":[10,5,11,6],"texture":"#1"},"up":{"uv":[10,5,11,6],"rotation":180,"texture":"#1"},"down":{"uv":[10,5,11,6],"rotation":180,"texture":"#1"}}},{"from":[13.6,17.86989,-4.44314],"to":[14.5,18.76989,-3.54314],"rotation":{"angle":22.5,"axis":"x","origin":[21.6,11.66989,-11.54314]},"faces":{"north":{"uv":[9,6,10,7],"rotation":180,"texture":"#1"},"east":{"uv":[9,6,10,7],"texture":"#1"},"south":{"uv":[9,6,10,7],"rotation":180,"texture":"#1"},"west":{"uv":[9,6,10,7],"texture":"#1"},"up":{"uv":[9,6,10,7],"rotation":180,"texture":"#1"},"down":{"uv":[9,6,10,7],"rotation":180,"texture":"#1"}}},{"from":[13.6,16.69398,-3.95606],"to":[14.5,17.59398,-3.05606],"rotation":{"angle":22.5,"axis":"x","origin":[21.6,10.49398,-11.05606]},"faces":{"north":{"uv":[8,7,9,8],"rotation":180,"texture":"#1"},"east":{"uv":[8,7,9,8],"texture":"#1"},"south":{"uv":[8,7,9,8],"rotation":180,"texture":"#1"},"west":{"uv":[8,7,9,8],"texture":"#1"},"up":{"uv":[8,7,9,8],"rotation":180,"texture":"#1"},"down":{"uv":[8,7,9,8],"rotation":180,"texture":"#1"}}},{"from":[13.6,15.51807,-3.46898],"to":[14.5,16.41807,-2.56898],"rotation":{"angle":22.5,"axis":"x","origin":[21.6,9.31807,-10.56898]},"faces":{"north":{"uv":[7,8,8,9],"rotation":180,"texture":"#1"},"east":{"uv":[7,8,8,9],"texture":"#1"},"south":{"uv":[7,8,8,9],"rotation":180,"texture":"#1"},"west":{"uv":[7,8,8,9],"texture":"#1"},"up":{"uv":[7,8,8,9],"rotation":180,"texture":"#1"},"down":{"uv":[7,8,8,9],"rotation":180,"texture":"#1"}}},{"from":[13.6,14.34217,-2.98191],"to":[14.5,15.24217,-2.08191],"rotation":{"angle":22.5,"axis":"x","origin":[21.6,8.14217,-10.08191]},"faces":{"north":{"uv":[6,9,7,10],"rotation":180,"texture":"#1"},"east":{"uv":[6,9,7,10],"texture":"#1"},"south":{"uv":[6,9,7,10],"rotation":180,"texture":"#1"},"west":{"uv":[6,9,7,10],"texture":"#1"},"up":{"uv":[6,9,7,10],"rotation":180,"texture":"#1"},"down":{"uv":[6,9,7,10],"rotation":180,"texture":"#1"}}},{"from":[13.6,21.74202,-6.73586],"to":[14.5,22.64202,-5.83586],"rotation":{"angle":22.5,"axis":"x","origin":[21.6,15.54202,-13.83586]},"faces":{"north":{"uv":[12,2,13,3],"rotation":180,"texture":"#1"},"east":{"uv":[12,2,13,3],"texture":"#1"},"south":{"uv":[12,2,13,3],"rotation":180,"texture":"#1"},"west":{"uv":[12,2,13,3],"texture":"#1"},"up":{"uv":[12,2,13,3],"rotation":180,"texture":"#1"},"down":{"uv":[12,2,13,3],"rotation":180,"texture":"#1"}}},{"from":[13.6,20.56611,-6.24878],"to":[14.5,21.46611,-5.34878],"rotation":{"angle":22.5,"axis":"x","origin":[21.6,14.36611,-13.34878]},"faces":{"north":{"uv":[11,3,12,4],"rotation":180,"texture":"#1"},"east":{"uv":[11,3,12,4],"texture":"#1"},"south":{"uv":[11,3,12,4],"rotation":180,"texture":"#1"},"west":{"uv":[11,3,12,4],"texture":"#1"},"up":{"uv":[11,3,12,4],"rotation":180,"texture":"#1"},"down":{"uv":[11,3,12,4],"rotation":180,"texture":"#1"}}},{"from":[13.6,15.86249,-4.30048],"to":[14.5,16.76249,-3.40048],"rotation":{"angle":22.5,"axis":"x","origin":[21.6,9.66249,-11.40048]},"faces":{"north":{"uv":[7,7,8,8],"rotation":180,"texture":"#1"},"east":{"uv":[7,7,8,8],"texture":"#1"},"south":{"uv":[7,7,8,8],"rotation":180,"texture":"#1"},"west":{"uv":[7,7,8,8],"texture":"#1"},"up":{"uv":[7,7,8,8],"rotation":180,"texture":"#1"},"down":{"uv":[7,7,8,8],"rotation":180,"texture":"#1"}}},{"from":[13.6,19.39021,-5.76171],"to":[14.5,20.29021,-4.86171],"rotation":{"angle":22.5,"axis":"x","origin":[21.6,13.19021,-12.86171]},"faces":{"north":{"uv":[10,4,11,5],"rotation":180,"texture":"#1"},"east":{"uv":[10,4,11,5],"texture":"#1"},"south":{"uv":[10,4,11,5],"rotation":180,"texture":"#1"},"west":{"uv":[10,4,11,5],"texture":"#1"},"up":{"uv":[10,4,11,5],"rotation":180,"texture":"#1"},"down":{"uv":[10,4,11,5],"rotation":180,"texture":"#1"}}},{"from":[13.6,18.2143,-5.27463],"to":[14.5,19.1143,-4.37463],"rotation":{"angle":22.5,"axis":"x","origin":[21.6,12.0143,-12.37463]},"faces":{"north":{"uv":[9,5,10,6],"rotation":180,"texture":"#1"},"east":{"uv":[9,5,10,6],"texture":"#1"},"south":{"uv":[9,5,10,6],"rotation":180,"texture":"#1"},"west":{"uv":[9,5,10,6],"texture":"#1"},"up":{"uv":[9,5,10,6],"rotation":180,"texture":"#1"},"down":{"uv":[9,5,10,6],"rotation":180,"texture":"#1"}}},{"from":[13.6,17.03839,-4.78755],"to":[14.5,17.93839,-3.88755],"rotation":{"angle":22.5,"axis":"x","origin":[21.6,10.83839,-11.88755]},"faces":{"north":{"uv":[8,6,9,7],"rotation":180,"texture":"#1"},"east":{"uv":[8,6,9,7],"texture":"#1"},"south":{"uv":[8,6,9,7],"rotation":180,"texture":"#1"},"west":{"uv":[8,6,9,7],"texture":"#1"},"up":{"uv":[8,6,9,7],"rotation":180,"texture":"#1"},"down":{"uv":[8,6,9,7],"rotation":180,"texture":"#1"}}},{"from":[13.6,14.68658,-3.8134],"to":[14.5,15.58658,-2.9134],"rotation":{"angle":22.5,"axis":"x","origin":[21.6,8.48658,-10.9134]},"faces":{"north":{"uv":[6,8,7,9],"rotation":180,"texture":"#1"},"east":{"uv":[6,8,7,9],"texture":"#1"},"south":{"uv":[6,8,7,9],"rotation":180,"texture":"#1"},"west":{"uv":[6,8,7,9],"texture":"#1"},"up":{"uv":[6,8,7,9],"rotation":180,"texture":"#1"},"down":{"uv":[6,8,7,9],"rotation":180,"texture":"#1"}}},{"from":[13.6,13.99775,-2.15042],"to":[14.5,14.89775,-1.25042],"rotation":{"angle":22.5,"axis":"x","origin":[21.6,7.79775,-9.25042]},"faces":{"north":{"uv":[6,10,7,11],"rotation":180,"texture":"#1"},"east":{"uv":[6,10,7,11],"texture":"#1"},"south":{"uv":[6,10,7,11],"rotation":180,"texture":"#1"},"west":{"uv":[6,10,7,11],"texture":"#1"},"up":{"uv":[6,10,7,11],"rotation":180,"texture":"#1"},"down":{"uv":[6,10,7,11],"rotation":180,"texture":"#1"}}},{"from":[13.6,14.48483,-0.97451],"to":[14.5,15.38483,-0.07451],"rotation":{"angle":22.5,"axis":"x","origin":[21.6,8.28483,-8.07451]},"faces":{"north":{"uv":[7,11,8,12],"rotation":180,"texture":"#1"},"east":{"uv":[7,11,8,12],"texture":"#1"},"south":{"uv":[7,11,8,12],"rotation":180,"texture":"#1"},"west":{"uv":[7,11,8,12],"texture":"#1"},"up":{"uv":[7,11,8,12],"rotation":180,"texture":"#1"},"down":{"uv":[7,11,8,12],"rotation":180,"texture":"#1"}}},{"from":[13.6,13.65334,-1.31892],"to":[14.5,14.55334,-0.41892],"rotation":{"angle":22.5,"axis":"x","origin":[21.6,7.45334,-8.41892]},"faces":{"north":{"uv":[6,11,7,12],"rotation":180,"texture":"#1"},"east":{"uv":[6,11,7,12],"texture":"#1"},"south":{"uv":[6,11,7,12],"rotation":180,"texture":"#1"},"west":{"uv":[6,11,7,12],"texture":"#1"},"up":{"uv":[6,11,7,12],"rotation":180,"texture":"#1"},"down":{"uv":[6,11,7,12],"rotation":180,"texture":"#1"}}},{"from":[13.6,15.31632,-0.63009],"to":[14.5,16.21632,0.26991],"rotation":{"angle":22.5,"axis":"x","origin":[21.6,9.11632,-7.73009]},"faces":{"north":{"uv":[8,11,9,12],"rotation":180,"texture":"#1"},"east":{"uv":[8,11,9,12],"texture":"#1"},"south":{"uv":[8,11,9,12],"rotation":180,"texture":"#1"},"west":{"uv":[8,11,9,12],"texture":"#1"},"up":{"uv":[8,11,9,12],"rotation":180,"texture":"#1"},"down":{"uv":[8,11,9,12],"rotation":180,"texture":"#1"}}},{"from":[13.6,14.9719,0.2014],"to":[14.5,15.8719,1.1014],"rotation":{"angle":22.5,"axis":"x","origin":[21.6,8.7719,-6.8986]},"faces":{"north":{"uv":[8,12,9,13],"rotation":180,"texture":"#1"},"east":{"uv":[8,12,9,13],"texture":"#1"},"south":{"uv":[8,12,9,13],"rotation":180,"texture":"#1"},"west":{"uv":[8,12,9,13],"texture":"#1"},"up":{"uv":[8,12,9,13],"rotation":180,"texture":"#1"},"down":{"uv":[8,12,9,13],"rotation":180,"texture":"#1"}}},{"from":[13.6,15.8034,0.54581],"to":[14.5,16.7034,1.44581],"rotation":{"angle":22.5,"axis":"x","origin":[21.6,9.6034,-6.55419]},"faces":{"north":{"uv":[9,12,10,13],"rotation":180,"texture":"#1"},"east":{"uv":[9,12,10,13],"texture":"#1"},"south":{"uv":[9,12,10,13],"rotation":180,"texture":"#1"},"west":{"uv":[9,12,10,13],"texture":"#1"},"up":{"uv":[9,12,10,13],"rotation":180,"texture":"#1"},"down":{"uv":[9,12,10,13],"rotation":180,"texture":"#1"}}},{"from":[13.6,15.45898,1.3773],"to":[14.5,16.35898,2.2773],"rotation":{"angle":22.5,"axis":"x","origin":[21.6,9.25898,-5.7227]},"faces":{"north":{"uv":[9,13,10,14],"rotation":180,"texture":"#1"},"east":{"uv":[9,13,10,14],"texture":"#1"},"south":{"uv":[9,13,10,14],"rotation":180,"texture":"#1"},"west":{"uv":[9,13,10,14],"texture":"#1"},"up":{"uv":[9,13,10,14],"rotation":180,"texture":"#1"},"down":{"uv":[9,13,10,14],"rotation":180,"texture":"#1"}}},{"from":[13.6,14.62749,1.03289],"to":[14.5,15.52749,1.93289],"rotation":{"angle":22.5,"axis":"x","origin":[21.6,8.42749,-6.06711]},"faces":{"north":{"uv":[8,13,9,14],"rotation":180,"texture":"#1"},"east":{"uv":[8,13,9,14],"texture":"#1"},"south":{"uv":[8,13,9,14],"rotation":180,"texture":"#1"},"west":{"uv":[8,13,9,14],"texture":"#1"},"up":{"uv":[8,13,9,14],"rotation":180,"texture":"#1"},"down":{"uv":[8,13,9,14],"rotation":180,"texture":"#1"}}},{"from":[13.6,14.14041,-0.14302],"to":[14.5,15.04041,0.75698],"rotation":{"angle":22.5,"axis":"x","origin":[21.6,7.94041,-7.24302]},"faces":{"north":{"uv":[7,12,8,13],"rotation":180,"texture":"#1"},"east":{"uv":[7,12,8,13],"texture":"#1"},"south":{"uv":[7,12,8,13],"rotation":180,"texture":"#1"},"west":{"uv":[7,12,8,13],"texture":"#1"},"up":{"uv":[7,12,8,13],"rotation":180,"texture":"#1"},"down":{"uv":[7,12,8,13],"rotation":180,"texture":"#1"}}},{"from":[13.6,13.30892,-0.48743],"to":[14.5,14.20892,0.41257],"rotation":{"angle":22.5,"axis":"x","origin":[21.6,7.10892,-7.58743]},"faces":{"north":{"uv":[6,12,7,13],"rotation":180,"texture":"#1"},"east":{"uv":[6,12,7,13],"texture":"#1"},"south":{"uv":[6,12,7,13],"rotation":180,"texture":"#1"},"west":{"uv":[6,12,7,13],"texture":"#1"},"up":{"uv":[6,12,7,13],"rotation":180,"texture":"#1"},"down":{"uv":[6,12,7,13],"rotation":180,"texture":"#1"}}},{"from":[13.6,12.82184,-1.66334],"to":[14.5,13.72184,-0.76334],"rotation":{"angle":22.5,"axis":"x","origin":[21.6,6.62184,-8.76334]},"faces":{"north":{"uv":[5,11,6,12],"rotation":180,"texture":"#1"},"east":{"uv":[5,11,6,12],"texture":"#1"},"south":{"uv":[5,11,6,12],"rotation":180,"texture":"#1"},"west":{"uv":[5,11,6,12],"texture":"#1"},"up":{"uv":[5,11,6,12],"rotation":180,"texture":"#1"},"down":{"uv":[5,11,6,12],"rotation":180,"texture":"#1"}}},{"from":[13.6,13.85509,-4.15781],"to":[14.5,14.75509,-3.25781],"rotation":{"angle":22.5,"axis":"x","origin":[21.6,7.65509,-11.25781]},"faces":{"north":{"uv":[5,8,6,9],"rotation":180,"texture":"#1"},"east":{"uv":[5,8,6,9],"texture":"#1"},"south":{"uv":[5,8,6,9],"rotation":180,"texture":"#1"},"west":{"uv":[5,8,6,9],"texture":"#1"},"up":{"uv":[5,8,6,9],"rotation":180,"texture":"#1"},"down":{"uv":[5,8,6,9],"rotation":180,"texture":"#1"}}},{"from":[13.6,12.88094,-6.50963],"to":[14.5,13.78094,-5.60963],"rotation":{"angle":22.5,"axis":"x","origin":[21.6,6.68094,-13.60963]},"faces":{"north":{"uv":[3,6,4,7],"rotation":180,"texture":"#1"},"east":{"uv":[3,6,4,7],"texture":"#1"},"south":{"uv":[3,7,4,8],"rotation":180,"texture":"#1"},"west":{"uv":[3,6,4,7],"texture":"#1"},"up":{"uv":[3,6,4,7],"rotation":180,"texture":"#1"},"down":{"uv":[3,6,4,7],"rotation":180,"texture":"#1"}}},{"from":[13.6,13.51067,-3.32632],"to":[14.5,14.41067,-2.42632],"rotation":{"angle":22.5,"axis":"x","origin":[21.6,7.31067,-10.42632]},"faces":{"north":{"uv":[5,9,6,10],"rotation":180,"texture":"#1"},"east":{"uv":[5,9,6,10],"texture":"#1"},"south":{"uv":[5,9,6,10],"rotation":180,"texture":"#1"},"west":{"uv":[5,9,6,10],"texture":"#1"},"up":{"uv":[5,9,6,10],"rotation":180,"texture":"#1"},"down":{"uv":[5,9,6,10],"rotation":180,"texture":"#1"}}},{"from":[13.6,12.67918,-3.67074],"to":[14.5,13.57918,-2.77074],"rotation":{"angle":22.5,"axis":"x","origin":[21.6,6.47918,-10.77074]},"faces":{"north":{"uv":[4,9,5,10],"rotation":180,"texture":"#1"},"east":{"uv":[4,9,5,10],"texture":"#1"},"south":{"uv":[4,9,5,10],"rotation":180,"texture":"#1"},"west":{"uv":[4,9,5,10],"texture":"#1"},"up":{"uv":[4,9,5,10],"rotation":180,"texture":"#1"},"down":{"uv":[4,9,5,10],"rotation":180,"texture":"#1"}}},{"from":[13.6,13.0236,-4.50223],"to":[14.5,13.9236,-3.60223],"rotation":{"angle":22.5,"axis":"x","origin":[21.6,6.8236,-11.60223]},"faces":{"north":{"uv":[4,8,5,9],"rotation":180,"texture":"#1"},"east":{"uv":[4,8,5,9],"texture":"#1"},"south":{"uv":[4,8,5,9],"rotation":180,"texture":"#1"},"west":{"uv":[4,8,5,9],"texture":"#1"},"up":{"uv":[4,8,5,9],"rotation":180,"texture":"#1"},"down":{"uv":[4,8,5,9],"rotation":180,"texture":"#1"}}},{"from":[13.6,12.53652,-5.67814],"to":[14.5,13.43652,-4.77814],"rotation":{"angle":22.5,"axis":"x","origin":[21.6,6.33652,-12.77814]},"faces":{"north":{"uv":[3,7,4,8],"rotation":180,"texture":"#1"},"east":{"uv":[3,7,4,8],"texture":"#1"},"south":{"uv":[3,7,4,8],"rotation":180,"texture":"#1"},"west":{"uv":[3,7,4,8],"texture":"#1"},"up":{"uv":[3,7,4,8],"rotation":180,"texture":"#1"},"down":{"uv":[3,7,4,8],"rotation":180,"texture":"#1"}}},{"from":[13.6,12.04944,-6.85404],"to":[14.5,12.94944,-5.95404],"rotation":{"angle":22.5,"axis":"x","origin":[21.6,5.84944,-13.95404]},"faces":{"north":{"uv":[2,6,3,7],"rotation":180,"texture":"#1"},"east":{"uv":[2,6,3,7],"texture":"#1"},"south":{"uv":[2,6,3,7],"rotation":180,"texture":"#1"},"west":{"uv":[2,6,3,7],"texture":"#1"},"up":{"uv":[2,6,3,7],"rotation":180,"texture":"#1"},"down":{"uv":[2,6,3,7],"rotation":180,"texture":"#1"}}},{"from":[13.6,11.70503,-6.02255],"to":[14.5,12.60503,-5.12255],"rotation":{"angle":22.5,"axis":"x","origin":[21.6,5.50503,-13.12255]},"faces":{"north":{"uv":[2,7,3,8],"rotation":180,"texture":"#1"},"east":{"uv":[2,7,3,8],"texture":"#1"},"south":{"uv":[2,7,3,8],"rotation":180,"texture":"#1"},"west":{"uv":[2,7,3,8],"texture":"#1"},"up":{"uv":[2,7,3,8],"rotation":180,"texture":"#1"},"down":{"uv":[2,7,3,8],"rotation":180,"texture":"#1"}}},{"from":[13.6,12.19211,-4.84664],"to":[14.5,13.09211,-3.94664],"rotation":{"angle":22.5,"axis":"x","origin":[21.6,5.99211,-11.94664]},"faces":{"north":{"uv":[3,8,4,9],"rotation":180,"texture":"#1"},"east":{"uv":[3,8,4,9],"texture":"#1"},"south":{"uv":[3,8,4,9],"rotation":180,"texture":"#1"},"west":{"uv":[3,8,4,9],"texture":"#1"},"up":{"uv":[3,8,4,9],"rotation":180,"texture":"#1"},"down":{"uv":[3,8,4,9],"rotation":180,"texture":"#1"}}},{"from":[13.6,11.84769,-4.01515],"to":[14.5,12.74769,-3.11515],"rotation":{"angle":22.5,"axis":"x","origin":[21.6,5.64769,-11.11515]},"faces":{"north":{"uv":[3,9,4,10],"rotation":180,"texture":"#1"},"east":{"uv":[3,9,4,10],"texture":"#1"},"south":{"uv":[3,9,4,10],"rotation":180,"texture":"#1"},"west":{"uv":[3,9,4,10],"texture":"#1"},"up":{"uv":[3,9,4,10],"rotation":180,"texture":"#1"},"down":{"uv":[3,9,4,10],"rotation":180,"texture":"#1"}}},{"from":[13.6,12.33477,-2.83925],"to":[14.5,13.23477,-1.93925],"rotation":{"angle":22.5,"axis":"x","origin":[21.6,6.13477,-9.93925]},"faces":{"north":{"uv":[4,10,5,11],"rotation":180,"texture":"#1"},"east":{"uv":[4,10,5,11],"texture":"#1"},"south":{"uv":[4,10,5,11],"rotation":180,"texture":"#1"},"west":{"uv":[4,10,5,11],"texture":"#1"},"up":{"uv":[4,10,5,11],"rotation":180,"texture":"#1"},"down":{"uv":[4,10,5,11],"rotation":180,"texture":"#1"}}},{"from":[13.6,13.16626,-2.49483],"to":[14.5,14.06626,-1.59483],"rotation":{"angle":22.5,"axis":"x","origin":[21.6,6.96626,-9.59483]},"faces":{"north":{"uv":[5,10,6,11],"rotation":180,"texture":"#1"},"east":{"uv":[5,10,6,11],"texture":"#1"},"south":{"uv":[5,10,6,11],"rotation":180,"texture":"#1"},"west":{"uv":[5,10,6,11],"texture":"#1"},"up":{"uv":[5,10,6,11],"rotation":180,"texture":"#1"},"down":{"uv":[5,10,6,11],"rotation":180,"texture":"#1"}}},{"from":[13.6,11.15886,-2.35217],"to":[14.5,12.05886,-1.45217],"rotation":{"angle":22.5,"axis":"x","origin":[21.6,4.95886,-9.45217]},"faces":{"north":{"uv":[3,11,4,12],"rotation":180,"texture":"#1"},"east":{"uv":[3,11,4,12],"texture":"#1"},"south":{"uv":[3,11,4,12],"rotation":180,"texture":"#1"},"west":{"uv":[3,11,4,12],"texture":"#1"},"up":{"uv":[3,11,4,12],"rotation":180,"texture":"#1"},"down":{"uv":[3,11,4,12],"rotation":180,"texture":"#1"}}},{"from":[13.6,9.98295,-1.86509],"to":[14.5,10.88295,-0.96509],"rotation":{"angle":22.5,"axis":"x","origin":[21.6,3.78295,-8.96509]},"faces":{"north":{"uv":[2,12,3,13],"rotation":180,"texture":"#1"},"east":{"uv":[2,12,3,13],"texture":"#1"},"south":{"uv":[2,12,3,13],"rotation":180,"texture":"#1"},"west":{"uv":[2,12,3,13],"texture":"#1"},"up":{"uv":[2,12,3,13],"rotation":180,"texture":"#1"},"down":{"uv":[2,12,3,13],"rotation":180,"texture":"#1"}}},{"from":[13.6,11.64594,-1.17626],"to":[14.5,12.54594,-0.27626],"rotation":{"angle":22.5,"axis":"x","origin":[21.6,5.44594,-8.27626]},"faces":{"north":{"uv":[4,12,5,13],"rotation":180,"texture":"#1"},"east":{"uv":[4,12,5,13],"texture":"#1"},"south":{"uv":[4,12,5,13],"rotation":180,"texture":"#1"},"west":{"uv":[4,12,5,13],"texture":"#1"},"up":{"uv":[4,12,5,13],"rotation":180,"texture":"#1"},"down":{"uv":[4,12,5,13],"rotation":180,"texture":"#1"}}},{"from":[13.6,10.47003,-0.68919],"to":[14.5,11.37003,0.21081],"rotation":{"angle":22.5,"axis":"x","origin":[21.6,4.27003,-7.78919]},"faces":{"north":{"uv":[3,13,4,14],"rotation":180,"texture":"#1"},"east":{"uv":[3,13,4,14],"texture":"#1"},"south":{"uv":[3,13,4,14],"rotation":180,"texture":"#1"},"west":{"uv":[3,13,4,14],"texture":"#1"},"up":{"uv":[3,13,4,14],"rotation":180,"texture":"#1"},"down":{"uv":[3,13,4,14],"rotation":180,"texture":"#1"}}},{"from":[13.6,9.63854,-1.0336],"to":[14.5,10.53854,-0.1336],"rotation":{"angle":22.5,"axis":"x","origin":[21.6,3.43854,-8.1336]},"faces":{"north":{"uv":[2,13,3,14],"rotation":180,"texture":"#1"},"east":{"uv":[2,13,3,14],"texture":"#1"},"south":{"uv":[2,13,3,14],"rotation":180,"texture":"#1"},"west":{"uv":[2,13,3,14],"texture":"#1"},"up":{"uv":[2,13,3,14],"rotation":180,"texture":"#1"},"down":{"uv":[2,13,3,14],"rotation":180,"texture":"#1"}}},{"from":[13.6,10.81445,-1.52068],"to":[14.5,11.71445,-0.62068],"rotation":{"angle":22.5,"axis":"x","origin":[21.6,4.61445,-8.62068]},"faces":{"north":{"uv":[3,12,4,13],"rotation":180,"texture":"#1"},"east":{"uv":[3,12,4,13],"texture":"#1"},"south":{"uv":[3,12,4,13],"rotation":180,"texture":"#1"},"west":{"uv":[3,12,4,13],"texture":"#1"},"up":{"uv":[3,12,4,13],"rotation":180,"texture":"#1"},"down":{"uv":[3,12,4,13],"rotation":180,"texture":"#1"}}},{"from":[13.6,11.99035,-2.00775],"to":[14.5,12.89035,-1.10775],"rotation":{"angle":22.5,"axis":"x","origin":[21.6,5.79035,-9.10775]},"faces":{"north":{"uv":[4,11,5,12],"rotation":180,"texture":"#1"},"east":{"uv":[4,11,5,12],"texture":"#1"},"south":{"uv":[4,11,5,12],"rotation":180,"texture":"#1"},"west":{"uv":[4,11,5,12],"texture":"#1"},"up":{"uv":[4,11,5,12],"rotation":180,"texture":"#1"},"down":{"uv":[4,11,5,12],"rotation":180,"texture":"#1"}}},{"from":[13.6,8.46263,-0.54653],"to":[14.5,9.36263,0.35347],"rotation":{"angle":22.5,"axis":"x","origin":[21.6,2.26263,-7.64653]},"faces":{"north":{"uv":[1,14,2,15],"rotation":180,"texture":"#1"},"east":{"uv":[1,14,2,15],"texture":"#1"},"south":{"uv":[1,14,2,15],"rotation":180,"texture":"#1"},"west":{"uv":[1,14,2,15],"texture":"#1"},"up":{"uv":[1,14,2,15],"rotation":180,"texture":"#1"},"down":{"uv":[1,14,2,15],"rotation":180,"texture":"#1"}}},{"from":[13.6,9.29412,-0.20211],"to":[14.5,10.19412,0.69789],"rotation":{"angle":22.5,"axis":"x","origin":[21.6,3.09412,-7.30211]},"faces":{"north":{"uv":[2,14,3,15],"rotation":180,"texture":"#1"},"east":{"uv":[2,14,3,15],"texture":"#1"},"south":{"uv":[2,14,3,15],"rotation":180,"texture":"#1"},"west":{"uv":[2,14,3,15],"texture":"#1"},"up":{"uv":[2,14,3,15],"rotation":180,"texture":"#1"},"down":{"uv":[2,14,3,15],"rotation":180,"texture":"#1"}}},{"from":[13.6,8.94971,0.62938],"to":[14.5,9.84971,1.52938],"rotation":{"angle":22.5,"axis":"x","origin":[21.6,2.74971,-6.47062]},"faces":{"north":{"uv":[2,15,3,16],"rotation":180,"texture":"#1"},"east":{"uv":[2,15,3,16],"texture":"#1"},"south":{"uv":[2,15,3,16],"rotation":180,"texture":"#1"},"west":{"uv":[2,15,3,16],"texture":"#1"},"up":{"uv":[2,15,3,16],"rotation":180,"texture":"#1"},"down":{"uv":[2,15,3,16],"rotation":180,"texture":"#1"}}},{"from":[13.6,8.11822,0.28497],"to":[14.5,9.01822,1.18497],"rotation":{"angle":22.5,"axis":"x","origin":[21.6,1.91822,-6.81503]},"faces":{"north":{"uv":[1,15,2,16],"rotation":180,"texture":"#1"},"east":{"uv":[1,15,2,16],"texture":"#1"},"south":{"uv":[1,15,2,16],"rotation":180,"texture":"#1"},"west":{"uv":[1,15,2,16],"texture":"#1"},"up":{"uv":[1,15,2,16],"rotation":180,"texture":"#1"},"down":{"uv":[1,15,2,16],"rotation":180,"texture":"#1"}}},{"from":[13.6,7.28673,-0.05945],"to":[14.5,8.18673,0.84055],"rotation":{"angle":22.5,"axis":"x","origin":[21.6,1.08673,-7.15945]},"faces":{"north":{"uv":[0,15,1,16],"rotation":180,"texture":"#1"},"east":{"uv":[0,15,1,16],"texture":"#1"},"south":{"uv":[0,15,1,16],"rotation":180,"texture":"#1"},"west":{"uv":[0,15,1,16],"texture":"#1"},"up":{"uv":[0,15,1,16],"rotation":180,"texture":"#1"},"down":{"uv":[0,15,1,16],"rotation":180,"texture":"#1"}}},{"from":[13.6,7.63114,-0.89094],"to":[14.5,8.53114,0.00906],"rotation":{"angle":22.5,"axis":"x","origin":[21.6,1.43114,-7.99094]},"faces":{"north":{"uv":[0,14,1,15],"rotation":180,"texture":"#1"},"east":{"uv":[0,14,1,15],"texture":"#1"},"south":{"uv":[0,14,1,15],"rotation":180,"texture":"#1"},"west":{"uv":[0,14,1,15],"texture":"#1"},"up":{"uv":[0,14,1,15],"rotation":180,"texture":"#1"},"down":{"uv":[0,14,1,15],"rotation":180,"texture":"#1"}}},{"from":[13.6,7.97556,-1.72243],"to":[14.5,8.87556,-0.82243],"rotation":{"angle":22.5,"axis":"x","origin":[21.6,1.77556,-8.82243]},"faces":{"north":{"uv":[0,13,1,14],"rotation":180,"texture":"#1"},"east":{"uv":[0,13,1,14],"texture":"#1"},"south":{"uv":[0,13,1,14],"rotation":180,"texture":"#1"},"west":{"uv":[0,13,1,14],"texture":"#1"},"up":{"uv":[0,13,1,14],"rotation":180,"texture":"#1"},"down":{"uv":[0,13,1,14],"rotation":180,"texture":"#1"}}},{"from":[13.6,8.80705,-1.37802],"to":[14.5,9.70705,-0.47802],"rotation":{"angle":22.5,"axis":"x","origin":[21.6,2.60705,-8.47802]},"faces":{"north":{"uv":[1,13,2,14],"rotation":180,"texture":"#1"},"east":{"uv":[1,13,2,14],"texture":"#1"},"south":{"uv":[1,13,2,14],"rotation":180,"texture":"#1"},"west":{"uv":[1,13,2,14],"texture":"#1"},"up":{"uv":[1,13,2,14],"rotation":180,"texture":"#1"},"down":{"uv":[1,13,2,14],"rotation":180,"texture":"#1"}}}],"display":{"thirdperson_righthand":{"rotation":[50,50,0],"translation":[0,3.5,3.5],"scale":[0.3,0.3,0.3]},"thirdperson_lefthand":{"rotation":[50,50,0],"translation":[0,3.5,3.5],"scale":[0.3,0.3,0.3]},"firstperson_righthand":{"rotation":[10,115,-10],"translation":[2,5,0],"scale":[0.3,0.3,0.3]},"firstperson_lefthand":{"rotation":[10,115,-10],"translation":[2,5,0],"scale":[0.3,0.3,0.3]},"ground":{"translation":[0,6,0],"scale":[0.3,0.3,0.3]},"gui":{"rotation":[20,135,0],"translation":[0.5,2.5,0],"scale":[0.43,0.43,0.43]},"head":{"translation":[0,17.9,0],"scale":[0.5,0.5,0.5]},"fixed":{"rotation":[-90,0,0],"translation":[0,-2,-23]}}}