{"credit":"Made by Vega_Senpai","textures":{"1":"item/zombie_villager_spawn_egg","2":"item/zombie_villager_spawn_egg2"},"elements":[{"name":"leg1","from":[7.99,-14.01,5.99],"to":[12.01,-1.99,10.01],"rotation":{"angle":0,"axis":"y","origin":[16,-6,16]},"faces":{"north":{"uv":[1,6.5,2,9.5],"texture":"#2"},"east":{"uv":[0,6.5,1,9.5],"texture":"#2"},"south":{"uv":[3,6.5,4,9.5],"texture":"#2"},"west":{"uv":[2,6.5,3,9.5],"texture":"#2"},"up":{"uv":[2,6.5,1,5.5],"texture":"#2"},"down":{"uv":[3,5.5,2,6.5],"texture":"#2"}}},{"name":"leg2","from":[8,-14,6],"to":[12,-2,10],"rotation":{"angle":0,"axis":"y","origin":[16,-6,16]},"faces":{"north":{"uv":[1,6.5,2,9.5],"texture":"#1"},"east":{"uv":[0,6.5,1,9.5],"texture":"#1"},"south":{"uv":[3,6.5,4,9.5],"texture":"#1"},"west":{"uv":[2,6.5,3,9.5],"texture":"#1"},"up":{"uv":[2,6.5,1,5.5],"texture":"#1"},"down":{"uv":[3,5.5,2,6.5],"texture":"#1"}}},{"name":"leg2","from":[8,-14,6],"to":[12,-2,10],"rotation":{"angle":0,"axis":"y","origin":[16,-6,16]},"faces":{"north":{"uv":[1,6.5,2,9.5],"texture":"#2"},"east":{"uv":[0,6.5,1,9.5],"texture":"#2"},"south":{"uv":[3,6.5,4,9.5],"texture":"#2"},"west":{"uv":[2,6.5,3,9.5],"texture":"#2"},"up":{"uv":[2,6.5,1,5.5],"texture":"#2"},"down":{"uv":[3,5.5,2,6.5],"texture":"#2"}}},{"name":"leg3","from":[8,-14,6],"to":[12,-2,10],"rotation":{"angle":0,"axis":"y","origin":[16,-6,16]},"faces":{"north":{"uv":[1,6.5,2,9.5],"texture":"#1"},"east":{"uv":[0,6.5,1,9.5],"texture":"#1"},"south":{"uv":[3,6.5,4,9.5],"texture":"#1"},"west":{"uv":[2,6.5,3,9.5],"texture":"#1"},"up":{"uv":[2,6.5,1,5.5],"texture":"#1"},"down":{"uv":[3,5.5,2,6.5],"texture":"#1"}}},{"name":"leg0","from":[3.99,-14.01,5.99],"to":[8.01,-1.99,10.01],"shade":false,"rotation":{"angle":0,"axis":"y","origin":[16,-6,16]},"faces":{"north":{"uv":[2,6.5,1,9.5],"texture":"#2"},"east":{"uv":[3,6.5,2,9.5],"texture":"#2"},"south":{"uv":[4,6.5,3,9.5],"texture":"#2"},"west":{"uv":[1,6.5,0,9.5],"texture":"#2"},"up":{"uv":[1,6.5,2,5.5],"texture":"#2"},"down":{"uv":[2,5.5,3,6.5],"texture":"#2"}}},{"name":"leg1","from":[4,-14,6],"to":[8,-2,10],"shade":false,"rotation":{"angle":0,"axis":"y","origin":[16,-6,16]},"faces":{"north":{"uv":[2,6.5,1,9.5],"texture":"#1"},"east":{"uv":[3,6.5,2,9.5],"texture":"#1"},"south":{"uv":[4,6.5,3,9.5],"texture":"#1"},"west":{"uv":[1,6.5,0,9.5],"texture":"#1"},"up":{"uv":[1,6.5,2,5.5],"texture":"#1"},"down":{"uv":[2,5.5,3,6.5],"texture":"#1"}}},{"name":"leg1","from":[4,-14,6],"to":[8,-2,10],"shade":false,"rotation":{"angle":0,"axis":"y","origin":[16,-6,16]},"faces":{"north":{"uv":[2,6.5,1,9.5],"texture":"#2"},"east":{"uv":[3,6.5,2,9.5],"texture":"#2"},"south":{"uv":[4,6.5,3,9.5],"texture":"#2"},"west":{"uv":[1,6.5,0,9.5],"texture":"#2"},"up":{"uv":[1,6.5,2,5.5],"texture":"#2"},"down":{"uv":[2,5.5,3,6.5],"texture":"#2"}}},{"name":"leg2","from":[4,-14,6],"to":[8,-2,10],"shade":false,"rotation":{"angle":0,"axis":"y","origin":[16,-6,16]},"faces":{"north":{"uv":[2,6.5,1,9.5],"texture":"#1"},"east":{"uv":[3,6.5,2,9.5],"texture":"#1"},"south":{"uv":[4,6.5,3,9.5],"texture":"#1"},"west":{"uv":[1,6.5,0,9.5],"texture":"#1"},"up":{"uv":[1,6.5,2,5.5],"texture":"#1"},"down":{"uv":[2,5.5,3,6.5],"texture":"#1"}}},{"name":"body","from":[3.99,-2.01,4.99],"to":[12.01,10.01,11.01],"shade":false,"rotation":{"angle":0,"axis":"y","origin":[0,-6,16]},"faces":{"north":{"uv":[5.5,6.5,7.5,9.5],"texture":"#2"},"east":{"uv":[4,6.5,5.5,9.5],"texture":"#2"},"south":{"uv":[9,6.5,11,9.5],"texture":"#2"},"west":{"uv":[7.5,6.5,9,9.5],"texture":"#2"},"up":{"uv":[7.5,6.5,5.5,5],"texture":"#2"},"down":{"uv":[9.5,5,7.5,6.5],"texture":"#2"}}},{"name":"body","from":[4,-2,5],"to":[12,10,11],"shade":false,"rotation":{"angle":0,"axis":"y","origin":[16,-6,16]},"faces":{"north":{"uv":[7.5,6.5,5.5,9.5],"texture":"#1"},"east":{"uv":[9,6.5,7.5,9.5],"texture":"#1"},"south":{"uv":[11,6.5,9,9.5],"texture":"#1"},"west":{"uv":[5.5,6.5,4,9.5],"texture":"#1"},"up":{"uv":[5.5,6.5,7.5,5],"texture":"#1"},"down":{"uv":[7.5,5,9.5,6.5],"texture":"#1"}}},{"name":"body","from":[4,-2,5],"to":[12,10,11],"shade":false,"rotation":{"angle":0,"axis":"y","origin":[16,-6,16]},"faces":{"north":{"uv":[7.5,6.5,5.5,9.5],"texture":"#2"},"east":{"uv":[9,6.5,7.5,9.5],"texture":"#2"},"south":{"uv":[11,6.5,9,9.5],"texture":"#2"},"west":{"uv":[5.5,6.5,4,9.5],"texture":"#2"},"up":{"uv":[5.5,6.5,7.5,5],"texture":"#2"},"down":{"uv":[7.5,5,9.5,6.5],"texture":"#2"}}},{"name":"body","from":[4,-2,5],"to":[12,10,11],"shade":false,"rotation":{"angle":0,"axis":"y","origin":[16,-6,16]},"faces":{"north":{"uv":[7.5,6.5,5.5,9.5],"texture":"#1"},"east":{"uv":[9,6.5,7.5,9.5],"texture":"#1"},"south":{"uv":[11,6.5,9,9.5],"texture":"#1"},"west":{"uv":[5.5,6.5,4,9.5],"texture":"#1"},"up":{"uv":[5.5,6.5,7.5,5],"texture":"#1"},"down":{"uv":[7.5,5,9.5,6.5],"texture":"#1"}}},{"name":"body","from":[3.5,-8.49,4.5],"to":[12.5,10.51,4.51],"shade":false,"rotation":{"angle":0,"axis":"y","origin":[0,-5.99,16]},"faces":{"north":{"uv":[1.5,11,3.5,15.5],"texture":"#2"},"east":{"uv":[1.5,11,1.25,15.5],"texture":"#2"},"south":{"uv":[3.5,11,1.5,15.5],"texture":"#2"},"west":{"uv":[3.5,11,3.75,15.5],"texture":"#2"},"up":{"uv":[3.5,11,1.5,9.5],"texture":"#2"},"down":{"uv":[5.5,9.5,3.5,11],"texture":"#2"}}},{"name":"body","from":[12.49,-8.49,4.5],"to":[12.5,10.51,11.5],"shade":false,"rotation":{"angle":0,"axis":"y","origin":[0,-5.99,16]},"faces":{"north":{"uv":[1.75,11,1.5,15.5],"texture":"#2"},"east":{"uv":[0,11,1.5,15.5],"texture":"#2"},"south":{"uv":[6.75,11,7,15.5],"texture":"#2"},"west":{"uv":[3.5,11,5,15.5],"texture":"#2"},"up":{"uv":[3.5,11,3.25,9.5],"texture":"#2"},"down":{"uv":[5.5,9.5,3.5,11],"texture":"#2"}}},{"name":"body","from":[3.5,-8.49,11.49],"to":[12.5,10.51,11.5],"shade":false,"rotation":{"angle":0,"axis":"y","origin":[0,-5.99,15.99]},"faces":{"north":{"uv":[5,11,7,15.5],"texture":"#2"},"east":{"uv":[0,11,1.5,15.5],"texture":"#2"},"south":{"uv":[5,11,7,15.5],"texture":"#2"},"west":{"uv":[3.5,11,5,15.5],"texture":"#2"},"up":{"uv":[3.5,9.75,1.5,9.5],"texture":"#2"},"down":{"uv":[5.5,9.5,3.5,11],"texture":"#2"}}},{"name":"body","from":[3.5,-8.49,4.5],"to":[3.51,10.51,11.5],"shade":false,"rotation":{"angle":0,"axis":"y","origin":[0.01,-5.99,16]},"faces":{"north":{"uv":[1.5,11,1.75,15.5],"texture":"#2"},"east":{"uv":[0,11,1.5,15.5],"texture":"#2"},"south":{"uv":[6.75,11,7,15.5],"texture":"#2"},"west":{"uv":[3.5,11,5,15.5],"texture":"#2"},"up":{"uv":[1.75,11,1.5,9.5],"texture":"#2"},"down":{"uv":[5.5,9.5,3.5,11],"texture":"#2"}}},{"name":"body","from":[3.5,10.5,4.5],"to":[12.5,10.51,11.5],"shade":false,"rotation":{"angle":0,"axis":"y","origin":[16,-6,16]},"faces":{"north":{"uv":[3.5,11,1.5,11.25],"texture":"#2"},"east":{"uv":[5,11,3.5,11.25],"texture":"#2"},"south":{"uv":[7,11,5,11.25],"texture":"#2"},"west":{"uv":[1.5,11,0,11.25],"texture":"#2"},"up":{"uv":[1.5,11,3.5,9.5],"texture":"#2"},"down":{"uv":[1.5,9.5,3.5,11],"texture":"#2"}}},{"name":"body","from":[3.5,10.5,4.5],"to":[12.5,10.51,11.5],"shade":false,"rotation":{"angle":0,"axis":"y","origin":[16,-6,16]},"faces":{"north":{"uv":[3.5,11,1.5,11.25],"texture":"#1"},"east":{"uv":[5,11,3.5,11.25],"texture":"#1"},"south":{"uv":[7,11,5,11.25],"texture":"#1"},"west":{"uv":[1.5,11,0,11.25],"texture":"#1"},"up":{"uv":[1.5,11,3.5,9.5],"texture":"#1"},"down":{"uv":[1.5,9.5,3.5,11],"texture":"#1"}}},{"name":"body","from":[3.5,10.5,4.5],"to":[12.5,10.51,11.5],"shade":false,"rotation":{"angle":0,"axis":"y","origin":[16,-6,16]},"faces":{"north":{"uv":[3.5,11,1.5,11.25],"texture":"#2"},"east":{"uv":[5,11,3.5,11.25],"texture":"#2"},"south":{"uv":[7,11,5,11.25],"texture":"#2"},"west":{"uv":[1.5,11,0,11.25],"texture":"#2"},"up":{"uv":[1.5,11,3.5,9.5],"texture":"#2"},"down":{"uv":[1.5,9.5,3.5,11],"texture":"#2"}}},{"name":"body","from":[3.5,10.5,4.5],"to":[12.5,10.51,11.5],"shade":false,"rotation":{"angle":0,"axis":"y","origin":[16,-6,16]},"faces":{"north":{"uv":[3.5,11,1.5,11.25],"texture":"#1"},"east":{"uv":[5,11,3.5,11.25],"texture":"#1"},"south":{"uv":[7,11,5,11.25],"texture":"#1"},"west":{"uv":[1.5,11,0,11.25],"texture":"#1"},"up":{"uv":[1.5,11,3.5,9.5],"texture":"#1"},"down":{"uv":[1.5,9.5,3.5,11],"texture":"#1"}}},{"name":"nose","from":[7,9,2],"to":[9,13,4],"shade":false,"rotation":{"angle":0,"axis":"y","origin":[16,-6,16]},"faces":{"north":{"uv":[7,0.5,6.5,1.5],"texture":"#1"},"east":{"uv":[7.5,0.5,7,1.5],"texture":"#1"},"south":{"uv":[8,0.5,7.5,1.5],"texture":"#1"},"west":{"uv":[6.5,0.5,6,1.5],"texture":"#1"},"up":{"uv":[6.5,0.5,7,0],"texture":"#1"},"down":{"uv":[7,0,7.5,0.5],"texture":"#1"}}},{"name":"head","from":[4,10,4],"to":[12,20,12],"shade":false,"rotation":{"angle":0,"axis":"y","origin":[0,-6,16]},"faces":{"north":{"uv":[2,2,4,4.5],"texture":"#1"},"east":{"uv":[0,2,2,4.5],"texture":"#1"},"south":{"uv":[6,2,8,4.5],"texture":"#1"},"west":{"uv":[4,2,6,4.5],"texture":"#1"},"up":{"uv":[4,2,2,0],"texture":"#1"},"down":{"uv":[6,0,4,2],"texture":"#1"}}},{"from":[-0.51,6.49,-1.51],"to":[3.51,10.51,10.51],"rotation":{"angle":0,"axis":"y","origin":[10.5,16.5,17.5]},"faces":{"north":{"uv":[13,5.5,14,6.5],"texture":"#2"},"east":{"uv":[13,9.5,14,6.5],"rotation":90,"texture":"#2"},"south":{"uv":[12,5.5,13,6.5],"texture":"#2"},"west":{"uv":[11,9.5,12,6.5],"rotation":270,"texture":"#2"},"up":{"uv":[12,9.5,13,6.5],"texture":"#2"},"down":{"uv":[14,9.5,15,6.5],"rotation":180,"texture":"#2"}}},{"from":[-0.5,6.5,-1.5],"to":[3.5,10.5,10.5],"rotation":{"angle":0,"axis":"y","origin":[10.5,16.5,17.5]},"faces":{"north":{"uv":[13,5.5,14,6.5],"texture":"#1"},"east":{"uv":[13,9.5,14,6.5],"rotation":90,"texture":"#1"},"south":{"uv":[12,5.5,13,6.5],"texture":"#1"},"west":{"uv":[11,9.5,12,6.5],"rotation":270,"texture":"#1"},"up":{"uv":[12,9.5,13,6.5],"texture":"#1"},"down":{"uv":[14,9.5,15,6.5],"rotation":180,"texture":"#1"}}},{"from":[-0.5,6.5,-1.5],"to":[3.5,10.5,10.5],"rotation":{"angle":0,"axis":"y","origin":[10.5,16.5,17.5]},"faces":{"north":{"uv":[13,5.5,14,6.5],"texture":"#2"},"east":{"uv":[13,9.5,14,6.5],"rotation":90,"texture":"#2"},"south":{"uv":[12,5.5,13,6.5],"texture":"#2"},"west":{"uv":[11,9.5,12,6.5],"rotation":270,"texture":"#2"},"up":{"uv":[12,9.5,13,6.5],"texture":"#2"},"down":{"uv":[14,9.5,15,6.5],"rotation":180,"texture":"#2"}}},{"from":[-0.5,6.5,-1.5],"to":[3.5,10.5,10.5],"rotation":{"angle":0,"axis":"y","origin":[10.5,16.5,17.5]},"faces":{"north":{"uv":[13,5.5,14,6.5],"texture":"#1"},"east":{"uv":[13,9.5,14,6.5],"rotation":90,"texture":"#1"},"south":{"uv":[12,5.5,13,6.5],"texture":"#1"},"west":{"uv":[11,9.5,12,6.5],"rotation":270,"texture":"#1"},"up":{"uv":[12,9.5,13,6.5],"texture":"#1"},"down":{"uv":[14,9.5,15,6.5],"rotation":180,"texture":"#1"}}},{"from":[12.49,6.49,-1.51],"to":[16.51,10.51,10.51],"rotation":{"angle":0,"axis":"y","origin":[5.5,16.5,17.5]},"faces":{"north":{"uv":[14,5.5,13,6.5],"texture":"#2"},"east":{"uv":[11,6.5,12,9.5],"rotation":270,"texture":"#2"},"south":{"uv":[13,5.5,12,6.5],"texture":"#2"},"west":{"uv":[13,6.5,14,9.5],"rotation":90,"texture":"#2"},"up":{"uv":[13,9.5,12,6.5],"texture":"#2"},"down":{"uv":[15,9.5,14,6.5],"rotation":180,"texture":"#2"}}},{"from":[12.5,6.5,-1.5],"to":[16.5,10.5,10.5],"rotation":{"angle":0,"axis":"y","origin":[5.5,16.5,17.5]},"faces":{"north":{"uv":[14,5.5,13,6.5],"texture":"#1"},"east":{"uv":[11,6.5,12,9.5],"rotation":270,"texture":"#1"},"south":{"uv":[13,5.5,12,6.5],"texture":"#1"},"west":{"uv":[13,6.5,14,9.5],"rotation":90,"texture":"#1"},"up":{"uv":[13,9.5,12,6.5],"texture":"#1"},"down":{"uv":[15,9.5,14,6.5],"rotation":180,"texture":"#1"}}},{"from":[12.5,6.5,-1.5],"to":[16.5,10.5,10.5],"rotation":{"angle":0,"axis":"y","origin":[5.5,16.5,17.5]},"faces":{"north":{"uv":[14,5.5,13,6.5],"texture":"#2"},"east":{"uv":[11,6.5,12,9.5],"rotation":270,"texture":"#2"},"south":{"uv":[13,5.5,12,6.5],"texture":"#2"},"west":{"uv":[13,6.5,14,9.5],"rotation":90,"texture":"#2"},"up":{"uv":[13,9.5,12,6.5],"texture":"#2"},"down":{"uv":[15,9.5,14,6.5],"rotation":180,"texture":"#2"}}},{"from":[12.5,6.5,-1.5],"to":[16.5,10.5,10.5],"rotation":{"angle":0,"axis":"y","origin":[5.5,16.5,17.5]},"faces":{"north":{"uv":[14,5.5,13,6.5],"texture":"#1"},"east":{"uv":[11,6.5,12,9.5],"rotation":270,"texture":"#1"},"south":{"uv":[13,5.5,12,6.5],"texture":"#1"},"west":{"uv":[13,6.5,14,9.5],"rotation":90,"texture":"#1"},"up":{"uv":[13,9.5,12,6.5],"texture":"#1"},"down":{"uv":[15,9.5,14,6.5],"rotation":180,"texture":"#1"}}}],"display":{"thirdperson_righthand":{"rotation":[50,50,0],"translation":[0,3.5,3.5],"scale":[0.3,0.3,0.3]},"thirdperson_lefthand":{"rotation":[50,50,0],"translation":[0,3.5,3.5],"scale":[0.3,0.3,0.3]},"firstperson_righthand":{"rotation":[10,115,-10],"translation":[2,5.5,0],"scale":[0.3,0.3,0.3]},"firstperson_lefthand":{"rotation":[10,115,-10],"translation":[2,5.5,0],"scale":[0.3,0.3,0.3]},"ground":{"translation":[0,6,0],"scale":[0.3,0.3,0.3]},"gui":{"rotation":[20,135,0],"translation":[0,2.25,0],"scale":[0.45,0.45,0.45]},"head":{"translation":[0,17.4,0],"scale":[0.5,0.5,0.5]},"fixed":{"rotation":[-90,0,0],"translation":[0,0,-22]}}}