{"credit":"Made with Blockbench","textures":{"0":"fantasy_weapons:item/azure_shortsword","particle":"fantasy_weapons:item/azure_shortsword"},"elements":[{"name":"azure_shortsword_0","from":[8.29821,11.625,8.01482],"to":[8.42321,12.5,8.26482],"rotation":{"angle":0,"axis":"y","origin":[7.93777,8.35952,8.13955]},"faces":{"north":{"uv":[8.375,4.375,8.5,3.5],"rotation":180,"texture":"#0"},"east":{"uv":[8.375,3.5,8.5,4.375],"texture":"#0"},"south":{"uv":[8.375,3.5,8.5,4.375],"texture":"#0"},"west":{"uv":[8.375,3.5,8.5,4.375],"texture":"#0"},"up":{"uv":[8.5,3.5,8.375,3.625],"rotation":180,"texture":"#0"},"down":{"uv":[8.375,4.25,8.5,4.375],"texture":"#0"}}},{"name":"azure_shortsword_1","from":[8.17321,11.375,8.01482],"to":[8.29821,12.375,8.26482],"rotation":{"angle":0,"axis":"y","origin":[7.93777,8.35952,8.13955]},"faces":{"north":{"uv":[8.25,4.625,8.375,3.625],"rotation":180,"texture":"#0"},"east":{"uv":[8.25,3.625,8.375,4.625],"texture":"#0"},"south":{"uv":[8.25,3.625,8.375,4.625],"texture":"#0"},"west":{"uv":[8.25,3.625,8.375,4.625],"texture":"#0"},"up":{"uv":[8.375,3.625,8.25,3.75],"rotation":180,"texture":"#0"},"down":{"uv":[8.25,4.5,8.375,4.625],"texture":"#0"}}},{"name":"azure_shortsword_2","from":[8.04821,10.125,8.01482],"to":[8.17321,12.25,8.26482],"rotation":{"angle":0,"axis":"y","origin":[7.93777,8.35952,8.13955]},"faces":{"north":{"uv":[8.125,5.875,8.25,3.75],"rotation":180,"texture":"#0"},"east":{"uv":[8.125,3.75,8.25,5.875],"texture":"#0"},"south":{"uv":[8.125,3.75,8.25,5.875],"texture":"#0"},"west":{"uv":[8.125,3.75,8.25,5.875],"texture":"#0"},"up":{"uv":[8.25,3.75,8.125,3.875],"rotation":180,"texture":"#0"},"down":{"uv":[8.125,5.75,8.25,5.875],"texture":"#0"}}},{"name":"azure_shortsword_3","from":[7.92321,10.25,8.01482],"to":[8.04821,12.125,8.26482],"rotation":{"angle":0,"axis":"y","origin":[7.93777,8.35952,8.13955]},"faces":{"north":{"uv":[8,5.75,8.125,3.875],"rotation":180,"texture":"#0"},"east":{"uv":[8,3.875,8.125,5.75],"texture":"#0"},"south":{"uv":[8,3.875,8.125,5.75],"texture":"#0"},"west":{"uv":[8,3.875,8.125,5.75],"texture":"#0"},"up":{"uv":[8.125,3.875,8,4],"rotation":180,"texture":"#0"},"down":{"uv":[8,5.625,8.125,5.75],"texture":"#0"}}},{"name":"azure_shortsword_4","from":[7.79821,10.375,8.01482],"to":[7.92321,12,8.26482],"rotation":{"angle":0,"axis":"y","origin":[7.93777,8.35952,8.13955]},"faces":{"north":{"uv":[7.875,5.625,8,4],"rotation":180,"texture":"#0"},"east":{"uv":[7.875,4,8,5.625],"texture":"#0"},"south":{"uv":[7.875,4,8,5.625],"texture":"#0"},"west":{"uv":[7.875,4,8,5.625],"texture":"#0"},"up":{"uv":[8,4,7.875,4.125],"rotation":180,"texture":"#0"},"down":{"uv":[7.875,5.5,8,5.625],"texture":"#0"}}},{"name":"azure_shortsword_5","from":[7.67321,11.25,8.01482],"to":[7.79821,11.875,8.26482],"rotation":{"angle":0,"axis":"y","origin":[7.93777,8.35952,8.13955]},"faces":{"north":{"uv":[7.75,4.75,7.875,4.125],"rotation":180,"texture":"#0"},"east":{"uv":[7.75,4.125,7.875,4.75],"texture":"#0"},"south":{"uv":[7.75,4.125,7.875,4.75],"texture":"#0"},"west":{"uv":[7.75,4.125,7.875,4.75],"texture":"#0"},"up":{"uv":[7.875,4.125,7.75,4.25],"rotation":180,"texture":"#0"},"down":{"uv":[7.75,4.625,7.875,4.75],"texture":"#0"}}},{"name":"azure_shortsword_6","from":[7.54821,11.375,8.01482],"to":[7.67321,11.75,8.26482],"rotation":{"angle":0,"axis":"y","origin":[7.93777,8.35952,8.13955]},"faces":{"north":{"uv":[7.625,4.625,7.75,4.25],"rotation":180,"texture":"#0"},"east":{"uv":[7.625,4.25,7.75,4.625],"texture":"#0"},"south":{"uv":[7.625,4.25,7.75,4.625],"texture":"#0"},"west":{"uv":[7.625,4.25,7.75,4.625],"texture":"#0"},"up":{"uv":[7.75,4.25,7.625,4.375],"rotation":180,"texture":"#0"},"down":{"uv":[7.625,4.5,7.75,4.625],"texture":"#0"}}},{"name":"azure_shortsword_7","from":[7.42321,11.5,8.01482],"to":[7.54821,11.625,8.26482],"rotation":{"angle":0,"axis":"y","origin":[7.93777,8.35952,8.13955]},"faces":{"north":{"uv":[7.5,4.5,7.625,4.375],"rotation":180,"texture":"#0"},"east":{"uv":[7.5,4.375,7.625,4.5],"texture":"#0"},"south":{"uv":[7.5,4.375,7.625,4.5],"texture":"#0"},"west":{"uv":[7.5,4.375,7.625,4.5],"texture":"#0"},"up":{"uv":[7.625,4.375,7.5,4.5],"rotation":180,"texture":"#0"},"down":{"uv":[7.5,4.375,7.625,4.5],"texture":"#0"}}},{"name":"azure_shortsword_8","from":[7.29821,10.375,8.07732],"to":[7.54821,11.5,8.20232],"rotation":{"angle":0,"axis":"y","origin":[7.93777,8.35952,8.13955]},"faces":{"north":{"uv":[6.625,5.625,6.875,4.5],"rotation":180,"texture":"#0"},"east":{"uv":[6.75,4.5,6.875,5.625],"texture":"#0"},"south":{"uv":[6.625,4.5,6.875,5.625],"texture":"#0"},"west":{"uv":[6.625,4.5,6.75,5.625],"texture":"#0"},"up":{"uv":[6.875,4.5,6.625,4.625],"rotation":180,"texture":"#0"},"down":{"uv":[6.625,5.5,6.875,5.625],"texture":"#0"}}},{"name":"azure_shortsword_9","from":[7.17321,10.625,8.07732],"to":[7.29821,11.375,8.20232],"rotation":{"angle":0,"axis":"y","origin":[7.93777,8.35952,8.13955]},"faces":{"north":{"uv":[6.5,5.375,6.625,4.625],"rotation":180,"texture":"#0"},"east":{"uv":[6.5,4.625,6.625,5.375],"texture":"#0"},"south":{"uv":[6.5,4.625,6.625,5.375],"texture":"#0"},"west":{"uv":[6.5,4.625,6.625,5.375],"texture":"#0"},"up":{"uv":[6.625,4.625,6.5,4.75],"rotation":180,"texture":"#0"},"down":{"uv":[6.5,5.25,6.625,5.375],"texture":"#0"}}},{"name":"azure_shortsword_10","from":[7.54821,9.875,8.07732],"to":[7.67321,11.375,8.20232],"rotation":{"angle":0,"axis":"y","origin":[7.93777,8.35952,8.13955]},"faces":{"north":{"uv":[6.875,6.125,7,4.625],"rotation":180,"texture":"#0"},"east":{"uv":[6.875,4.625,7,6.125],"texture":"#0"},"south":{"uv":[6.875,4.625,7,6.125],"texture":"#0"},"west":{"uv":[6.875,4.625,7,6.125],"texture":"#0"},"up":{"uv":[7,4.625,6.875,4.75],"rotation":180,"texture":"#0"},"down":{"uv":[6.875,6,7,6.125],"texture":"#0"}}},{"name":"azure_shortsword_11","from":[7.04821,10.875,8.07732],"to":[7.17321,11.25,8.20232],"rotation":{"angle":0,"axis":"y","origin":[7.93777,8.35952,8.13955]},"faces":{"north":{"uv":[6.375,5.125,6.5,4.75],"rotation":180,"texture":"#0"},"east":{"uv":[6.375,4.75,6.5,5.125],"texture":"#0"},"south":{"uv":[6.375,4.75,6.5,5.125],"texture":"#0"},"west":{"uv":[6.375,4.75,6.5,5.125],"texture":"#0"},"up":{"uv":[6.5,4.75,6.375,4.875],"rotation":180,"texture":"#0"},"down":{"uv":[6.375,5,6.5,5.125],"texture":"#0"}}},{"name":"azure_shortsword_12","from":[7.67321,8.875,8.07732],"to":[7.79821,11.25,8.20232],"rotation":{"angle":0,"axis":"y","origin":[7.93777,8.35952,8.13955]},"faces":{"north":{"uv":[7,7.125,7.125,4.75],"rotation":180,"texture":"#0"},"east":{"uv":[7,4.75,7.125,7.125],"texture":"#0"},"south":{"uv":[7,4.75,7.125,7.125],"texture":"#0"},"west":{"uv":[7,4.75,7.125,7.125],"texture":"#0"},"up":{"uv":[7.125,4.75,7,4.875],"rotation":180,"texture":"#0"},"down":{"uv":[7,7,7.125,7.125],"texture":"#0"}}},{"name":"azure_shortsword_13","from":[8.17321,10,8.01482],"to":[8.29821,11,8.26482],"rotation":{"angle":0,"axis":"y","origin":[7.93777,8.35952,8.13955]},"faces":{"north":{"uv":[8.25,6,8.375,5],"rotation":180,"texture":"#0"},"east":{"uv":[8.25,5,8.375,6],"texture":"#0"},"south":{"uv":[8.25,5,8.375,6],"texture":"#0"},"west":{"uv":[8.25,5,8.375,6],"texture":"#0"},"up":{"uv":[8.375,5,8.25,5.125],"rotation":180,"texture":"#0"},"down":{"uv":[8.25,5.875,8.375,6],"texture":"#0"}}},{"name":"azure_shortsword_14","from":[8.29821,9.875,8.01482],"to":[8.42321,10.75,8.26482],"rotation":{"angle":0,"axis":"y","origin":[7.93777,8.35952,8.13955]},"faces":{"north":{"uv":[8.375,6.125,8.5,5.25],"rotation":180,"texture":"#0"},"east":{"uv":[8.375,5.25,8.5,6.125],"texture":"#0"},"south":{"uv":[8.375,5.25,8.5,6.125],"texture":"#0"},"west":{"uv":[8.375,5.25,8.5,6.125],"texture":"#0"},"up":{"uv":[8.5,5.25,8.375,5.375],"rotation":180,"texture":"#0"},"down":{"uv":[8.375,6,8.5,6.125],"texture":"#0"}}},{"name":"azure_shortsword_15","from":[8.42321,9.5,8.01482],"to":[8.54821,10.5,8.26482],"rotation":{"angle":0,"axis":"y","origin":[7.93777,8.35952,8.13955]},"faces":{"north":{"uv":[8.875,6.5,9,5.5],"rotation":180,"texture":"#0"},"east":{"uv":[8.875,5.5,9,6.5],"texture":"#0"},"south":{"uv":[8.875,5.5,9,6.5],"texture":"#0"},"west":{"uv":[8.875,5.5,9,6.5],"texture":"#0"},"up":{"uv":[9,5.5,8.875,5.625],"rotation":180,"texture":"#0"},"down":{"uv":[8.875,6.375,9,6.5],"texture":"#0"}}},{"name":"azure_shortsword_16","from":[7.42321,10.125,8.07732],"to":[7.54821,10.375,8.20232],"rotation":{"angle":0,"axis":"y","origin":[7.93777,8.35952,8.13955]},"faces":{"north":{"uv":[6.75,5.875,6.875,5.625],"rotation":180,"texture":"#0"},"east":{"uv":[6.75,5.625,6.875,5.875],"texture":"#0"},"south":{"uv":[6.75,5.625,6.875,5.875],"texture":"#0"},"west":{"uv":[6.75,5.625,6.875,5.875],"texture":"#0"},"up":{"uv":[6.875,5.625,6.75,5.75],"rotation":180,"texture":"#0"},"down":{"uv":[6.75,5.75,6.875,5.875],"texture":"#0"}}},{"name":"azure_shortsword_17","from":[7.79821,9,8.07732],"to":[7.92321,10.375,8.20232],"rotation":{"angle":0,"axis":"y","origin":[7.93777,8.35952,8.13955]},"faces":{"north":{"uv":[7.125,7,7.25,5.625],"rotation":180,"texture":"#0"},"east":{"uv":[7.125,5.625,7.25,7],"texture":"#0"},"south":{"uv":[7.125,5.625,7.25,7],"texture":"#0"},"west":{"uv":[7.125,5.625,7.25,7],"texture":"#0"},"up":{"uv":[7.25,5.625,7.125,5.75],"rotation":180,"texture":"#0"},"down":{"uv":[7.125,6.875,7.25,7],"texture":"#0"}}},{"name":"azure_shortsword_18","from":[7.92321,9.125,8.07732],"to":[8.04821,10.25,8.20232],"rotation":{"angle":0,"axis":"y","origin":[7.93777,8.35952,8.13955]},"faces":{"north":{"uv":[7.25,6.875,7.375,5.75],"rotation":180,"texture":"#0"},"east":{"uv":[7.25,5.75,7.375,6.875],"texture":"#0"},"south":{"uv":[7.25,5.75,7.375,6.875],"texture":"#0"},"west":{"uv":[7.25,5.75,7.375,6.875],"texture":"#0"},"up":{"uv":[7.375,5.75,7.25,5.875],"rotation":180,"texture":"#0"},"down":{"uv":[7.25,6.75,7.375,6.875],"texture":"#0"}}},{"name":"azure_shortsword_19","from":[8.54821,9.375,8.01482],"to":[8.67321,10.25,8.26482],"rotation":{"angle":0,"axis":"y","origin":[7.93777,8.35952,8.13955]},"faces":{"north":{"uv":[9,6.625,9.125,5.75],"rotation":180,"texture":"#0"},"east":{"uv":[9,5.75,9.125,6.625],"texture":"#0"},"south":{"uv":[9,5.75,9.125,6.625],"texture":"#0"},"west":{"uv":[9,5.75,9.125,6.625],"texture":"#0"},"up":{"uv":[9.125,5.75,9,5.875],"rotation":180,"texture":"#0"},"down":{"uv":[9,6.5,9.125,6.625],"texture":"#0"}}},{"name":"azure_shortsword_20","from":[8.04821,9.25,8.07732],"to":[8.17321,10.125,8.20232],"rotation":{"angle":0,"axis":"y","origin":[7.93777,8.35952,8.13955]},"faces":{"north":{"uv":[7.375,6.75,7.5,5.875],"rotation":180,"texture":"#0"},"east":{"uv":[7.375,5.875,7.5,6.75],"texture":"#0"},"south":{"uv":[7.375,5.875,7.5,6.75],"texture":"#0"},"west":{"uv":[7.375,5.875,7.5,6.75],"texture":"#0"},"up":{"uv":[7.5,5.875,7.375,6],"rotation":180,"texture":"#0"},"down":{"uv":[7.375,6.625,7.5,6.75],"texture":"#0"}}},{"name":"azure_shortsword_21","from":[8.17321,9.375,8.07732],"to":[8.29821,10,8.20232],"rotation":{"angle":0,"axis":"y","origin":[7.93777,8.35952,8.13955]},"faces":{"north":{"uv":[7.5,6.625,7.625,6],"rotation":180,"texture":"#0"},"east":{"uv":[7.5,6,7.625,6.625],"texture":"#0"},"south":{"uv":[7.5,6,7.625,6.625],"texture":"#0"},"west":{"uv":[7.5,6,7.625,6.625],"texture":"#0"},"up":{"uv":[7.625,6,7.5,6.125],"rotation":180,"texture":"#0"},"down":{"uv":[7.5,6.5,7.625,6.625],"texture":"#0"}}},{"name":"azure_shortsword_22","from":[8.67321,9.25,8.01482],"to":[8.79821,10,8.26482],"rotation":{"angle":0,"axis":"y","origin":[7.93777,8.35952,8.13955]},"faces":{"north":{"uv":[9.125,6.75,9.25,6],"rotation":180,"texture":"#0"},"east":{"uv":[9.125,6,9.25,6.75],"texture":"#0"},"south":{"uv":[9.125,6,9.25,6.75],"texture":"#0"},"west":{"uv":[9.125,6,9.25,6.75],"texture":"#0"},"up":{"uv":[9.25,6,9.125,6.125],"rotation":180,"texture":"#0"},"down":{"uv":[9.125,6.625,9.25,6.75],"texture":"#0"}}},{"name":"azure_shortsword_23","from":[8.29821,9.5,8.07732],"to":[8.42321,9.875,8.20232],"rotation":{"angle":0,"axis":"y","origin":[7.93777,8.35952,8.13955]},"faces":{"north":{"uv":[7.625,6.5,7.75,6.125],"rotation":180,"texture":"#0"},"east":{"uv":[7.625,6.125,7.75,6.5],"texture":"#0"},"south":{"uv":[7.625,6.125,7.75,6.5],"texture":"#0"},"west":{"uv":[7.625,6.125,7.75,6.5],"texture":"#0"},"up":{"uv":[7.75,6.125,7.625,6.25],"rotation":180,"texture":"#0"},"down":{"uv":[7.625,6.375,7.75,6.5],"texture":"#0"}}},{"name":"azure_shortsword_24","from":[8.79821,9.125,8.01482],"to":[8.92321,9.75,8.26482],"rotation":{"angle":0,"axis":"y","origin":[7.93777,8.35952,8.13955]},"faces":{"north":{"uv":[9.25,6.875,9.375,6.25],"rotation":180,"texture":"#0"},"east":{"uv":[9.25,6.25,9.375,6.875],"texture":"#0"},"south":{"uv":[9.25,6.25,9.375,6.875],"texture":"#0"},"west":{"uv":[9.25,6.25,9.375,6.875],"texture":"#0"},"up":{"uv":[9.375,6.25,9.25,6.375],"rotation":180,"texture":"#0"},"down":{"uv":[9.25,6.75,9.375,6.875],"texture":"#0"}}},{"name":"azure_shortsword_25","from":[7.54821,8.75,8.07732],"to":[7.67321,9.625,8.20232],"rotation":{"angle":0,"axis":"y","origin":[7.93777,8.35952,8.13955]},"faces":{"north":{"uv":[6.875,7.25,7,6.375],"rotation":180,"texture":"#0"},"east":{"uv":[6.875,6.375,7,7.25],"texture":"#0"},"south":{"uv":[6.875,6.375,7,7.25],"texture":"#0"},"west":{"uv":[6.875,6.375,7,7.25],"texture":"#0"},"up":{"uv":[7,6.375,6.875,6.5],"rotation":180,"texture":"#0"},"down":{"uv":[6.875,7.125,7,7.25],"texture":"#0"}}},{"name":"azure_shortsword_26","from":[7.42321,8.625,8.07732],"to":[7.54821,9.5,8.20232],"rotation":{"angle":0,"axis":"y","origin":[7.93777,8.35952,8.13955]},"faces":{"north":{"uv":[6.75,7.375,6.875,6.5],"rotation":180,"texture":"#0"},"east":{"uv":[6.75,6.5,6.875,7.375],"texture":"#0"},"south":{"uv":[6.75,6.5,6.875,7.375],"texture":"#0"},"west":{"uv":[6.75,6.5,6.875,7.375],"texture":"#0"},"up":{"uv":[6.875,6.5,6.75,6.625],"rotation":180,"texture":"#0"},"down":{"uv":[6.75,7.25,6.875,7.375],"texture":"#0"}}},{"name":"azure_shortsword_27","from":[8.29821,8.75,7.95232],"to":[8.54821,9.5,8.32732],"rotation":{"angle":0,"axis":"y","origin":[7.93777,8.35952,8.13955]},"faces":{"north":{"uv":[7.875,7.25,8.125,6.5],"rotation":180,"texture":"#0"},"east":{"uv":[8,6.5,8.125,7.25],"texture":"#0"},"south":{"uv":[7.875,6.5,8.125,7.25],"texture":"#0"},"west":{"uv":[7.875,6.5,8,7.25],"texture":"#0"},"up":{"uv":[8.125,6.5,7.875,6.625],"rotation":180,"texture":"#0"},"down":{"uv":[7.875,7.125,8.125,7.25],"texture":"#0"}}},{"name":"azure_shortsword_28","from":[8.92321,9.125,8.01482],"to":[9.04821,9.5,8.26482],"rotation":{"angle":0,"axis":"y","origin":[7.93777,8.35952,8.13955]},"faces":{"north":{"uv":[9.375,6.875,9.5,6.5],"rotation":180,"texture":"#0"},"east":{"uv":[9.375,6.5,9.5,6.875],"texture":"#0"},"south":{"uv":[9.375,6.5,9.5,6.875],"texture":"#0"},"west":{"uv":[9.375,6.5,9.5,6.875],"texture":"#0"},"up":{"uv":[9.5,6.5,9.375,6.625],"rotation":180,"texture":"#0"},"down":{"uv":[9.375,6.75,9.5,6.875],"texture":"#0"}}},{"name":"azure_shortsword_29","from":[7.29821,8.5,8.07732],"to":[7.42321,9.375,8.20232],"rotation":{"angle":0,"axis":"y","origin":[7.93777,8.35952,8.13955]},"faces":{"north":{"uv":[6.625,7.5,6.75,6.625],"rotation":180,"texture":"#0"},"east":{"uv":[6.625,6.625,6.75,7.5],"texture":"#0"},"south":{"uv":[6.625,6.625,6.75,7.5],"texture":"#0"},"west":{"uv":[6.625,6.625,6.75,7.5],"texture":"#0"},"up":{"uv":[6.75,6.625,6.625,6.75],"rotation":180,"texture":"#0"},"down":{"uv":[6.625,7.375,6.75,7.5],"texture":"#0"}}},{"name":"azure_shortsword_30","from":[8.17321,8.625,7.95232],"to":[8.29821,9.375,8.32732],"rotation":{"angle":0,"axis":"y","origin":[7.93777,8.35952,8.13955]},"faces":{"north":{"uv":[7.75,7.375,7.875,6.625],"rotation":180,"texture":"#0"},"east":{"uv":[7.75,6.625,7.875,7.375],"texture":"#0"},"south":{"uv":[7.75,6.625,7.875,7.375],"texture":"#0"},"west":{"uv":[7.75,6.625,7.875,7.375],"texture":"#0"},"up":{"uv":[7.875,6.625,7.75,6.75],"rotation":180,"texture":"#0"},"down":{"uv":[7.75,7.25,7.875,7.375],"texture":"#0"}}},{"name":"azure_shortsword_31","from":[8.54821,8.75,7.95232],"to":[8.67321,9.375,8.32732],"rotation":{"angle":0,"axis":"y","origin":[7.93777,8.35952,8.13955]},"faces":{"north":{"uv":[8.125,7.25,8.25,6.625],"rotation":180,"texture":"#0"},"east":{"uv":[8.125,6.625,8.25,7.25],"texture":"#0"},"south":{"uv":[8.125,6.625,8.25,7.25],"texture":"#0"},"west":{"uv":[8.125,6.625,8.25,7.25],"texture":"#0"},"up":{"uv":[8.25,6.625,8.125,6.75],"rotation":180,"texture":"#0"},"down":{"uv":[8.125,7.125,8.25,7.25],"texture":"#0"}}},{"name":"azure_shortsword_32","from":[7.17321,8.375,8.07732],"to":[7.29821,9.25,8.20232],"rotation":{"angle":0,"axis":"y","origin":[7.93777,8.35952,8.13955]},"faces":{"north":{"uv":[6.5,7.625,6.625,6.75],"rotation":180,"texture":"#0"},"east":{"uv":[6.5,6.75,6.625,7.625],"texture":"#0"},"south":{"uv":[6.5,6.75,6.625,7.625],"texture":"#0"},"west":{"uv":[6.5,6.75,6.625,7.625],"texture":"#0"},"up":{"uv":[6.625,6.75,6.5,6.875],"rotation":180,"texture":"#0"},"down":{"uv":[6.5,7.5,6.625,7.625],"texture":"#0"}}},{"name":"azure_shortsword_33","from":[8.04821,8.5,7.95232],"to":[8.17321,9.25,8.32732],"rotation":{"angle":0,"axis":"y","origin":[7.93777,8.35952,8.13955]},"faces":{"north":{"uv":[7.625,7.5,7.75,6.75],"rotation":180,"texture":"#0"},"east":{"uv":[7.625,6.75,7.75,7.5],"texture":"#0"},"south":{"uv":[7.625,6.75,7.75,7.5],"texture":"#0"},"west":{"uv":[7.625,6.75,7.75,7.5],"texture":"#0"},"up":{"uv":[7.75,6.75,7.625,6.875],"rotation":180,"texture":"#0"},"down":{"uv":[7.625,7.375,7.75,7.5],"texture":"#0"}}},{"name":"azure_shortsword_34","from":[8.67321,8.875,7.95232],"to":[8.79821,9.25,8.32732],"rotation":{"angle":0,"axis":"y","origin":[7.93777,8.35952,8.13955]},"faces":{"north":{"uv":[8.25,7.125,8.375,6.75],"rotation":180,"texture":"#0"},"east":{"uv":[8.25,6.75,8.375,7.125],"texture":"#0"},"south":{"uv":[8.25,6.75,8.375,7.125],"texture":"#0"},"west":{"uv":[8.25,6.75,8.375,7.125],"texture":"#0"},"up":{"uv":[8.375,6.75,8.25,6.875],"rotation":180,"texture":"#0"},"down":{"uv":[8.25,7,8.375,7.125],"texture":"#0"}}},{"name":"azure_shortsword_35","from":[7.04821,8.5,8.07732],"to":[7.17321,9.125,8.20232],"rotation":{"angle":0,"axis":"y","origin":[7.93777,8.35952,8.13955]},"faces":{"north":{"uv":[6.375,7.5,6.5,6.875],"rotation":180,"texture":"#0"},"east":{"uv":[6.375,6.875,6.5,7.5],"texture":"#0"},"south":{"uv":[6.375,6.875,6.5,7.5],"texture":"#0"},"west":{"uv":[6.375,6.875,6.5,7.5],"texture":"#0"},"up":{"uv":[6.5,6.875,6.375,7],"rotation":180,"texture":"#0"},"down":{"uv":[6.375,7.375,6.5,7.5],"texture":"#0"}}},{"name":"azure_shortsword_36","from":[7.92321,8.375,7.95232],"to":[8.04821,9.125,8.32732],"rotation":{"angle":0,"axis":"y","origin":[7.93777,8.35952,8.13955]},"faces":{"north":{"uv":[7.5,7.625,7.625,6.875],"rotation":180,"texture":"#0"},"east":{"uv":[7.5,6.875,7.625,7.625],"texture":"#0"},"south":{"uv":[7.5,6.875,7.625,7.625],"texture":"#0"},"west":{"uv":[7.5,6.875,7.625,7.625],"texture":"#0"},"up":{"uv":[7.625,6.875,7.5,7],"rotation":180,"texture":"#0"},"down":{"uv":[7.5,7.5,7.625,7.625],"texture":"#0"}}},{"name":"azure_shortsword_37","from":[8.79821,9,7.95232],"to":[8.92321,9.125,8.32732],"rotation":{"angle":0,"axis":"y","origin":[7.93777,8.35952,8.13955]},"faces":{"north":{"uv":[8.375,7,8.5,6.875],"rotation":180,"texture":"#0"},"east":{"uv":[8.375,6.875,8.5,7],"texture":"#0"},"south":{"uv":[8.375,6.875,8.5,7],"texture":"#0"},"west":{"uv":[8.375,6.875,8.5,7],"texture":"#0"},"up":{"uv":[8.5,6.875,8.375,7],"rotation":180,"texture":"#0"},"down":{"uv":[8.375,6.875,8.5,7],"texture":"#0"}}},{"name":"azure_shortsword_38","from":[6.92321,8.75,8.07732],"to":[7.04821,9,8.20232],"rotation":{"angle":0,"axis":"y","origin":[7.93777,8.35952,8.13955]},"faces":{"north":{"uv":[6.25,7.25,6.375,7],"rotation":180,"texture":"#0"},"east":{"uv":[6.25,7,6.375,7.25],"texture":"#0"},"south":{"uv":[6.25,7,6.375,7.25],"texture":"#0"},"west":{"uv":[6.25,7,6.375,7.25],"texture":"#0"},"up":{"uv":[6.375,7,6.25,7.125],"rotation":180,"texture":"#0"},"down":{"uv":[6.25,7.125,6.375,7.25],"texture":"#0"}}},{"name":"azure_shortsword_39","from":[7.79821,8.375,7.95232],"to":[7.92321,9,8.32732],"rotation":{"angle":0,"axis":"y","origin":[7.93777,8.35952,8.13955]},"faces":{"north":{"uv":[7.375,7.625,7.5,7],"rotation":180,"texture":"#0"},"east":{"uv":[7.375,7,7.5,7.625],"texture":"#0"},"south":{"uv":[7.375,7,7.5,7.625],"texture":"#0"},"west":{"uv":[7.375,7,7.5,7.625],"texture":"#0"},"up":{"uv":[7.5,7,7.375,7.125],"rotation":180,"texture":"#0"},"down":{"uv":[7.375,7.5,7.5,7.625],"texture":"#0"}}},{"name":"azure_shortsword_40","from":[7.67321,8.375,7.95232],"to":[7.79821,8.875,8.32732],"rotation":{"angle":0,"axis":"y","origin":[7.93777,8.35952,8.13955]},"faces":{"north":{"uv":[7.25,7.625,7.375,7.125],"rotation":180,"texture":"#0"},"east":{"uv":[7.25,7.125,7.375,7.625],"texture":"#0"},"south":{"uv":[7.25,7.125,7.375,7.625],"texture":"#0"},"west":{"uv":[7.25,7.125,7.375,7.625],"texture":"#0"},"up":{"uv":[7.375,7.125,7.25,7.25],"rotation":180,"texture":"#0"},"down":{"uv":[7.25,7.5,7.375,7.625],"texture":"#0"}}},{"name":"azure_shortsword_41","from":[7.54821,8.375,7.95232],"to":[7.67321,8.75,8.32732],"rotation":{"angle":0,"axis":"y","origin":[7.93777,8.35952,8.13955]},"faces":{"north":{"uv":[7.125,7.625,7.25,7.25],"rotation":180,"texture":"#0"},"east":{"uv":[7.125,7.25,7.25,7.625],"texture":"#0"},"south":{"uv":[7.125,7.25,7.25,7.625],"texture":"#0"},"west":{"uv":[7.125,7.25,7.25,7.625],"texture":"#0"},"up":{"uv":[7.25,7.25,7.125,7.375],"rotation":180,"texture":"#0"},"down":{"uv":[7.125,7.5,7.25,7.625],"texture":"#0"}}},{"name":"azure_shortsword_42","from":[8.29821,8.125,8.01482],"to":[8.67321,8.75,8.26482],"rotation":{"angle":0,"axis":"y","origin":[7.93777,8.35952,8.13955]},"faces":{"north":{"uv":[11.375,7.875,11.75,7.25],"rotation":180,"texture":"#0"},"east":{"uv":[11.625,7.25,11.75,7.875],"texture":"#0"},"south":{"uv":[11.375,7.25,11.75,7.875],"texture":"#0"},"west":{"uv":[11.375,7.25,11.5,7.875],"texture":"#0"},"up":{"uv":[11.75,7.25,11.375,7.375],"rotation":180,"texture":"#0"},"down":{"uv":[11.375,7.75,11.75,7.875],"texture":"#0"}}},{"name":"azure_shortsword_43","from":[7.42321,8.375,7.95232],"to":[7.54821,8.625,8.32732],"rotation":{"angle":0,"axis":"y","origin":[7.93777,8.35952,8.13955]},"faces":{"north":{"uv":[7,7.625,7.125,7.375],"rotation":180,"texture":"#0"},"east":{"uv":[7,7.375,7.125,7.625],"texture":"#0"},"south":{"uv":[7,7.375,7.125,7.625],"texture":"#0"},"west":{"uv":[7,7.375,7.125,7.625],"texture":"#0"},"up":{"uv":[7.125,7.375,7,7.5],"rotation":180,"texture":"#0"},"down":{"uv":[7,7.5,7.125,7.625],"texture":"#0"}}},{"name":"azure_shortsword_44","from":[8.17321,8.125,8.01482],"to":[8.29821,8.625,8.26482],"rotation":{"angle":0,"axis":"y","origin":[7.93777,8.35952,8.13955]},"faces":{"north":{"uv":[11.25,7.875,11.375,7.375],"rotation":180,"texture":"#0"},"east":{"uv":[11.25,7.375,11.375,7.875],"texture":"#0"},"south":{"uv":[11.25,7.375,11.375,7.875],"texture":"#0"},"west":{"uv":[11.25,7.375,11.375,7.875],"texture":"#0"},"up":{"uv":[11.375,7.375,11.25,7.5],"rotation":180,"texture":"#0"},"down":{"uv":[11.25,7.75,11.375,7.875],"texture":"#0"}}},{"name":"azure_shortsword_45","from":[8.67321,8.375,8.01482],"to":[8.79821,8.625,8.26482],"rotation":{"angle":0,"axis":"y","origin":[7.93777,8.35952,8.13955]},"faces":{"north":{"uv":[11.75,7.625,11.875,7.375],"rotation":180,"texture":"#0"},"east":{"uv":[11.75,7.375,11.875,7.625],"texture":"#0"},"south":{"uv":[11.75,7.375,11.875,7.625],"texture":"#0"},"west":{"uv":[11.75,7.375,11.875,7.625],"texture":"#0"},"up":{"uv":[11.875,7.375,11.75,7.5],"rotation":180,"texture":"#0"},"down":{"uv":[11.75,7.5,11.875,7.625],"texture":"#0"}}},{"name":"azure_shortsword_46","from":[7.29821,8.375,7.95232],"to":[7.42321,8.5,8.32732],"rotation":{"angle":0,"axis":"y","origin":[7.93777,8.35952,8.13955]},"faces":{"north":{"uv":[6.875,7.625,7,7.5],"rotation":180,"texture":"#0"},"east":{"uv":[6.875,7.5,7,7.625],"texture":"#0"},"south":{"uv":[6.875,7.5,7,7.625],"texture":"#0"},"west":{"uv":[6.875,7.5,7,7.625],"texture":"#0"},"up":{"uv":[7,7.5,6.875,7.625],"rotation":180,"texture":"#0"},"down":{"uv":[6.875,7.5,7,7.625],"texture":"#0"}}},{"name":"azure_shortsword_47","from":[8.04821,8.125,8.01482],"to":[8.17321,8.5,8.26482],"rotation":{"angle":0,"axis":"y","origin":[7.93777,8.35952,8.13955]},"faces":{"north":{"uv":[11.125,7.875,11.25,7.5],"rotation":180,"texture":"#0"},"east":{"uv":[11.125,7.5,11.25,7.875],"texture":"#0"},"south":{"uv":[11.125,7.5,11.25,7.875],"texture":"#0"},"west":{"uv":[11.125,7.5,11.25,7.875],"texture":"#0"},"up":{"uv":[11.25,7.5,11.125,7.625],"rotation":180,"texture":"#0"},"down":{"uv":[11.125,7.75,11.25,7.875],"texture":"#0"}}},{"name":"azure_shortsword_48","from":[7.79821,8.125,8.07732],"to":[8.04821,8.375,8.20232],"rotation":{"angle":0,"axis":"y","origin":[7.93777,8.35952,8.13955]},"faces":{"north":{"uv":[5.375,7.875,5.625,7.625],"rotation":180,"texture":"#0"},"east":{"uv":[5.5,7.625,5.625,7.875],"texture":"#0"},"south":{"uv":[5.375,7.625,5.625,7.875],"texture":"#0"},"west":{"uv":[5.375,7.625,5.5,7.875],"texture":"#0"},"up":{"uv":[5.625,7.625,5.375,7.75],"rotation":180,"texture":"#0"},"down":{"uv":[5.375,7.75,5.625,7.875],"texture":"#0"}}},{"name":"azure_shortsword_49","from":[8.67321,8.25,8.07732],"to":[8.92321,8.375,8.20232],"rotation":{"angle":0,"axis":"y","origin":[7.93777,8.35952,8.13955]},"faces":{"north":{"uv":[9.25,7.75,9.5,7.625],"rotation":180,"texture":"#0"},"east":{"uv":[9.375,7.625,9.5,7.75],"texture":"#0"},"south":{"uv":[9.25,7.625,9.5,7.75],"texture":"#0"},"west":{"uv":[9.25,7.625,9.375,7.75],"texture":"#0"},"up":{"uv":[9.5,7.625,9.25,7.75],"rotation":180,"texture":"#0"},"down":{"uv":[9.25,7.625,9.5,7.75],"texture":"#0"}}},{"name":"azure_shortsword_50","from":[7.29821,8,7.88982],"to":[7.79821,8.375,8.38982],"rotation":{"angle":0,"axis":"y","origin":[7.93777,8.35952,8.13955]},"faces":{"north":{"uv":[10.375,8,10.875,7.625],"rotation":180,"texture":"#0"},"east":{"uv":[10.75,7.625,10.875,8],"texture":"#0"},"south":{"uv":[10.375,7.625,10.875,8],"texture":"#0"},"west":{"uv":[10.375,7.625,10.5,8],"texture":"#0"},"up":{"uv":[10.875,7.625,10.375,7.75],"rotation":180,"texture":"#0"},"down":{"uv":[10.375,7.875,10.875,8],"texture":"#0"}}},{"name":"azure_shortsword_51","from":[7.17321,8,7.88982],"to":[7.29821,8.25,8.38982],"rotation":{"angle":0,"axis":"y","origin":[7.93777,8.35952,8.13955]},"faces":{"north":{"uv":[10.25,8,10.375,7.75],"rotation":180,"texture":"#0"},"east":{"uv":[10.25,7.75,10.375,8],"texture":"#0"},"south":{"uv":[10.25,7.75,10.375,8],"texture":"#0"},"west":{"uv":[10.25,7.75,10.375,8],"texture":"#0"},"up":{"uv":[10.375,7.75,10.25,7.875],"rotation":180,"texture":"#0"},"down":{"uv":[10.25,7.875,10.375,8],"texture":"#0"}}},{"name":"azure_shortsword_52","from":[8.67321,7.875,8.01482],"to":[8.79821,8.25,8.26482],"rotation":{"angle":0,"axis":"y","origin":[7.93777,8.35952,8.13955]},"faces":{"north":{"uv":[11.75,8.125,11.875,7.75],"rotation":180,"texture":"#0"},"east":{"uv":[11.75,7.75,11.875,8.125],"texture":"#0"},"south":{"uv":[11.75,7.75,11.875,8.125],"texture":"#0"},"west":{"uv":[11.75,7.75,11.875,8.125],"texture":"#0"},"up":{"uv":[11.875,7.75,11.75,7.875],"rotation":180,"texture":"#0"},"down":{"uv":[11.75,8,11.875,8.125],"texture":"#0"}}},{"name":"azure_shortsword_53","from":[7.92321,8,8.07732],"to":[8.29821,8.125,8.20232],"rotation":{"angle":0,"axis":"y","origin":[7.93777,8.35952,8.13955]},"faces":{"north":{"uv":[8.5,8,8.875,7.875],"rotation":180,"texture":"#0"},"east":{"uv":[8.75,7.875,8.875,8],"texture":"#0"},"south":{"uv":[8.5,7.875,8.875,8],"texture":"#0"},"west":{"uv":[8.5,7.875,8.625,8],"texture":"#0"},"up":{"uv":[8.875,7.875,8.5,8],"rotation":180,"texture":"#0"},"down":{"uv":[8.5,7.875,8.875,8],"texture":"#0"}}},{"name":"azure_shortsword_54","from":[7.04821,7.875,7.88982],"to":[7.17321,8.125,8.38982],"rotation":{"angle":0,"axis":"y","origin":[7.93777,8.35952,8.13955]},"faces":{"north":{"uv":[10.125,8.125,10.25,7.875],"rotation":180,"texture":"#0"},"east":{"uv":[10.125,7.875,10.25,8.125],"texture":"#0"},"south":{"uv":[10.125,7.875,10.25,8.125],"texture":"#0"},"west":{"uv":[10.125,7.875,10.25,8.125],"texture":"#0"},"up":{"uv":[10.25,7.875,10.125,8],"rotation":180,"texture":"#0"},"down":{"uv":[10.125,8,10.25,8.125],"texture":"#0"}}},{"name":"azure_shortsword_55","from":[7.79821,8,7.95232],"to":[7.92321,8.125,8.32732],"rotation":{"angle":0,"axis":"y","origin":[7.93777,8.35952,8.13955]},"faces":{"north":{"uv":[10.875,8,11,7.875],"rotation":180,"texture":"#0"},"east":{"uv":[10.875,7.875,11,8],"texture":"#0"},"south":{"uv":[10.875,7.875,11,8],"texture":"#0"},"west":{"uv":[10.875,7.875,11,8],"texture":"#0"},"up":{"uv":[11,7.875,10.875,8],"rotation":180,"texture":"#0"},"down":{"uv":[10.875,7.875,11,8],"texture":"#0"}}},{"name":"azure_shortsword_56","from":[8.42321,8,8.01482],"to":[8.67321,8.125,8.26482],"rotation":{"angle":0,"axis":"y","origin":[7.93777,8.35952,8.13955]},"faces":{"north":{"uv":[11.5,8,11.75,7.875],"rotation":180,"texture":"#0"},"east":{"uv":[11.625,7.875,11.75,8],"texture":"#0"},"south":{"uv":[11.5,7.875,11.75,8],"texture":"#0"},"west":{"uv":[11.5,7.875,11.625,8],"texture":"#0"},"up":{"uv":[11.75,7.875,11.5,8],"rotation":180,"texture":"#0"},"down":{"uv":[11.5,7.875,11.75,8],"texture":"#0"}}},{"name":"azure_shortsword_57","from":[8.79821,7.875,8.01482],"to":[8.92321,8.125,8.26482],"rotation":{"angle":0,"axis":"y","origin":[7.93777,8.35952,8.13955]},"faces":{"north":{"uv":[11.875,8.125,12,7.875],"rotation":180,"texture":"#0"},"east":{"uv":[11.875,7.875,12,8.125],"texture":"#0"},"south":{"uv":[11.875,7.875,12,8.125],"texture":"#0"},"west":{"uv":[11.875,7.875,12,8.125],"texture":"#0"},"up":{"uv":[12,7.875,11.875,8],"rotation":180,"texture":"#0"},"down":{"uv":[11.875,8,12,8.125],"texture":"#0"}}},{"name":"azure_shortsword_58","from":[7.17321,7.5,8.07732],"to":[7.42321,8,8.20232],"rotation":{"angle":0,"axis":"y","origin":[7.93777,8.35952,8.13955]},"faces":{"north":{"uv":[7.75,8.5,8,8],"rotation":180,"texture":"#0"},"east":{"uv":[7.875,8,8,8.5],"texture":"#0"},"south":{"uv":[7.75,8,8,8.5],"texture":"#0"},"west":{"uv":[7.75,8,7.875,8.5],"texture":"#0"},"up":{"uv":[8,8,7.75,8.125],"rotation":180,"texture":"#0"},"down":{"uv":[7.75,8.375,8,8.5],"texture":"#0"}}},{"name":"azure_shortsword_59","from":[7.79821,7.875,8.07732],"to":[8.04821,8,8.20232],"rotation":{"angle":0,"axis":"y","origin":[7.93777,8.35952,8.13955]},"faces":{"north":{"uv":[8.375,8.125,8.625,8],"rotation":180,"texture":"#0"},"east":{"uv":[8.5,8,8.625,8.125],"texture":"#0"},"south":{"uv":[8.375,8,8.625,8.125],"texture":"#0"},"west":{"uv":[8.375,8,8.5,8.125],"texture":"#0"},"up":{"uv":[8.625,8,8.375,8.125],"rotation":180,"texture":"#0"},"down":{"uv":[8.375,8,8.625,8.125],"texture":"#0"}}},{"name":"azure_shortsword_60","from":[7.42321,7.75,7.95232],"to":[7.79821,8,8.32732],"rotation":{"angle":0,"axis":"y","origin":[7.93777,8.35952,8.13955]},"faces":{"north":{"uv":[10.5,8.25,10.875,8],"rotation":180,"texture":"#0"},"east":{"uv":[10.75,8,10.875,8.25],"texture":"#0"},"south":{"uv":[10.5,8,10.875,8.25],"texture":"#0"},"west":{"uv":[10.5,8,10.625,8.25],"texture":"#0"},"up":{"uv":[10.875,8,10.5,8.125],"rotation":180,"texture":"#0"},"down":{"uv":[10.5,8.125,10.875,8.25],"texture":"#0"}}},{"name":"azure_shortsword_61","from":[6.92321,7.5,8.07732],"to":[7.17321,7.875,8.20232],"rotation":{"angle":0,"axis":"y","origin":[7.93777,8.35952,8.13955]},"faces":{"north":{"uv":[7.5,8.5,7.75,8.125],"rotation":180,"texture":"#0"},"east":{"uv":[7.625,8.125,7.75,8.5],"texture":"#0"},"south":{"uv":[7.5,8.125,7.75,8.5],"texture":"#0"},"west":{"uv":[7.5,8.125,7.625,8.5],"texture":"#0"},"up":{"uv":[7.75,8.125,7.5,8.25],"rotation":180,"texture":"#0"},"down":{"uv":[7.5,8.375,7.75,8.5],"texture":"#0"}}},{"name":"azure_shortsword_62","from":[7.79821,7.75,8.07732],"to":[7.92321,7.875,8.20232],"rotation":{"angle":0,"axis":"y","origin":[7.93777,8.35952,8.13955]},"faces":{"north":{"uv":[8.375,8.25,8.5,8.125],"rotation":180,"texture":"#0"},"east":{"uv":[8.375,8.125,8.5,8.25],"texture":"#0"},"south":{"uv":[8.375,8.125,8.5,8.25],"texture":"#0"},"west":{"uv":[8.375,8.125,8.5,8.25],"texture":"#0"},"up":{"uv":[8.5,8.125,8.375,8.25],"rotation":180,"texture":"#0"},"down":{"uv":[8.375,8.125,8.5,8.25],"texture":"#0"}}},{"name":"azure_shortsword_63","from":[6.79821,7.5,8.07732],"to":[6.92321,7.75,8.20232],"rotation":{"angle":0,"axis":"y","origin":[7.93777,8.35952,8.13955]},"faces":{"north":{"uv":[7.375,8.5,7.5,8.25],"rotation":180,"texture":"#0"},"east":{"uv":[7.375,8.25,7.5,8.5],"texture":"#0"},"south":{"uv":[7.375,8.25,7.5,8.5],"texture":"#0"},"west":{"uv":[7.375,8.25,7.5,8.5],"texture":"#0"},"up":{"uv":[7.5,8.25,7.375,8.375],"rotation":180,"texture":"#0"},"down":{"uv":[7.375,8.375,7.5,8.5],"texture":"#0"}}},{"name":"azure_shortsword_64","from":[7.42321,7.625,8.07732],"to":[7.54821,7.75,8.20232],"rotation":{"angle":0,"axis":"y","origin":[7.93777,8.35952,8.13955]},"faces":{"north":{"uv":[8,8.375,8.125,8.25],"rotation":180,"texture":"#0"},"east":{"uv":[8,8.25,8.125,8.375],"texture":"#0"},"south":{"uv":[8,8.25,8.125,8.375],"texture":"#0"},"west":{"uv":[8,8.25,8.125,8.375],"texture":"#0"},"up":{"uv":[8.125,8.25,8,8.375],"rotation":180,"texture":"#0"},"down":{"uv":[8,8.25,8.125,8.375],"texture":"#0"}}},{"name":"azure_shortsword_65","from":[7.67321,7.625,8.07732],"to":[7.79821,7.75,8.20232],"rotation":{"angle":0,"axis":"y","origin":[7.93777,8.35952,8.13955]},"faces":{"north":{"uv":[8.25,8.375,8.375,8.25],"rotation":180,"texture":"#0"},"east":{"uv":[8.25,8.25,8.375,8.375],"texture":"#0"},"south":{"uv":[8.25,8.25,8.375,8.375],"texture":"#0"},"west":{"uv":[8.25,8.25,8.375,8.375],"texture":"#0"},"up":{"uv":[8.375,8.25,8.25,8.375],"rotation":180,"texture":"#0"},"down":{"uv":[8.25,8.25,8.375,8.375],"texture":"#0"}}},{"name":"azure_shortsword_66","from":[7.54821,7.625,7.95232],"to":[7.67321,7.75,8.32732],"rotation":{"angle":0,"axis":"y","origin":[7.93777,8.35952,8.13955]},"faces":{"north":{"uv":[10.625,8.375,10.75,8.25],"rotation":180,"texture":"#0"},"east":{"uv":[10.625,8.25,10.75,8.375],"texture":"#0"},"south":{"uv":[10.625,8.25,10.75,8.375],"texture":"#0"},"west":{"uv":[10.625,8.25,10.75,8.375],"texture":"#0"},"up":{"uv":[10.75,8.25,10.625,8.375],"rotation":180,"texture":"#0"},"down":{"uv":[10.625,8.25,10.75,8.375],"texture":"#0"}}},{"name":"azure_shortsword_67","from":[7.42321,7.125,7.95232],"to":[7.67321,7.625,8.32732],"rotation":{"angle":0,"axis":"y","origin":[7.93777,8.35952,8.13955]},"faces":{"north":{"uv":[4.75,8.875,5,8.375],"rotation":180,"texture":"#0"},"east":{"uv":[4.875,8.375,5,8.875],"texture":"#0"},"south":{"uv":[4.75,8.375,5,8.875],"texture":"#0"},"west":{"uv":[4.75,8.375,4.875,8.875],"texture":"#0"},"up":{"uv":[5,8.375,4.75,8.5],"rotation":180,"texture":"#0"},"down":{"uv":[4.75,8.75,5,8.875],"texture":"#0"}}},{"name":"azure_shortsword_68","from":[7.67321,6.875,7.95232],"to":[7.79821,7.5,8.32732],"rotation":{"angle":0,"axis":"y","origin":[7.93777,8.35952,8.13955]},"faces":{"north":{"uv":[5,9.125,5.125,8.5],"rotation":180,"texture":"#0"},"east":{"uv":[5,8.5,5.125,9.125],"texture":"#0"},"south":{"uv":[5,8.5,5.125,9.125],"texture":"#0"},"west":{"uv":[5,8.5,5.125,9.125],"texture":"#0"},"up":{"uv":[5.125,8.5,5,8.625],"rotation":180,"texture":"#0"},"down":{"uv":[5,9,5.125,9.125],"texture":"#0"}}},{"name":"azure_shortsword_69","from":[6.92321,7.375,8.07732],"to":[7.04821,7.5,8.20232],"rotation":{"angle":0,"axis":"y","origin":[7.93777,8.35952,8.13955]},"faces":{"north":{"uv":[7.5,8.625,7.625,8.5],"rotation":180,"texture":"#0"},"east":{"uv":[7.5,8.5,7.625,8.625],"texture":"#0"},"south":{"uv":[7.5,8.5,7.625,8.625],"texture":"#0"},"west":{"uv":[7.5,8.5,7.625,8.625],"texture":"#0"},"up":{"uv":[7.625,8.5,7.5,8.625],"rotation":180,"texture":"#0"},"down":{"uv":[7.5,8.5,7.625,8.625],"texture":"#0"}}},{"name":"azure_shortsword_70","from":[7.29821,7.375,8.07732],"to":[7.42321,7.5,8.20232],"rotation":{"angle":0,"axis":"y","origin":[7.93777,8.35952,8.13955]},"faces":{"north":{"uv":[7.875,8.625,8,8.5],"rotation":180,"texture":"#0"},"east":{"uv":[7.875,8.5,8,8.625],"texture":"#0"},"south":{"uv":[7.875,8.5,8,8.625],"texture":"#0"},"west":{"uv":[7.875,8.5,8,8.625],"texture":"#0"},"up":{"uv":[8,8.5,7.875,8.625],"rotation":180,"texture":"#0"},"down":{"uv":[7.875,8.5,8,8.625],"texture":"#0"}}},{"name":"azure_shortsword_71","from":[7.79821,6.75,7.95232],"to":[7.92321,7.375,8.32732],"rotation":{"angle":0,"axis":"y","origin":[7.93777,8.35952,8.13955]},"faces":{"north":{"uv":[5.125,9.25,5.25,8.625],"rotation":180,"texture":"#0"},"east":{"uv":[5.125,8.625,5.25,9.25],"texture":"#0"},"south":{"uv":[5.125,8.625,5.25,9.25],"texture":"#0"},"west":{"uv":[5.125,8.625,5.25,9.25],"texture":"#0"},"up":{"uv":[5.25,8.625,5.125,8.75],"rotation":180,"texture":"#0"},"down":{"uv":[5.125,9.125,5.25,9.25],"texture":"#0"}}},{"name":"azure_shortsword_72","from":[7.92321,6.625,7.95232],"to":[8.04821,7.25,8.32732],"rotation":{"angle":0,"axis":"y","origin":[7.93777,8.35952,8.13955]},"faces":{"north":{"uv":[5.25,9.375,5.375,8.75],"rotation":180,"texture":"#0"},"east":{"uv":[5.25,8.75,5.375,9.375],"texture":"#0"},"south":{"uv":[5.25,8.75,5.375,9.375],"texture":"#0"},"west":{"uv":[5.25,8.75,5.375,9.375],"texture":"#0"},"up":{"uv":[5.375,8.75,5.25,8.875],"rotation":180,"texture":"#0"},"down":{"uv":[5.25,9.25,5.375,9.375],"texture":"#0"}}},{"name":"azure_shortsword_73","from":[7.54821,7,8.01482],"to":[7.67321,7.125,8.26482],"rotation":{"angle":0,"axis":"y","origin":[7.93777,8.35952,8.13955]},"faces":{"north":{"uv":[4.875,9,5,8.875],"rotation":180,"texture":"#0"},"east":{"uv":[4.875,8.875,5,9],"texture":"#0"},"south":{"uv":[4.875,8.875,5,9],"texture":"#0"},"west":{"uv":[4.875,8.875,5,9],"texture":"#0"},"up":{"uv":[5,8.875,4.875,9],"rotation":180,"texture":"#0"},"down":{"uv":[4.875,8.875,5,9],"texture":"#0"}}},{"name":"azure_shortsword_74","from":[8.04821,6.625,7.95232],"to":[8.17321,7.125,8.32732],"rotation":{"angle":0,"axis":"y","origin":[7.93777,8.35952,8.13955]},"faces":{"north":{"uv":[5.375,9.375,5.5,8.875],"rotation":180,"texture":"#0"},"east":{"uv":[5.375,8.875,5.5,9.375],"texture":"#0"},"south":{"uv":[5.375,8.875,5.5,9.375],"texture":"#0"},"west":{"uv":[5.375,8.875,5.5,9.375],"texture":"#0"},"up":{"uv":[5.5,8.875,5.375,9],"rotation":180,"texture":"#0"},"down":{"uv":[5.375,9.25,5.5,9.375],"texture":"#0"}}},{"name":"azure_shortsword_75","from":[7.42321,5.875,8.07732],"to":[7.54821,7.125,8.20232],"rotation":{"angle":0,"axis":"y","origin":[7.93777,8.35952,8.13955]},"faces":{"north":{"uv":[6.125,10.125,6.25,8.875],"rotation":180,"texture":"#0"},"east":{"uv":[6.125,8.875,6.25,10.125],"texture":"#0"},"south":{"uv":[6.125,8.875,6.25,10.125],"texture":"#0"},"west":{"uv":[6.125,8.875,6.25,10.125],"texture":"#0"},"up":{"uv":[6.25,8.875,6.125,9],"rotation":180,"texture":"#0"},"down":{"uv":[6.125,10,6.25,10.125],"texture":"#0"}}},{"name":"azure_shortsword_76","from":[8.17321,6.625,7.95232],"to":[8.29821,7,8.32732],"rotation":{"angle":0,"axis":"y","origin":[7.93777,8.35952,8.13955]},"faces":{"north":{"uv":[5.5,9.375,5.625,9],"rotation":180,"texture":"#0"},"east":{"uv":[5.5,9,5.625,9.375],"texture":"#0"},"south":{"uv":[5.5,9,5.625,9.375],"texture":"#0"},"west":{"uv":[5.5,9,5.625,9.375],"texture":"#0"},"up":{"uv":[5.625,9,5.5,9.125],"rotation":180,"texture":"#0"},"down":{"uv":[5.5,9.25,5.625,9.375],"texture":"#0"}}},{"name":"azure_shortsword_77","from":[7.54821,5.75,8.07732],"to":[7.67321,7,8.20232],"rotation":{"angle":0,"axis":"y","origin":[7.93777,8.35952,8.13955]},"faces":{"north":{"uv":[6.25,10.25,6.375,9],"rotation":180,"texture":"#0"},"east":{"uv":[6.25,9,6.375,10.25],"texture":"#0"},"south":{"uv":[6.25,9,6.375,10.25],"texture":"#0"},"west":{"uv":[6.25,9,6.375,10.25],"texture":"#0"},"up":{"uv":[6.375,9,6.25,9.125],"rotation":180,"texture":"#0"},"down":{"uv":[6.25,10.125,6.375,10.25],"texture":"#0"}}},{"name":"azure_shortsword_78","from":[8.54821,6.875,8.07732],"to":[8.79821,7,8.20232],"rotation":{"angle":0,"axis":"y","origin":[7.93777,8.35952,8.13955]},"faces":{"north":{"uv":[9.125,9.125,9.375,9],"rotation":180,"texture":"#0"},"east":{"uv":[9.25,9,9.375,9.125],"texture":"#0"},"south":{"uv":[9.125,9,9.375,9.125],"texture":"#0"},"west":{"uv":[9.125,9,9.25,9.125],"texture":"#0"},"up":{"uv":[9.375,9,9.125,9.125],"rotation":180,"texture":"#0"},"down":{"uv":[9.125,9,9.375,9.125],"texture":"#0"}}},{"name":"azure_shortsword_79","from":[7.29821,6.125,8.07732],"to":[7.42321,6.875,8.20232],"rotation":{"angle":0,"axis":"y","origin":[7.93777,8.35952,8.13955]},"faces":{"north":{"uv":[6,9.875,6.125,9.125],"rotation":180,"texture":"#0"},"east":{"uv":[6,9.125,6.125,9.875],"texture":"#0"},"south":{"uv":[6,9.125,6.125,9.875],"texture":"#0"},"west":{"uv":[6,9.125,6.125,9.875],"texture":"#0"},"up":{"uv":[6.125,9.125,6,9.25],"rotation":180,"texture":"#0"},"down":{"uv":[6,9.75,6.125,9.875],"texture":"#0"}}},{"name":"azure_shortsword_80","from":[7.67321,6.75,8.07732],"to":[7.79821,6.875,8.20232],"rotation":{"angle":0,"axis":"y","origin":[7.93777,8.35952,8.13955]},"faces":{"north":{"uv":[6.375,9.25,6.5,9.125],"rotation":180,"texture":"#0"},"east":{"uv":[6.375,9.125,6.5,9.25],"texture":"#0"},"south":{"uv":[6.375,9.125,6.5,9.25],"texture":"#0"},"west":{"uv":[6.375,9.125,6.5,9.25],"texture":"#0"},"up":{"uv":[6.5,9.125,6.375,9.25],"rotation":180,"texture":"#0"},"down":{"uv":[6.375,9.125,6.5,9.25],"texture":"#0"}}},{"name":"azure_shortsword_81","from":[8.29821,6.625,8.01482],"to":[8.54821,6.875,8.26482],"rotation":{"angle":0,"axis":"y","origin":[7.93777,8.35952,8.13955]},"faces":{"north":{"uv":[8.875,9.375,9.125,9.125],"rotation":180,"texture":"#0"},"east":{"uv":[9,9.125,9.125,9.375],"texture":"#0"},"south":{"uv":[8.875,9.125,9.125,9.375],"texture":"#0"},"west":{"uv":[8.875,9.125,9,9.375],"texture":"#0"},"up":{"uv":[9.125,9.125,8.875,9.25],"rotation":180,"texture":"#0"},"down":{"uv":[8.875,9.25,9.125,9.375],"texture":"#0"}}},{"name":"azure_shortsword_82","from":[8.54821,6.75,8.07732],"to":[8.67321,6.875,8.20232],"rotation":{"angle":0,"axis":"y","origin":[7.93777,8.35952,8.13955]},"faces":{"north":{"uv":[9.125,9.25,9.25,9.125],"rotation":180,"texture":"#0"},"east":{"uv":[9.125,9.125,9.25,9.25],"texture":"#0"},"south":{"uv":[9.125,9.125,9.25,9.25],"texture":"#0"},"west":{"uv":[9.125,9.125,9.25,9.25],"texture":"#0"},"up":{"uv":[9.25,9.125,9.125,9.25],"rotation":180,"texture":"#0"},"down":{"uv":[9.125,9.125,9.25,9.25],"texture":"#0"}}},{"name":"azure_shortsword_83","from":[7.92321,5.75,7.95232],"to":[8.29821,6.625,8.32732],"rotation":{"angle":0,"axis":"y","origin":[7.93777,8.35952,8.13955]},"faces":{"north":{"uv":[8.5,10.25,8.875,9.375],"rotation":180,"texture":"#0"},"east":{"uv":[8.75,9.375,8.875,10.25],"texture":"#0"},"south":{"uv":[8.5,9.375,8.875,10.25],"texture":"#0"},"west":{"uv":[8.5,9.375,8.625,10.25],"texture":"#0"},"up":{"uv":[8.875,9.375,8.5,9.5],"rotation":180,"texture":"#0"},"down":{"uv":[8.5,10.125,8.875,10.25],"texture":"#0"}}},{"name":"azure_shortsword_84","from":[7.67321,5.75,8.07732],"to":[7.79821,6.125,8.20232],"rotation":{"angle":0,"axis":"y","origin":[7.93777,8.35952,8.13955]},"faces":{"north":{"uv":[6.375,10.25,6.5,9.875],"rotation":180,"texture":"#0"},"east":{"uv":[6.375,9.875,6.5,10.25],"texture":"#0"},"south":{"uv":[6.375,9.875,6.5,10.25],"texture":"#0"},"west":{"uv":[6.375,9.875,6.5,10.25],"texture":"#0"},"up":{"uv":[6.5,9.875,6.375,10],"rotation":180,"texture":"#0"},"down":{"uv":[6.375,10.125,6.5,10.25],"texture":"#0"}}},{"name":"azure_shortsword_85","from":[7.79821,5.75,8.07732],"to":[7.92321,5.875,8.20232],"rotation":{"angle":0,"axis":"y","origin":[7.93777,8.35952,8.13955]},"faces":{"north":{"uv":[6.5,10.25,6.625,10.125],"rotation":180,"texture":"#0"},"east":{"uv":[6.5,10.125,6.625,10.25],"texture":"#0"},"south":{"uv":[6.5,10.125,6.625,10.25],"texture":"#0"},"west":{"uv":[6.5,10.125,6.625,10.25],"texture":"#0"},"up":{"uv":[6.625,10.125,6.5,10.25],"rotation":180,"texture":"#0"},"down":{"uv":[6.5,10.125,6.625,10.25],"texture":"#0"}}},{"name":"azure_shortsword_86","from":[7.92321,5.5,8.07732],"to":[8.17321,5.75,8.20232],"rotation":{"angle":0,"axis":"y","origin":[7.93777,8.35952,8.13955]},"faces":{"north":{"uv":[7.5,10.5,7.75,10.25],"rotation":180,"texture":"#0"},"east":{"uv":[7.625,10.25,7.75,10.5],"texture":"#0"},"south":{"uv":[7.5,10.25,7.75,10.5],"texture":"#0"},"west":{"uv":[7.5,10.25,7.625,10.5],"texture":"#0"},"up":{"uv":[7.75,10.25,7.5,10.375],"rotation":180,"texture":"#0"},"down":{"uv":[7.5,10.375,7.75,10.5],"texture":"#0"}}},{"name":"azure_shortsword_87","from":[8.17321,5.625,8.07732],"to":[8.42321,5.75,8.20232],"rotation":{"angle":0,"axis":"y","origin":[7.93777,8.35952,8.13955]},"faces":{"north":{"uv":[7.75,10.375,8,10.25],"rotation":180,"texture":"#0"},"east":{"uv":[7.875,10.25,8,10.375],"texture":"#0"},"south":{"uv":[7.75,10.25,8,10.375],"texture":"#0"},"west":{"uv":[7.75,10.25,7.875,10.375],"texture":"#0"},"up":{"uv":[8,10.25,7.75,10.375],"rotation":180,"texture":"#0"},"down":{"uv":[7.75,10.25,8,10.375],"texture":"#0"}}},{"name":"azure_shortsword_88","from":[7.79821,5.25,8.07732],"to":[7.92321,5.625,8.20232],"rotation":{"angle":0,"axis":"y","origin":[7.93777,8.35952,8.13955]},"faces":{"north":{"uv":[7.375,10.75,7.5,10.375],"rotation":180,"texture":"#0"},"east":{"uv":[7.375,10.375,7.5,10.75],"texture":"#0"},"south":{"uv":[7.375,10.375,7.5,10.75],"texture":"#0"},"west":{"uv":[7.375,10.375,7.5,10.75],"texture":"#0"},"up":{"uv":[7.5,10.375,7.375,10.5],"rotation":180,"texture":"#0"},"down":{"uv":[7.375,10.625,7.5,10.75],"texture":"#0"}}},{"name":"azure_shortsword_89","from":[7.67321,5.25,8.07732],"to":[7.79821,5.5,8.20232],"rotation":{"angle":0,"axis":"y","origin":[7.93777,8.35952,8.13955]},"faces":{"north":{"uv":[7.25,10.75,7.375,10.5],"rotation":180,"texture":"#0"},"east":{"uv":[7.25,10.5,7.375,10.75],"texture":"#0"},"south":{"uv":[7.25,10.5,7.375,10.75],"texture":"#0"},"west":{"uv":[7.25,10.5,7.375,10.75],"texture":"#0"},"up":{"uv":[7.375,10.5,7.25,10.625],"rotation":180,"texture":"#0"},"down":{"uv":[7.25,10.625,7.375,10.75],"texture":"#0"}}},{"name":"azure_shortsword_90","from":[7.92321,5.125,8.07732],"to":[8.04821,5.5,8.20232],"rotation":{"angle":0,"axis":"y","origin":[7.93777,8.35952,8.13955]},"faces":{"north":{"uv":[7.5,10.875,7.625,10.5],"rotation":180,"texture":"#0"},"east":{"uv":[7.5,10.5,7.625,10.875],"texture":"#0"},"south":{"uv":[7.5,10.5,7.625,10.875],"texture":"#0"},"west":{"uv":[7.5,10.5,7.625,10.875],"texture":"#0"},"up":{"uv":[7.625,10.5,7.5,10.625],"rotation":180,"texture":"#0"},"down":{"uv":[7.5,10.75,7.625,10.875],"texture":"#0"}}},{"name":"azure_shortsword_91","from":[8.04821,5.125,8.07732],"to":[8.42321,5.375,8.20232],"rotation":{"angle":0,"axis":"y","origin":[7.93777,8.35952,8.13955]},"faces":{"north":{"uv":[7.625,10.875,8,10.625],"rotation":180,"texture":"#0"},"east":{"uv":[7.875,10.625,8,10.875],"texture":"#0"},"south":{"uv":[7.625,10.625,8,10.875],"texture":"#0"},"west":{"uv":[7.625,10.625,7.75,10.875],"texture":"#0"},"up":{"uv":[8,10.625,7.625,10.75],"rotation":180,"texture":"#0"},"down":{"uv":[7.625,10.75,8,10.875],"texture":"#0"}}},{"name":"azure_shortsword_92","from":[8.42321,5,8.07732],"to":[8.54821,5.25,8.20232],"rotation":{"angle":0,"axis":"y","origin":[7.93777,8.35952,8.13955]},"faces":{"north":{"uv":[8,11,8.125,10.75],"rotation":180,"texture":"#0"},"east":{"uv":[8,10.75,8.125,11],"texture":"#0"},"south":{"uv":[8,10.75,8.125,11],"texture":"#0"},"west":{"uv":[8,10.75,8.125,11],"texture":"#0"},"up":{"uv":[8.125,10.75,8,10.875],"rotation":180,"texture":"#0"},"down":{"uv":[8,10.875,8.125,11],"texture":"#0"}}},{"name":"azure_shortsword_93","from":[8.29821,5,8.07732],"to":[8.42321,5.125,8.20232],"rotation":{"angle":0,"axis":"y","origin":[7.93777,8.35952,8.13955]},"faces":{"north":{"uv":[7.875,11,8,10.875],"rotation":180,"texture":"#0"},"east":{"uv":[7.875,10.875,8,11],"texture":"#0"},"south":{"uv":[7.875,10.875,8,11],"texture":"#0"},"west":{"uv":[7.875,10.875,8,11],"texture":"#0"},"up":{"uv":[8,10.875,7.875,11],"rotation":180,"texture":"#0"},"down":{"uv":[7.875,10.875,8,11],"texture":"#0"}}},{"name":"azure_shortsword_94","from":[8.54821,5,8.07732],"to":[8.67321,5.125,8.20232],"rotation":{"angle":0,"axis":"y","origin":[7.93777,8.35952,8.13955]},"faces":{"north":{"uv":[8.125,11,8.25,10.875],"rotation":180,"texture":"#0"},"east":{"uv":[8.125,10.875,8.25,11],"texture":"#0"},"south":{"uv":[8.125,10.875,8.25,11],"texture":"#0"},"west":{"uv":[8.125,10.875,8.25,11],"texture":"#0"},"up":{"uv":[8.25,10.875,8.125,11],"rotation":180,"texture":"#0"},"down":{"uv":[8.125,10.875,8.25,11],"texture":"#0"}}}],"gui_light":"front","display":{"thirdperson_righthand":{"rotation":[0,-90,0],"translation":[0.25,2,0.5],"scale":[2.6,2.6,2.6]},"thirdperson_lefthand":{"rotation":[0,90,0],"translation":[-0.25,2,0.5],"scale":[2.6,2.6,2.6]},"firstperson_righthand":{"rotation":[10,-90,25],"translation":[0.5,5.25,3.5],"scale":[1.4,1.4,1.4]},"firstperson_lefthand":{"rotation":[10,90,-25],"translation":[0.5,5.25,3.5],"scale":[1.4,1.4,1.4]},"ground":{"rotation":[0,0,45],"translation":[0,-1.25,0.25]},"gui":{"rotation":[0,0,-45],"translation":[-1.5,-0.5,0],"scale":[2.6,2.6,2.6]},"head":{"rotation":[0,0,45],"translation":[0,19,0],"scale":[2,2,2]},"fixed":{"rotation":[0,0,90],"translation":[2,0,-2],"scale":[4,4,4]}}}