{"textures":{"1":"fantasy_weapons:item/berserkers_cleaver","particle":"fantasy_weapons:item/berserkers_cleaver"},"elements":[{"name":"berserkers_cleaver_0","from":[7.3125,15.625,7.875],"to":[8.6875,15.875,8.125],"rotation":{"angle":0,"axis":"y","origin":[-2.6875,0,7.9375]},"faces":{"north":{"uv":[3.375,0.125,2,0.375],"texture":"#1"},"east":{"uv":[3.25,0.125,3.375,0.375],"texture":"#1"},"south":{"uv":[2,0.125,3.375,0.375],"texture":"#1"},"west":{"uv":[2,0.125,2.125,0.375],"texture":"#1"},"up":{"uv":[2,0.125,3.375,0.25],"texture":"#1"},"down":{"uv":[2,0.25,3.375,0.375],"texture":"#1"}}},{"name":"berserkers_cleaver_1","from":[6.6875,15.75,7.9375],"to":[7.0625,15.875,8.0625],"rotation":{"angle":0,"axis":"y","origin":[-2.6875,0,7.9375]},"faces":{"north":{"uv":[5.25,0.125,4.875,0.25],"texture":"#1"},"east":{"uv":[5.125,0.125,5.25,0.25],"texture":"#1"},"south":{"uv":[4.875,0.125,5.25,0.25],"texture":"#1"},"west":{"uv":[4.875,0.125,5,0.25],"texture":"#1"},"up":{"uv":[4.875,0.125,5.25,0.25],"texture":"#1"},"down":{"uv":[4.875,0.125,5.25,0.25],"texture":"#1"}}},{"name":"berserkers_cleaver_2","from":[8.9375,15.375,7.9375],"to":[9.1875,15.875,8.0625],"rotation":{"angle":0,"axis":"y","origin":[-2.6875,0,7.9375]},"faces":{"north":{"uv":[7.375,0.125,7.125,0.625],"texture":"#1"},"east":{"uv":[7.25,0.125,7.375,0.625],"texture":"#1"},"south":{"uv":[7.125,0.125,7.375,0.625],"texture":"#1"},"west":{"uv":[7.125,0.125,7.25,0.625],"texture":"#1"},"up":{"uv":[7.125,0.125,7.375,0.25],"texture":"#1"},"down":{"uv":[7.125,0.5,7.375,0.625],"texture":"#1"}}},{"name":"berserkers_cleaver_3","from":[9.1875,15.75,7.9375],"to":[9.3125,15.875,8.0625],"rotation":{"angle":0,"axis":"y","origin":[-2.6875,0,7.9375]},"faces":{"north":{"uv":[7.5,0.125,7.375,0.25],"texture":"#1"},"east":{"uv":[7.375,0.125,7.5,0.25],"texture":"#1"},"south":{"uv":[7.375,0.125,7.5,0.25],"texture":"#1"},"west":{"uv":[7.375,0.125,7.5,0.25],"texture":"#1"},"up":{"uv":[7.375,0.125,7.5,0.25],"texture":"#1"},"down":{"uv":[7.375,0.125,7.5,0.25],"texture":"#1"}}},{"name":"berserkers_cleaver_4","from":[7.0625,15.5,7.90625],"to":[7.3125,15.875,8.09375],"rotation":{"angle":0,"axis":"y","origin":[-2.6875,0,7.9375]},"faces":{"north":{"uv":[8.375,0.125,8.125,0.5],"texture":"#1"},"east":{"uv":[8.25,0.125,8.375,0.5],"texture":"#1"},"south":{"uv":[8.125,0.125,8.375,0.5],"texture":"#1"},"west":{"uv":[8.125,0.125,8.25,0.5],"texture":"#1"},"up":{"uv":[8.125,0.125,8.375,0.25],"texture":"#1"},"down":{"uv":[8.125,0.375,8.375,0.5],"texture":"#1"}}},{"name":"berserkers_cleaver_5","from":[8.6875,15.5,7.90625],"to":[8.9375,15.875,8.09375],"rotation":{"angle":0,"axis":"y","origin":[-2.6875,0,7.9375]},"faces":{"north":{"uv":[10,0.125,9.75,0.5],"texture":"#1"},"east":{"uv":[9.875,0.125,10,0.5],"texture":"#1"},"south":{"uv":[9.75,0.125,10,0.5],"texture":"#1"},"west":{"uv":[9.75,0.125,9.875,0.5],"texture":"#1"},"up":{"uv":[9.75,0.125,10,0.25],"texture":"#1"},"down":{"uv":[9.75,0.375,10,0.5],"texture":"#1"}}},{"name":"berserkers_cleaver_6","from":[6.8125,15.375,7.9375],"to":[7.0625,15.75,8.0625],"rotation":{"angle":0,"axis":"y","origin":[-2.6875,0,7.9375]},"faces":{"north":{"uv":[5.25,0.25,5,0.625],"texture":"#1"},"east":{"uv":[5.125,0.25,5.25,0.625],"texture":"#1"},"south":{"uv":[5,0.25,5.25,0.625],"texture":"#1"},"west":{"uv":[5,0.25,5.125,0.625],"texture":"#1"},"up":{"uv":[5,0.25,5.25,0.375],"texture":"#1"},"down":{"uv":[5,0.5,5.25,0.625],"texture":"#1"}}},{"name":"berserkers_cleaver_7","from":[7.4375,14.75,7.875],"to":[8.5625,15.625,8.125],"rotation":{"angle":0,"axis":"y","origin":[-2.6875,0,7.9375]},"faces":{"north":{"uv":[3.25,0.375,2.125,1.25],"texture":"#1"},"east":{"uv":[3.125,0.375,3.25,1.25],"texture":"#1"},"south":{"uv":[2.125,0.375,3.25,1.25],"texture":"#1"},"west":{"uv":[2.125,0.375,2.25,1.25],"texture":"#1"},"up":{"uv":[2.125,0.375,3.25,0.5],"texture":"#1"},"down":{"uv":[2.125,1.125,3.25,1.25],"texture":"#1"}}},{"name":"berserkers_cleaver_8","from":[7.3125,12.5,7.90625],"to":[7.4375,15.625,8.09375],"rotation":{"angle":0,"axis":"y","origin":[-2.6875,0,7.9375]},"faces":{"north":{"uv":[8.5,0.375,8.375,3.5],"texture":"#1"},"east":{"uv":[8.375,0.375,8.5,3.5],"texture":"#1"},"south":{"uv":[8.375,0.375,8.5,3.5],"texture":"#1"},"west":{"uv":[8.375,0.375,8.5,3.5],"texture":"#1"},"up":{"uv":[8.375,0.375,8.5,0.5],"texture":"#1"},"down":{"uv":[8.375,3.375,8.5,3.5],"texture":"#1"}}},{"name":"berserkers_cleaver_9","from":[8.5625,12.5,7.90625],"to":[8.6875,15.625,8.09375],"rotation":{"angle":0,"axis":"y","origin":[-2.6875,0,7.9375]},"faces":{"north":{"uv":[9.75,0.375,9.625,3.5],"texture":"#1"},"east":{"uv":[9.625,0.375,9.75,3.5],"texture":"#1"},"south":{"uv":[9.625,0.375,9.75,3.5],"texture":"#1"},"west":{"uv":[9.625,0.375,9.75,3.5],"texture":"#1"},"up":{"uv":[9.625,0.375,9.75,0.5],"texture":"#1"},"down":{"uv":[9.625,3.375,9.75,3.5],"texture":"#1"}}},{"name":"berserkers_cleaver_10","from":[7.0625,12.375,7.9375],"to":[7.1875,15.5,8.0625],"rotation":{"angle":0,"axis":"y","origin":[-2.6875,0,7.9375]},"faces":{"north":{"uv":[5.375,0.5,5.25,3.625],"texture":"#1"},"east":{"uv":[5.25,0.5,5.375,3.625],"texture":"#1"},"south":{"uv":[5.25,0.5,5.375,3.625],"texture":"#1"},"west":{"uv":[5.25,0.5,5.375,3.625],"texture":"#1"},"up":{"uv":[5.25,0.5,5.375,0.625],"texture":"#1"},"down":{"uv":[5.25,3.5,5.375,3.625],"texture":"#1"}}},{"name":"berserkers_cleaver_11","from":[8.8125,12.375,7.9375],"to":[8.9375,15.5,8.0625],"rotation":{"angle":0,"axis":"y","origin":[-2.6875,0,7.9375]},"faces":{"north":{"uv":[7.125,0.5,7,3.625],"texture":"#1"},"east":{"uv":[7,0.5,7.125,3.625],"texture":"#1"},"south":{"uv":[7,0.5,7.125,3.625],"texture":"#1"},"west":{"uv":[7,0.5,7.125,3.625],"texture":"#1"},"up":{"uv":[7,0.5,7.125,0.625],"texture":"#1"},"down":{"uv":[7,3.5,7.125,3.625],"texture":"#1"}}},{"name":"berserkers_cleaver_12","from":[7.1875,14.625,7.90625],"to":[7.3125,15.5,8.09375],"rotation":{"angle":0,"axis":"y","origin":[-2.6875,0,7.9375]},"faces":{"north":{"uv":[8.375,0.5,8.25,1.375],"texture":"#1"},"east":{"uv":[8.25,0.5,8.375,1.375],"texture":"#1"},"south":{"uv":[8.25,0.5,8.375,1.375],"texture":"#1"},"west":{"uv":[8.25,0.5,8.375,1.375],"texture":"#1"},"up":{"uv":[8.25,0.5,8.375,0.625],"texture":"#1"},"down":{"uv":[8.25,1.25,8.375,1.375],"texture":"#1"}}},{"name":"berserkers_cleaver_13","from":[8.6875,14.625,7.90625],"to":[8.8125,15.5,8.09375],"rotation":{"angle":0,"axis":"y","origin":[-2.6875,0,7.9375]},"faces":{"north":{"uv":[9.875,0.5,9.75,1.375],"texture":"#1"},"east":{"uv":[9.75,0.5,9.875,1.375],"texture":"#1"},"south":{"uv":[9.75,0.5,9.875,1.375],"texture":"#1"},"west":{"uv":[9.75,0.5,9.875,1.375],"texture":"#1"},"up":{"uv":[9.75,0.5,9.875,0.625],"texture":"#1"},"down":{"uv":[9.75,1.25,9.875,1.375],"texture":"#1"}}},{"name":"berserkers_cleaver_14","from":[6.9375,14.5,7.9375],"to":[7.0625,15.375,8.0625],"rotation":{"angle":0,"axis":"y","origin":[-2.6875,0,7.9375]},"faces":{"north":{"uv":[5.25,0.625,5.125,1.5],"texture":"#1"},"east":{"uv":[5.125,0.625,5.25,1.5],"texture":"#1"},"south":{"uv":[5.125,0.625,5.25,1.5],"texture":"#1"},"west":{"uv":[5.125,0.625,5.25,1.5],"texture":"#1"},"up":{"uv":[5.125,0.625,5.25,0.75],"texture":"#1"},"down":{"uv":[5.125,1.375,5.25,1.5],"texture":"#1"}}},{"name":"berserkers_cleaver_15","from":[8.9375,14.5,7.9375],"to":[9.0625,15.375,8.0625],"rotation":{"angle":0,"axis":"y","origin":[-2.6875,0,7.9375]},"faces":{"north":{"uv":[7.25,0.625,7.125,1.5],"texture":"#1"},"east":{"uv":[7.125,0.625,7.25,1.5],"texture":"#1"},"south":{"uv":[7.125,0.625,7.25,1.5],"texture":"#1"},"west":{"uv":[7.125,0.625,7.25,1.5],"texture":"#1"},"up":{"uv":[7.125,0.625,7.25,0.75],"texture":"#1"},"down":{"uv":[7.125,1.375,7.25,1.5],"texture":"#1"}}},{"name":"berserkers_cleaver_16","from":[7.5625,13.125,7.875],"to":[8.4375,14.75,8.125],"rotation":{"angle":0,"axis":"y","origin":[-2.6875,0,7.9375]},"faces":{"north":{"uv":[3.125,1.25,2.25,2.875],"texture":"#1"},"east":{"uv":[3,1.25,3.125,2.875],"texture":"#1"},"south":{"uv":[2.25,1.25,3.125,2.875],"texture":"#1"},"west":{"uv":[2.25,1.25,2.375,2.875],"texture":"#1"},"up":{"uv":[2.25,1.25,3.125,1.375],"texture":"#1"},"down":{"uv":[2.25,2.75,3.125,2.875],"texture":"#1"}}},{"name":"berserkers_cleaver_17","from":[7.4375,13.125,7.90625],"to":[7.5625,14.75,8.09375],"rotation":{"angle":0,"axis":"y","origin":[-2.6875,0,7.9375]},"faces":{"north":{"uv":[8.625,1.25,8.5,2.875],"texture":"#1"},"east":{"uv":[8.5,1.25,8.625,2.875],"texture":"#1"},"south":{"uv":[8.5,1.25,8.625,2.875],"texture":"#1"},"west":{"uv":[8.5,1.25,8.625,2.875],"texture":"#1"},"up":{"uv":[8.5,1.25,8.625,1.375],"texture":"#1"},"down":{"uv":[8.5,2.75,8.625,2.875],"texture":"#1"}}},{"name":"berserkers_cleaver_18","from":[8.4375,13.125,7.90625],"to":[8.5625,14.75,8.09375],"rotation":{"angle":0,"axis":"y","origin":[-2.6875,0,7.9375]},"faces":{"north":{"uv":[9.625,1.25,9.5,2.875],"texture":"#1"},"east":{"uv":[9.5,1.25,9.625,2.875],"texture":"#1"},"south":{"uv":[9.5,1.25,9.625,2.875],"texture":"#1"},"west":{"uv":[9.5,1.25,9.625,2.875],"texture":"#1"},"up":{"uv":[9.5,1.25,9.625,1.375],"texture":"#1"},"down":{"uv":[9.5,2.75,9.625,2.875],"texture":"#1"}}},{"name":"berserkers_cleaver_19","from":[7.1875,6.375,7.9375],"to":[7.3125,14.625,8.0625],"rotation":{"angle":0,"axis":"y","origin":[-2.6875,0,7.9375]},"faces":{"north":{"uv":[5.5,1.375,5.375,9.625],"texture":"#1"},"east":{"uv":[5.375,1.375,5.5,9.625],"texture":"#1"},"south":{"uv":[5.375,1.375,5.5,9.625],"texture":"#1"},"west":{"uv":[5.375,1.375,5.5,9.625],"texture":"#1"},"up":{"uv":[5.375,1.375,5.5,1.5],"texture":"#1"},"down":{"uv":[5.375,9.5,5.5,9.625],"texture":"#1"}}},{"name":"berserkers_cleaver_20","from":[8.6875,6.375,7.9375],"to":[8.8125,14.625,8.0625],"rotation":{"angle":0,"axis":"y","origin":[-2.6875,0,7.9375]},"faces":{"north":{"uv":[7,1.375,6.875,9.625],"texture":"#1"},"east":{"uv":[6.875,1.375,7,9.625],"texture":"#1"},"south":{"uv":[6.875,1.375,7,9.625],"texture":"#1"},"west":{"uv":[6.875,1.375,7,9.625],"texture":"#1"},"up":{"uv":[6.875,1.375,7,1.5],"texture":"#1"},"down":{"uv":[6.875,9.5,7,9.625],"texture":"#1"}}},{"name":"berserkers_cleaver_21","from":[7.8125,5.75,7.875],"to":[8.1875,13.125,8.125],"rotation":{"angle":0,"axis":"y","origin":[-2.6875,0,7.9375]},"faces":{"north":{"uv":[2.875,2.875,2.5,10.25],"texture":"#1"},"east":{"uv":[2.75,2.875,2.875,10.25],"texture":"#1"},"south":{"uv":[2.5,2.875,2.875,10.25],"texture":"#1"},"west":{"uv":[2.5,2.875,2.625,10.25],"texture":"#1"},"up":{"uv":[2.5,2.875,2.875,3],"texture":"#1"},"down":{"uv":[2.5,10.125,2.875,10.25],"texture":"#1"}}},{"name":"berserkers_cleaver_22","from":[7.4375,13,7.9375],"to":[7.8125,13.125,8.0625],"rotation":{"angle":0,"axis":"y","origin":[-2.6875,0,7.9375]},"faces":{"north":{"uv":[13,2.875,12.625,3],"texture":"#1"},"east":{"uv":[12.875,2.875,13,3],"texture":"#1"},"south":{"uv":[12.625,2.875,13,3],"texture":"#1"},"west":{"uv":[12.625,2.875,12.75,3],"texture":"#1"},"up":{"uv":[12.625,2.875,13,3],"texture":"#1"},"down":{"uv":[12.625,2.875,13,3],"texture":"#1"}}},{"name":"berserkers_cleaver_23","from":[8.1875,12.875,7.9375],"to":[8.4375,13.125,8.0625],"rotation":{"angle":0,"axis":"y","origin":[-2.6875,0,7.9375]},"faces":{"north":{"uv":[13.625,2.875,13.375,3.125],"texture":"#1"},"east":{"uv":[13.5,2.875,13.625,3.125],"texture":"#1"},"south":{"uv":[13.375,2.875,13.625,3.125],"texture":"#1"},"west":{"uv":[13.375,2.875,13.5,3.125],"texture":"#1"},"up":{"uv":[13.375,2.875,13.625,3],"texture":"#1"},"down":{"uv":[13.375,3,13.625,3.125],"texture":"#1"}}},{"name":"berserkers_cleaver_24","from":[8.4375,13,7.9375],"to":[8.5625,13.125,8.0625],"rotation":{"angle":0,"axis":"y","origin":[-2.6875,0,7.9375]},"faces":{"north":{"uv":[13.75,2.875,13.625,3],"texture":"#1"},"east":{"uv":[13.625,2.875,13.75,3],"texture":"#1"},"south":{"uv":[13.625,2.875,13.75,3],"texture":"#1"},"west":{"uv":[13.625,2.875,13.75,3],"texture":"#1"},"up":{"uv":[13.625,2.875,13.75,3],"texture":"#1"},"down":{"uv":[13.625,2.875,13.75,3],"texture":"#1"}}},{"name":"berserkers_cleaver_25","from":[7.4375,7.25,7.90625],"to":[7.5625,13,8.09375],"rotation":{"angle":0,"axis":"y","origin":[-2.6875,0,7.9375]},"faces":{"north":{"uv":[8.625,3,8.5,8.75],"texture":"#1"},"east":{"uv":[8.5,3,8.625,8.75],"texture":"#1"},"south":{"uv":[8.5,3,8.625,8.75],"texture":"#1"},"west":{"uv":[8.5,3,8.625,8.75],"texture":"#1"},"up":{"uv":[8.5,3,8.625,3.125],"texture":"#1"},"down":{"uv":[8.5,8.625,8.625,8.75],"texture":"#1"}}},{"name":"berserkers_cleaver_26","from":[8.4375,7.25,7.90625],"to":[8.5625,13,8.09375],"rotation":{"angle":0,"axis":"y","origin":[-2.6875,0,7.9375]},"faces":{"north":{"uv":[9.625,3,9.5,8.75],"texture":"#1"},"east":{"uv":[9.5,3,9.625,8.75],"texture":"#1"},"south":{"uv":[9.5,3,9.625,8.75],"texture":"#1"},"west":{"uv":[9.5,3,9.625,8.75],"texture":"#1"},"up":{"uv":[9.5,3,9.625,3.125],"texture":"#1"},"down":{"uv":[9.5,8.625,9.625,8.75],"texture":"#1"}}},{"name":"berserkers_cleaver_27","from":[7.5625,12.875,7.9375],"to":[7.8125,13,8.0625],"rotation":{"angle":0,"axis":"y","origin":[-2.6875,0,7.9375]},"faces":{"north":{"uv":[13,3,12.75,3.125],"texture":"#1"},"east":{"uv":[12.875,3,13,3.125],"texture":"#1"},"south":{"uv":[12.75,3,13,3.125],"texture":"#1"},"west":{"uv":[12.75,3,12.875,3.125],"texture":"#1"},"up":{"uv":[12.75,3,13,3.125],"texture":"#1"},"down":{"uv":[12.75,3,13,3.125],"texture":"#1"}}},{"name":"berserkers_cleaver_28","from":[7.5625,12.625,7.875],"to":[7.6875,12.875,8.125],"rotation":{"angle":0,"axis":"y","origin":[-2.6875,0,7.9375]},"faces":{"north":{"uv":[2.375,3.125,2.25,3.375],"texture":"#1"},"east":{"uv":[2.25,3.125,2.375,3.375],"texture":"#1"},"south":{"uv":[2.25,3.125,2.375,3.375],"texture":"#1"},"west":{"uv":[2.25,3.125,2.375,3.375],"texture":"#1"},"up":{"uv":[2.25,3.125,2.375,3.25],"texture":"#1"},"down":{"uv":[2.25,3.25,2.375,3.375],"texture":"#1"}}},{"name":"berserkers_cleaver_29","from":[8.3125,12.625,7.875],"to":[8.4375,12.875,8.125],"rotation":{"angle":0,"axis":"y","origin":[-2.6875,0,7.9375]},"faces":{"north":{"uv":[3.125,3.125,3,3.375],"texture":"#1"},"east":{"uv":[3,3.125,3.125,3.375],"texture":"#1"},"south":{"uv":[3,3.125,3.125,3.375],"texture":"#1"},"west":{"uv":[3,3.125,3.125,3.375],"texture":"#1"},"up":{"uv":[3,3.125,3.125,3.25],"texture":"#1"},"down":{"uv":[3,3.25,3.125,3.375],"texture":"#1"}}},{"name":"berserkers_cleaver_30","from":[7.6875,7.25,7.9375],"to":[7.8125,12.875,8.0625],"rotation":{"angle":0,"axis":"y","origin":[-2.6875,0,7.9375]},"faces":{"north":{"uv":[13,3.125,12.875,8.75],"texture":"#1"},"east":{"uv":[12.875,3.125,13,8.75],"texture":"#1"},"south":{"uv":[12.875,3.125,13,8.75],"texture":"#1"},"west":{"uv":[12.875,3.125,13,8.75],"texture":"#1"},"up":{"uv":[12.875,3.125,13,3.25],"texture":"#1"},"down":{"uv":[12.875,8.625,13,8.75],"texture":"#1"}}},{"name":"berserkers_cleaver_31","from":[8.1875,7.25,7.9375],"to":[8.3125,12.875,8.0625],"rotation":{"angle":0,"axis":"y","origin":[-2.6875,0,7.9375]},"faces":{"north":{"uv":[13.5,3.125,13.375,8.75],"texture":"#1"},"east":{"uv":[13.375,3.125,13.5,8.75],"texture":"#1"},"south":{"uv":[13.375,3.125,13.5,8.75],"texture":"#1"},"west":{"uv":[13.375,3.125,13.5,8.75],"texture":"#1"},"up":{"uv":[13.375,3.125,13.5,3.25],"texture":"#1"},"down":{"uv":[13.375,8.625,13.5,8.75],"texture":"#1"}}},{"name":"berserkers_cleaver_32","from":[7.5625,8.75,7.90625],"to":[7.6875,12.625,8.09375],"rotation":{"angle":0,"axis":"y","origin":[-2.6875,0,7.9375]},"faces":{"north":{"uv":[8.75,3.375,8.625,7.25],"texture":"#1"},"east":{"uv":[8.625,3.375,8.75,7.25],"texture":"#1"},"south":{"uv":[8.625,3.375,8.75,7.25],"texture":"#1"},"west":{"uv":[8.625,3.375,8.75,7.25],"texture":"#1"},"up":{"uv":[8.625,3.375,8.75,3.5],"texture":"#1"},"down":{"uv":[8.625,7.125,8.75,7.25],"texture":"#1"}}},{"name":"berserkers_cleaver_33","from":[8.3125,8.75,7.90625],"to":[8.4375,12.625,8.09375],"rotation":{"angle":0,"axis":"y","origin":[-2.6875,0,7.9375]},"faces":{"north":{"uv":[9.5,3.375,9.375,7.25],"texture":"#1"},"east":{"uv":[9.375,3.375,9.5,7.25],"texture":"#1"},"south":{"uv":[9.375,3.375,9.5,7.25],"texture":"#1"},"west":{"uv":[9.375,3.375,9.5,7.25],"texture":"#1"},"up":{"uv":[9.375,3.375,9.5,3.5],"texture":"#1"},"down":{"uv":[9.375,7.125,9.5,7.25],"texture":"#1"}}},{"name":"berserkers_cleaver_34","from":[7.3125,8.875,7.9375],"to":[7.4375,12.5,8.0625],"rotation":{"angle":0,"axis":"y","origin":[-2.6875,0,7.9375]},"faces":{"north":{"uv":[5.625,3.5,5.5,7.125],"texture":"#1"},"east":{"uv":[5.5,3.5,5.625,7.125],"texture":"#1"},"south":{"uv":[5.5,3.5,5.625,7.125],"texture":"#1"},"west":{"uv":[5.5,3.5,5.625,7.125],"texture":"#1"},"up":{"uv":[5.5,3.5,5.625,3.625],"texture":"#1"},"down":{"uv":[5.5,7,5.625,7.125],"texture":"#1"}}},{"name":"berserkers_cleaver_35","from":[8.5625,8.875,7.9375],"to":[8.6875,12.5,8.0625],"rotation":{"angle":0,"axis":"y","origin":[-2.6875,0,7.9375]},"faces":{"north":{"uv":[6.875,3.5,6.75,7.125],"texture":"#1"},"east":{"uv":[6.75,3.5,6.875,7.125],"texture":"#1"},"south":{"uv":[6.75,3.5,6.875,7.125],"texture":"#1"},"west":{"uv":[6.75,3.5,6.875,7.125],"texture":"#1"},"up":{"uv":[6.75,3.5,6.875,3.625],"texture":"#1"},"down":{"uv":[6.75,7,6.875,7.125],"texture":"#1"}}},{"name":"berserkers_cleaver_36","from":[7.0625,5.625,7.9375],"to":[7.1875,9,8.0625],"rotation":{"angle":0,"axis":"y","origin":[-2.6875,0,7.9375]},"faces":{"north":{"uv":[5.375,7,5.25,10.375],"texture":"#1"},"east":{"uv":[5.25,7,5.375,10.375],"texture":"#1"},"south":{"uv":[5.25,7,5.375,10.375],"texture":"#1"},"west":{"uv":[5.25,7,5.375,10.375],"texture":"#1"},"up":{"uv":[5.25,7,5.375,7.125],"texture":"#1"},"down":{"uv":[5.25,10.25,5.375,10.375],"texture":"#1"}}},{"name":"berserkers_cleaver_37","from":[8.8125,5.625,7.9375],"to":[8.9375,9,8.0625],"rotation":{"angle":0,"axis":"y","origin":[-2.6875,0,7.9375]},"faces":{"north":{"uv":[7.125,7,7,10.375],"texture":"#1"},"east":{"uv":[7,7,7.125,10.375],"texture":"#1"},"south":{"uv":[7,7,7.125,10.375],"texture":"#1"},"west":{"uv":[7,7,7.125,10.375],"texture":"#1"},"up":{"uv":[7,7,7.125,7.125],"texture":"#1"},"down":{"uv":[7,10.25,7.125,10.375],"texture":"#1"}}},{"name":"berserkers_cleaver_38","from":[7.3125,6.5,7.90625],"to":[7.4375,8.875,8.09375],"rotation":{"angle":0,"axis":"y","origin":[-2.6875,0,7.9375]},"faces":{"north":{"uv":[8.5,7.125,8.375,9.5],"texture":"#1"},"east":{"uv":[8.375,7.125,8.5,9.5],"texture":"#1"},"south":{"uv":[8.375,7.125,8.5,9.5],"texture":"#1"},"west":{"uv":[8.375,7.125,8.5,9.5],"texture":"#1"},"up":{"uv":[8.375,7.125,8.5,7.25],"texture":"#1"},"down":{"uv":[8.375,9.375,8.5,9.5],"texture":"#1"}}},{"name":"berserkers_cleaver_39","from":[8.5625,6.5,7.90625],"to":[8.6875,8.875,8.09375],"rotation":{"angle":0,"axis":"y","origin":[-2.6875,0,7.9375]},"faces":{"north":{"uv":[9.75,7.125,9.625,9.5],"texture":"#1"},"east":{"uv":[9.625,7.125,9.75,9.5],"texture":"#1"},"south":{"uv":[9.625,7.125,9.75,9.5],"texture":"#1"},"west":{"uv":[9.625,7.125,9.75,9.5],"texture":"#1"},"up":{"uv":[9.625,7.125,9.75,7.25],"texture":"#1"},"down":{"uv":[9.625,9.375,9.75,9.5],"texture":"#1"}}},{"name":"berserkers_cleaver_40","from":[7.5625,7.375,7.875],"to":[7.6875,8.75,8.125],"rotation":{"angle":0,"axis":"y","origin":[-2.6875,0,7.9375]},"faces":{"north":{"uv":[2.375,7.25,2.25,8.625],"texture":"#1"},"east":{"uv":[2.25,7.25,2.375,8.625],"texture":"#1"},"south":{"uv":[2.25,7.25,2.375,8.625],"texture":"#1"},"west":{"uv":[2.25,7.25,2.375,8.625],"texture":"#1"},"up":{"uv":[2.25,7.25,2.375,7.375],"texture":"#1"},"down":{"uv":[2.25,8.5,2.375,8.625],"texture":"#1"}}},{"name":"berserkers_cleaver_41","from":[8.3125,7.375,7.875],"to":[8.4375,8.75,8.125],"rotation":{"angle":0,"axis":"y","origin":[-2.6875,0,7.9375]},"faces":{"north":{"uv":[3.125,7.25,3,8.625],"texture":"#1"},"east":{"uv":[3,7.25,3.125,8.625],"texture":"#1"},"south":{"uv":[3,7.25,3.125,8.625],"texture":"#1"},"west":{"uv":[3,7.25,3.125,8.625],"texture":"#1"},"up":{"uv":[3,7.25,3.125,7.375],"texture":"#1"},"down":{"uv":[3,8.5,3.125,8.625],"texture":"#1"}}},{"name":"berserkers_cleaver_42","from":[7.5625,7.125,7.9375],"to":[7.6875,7.375,8.0625],"rotation":{"angle":0,"axis":"y","origin":[-2.6875,0,7.9375]},"faces":{"north":{"uv":[12.875,8.625,12.75,8.875],"texture":"#1"},"east":{"uv":[12.75,8.625,12.875,8.875],"texture":"#1"},"south":{"uv":[12.75,8.625,12.875,8.875],"texture":"#1"},"west":{"uv":[12.75,8.625,12.875,8.875],"texture":"#1"},"up":{"uv":[12.75,8.625,12.875,8.75],"texture":"#1"},"down":{"uv":[12.75,8.75,12.875,8.875],"texture":"#1"}}},{"name":"berserkers_cleaver_43","from":[8.3125,7.125,7.9375],"to":[8.4375,7.375,8.0625],"rotation":{"angle":0,"axis":"y","origin":[-2.6875,0,7.9375]},"faces":{"north":{"uv":[13.625,8.625,13.5,8.875],"texture":"#1"},"east":{"uv":[13.5,8.625,13.625,8.875],"texture":"#1"},"south":{"uv":[13.5,8.625,13.625,8.875],"texture":"#1"},"west":{"uv":[13.5,8.625,13.625,8.875],"texture":"#1"},"up":{"uv":[13.5,8.625,13.625,8.75],"texture":"#1"},"down":{"uv":[13.5,8.75,13.625,8.875],"texture":"#1"}}},{"name":"berserkers_cleaver_44","from":[7.6875,6.875,7.875],"to":[7.8125,7.25,8.125],"rotation":{"angle":0,"axis":"y","origin":[-2.6875,0,7.9375]},"faces":{"north":{"uv":[2.5,8.75,2.375,9.125],"texture":"#1"},"east":{"uv":[2.375,8.75,2.5,9.125],"texture":"#1"},"south":{"uv":[2.375,8.75,2.5,9.125],"texture":"#1"},"west":{"uv":[2.375,8.75,2.5,9.125],"texture":"#1"},"up":{"uv":[2.375,8.75,2.5,8.875],"texture":"#1"},"down":{"uv":[2.375,9,2.5,9.125],"texture":"#1"}}},{"name":"berserkers_cleaver_45","from":[8.1875,6.875,7.875],"to":[8.3125,7.25,8.125],"rotation":{"angle":0,"axis":"y","origin":[-2.6875,0,7.9375]},"faces":{"north":{"uv":[3,8.75,2.875,9.125],"texture":"#1"},"east":{"uv":[2.875,8.75,3,9.125],"texture":"#1"},"south":{"uv":[2.875,8.75,3,9.125],"texture":"#1"},"west":{"uv":[2.875,8.75,3,9.125],"texture":"#1"},"up":{"uv":[2.875,8.75,3,8.875],"texture":"#1"},"down":{"uv":[2.875,9,3,9.125],"texture":"#1"}}},{"name":"berserkers_cleaver_46","from":[7.4375,7,7.9375],"to":[7.5625,7.25,8.0625],"rotation":{"angle":0,"axis":"y","origin":[-2.6875,0,7.9375]},"faces":{"north":{"uv":[12.75,8.75,12.625,9],"texture":"#1"},"east":{"uv":[12.625,8.75,12.75,9],"texture":"#1"},"south":{"uv":[12.625,8.75,12.75,9],"texture":"#1"},"west":{"uv":[12.625,8.75,12.75,9],"texture":"#1"},"up":{"uv":[12.625,8.75,12.75,8.875],"texture":"#1"},"down":{"uv":[12.625,8.875,12.75,9],"texture":"#1"}}},{"name":"berserkers_cleaver_47","from":[8.4375,7,7.9375],"to":[8.5625,7.25,8.0625],"rotation":{"angle":0,"axis":"y","origin":[-2.6875,0,7.9375]},"faces":{"north":{"uv":[13.75,8.75,13.625,9],"texture":"#1"},"east":{"uv":[13.625,8.75,13.75,9],"texture":"#1"},"south":{"uv":[13.625,8.75,13.75,9],"texture":"#1"},"west":{"uv":[13.625,8.75,13.75,9],"texture":"#1"},"up":{"uv":[13.625,8.75,13.75,8.875],"texture":"#1"},"down":{"uv":[13.625,8.875,13.75,9],"texture":"#1"}}},{"name":"berserkers_cleaver_48","from":[7.5625,6.75,7.875],"to":[7.6875,7.125,8.125],"rotation":{"angle":0,"axis":"y","origin":[-2.6875,0,7.9375]},"faces":{"north":{"uv":[2.375,8.875,2.25,9.25],"texture":"#1"},"east":{"uv":[2.25,8.875,2.375,9.25],"texture":"#1"},"south":{"uv":[2.25,8.875,2.375,9.25],"texture":"#1"},"west":{"uv":[2.25,8.875,2.375,9.25],"texture":"#1"},"up":{"uv":[2.25,8.875,2.375,9],"texture":"#1"},"down":{"uv":[2.25,9.125,2.375,9.25],"texture":"#1"}}},{"name":"berserkers_cleaver_49","from":[8.3125,6.75,7.875],"to":[8.4375,7.125,8.125],"rotation":{"angle":0,"axis":"y","origin":[-2.6875,0,7.9375]},"faces":{"north":{"uv":[3.125,8.875,3,9.25],"texture":"#1"},"east":{"uv":[3,8.875,3.125,9.25],"texture":"#1"},"south":{"uv":[3,8.875,3.125,9.25],"texture":"#1"},"west":{"uv":[3,8.875,3.125,9.25],"texture":"#1"},"up":{"uv":[3,8.875,3.125,9],"texture":"#1"},"down":{"uv":[3,9.125,3.125,9.25],"texture":"#1"}}},{"name":"berserkers_cleaver_50","from":[7.4375,6.625,7.90625],"to":[7.5625,7,8.09375],"rotation":{"angle":0,"axis":"y","origin":[-2.6875,0,7.9375]},"faces":{"north":{"uv":[8.625,9,8.5,9.375],"texture":"#1"},"east":{"uv":[8.5,9,8.625,9.375],"texture":"#1"},"south":{"uv":[8.5,9,8.625,9.375],"texture":"#1"},"west":{"uv":[8.5,9,8.625,9.375],"texture":"#1"},"up":{"uv":[8.5,9,8.625,9.125],"texture":"#1"},"down":{"uv":[8.5,9.25,8.625,9.375],"texture":"#1"}}},{"name":"berserkers_cleaver_51","from":[8.4375,6.625,7.90625],"to":[8.5625,7,8.09375],"rotation":{"angle":0,"axis":"y","origin":[-2.6875,0,7.9375]},"faces":{"north":{"uv":[9.625,9,9.5,9.375],"texture":"#1"},"east":{"uv":[9.5,9,9.625,9.375],"texture":"#1"},"south":{"uv":[9.5,9,9.625,9.375],"texture":"#1"},"west":{"uv":[9.5,9,9.625,9.375],"texture":"#1"},"up":{"uv":[9.5,9,9.625,9.125],"texture":"#1"},"down":{"uv":[9.5,9.25,9.625,9.375],"texture":"#1"}}},{"name":"berserkers_cleaver_52","from":[7.6875,6.625,7.9375],"to":[7.8125,6.875,8.0625],"rotation":{"angle":0,"axis":"y","origin":[-2.6875,0,7.9375]},"faces":{"north":{"uv":[13,9.125,12.875,9.375],"texture":"#1"},"east":{"uv":[12.875,9.125,13,9.375],"texture":"#1"},"south":{"uv":[12.875,9.125,13,9.375],"texture":"#1"},"west":{"uv":[12.875,9.125,13,9.375],"texture":"#1"},"up":{"uv":[12.875,9.125,13,9.25],"texture":"#1"},"down":{"uv":[12.875,9.25,13,9.375],"texture":"#1"}}},{"name":"berserkers_cleaver_53","from":[8.1875,6.625,7.9375],"to":[8.3125,6.875,8.0625],"rotation":{"angle":0,"axis":"y","origin":[-2.6875,0,7.9375]},"faces":{"north":{"uv":[13.5,9.125,13.375,9.375],"texture":"#1"},"east":{"uv":[13.375,9.125,13.5,9.375],"texture":"#1"},"south":{"uv":[13.375,9.125,13.5,9.375],"texture":"#1"},"west":{"uv":[13.375,9.125,13.5,9.375],"texture":"#1"},"up":{"uv":[13.375,9.125,13.5,9.25],"texture":"#1"},"down":{"uv":[13.375,9.25,13.5,9.375],"texture":"#1"}}},{"name":"berserkers_cleaver_54","from":[7.5625,6.5,7.9375],"to":[7.6875,6.75,8.0625],"rotation":{"angle":0,"axis":"y","origin":[-2.6875,0,7.9375]},"faces":{"north":{"uv":[12.875,9.25,12.75,9.5],"texture":"#1"},"east":{"uv":[12.75,9.25,12.875,9.5],"texture":"#1"},"south":{"uv":[12.75,9.25,12.875,9.5],"texture":"#1"},"west":{"uv":[12.75,9.25,12.875,9.5],"texture":"#1"},"up":{"uv":[12.75,9.25,12.875,9.375],"texture":"#1"},"down":{"uv":[12.75,9.375,12.875,9.5],"texture":"#1"}}},{"name":"berserkers_cleaver_55","from":[8.3125,6.5,7.9375],"to":[8.4375,6.75,8.0625],"rotation":{"angle":0,"axis":"y","origin":[-2.6875,0,7.9375]},"faces":{"north":{"uv":[13.625,9.25,13.5,9.5],"texture":"#1"},"east":{"uv":[13.5,9.25,13.625,9.5],"texture":"#1"},"south":{"uv":[13.5,9.25,13.625,9.5],"texture":"#1"},"west":{"uv":[13.5,9.25,13.625,9.5],"texture":"#1"},"up":{"uv":[13.5,9.25,13.625,9.375],"texture":"#1"},"down":{"uv":[13.5,9.375,13.625,9.5],"texture":"#1"}}},{"name":"berserkers_cleaver_56","from":[7.6875,5.5,7.875],"to":[7.8125,6.625,8.125],"rotation":{"angle":0,"axis":"y","origin":[-2.6875,0,7.9375]},"faces":{"north":{"uv":[2.5,9.375,2.375,10.5],"texture":"#1"},"east":{"uv":[2.375,9.375,2.5,10.5],"texture":"#1"},"south":{"uv":[2.375,9.375,2.5,10.5],"texture":"#1"},"west":{"uv":[2.375,9.375,2.5,10.5],"texture":"#1"},"up":{"uv":[2.375,9.375,2.5,9.5],"texture":"#1"},"down":{"uv":[2.375,10.375,2.5,10.5],"texture":"#1"}}},{"name":"berserkers_cleaver_57","from":[8.1875,5.5,7.875],"to":[8.3125,6.625,8.125],"rotation":{"angle":0,"axis":"y","origin":[-2.6875,0,7.9375]},"faces":{"north":{"uv":[3,9.375,2.875,10.5],"texture":"#1"},"east":{"uv":[2.875,9.375,3,10.5],"texture":"#1"},"south":{"uv":[2.875,9.375,3,10.5],"texture":"#1"},"west":{"uv":[2.875,9.375,3,10.5],"texture":"#1"},"up":{"uv":[2.875,9.375,3,9.5],"texture":"#1"},"down":{"uv":[2.875,10.375,3,10.5],"texture":"#1"}}},{"name":"berserkers_cleaver_58","from":[7.4375,6.375,7.9375],"to":[7.5625,6.625,8.0625],"rotation":{"angle":0,"axis":"y","origin":[-2.6875,0,7.9375]},"faces":{"north":{"uv":[12.75,9.375,12.625,9.625],"texture":"#1"},"east":{"uv":[12.625,9.375,12.75,9.625],"texture":"#1"},"south":{"uv":[12.625,9.375,12.75,9.625],"texture":"#1"},"west":{"uv":[12.625,9.375,12.75,9.625],"texture":"#1"},"up":{"uv":[12.625,9.375,12.75,9.5],"texture":"#1"},"down":{"uv":[12.625,9.5,12.75,9.625],"texture":"#1"}}},{"name":"berserkers_cleaver_59","from":[8.4375,6.375,7.9375],"to":[8.5625,6.625,8.0625],"rotation":{"angle":0,"axis":"y","origin":[-2.6875,0,7.9375]},"faces":{"north":{"uv":[13.75,9.375,13.625,9.625],"texture":"#1"},"east":{"uv":[13.625,9.375,13.75,9.625],"texture":"#1"},"south":{"uv":[13.625,9.375,13.75,9.625],"texture":"#1"},"west":{"uv":[13.625,9.375,13.75,9.625],"texture":"#1"},"up":{"uv":[13.625,9.375,13.75,9.5],"texture":"#1"},"down":{"uv":[13.625,9.5,13.75,9.625],"texture":"#1"}}},{"name":"berserkers_cleaver_60","from":[7.5625,6.125,7.875],"to":[7.6875,6.5,8.125],"rotation":{"angle":0,"axis":"y","origin":[-2.6875,0,7.9375]},"faces":{"north":{"uv":[2.375,9.5,2.25,9.875],"texture":"#1"},"east":{"uv":[2.25,9.5,2.375,9.875],"texture":"#1"},"south":{"uv":[2.25,9.5,2.375,9.875],"texture":"#1"},"west":{"uv":[2.25,9.5,2.375,9.875],"texture":"#1"},"up":{"uv":[2.25,9.5,2.375,9.625],"texture":"#1"},"down":{"uv":[2.25,9.75,2.375,9.875],"texture":"#1"}}},{"name":"berserkers_cleaver_61","from":[8.3125,6.125,7.875],"to":[8.4375,6.5,8.125],"rotation":{"angle":0,"axis":"y","origin":[-2.6875,0,7.9375]},"faces":{"north":{"uv":[3.125,9.5,3,9.875],"texture":"#1"},"east":{"uv":[3,9.5,3.125,9.875],"texture":"#1"},"south":{"uv":[3,9.5,3.125,9.875],"texture":"#1"},"west":{"uv":[3,9.5,3.125,9.875],"texture":"#1"},"up":{"uv":[3,9.5,3.125,9.625],"texture":"#1"},"down":{"uv":[3,9.75,3.125,9.875],"texture":"#1"}}},{"name":"berserkers_cleaver_62","from":[7.3125,6.25,7.9375],"to":[7.4375,6.5,8.0625],"rotation":{"angle":0,"axis":"y","origin":[-2.6875,0,7.9375]},"faces":{"north":{"uv":[12.625,9.5,12.5,9.75],"texture":"#1"},"east":{"uv":[12.5,9.5,12.625,9.75],"texture":"#1"},"south":{"uv":[12.5,9.5,12.625,9.75],"texture":"#1"},"west":{"uv":[12.5,9.5,12.625,9.75],"texture":"#1"},"up":{"uv":[12.5,9.5,12.625,9.625],"texture":"#1"},"down":{"uv":[12.5,9.625,12.625,9.75],"texture":"#1"}}},{"name":"berserkers_cleaver_63","from":[8.5625,6.25,7.9375],"to":[8.6875,6.5,8.0625],"rotation":{"angle":0,"axis":"y","origin":[-2.6875,0,7.9375]},"faces":{"north":{"uv":[13.875,9.5,13.75,9.75],"texture":"#1"},"east":{"uv":[13.75,9.5,13.875,9.75],"texture":"#1"},"south":{"uv":[13.75,9.5,13.875,9.75],"texture":"#1"},"west":{"uv":[13.75,9.5,13.875,9.75],"texture":"#1"},"up":{"uv":[13.75,9.5,13.875,9.625],"texture":"#1"},"down":{"uv":[13.75,9.625,13.875,9.75],"texture":"#1"}}},{"name":"berserkers_cleaver_64","from":[7.4375,6,7.90625],"to":[7.5625,6.375,8.09375],"rotation":{"angle":0,"axis":"y","origin":[-2.6875,0,7.9375]},"faces":{"north":{"uv":[8.625,9.625,8.5,10],"texture":"#1"},"east":{"uv":[8.5,9.625,8.625,10],"texture":"#1"},"south":{"uv":[8.5,9.625,8.625,10],"texture":"#1"},"west":{"uv":[8.5,9.625,8.625,10],"texture":"#1"},"up":{"uv":[8.5,9.625,8.625,9.75],"texture":"#1"},"down":{"uv":[8.5,9.875,8.625,10],"texture":"#1"}}},{"name":"berserkers_cleaver_65","from":[8.4375,6,7.90625],"to":[8.5625,6.375,8.09375],"rotation":{"angle":0,"axis":"y","origin":[-2.6875,0,7.9375]},"faces":{"north":{"uv":[9.625,9.625,9.5,10],"texture":"#1"},"east":{"uv":[9.5,9.625,9.625,10],"texture":"#1"},"south":{"uv":[9.5,9.625,9.625,10],"texture":"#1"},"west":{"uv":[9.5,9.625,9.625,10],"texture":"#1"},"up":{"uv":[9.5,9.625,9.625,9.75],"texture":"#1"},"down":{"uv":[9.5,9.875,9.625,10],"texture":"#1"}}},{"name":"berserkers_cleaver_66","from":[7.1875,6.125,7.9375],"to":[7.3125,6.375,8.0625],"rotation":{"angle":0,"axis":"y","origin":[-2.6875,0,7.9375]},"faces":{"north":{"uv":[12.5,9.625,12.375,9.875],"texture":"#1"},"east":{"uv":[12.375,9.625,12.5,9.875],"texture":"#1"},"south":{"uv":[12.375,9.625,12.5,9.875],"texture":"#1"},"west":{"uv":[12.375,9.625,12.5,9.875],"texture":"#1"},"up":{"uv":[12.375,9.625,12.5,9.75],"texture":"#1"},"down":{"uv":[12.375,9.75,12.5,9.875],"texture":"#1"}}},{"name":"berserkers_cleaver_67","from":[8.6875,6.125,7.9375],"to":[8.8125,6.375,8.0625],"rotation":{"angle":0,"axis":"y","origin":[-2.6875,0,7.9375]},"faces":{"north":{"uv":[14,9.625,13.875,9.875],"texture":"#1"},"east":{"uv":[13.875,9.625,14,9.875],"texture":"#1"},"south":{"uv":[13.875,9.625,14,9.875],"texture":"#1"},"west":{"uv":[13.875,9.625,14,9.875],"texture":"#1"},"up":{"uv":[13.875,9.625,14,9.75],"texture":"#1"},"down":{"uv":[13.875,9.75,14,9.875],"texture":"#1"}}},{"name":"berserkers_cleaver_68","from":[7.3125,5.875,7.90625],"to":[7.4375,6.25,8.09375],"rotation":{"angle":0,"axis":"y","origin":[-2.6875,0,7.9375]},"faces":{"north":{"uv":[8.5,9.75,8.375,10.125],"texture":"#1"},"east":{"uv":[8.375,9.75,8.5,10.125],"texture":"#1"},"south":{"uv":[8.375,9.75,8.5,10.125],"texture":"#1"},"west":{"uv":[8.375,9.75,8.5,10.125],"texture":"#1"},"up":{"uv":[8.375,9.75,8.5,9.875],"texture":"#1"},"down":{"uv":[8.375,10,8.5,10.125],"texture":"#1"}}},{"name":"berserkers_cleaver_69","from":[8.5625,5.875,7.90625],"to":[8.6875,6.25,8.09375],"rotation":{"angle":0,"axis":"y","origin":[-2.6875,0,7.9375]},"faces":{"north":{"uv":[9.75,9.75,9.625,10.125],"texture":"#1"},"east":{"uv":[9.625,9.75,9.75,10.125],"texture":"#1"},"south":{"uv":[9.625,9.75,9.75,10.125],"texture":"#1"},"west":{"uv":[9.625,9.75,9.75,10.125],"texture":"#1"},"up":{"uv":[9.625,9.75,9.75,9.875],"texture":"#1"},"down":{"uv":[9.625,10,9.75,10.125],"texture":"#1"}}},{"name":"berserkers_cleaver_70","from":[7.1875,5.875,7.9375],"to":[7.3125,6.125,8.0625],"rotation":{"angle":0,"axis":"y","origin":[-2.6875,0,7.9375]},"faces":{"north":{"uv":[5.5,9.875,5.375,10.125],"texture":"#1"},"east":{"uv":[5.375,9.875,5.5,10.125],"texture":"#1"},"south":{"uv":[5.375,9.875,5.5,10.125],"texture":"#1"},"west":{"uv":[5.375,9.875,5.5,10.125],"texture":"#1"},"up":{"uv":[5.375,9.875,5.5,10],"texture":"#1"},"down":{"uv":[5.375,10,5.5,10.125],"texture":"#1"}}},{"name":"berserkers_cleaver_71","from":[8.6875,5.875,7.9375],"to":[8.8125,6.125,8.0625],"rotation":{"angle":0,"axis":"y","origin":[-2.6875,0,7.9375]},"faces":{"north":{"uv":[7,9.875,6.875,10.125],"texture":"#1"},"east":{"uv":[6.875,9.875,7,10.125],"texture":"#1"},"south":{"uv":[6.875,9.875,7,10.125],"texture":"#1"},"west":{"uv":[6.875,9.875,7,10.125],"texture":"#1"},"up":{"uv":[6.875,9.875,7,10],"texture":"#1"},"down":{"uv":[6.875,10,7,10.125],"texture":"#1"}}},{"name":"berserkers_cleaver_72","from":[7.5625,5.875,7.9375],"to":[7.6875,6.125,8.0625],"rotation":{"angle":0,"axis":"y","origin":[-2.6875,0,7.9375]},"faces":{"north":{"uv":[12.875,9.875,12.75,10.125],"texture":"#1"},"east":{"uv":[12.75,9.875,12.875,10.125],"texture":"#1"},"south":{"uv":[12.75,9.875,12.875,10.125],"texture":"#1"},"west":{"uv":[12.75,9.875,12.875,10.125],"texture":"#1"},"up":{"uv":[12.75,9.875,12.875,10],"texture":"#1"},"down":{"uv":[12.75,10,12.875,10.125],"texture":"#1"}}},{"name":"berserkers_cleaver_73","from":[8.3125,5.875,7.9375],"to":[8.4375,6.125,8.0625],"rotation":{"angle":0,"axis":"y","origin":[-2.6875,0,7.9375]},"faces":{"north":{"uv":[13.625,9.875,13.5,10.125],"texture":"#1"},"east":{"uv":[13.5,9.875,13.625,10.125],"texture":"#1"},"south":{"uv":[13.5,9.875,13.625,10.125],"texture":"#1"},"west":{"uv":[13.5,9.875,13.625,10.125],"texture":"#1"},"up":{"uv":[13.5,9.875,13.625,10],"texture":"#1"},"down":{"uv":[13.5,10,13.625,10.125],"texture":"#1"}}},{"name":"berserkers_cleaver_74","from":[6.9375,4.875,7.9375],"to":[7.0625,6,8.0625],"rotation":{"angle":0,"axis":"y","origin":[-2.6875,0,7.9375]},"faces":{"north":{"uv":[5.25,10,5.125,11.125],"texture":"#1"},"east":{"uv":[5.125,10,5.25,11.125],"texture":"#1"},"south":{"uv":[5.125,10,5.25,11.125],"texture":"#1"},"west":{"uv":[5.125,10,5.25,11.125],"texture":"#1"},"up":{"uv":[5.125,10,5.25,10.125],"texture":"#1"},"down":{"uv":[5.125,11,5.25,11.125],"texture":"#1"}}},{"name":"berserkers_cleaver_75","from":[8.9375,4.875,7.9375],"to":[9.0625,6,8.0625],"rotation":{"angle":0,"axis":"y","origin":[-2.6875,0,7.9375]},"faces":{"north":{"uv":[7.25,10,7.125,11.125],"texture":"#1"},"east":{"uv":[7.125,10,7.25,11.125],"texture":"#1"},"south":{"uv":[7.125,10,7.25,11.125],"texture":"#1"},"west":{"uv":[7.125,10,7.25,11.125],"texture":"#1"},"up":{"uv":[7.125,10,7.25,10.125],"texture":"#1"},"down":{"uv":[7.125,11,7.25,11.125],"texture":"#1"}}},{"name":"berserkers_cleaver_76","from":[7.4375,5.75,7.9375],"to":[7.5625,6,8.0625],"rotation":{"angle":0,"axis":"y","origin":[-2.6875,0,7.9375]},"faces":{"north":{"uv":[12.75,10,12.625,10.25],"texture":"#1"},"east":{"uv":[12.625,10,12.75,10.25],"texture":"#1"},"south":{"uv":[12.625,10,12.75,10.25],"texture":"#1"},"west":{"uv":[12.625,10,12.75,10.25],"texture":"#1"},"up":{"uv":[12.625,10,12.75,10.125],"texture":"#1"},"down":{"uv":[12.625,10.125,12.75,10.25],"texture":"#1"}}},{"name":"berserkers_cleaver_77","from":[8.4375,5.75,7.9375],"to":[8.5625,6,8.0625],"rotation":{"angle":0,"axis":"y","origin":[-2.6875,0,7.9375]},"faces":{"north":{"uv":[13.75,10,13.625,10.25],"texture":"#1"},"east":{"uv":[13.625,10,13.75,10.25],"texture":"#1"},"south":{"uv":[13.625,10,13.75,10.25],"texture":"#1"},"west":{"uv":[13.625,10,13.75,10.25],"texture":"#1"},"up":{"uv":[13.625,10,13.75,10.125],"texture":"#1"},"down":{"uv":[13.625,10.125,13.75,10.25],"texture":"#1"}}},{"name":"berserkers_cleaver_78","from":[7.5625,5.375,7.875],"to":[7.6875,5.875,8.125],"rotation":{"angle":0,"axis":"y","origin":[-2.6875,0,7.9375]},"faces":{"north":{"uv":[2.375,10.125,2.25,10.625],"texture":"#1"},"east":{"uv":[2.25,10.125,2.375,10.625],"texture":"#1"},"south":{"uv":[2.25,10.125,2.375,10.625],"texture":"#1"},"west":{"uv":[2.25,10.125,2.375,10.625],"texture":"#1"},"up":{"uv":[2.25,10.125,2.375,10.25],"texture":"#1"},"down":{"uv":[2.25,10.5,2.375,10.625],"texture":"#1"}}},{"name":"berserkers_cleaver_79","from":[8.3125,5.375,7.875],"to":[8.4375,5.875,8.125],"rotation":{"angle":0,"axis":"y","origin":[-2.6875,0,7.9375]},"faces":{"north":{"uv":[3.125,10.125,3,10.625],"texture":"#1"},"east":{"uv":[3,10.125,3.125,10.625],"texture":"#1"},"south":{"uv":[3,10.125,3.125,10.625],"texture":"#1"},"west":{"uv":[3,10.125,3.125,10.625],"texture":"#1"},"up":{"uv":[3,10.125,3.125,10.25],"texture":"#1"},"down":{"uv":[3,10.5,3.125,10.625],"texture":"#1"}}},{"name":"berserkers_cleaver_80","from":[7.1875,5.75,7.90625],"to":[7.3125,5.875,8.09375],"rotation":{"angle":0,"axis":"y","origin":[-2.6875,0,7.9375]},"faces":{"north":{"uv":[8.375,10.125,8.25,10.25],"texture":"#1"},"east":{"uv":[8.25,10.125,8.375,10.25],"texture":"#1"},"south":{"uv":[8.25,10.125,8.375,10.25],"texture":"#1"},"west":{"uv":[8.25,10.125,8.375,10.25],"texture":"#1"},"up":{"uv":[8.25,10.125,8.375,10.25],"texture":"#1"},"down":{"uv":[8.25,10.125,8.375,10.25],"texture":"#1"}}},{"name":"berserkers_cleaver_81","from":[8.6875,5.75,7.90625],"to":[8.8125,5.875,8.09375],"rotation":{"angle":0,"axis":"y","origin":[-2.6875,0,7.9375]},"faces":{"north":{"uv":[9.875,10.125,9.75,10.25],"texture":"#1"},"east":{"uv":[9.75,10.125,9.875,10.25],"texture":"#1"},"south":{"uv":[9.75,10.125,9.875,10.25],"texture":"#1"},"west":{"uv":[9.75,10.125,9.875,10.25],"texture":"#1"},"up":{"uv":[9.75,10.125,9.875,10.25],"texture":"#1"},"down":{"uv":[9.75,10.125,9.875,10.25],"texture":"#1"}}},{"name":"berserkers_cleaver_82","from":[7.3125,5.625,7.9375],"to":[7.4375,5.875,8.0625],"rotation":{"angle":0,"axis":"y","origin":[-2.6875,0,7.9375]},"faces":{"north":{"uv":[12.625,10.125,12.5,10.375],"texture":"#1"},"east":{"uv":[12.5,10.125,12.625,10.375],"texture":"#1"},"south":{"uv":[12.5,10.125,12.625,10.375],"texture":"#1"},"west":{"uv":[12.5,10.125,12.625,10.375],"texture":"#1"},"up":{"uv":[12.5,10.125,12.625,10.25],"texture":"#1"},"down":{"uv":[12.5,10.25,12.625,10.375],"texture":"#1"}}},{"name":"berserkers_cleaver_83","from":[8.5625,5.625,7.9375],"to":[8.6875,5.875,8.0625],"rotation":{"angle":0,"axis":"y","origin":[-2.6875,0,7.9375]},"faces":{"north":{"uv":[13.875,10.125,13.75,10.375],"texture":"#1"},"east":{"uv":[13.75,10.125,13.875,10.375],"texture":"#1"},"south":{"uv":[13.75,10.125,13.875,10.375],"texture":"#1"},"west":{"uv":[13.75,10.125,13.875,10.375],"texture":"#1"},"up":{"uv":[13.75,10.125,13.875,10.25],"texture":"#1"},"down":{"uv":[13.75,10.25,13.875,10.375],"texture":"#1"}}},{"name":"berserkers_cleaver_84","from":[7.4375,5.125,7.875],"to":[7.5625,5.75,8.125],"rotation":{"angle":0,"axis":"y","origin":[-2.6875,0,7.9375]},"faces":{"north":{"uv":[2.25,10.25,2.125,10.875],"texture":"#1"},"east":{"uv":[2.125,10.25,2.25,10.875],"texture":"#1"},"south":{"uv":[2.125,10.25,2.25,10.875],"texture":"#1"},"west":{"uv":[2.125,10.25,2.25,10.875],"texture":"#1"},"up":{"uv":[2.125,10.25,2.25,10.375],"texture":"#1"},"down":{"uv":[2.125,10.75,2.25,10.875],"texture":"#1"}}},{"name":"berserkers_cleaver_85","from":[7.8125,5.625,7.875],"to":[7.9375,5.75,8.125],"rotation":{"angle":0,"axis":"y","origin":[-2.6875,0,7.9375]},"faces":{"north":{"uv":[2.625,10.25,2.5,10.375],"texture":"#1"},"east":{"uv":[2.5,10.25,2.625,10.375],"texture":"#1"},"south":{"uv":[2.5,10.25,2.625,10.375],"texture":"#1"},"west":{"uv":[2.5,10.25,2.625,10.375],"texture":"#1"},"up":{"uv":[2.5,10.25,2.625,10.375],"texture":"#1"},"down":{"uv":[2.5,10.25,2.625,10.375],"texture":"#1"}}},{"name":"berserkers_cleaver_86","from":[8.0625,5.625,7.875],"to":[8.1875,5.75,8.125],"rotation":{"angle":0,"axis":"y","origin":[-2.6875,0,7.9375]},"faces":{"north":{"uv":[2.875,10.25,2.75,10.375],"texture":"#1"},"east":{"uv":[2.75,10.25,2.875,10.375],"texture":"#1"},"south":{"uv":[2.75,10.25,2.875,10.375],"texture":"#1"},"west":{"uv":[2.75,10.25,2.875,10.375],"texture":"#1"},"up":{"uv":[2.75,10.25,2.875,10.375],"texture":"#1"},"down":{"uv":[2.75,10.25,2.875,10.375],"texture":"#1"}}},{"name":"berserkers_cleaver_87","from":[8.4375,5.125,7.875],"to":[8.5625,5.75,8.125],"rotation":{"angle":0,"axis":"y","origin":[-2.6875,0,7.9375]},"faces":{"north":{"uv":[3.25,10.25,3.125,10.875],"texture":"#1"},"east":{"uv":[3.125,10.25,3.25,10.875],"texture":"#1"},"south":{"uv":[3.125,10.25,3.25,10.875],"texture":"#1"},"west":{"uv":[3.125,10.25,3.25,10.875],"texture":"#1"},"up":{"uv":[3.125,10.25,3.25,10.375],"texture":"#1"},"down":{"uv":[3.125,10.75,3.25,10.875],"texture":"#1"}}},{"name":"berserkers_cleaver_88","from":[7.1875,5.5,7.9375],"to":[7.3125,5.75,8.0625],"rotation":{"angle":0,"axis":"y","origin":[-2.6875,0,7.9375]},"faces":{"north":{"uv":[12.5,10.25,12.375,10.5],"texture":"#1"},"east":{"uv":[12.375,10.25,12.5,10.5],"texture":"#1"},"south":{"uv":[12.375,10.25,12.5,10.5],"texture":"#1"},"west":{"uv":[12.375,10.25,12.5,10.5],"texture":"#1"},"up":{"uv":[12.375,10.25,12.5,10.375],"texture":"#1"},"down":{"uv":[12.375,10.375,12.5,10.5],"texture":"#1"}}},{"name":"berserkers_cleaver_89","from":[7.9375,5.625,7.9375],"to":[8.0625,5.75,8.0625],"rotation":{"angle":0,"axis":"y","origin":[-2.6875,0,7.9375]},"faces":{"north":{"uv":[13.25,10.25,13.125,10.375],"texture":"#1"},"east":{"uv":[13.125,10.25,13.25,10.375],"texture":"#1"},"south":{"uv":[13.125,10.25,13.25,10.375],"texture":"#1"},"west":{"uv":[13.125,10.25,13.25,10.375],"texture":"#1"},"up":{"uv":[13.125,10.25,13.25,10.375],"texture":"#1"},"down":{"uv":[13.125,10.25,13.25,10.375],"texture":"#1"}}},{"name":"berserkers_cleaver_90","from":[8.6875,5.5,7.9375],"to":[8.8125,5.75,8.0625],"rotation":{"angle":0,"axis":"y","origin":[-2.6875,0,7.9375]},"faces":{"north":{"uv":[14,10.25,13.875,10.5],"texture":"#1"},"east":{"uv":[13.875,10.25,14,10.5],"texture":"#1"},"south":{"uv":[13.875,10.25,14,10.5],"texture":"#1"},"west":{"uv":[13.875,10.25,14,10.5],"texture":"#1"},"up":{"uv":[13.875,10.25,14,10.375],"texture":"#1"},"down":{"uv":[13.875,10.375,14,10.5],"texture":"#1"}}},{"name":"berserkers_cleaver_91","from":[7.9375,4.875,7.875],"to":[8.0625,5.625,8.125],"rotation":{"angle":0,"axis":"y","origin":[-2.6875,0,7.9375]},"faces":{"north":{"uv":[2.75,10.375,2.625,11.125],"texture":"#1"},"east":{"uv":[2.625,10.375,2.75,11.125],"texture":"#1"},"south":{"uv":[2.625,10.375,2.75,11.125],"texture":"#1"},"west":{"uv":[2.625,10.375,2.75,11.125],"texture":"#1"},"up":{"uv":[2.625,10.375,2.75,10.5],"texture":"#1"},"down":{"uv":[2.625,11,2.75,11.125],"texture":"#1"}}},{"name":"berserkers_cleaver_92","from":[7.3125,5,7.90625],"to":[7.4375,5.625,8.09375],"rotation":{"angle":0,"axis":"y","origin":[-2.6875,0,7.9375]},"faces":{"north":{"uv":[8.5,10.375,8.375,11],"texture":"#1"},"east":{"uv":[8.375,10.375,8.5,11],"texture":"#1"},"south":{"uv":[8.375,10.375,8.5,11],"texture":"#1"},"west":{"uv":[8.375,10.375,8.5,11],"texture":"#1"},"up":{"uv":[8.375,10.375,8.5,10.5],"texture":"#1"},"down":{"uv":[8.375,10.875,8.5,11],"texture":"#1"}}},{"name":"berserkers_cleaver_93","from":[8.5625,5,7.90625],"to":[8.6875,5.625,8.09375],"rotation":{"angle":0,"axis":"y","origin":[-2.6875,0,7.9375]},"faces":{"north":{"uv":[9.75,10.375,9.625,11],"texture":"#1"},"east":{"uv":[9.625,10.375,9.75,11],"texture":"#1"},"south":{"uv":[9.625,10.375,9.75,11],"texture":"#1"},"west":{"uv":[9.625,10.375,9.75,11],"texture":"#1"},"up":{"uv":[9.625,10.375,9.75,10.5],"texture":"#1"},"down":{"uv":[9.625,10.875,9.75,11],"texture":"#1"}}},{"name":"berserkers_cleaver_94","from":[7.0625,5.375,7.9375],"to":[7.1875,5.625,8.0625],"rotation":{"angle":0,"axis":"y","origin":[-2.6875,0,7.9375]},"faces":{"north":{"uv":[12.375,10.375,12.25,10.625],"texture":"#1"},"east":{"uv":[12.25,10.375,12.375,10.625],"texture":"#1"},"south":{"uv":[12.25,10.375,12.375,10.625],"texture":"#1"},"west":{"uv":[12.25,10.375,12.375,10.625],"texture":"#1"},"up":{"uv":[12.25,10.375,12.375,10.5],"texture":"#1"},"down":{"uv":[12.25,10.5,12.375,10.625],"texture":"#1"}}},{"name":"berserkers_cleaver_95","from":[7.8125,5.5,7.9375],"to":[7.9375,5.625,8.0625],"rotation":{"angle":0,"axis":"y","origin":[-2.6875,0,7.9375]},"faces":{"north":{"uv":[13.125,10.375,13,10.5],"texture":"#1"},"east":{"uv":[13,10.375,13.125,10.5],"texture":"#1"},"south":{"uv":[13,10.375,13.125,10.5],"texture":"#1"},"west":{"uv":[13,10.375,13.125,10.5],"texture":"#1"},"up":{"uv":[13,10.375,13.125,10.5],"texture":"#1"},"down":{"uv":[13,10.375,13.125,10.5],"texture":"#1"}}},{"name":"berserkers_cleaver_96","from":[8.0625,5.5,7.9375],"to":[8.1875,5.625,8.0625],"rotation":{"angle":0,"axis":"y","origin":[-2.6875,0,7.9375]},"faces":{"north":{"uv":[13.375,10.375,13.25,10.5],"texture":"#1"},"east":{"uv":[13.25,10.375,13.375,10.5],"texture":"#1"},"south":{"uv":[13.25,10.375,13.375,10.5],"texture":"#1"},"west":{"uv":[13.25,10.375,13.375,10.5],"texture":"#1"},"up":{"uv":[13.25,10.375,13.375,10.5],"texture":"#1"},"down":{"uv":[13.25,10.375,13.375,10.5],"texture":"#1"}}},{"name":"berserkers_cleaver_97","from":[8.8125,5.375,7.9375],"to":[8.9375,5.625,8.0625],"rotation":{"angle":0,"axis":"y","origin":[-2.6875,0,7.9375]},"faces":{"north":{"uv":[14.125,10.375,14,10.625],"texture":"#1"},"east":{"uv":[14,10.375,14.125,10.625],"texture":"#1"},"south":{"uv":[14,10.375,14.125,10.625],"texture":"#1"},"west":{"uv":[14,10.375,14.125,10.625],"texture":"#1"},"up":{"uv":[14,10.375,14.125,10.5],"texture":"#1"},"down":{"uv":[14,10.5,14.125,10.625],"texture":"#1"}}},{"name":"berserkers_cleaver_98","from":[7.8125,4.875,7.875],"to":[7.9375,5.5,8.125],"rotation":{"angle":0,"axis":"y","origin":[-2.6875,0,7.9375]},"faces":{"north":{"uv":[2.625,10.5,2.5,11.125],"texture":"#1"},"east":{"uv":[2.5,10.5,2.625,11.125],"texture":"#1"},"south":{"uv":[2.5,10.5,2.625,11.125],"texture":"#1"},"west":{"uv":[2.5,10.5,2.625,11.125],"texture":"#1"},"up":{"uv":[2.5,10.5,2.625,10.625],"texture":"#1"},"down":{"uv":[2.5,11,2.625,11.125],"texture":"#1"}}},{"name":"berserkers_cleaver_99","from":[8.0625,4.875,7.875],"to":[8.1875,5.5,8.125],"rotation":{"angle":0,"axis":"y","origin":[-2.6875,0,7.9375]},"faces":{"north":{"uv":[2.875,10.5,2.75,11.125],"texture":"#1"},"east":{"uv":[2.75,10.5,2.875,11.125],"texture":"#1"},"south":{"uv":[2.75,10.5,2.875,11.125],"texture":"#1"},"west":{"uv":[2.75,10.5,2.875,11.125],"texture":"#1"},"up":{"uv":[2.75,10.5,2.875,10.625],"texture":"#1"},"down":{"uv":[2.75,11,2.875,11.125],"texture":"#1"}}},{"name":"berserkers_cleaver_100","from":[7.1875,4.875,7.90625],"to":[7.3125,5.5,8.09375],"rotation":{"angle":0,"axis":"y","origin":[-2.6875,0,7.9375]},"faces":{"north":{"uv":[8.375,10.5,8.25,11.125],"texture":"#1"},"east":{"uv":[8.25,10.5,8.375,11.125],"texture":"#1"},"south":{"uv":[8.25,10.5,8.375,11.125],"texture":"#1"},"west":{"uv":[8.25,10.5,8.375,11.125],"texture":"#1"},"up":{"uv":[8.25,10.5,8.375,10.625],"texture":"#1"},"down":{"uv":[8.25,11,8.375,11.125],"texture":"#1"}}},{"name":"berserkers_cleaver_101","from":[8.6875,4.875,7.90625],"to":[8.8125,5.5,8.09375],"rotation":{"angle":0,"axis":"y","origin":[-2.6875,0,7.9375]},"faces":{"north":{"uv":[9.875,10.5,9.75,11.125],"texture":"#1"},"east":{"uv":[9.75,10.5,9.875,11.125],"texture":"#1"},"south":{"uv":[9.75,10.5,9.875,11.125],"texture":"#1"},"west":{"uv":[9.75,10.5,9.875,11.125],"texture":"#1"},"up":{"uv":[9.75,10.5,9.875,10.625],"texture":"#1"},"down":{"uv":[9.75,11,9.875,11.125],"texture":"#1"}}},{"name":"berserkers_cleaver_102","from":[7.6875,5.375,7.9375],"to":[7.8125,5.5,8.0625],"rotation":{"angle":0,"axis":"y","origin":[-2.6875,0,7.9375]},"faces":{"north":{"uv":[13,10.5,12.875,10.625],"texture":"#1"},"east":{"uv":[12.875,10.5,13,10.625],"texture":"#1"},"south":{"uv":[12.875,10.5,13,10.625],"texture":"#1"},"west":{"uv":[12.875,10.5,13,10.625],"texture":"#1"},"up":{"uv":[12.875,10.5,13,10.625],"texture":"#1"},"down":{"uv":[12.875,10.5,13,10.625],"texture":"#1"}}},{"name":"berserkers_cleaver_103","from":[8.1875,5.375,7.9375],"to":[8.3125,5.5,8.0625],"rotation":{"angle":0,"axis":"y","origin":[-2.6875,0,7.9375]},"faces":{"north":{"uv":[13.5,10.5,13.375,10.625],"texture":"#1"},"east":{"uv":[13.375,10.5,13.5,10.625],"texture":"#1"},"south":{"uv":[13.375,10.5,13.5,10.625],"texture":"#1"},"west":{"uv":[13.375,10.5,13.5,10.625],"texture":"#1"},"up":{"uv":[13.375,10.5,13.5,10.625],"texture":"#1"},"down":{"uv":[13.375,10.5,13.5,10.625],"texture":"#1"}}},{"name":"berserkers_cleaver_104","from":[7.6875,4.875,7.875],"to":[7.8125,5.375,8.125],"rotation":{"angle":0,"axis":"y","origin":[-2.6875,0,7.9375]},"faces":{"north":{"uv":[2.5,10.625,2.375,11.125],"texture":"#1"},"east":{"uv":[2.375,10.625,2.5,11.125],"texture":"#1"},"south":{"uv":[2.375,10.625,2.5,11.125],"texture":"#1"},"west":{"uv":[2.375,10.625,2.5,11.125],"texture":"#1"},"up":{"uv":[2.375,10.625,2.5,10.75],"texture":"#1"},"down":{"uv":[2.375,11,2.5,11.125],"texture":"#1"}}},{"name":"berserkers_cleaver_105","from":[8.1875,4.875,7.875],"to":[8.3125,5.375,8.125],"rotation":{"angle":0,"axis":"y","origin":[-2.6875,0,7.9375]},"faces":{"north":{"uv":[3,10.625,2.875,11.125],"texture":"#1"},"east":{"uv":[2.875,10.625,3,11.125],"texture":"#1"},"south":{"uv":[2.875,10.625,3,11.125],"texture":"#1"},"west":{"uv":[2.875,10.625,3,11.125],"texture":"#1"},"up":{"uv":[2.875,10.625,3,10.75],"texture":"#1"},"down":{"uv":[2.875,11,3,11.125],"texture":"#1"}}},{"name":"berserkers_cleaver_106","from":[7.0625,5.125,7.9375],"to":[7.1875,5.375,8.0625],"rotation":{"angle":0,"axis":"y","origin":[-2.6875,0,7.9375]},"faces":{"north":{"uv":[5.375,10.625,5.25,10.875],"texture":"#1"},"east":{"uv":[5.25,10.625,5.375,10.875],"texture":"#1"},"south":{"uv":[5.25,10.625,5.375,10.875],"texture":"#1"},"west":{"uv":[5.25,10.625,5.375,10.875],"texture":"#1"},"up":{"uv":[5.25,10.625,5.375,10.75],"texture":"#1"},"down":{"uv":[5.25,10.75,5.375,10.875],"texture":"#1"}}},{"name":"berserkers_cleaver_107","from":[8.8125,5.125,7.9375],"to":[8.9375,5.375,8.0625],"rotation":{"angle":0,"axis":"y","origin":[-2.6875,0,7.9375]},"faces":{"north":{"uv":[7.125,10.625,7,10.875],"texture":"#1"},"east":{"uv":[7,10.625,7.125,10.875],"texture":"#1"},"south":{"uv":[7,10.625,7.125,10.875],"texture":"#1"},"west":{"uv":[7,10.625,7.125,10.875],"texture":"#1"},"up":{"uv":[7,10.625,7.125,10.75],"texture":"#1"},"down":{"uv":[7,10.75,7.125,10.875],"texture":"#1"}}},{"name":"berserkers_cleaver_108","from":[7.5625,4.875,7.9375],"to":[7.6875,5.375,8.0625],"rotation":{"angle":0,"axis":"y","origin":[-2.6875,0,7.9375]},"faces":{"north":{"uv":[12.875,10.625,12.75,11.125],"texture":"#1"},"east":{"uv":[12.75,10.625,12.875,11.125],"texture":"#1"},"south":{"uv":[12.75,10.625,12.875,11.125],"texture":"#1"},"west":{"uv":[12.75,10.625,12.875,11.125],"texture":"#1"},"up":{"uv":[12.75,10.625,12.875,10.75],"texture":"#1"},"down":{"uv":[12.75,11,12.875,11.125],"texture":"#1"}}},{"name":"berserkers_cleaver_109","from":[8.3125,4.875,7.9375],"to":[8.4375,5.375,8.0625],"rotation":{"angle":0,"axis":"y","origin":[-2.6875,0,7.9375]},"faces":{"north":{"uv":[13.625,10.625,13.5,11.125],"texture":"#1"},"east":{"uv":[13.5,10.625,13.625,11.125],"texture":"#1"},"south":{"uv":[13.5,10.625,13.625,11.125],"texture":"#1"},"west":{"uv":[13.5,10.625,13.625,11.125],"texture":"#1"},"up":{"uv":[13.5,10.625,13.625,10.75],"texture":"#1"},"down":{"uv":[13.5,11,13.625,11.125],"texture":"#1"}}},{"name":"berserkers_cleaver_110","from":[6.8125,4.875,7.9375],"to":[6.9375,5.25,8.0625],"rotation":{"angle":0,"axis":"y","origin":[-2.6875,0,7.9375]},"faces":{"north":{"uv":[5.125,10.75,5,11.125],"texture":"#1"},"east":{"uv":[5,10.75,5.125,11.125],"texture":"#1"},"south":{"uv":[5,10.75,5.125,11.125],"texture":"#1"},"west":{"uv":[5,10.75,5.125,11.125],"texture":"#1"},"up":{"uv":[5,10.75,5.125,10.875],"texture":"#1"},"down":{"uv":[5,11,5.125,11.125],"texture":"#1"}}},{"name":"berserkers_cleaver_111","from":[9.0625,4.875,7.9375],"to":[9.1875,5.25,8.0625],"rotation":{"angle":0,"axis":"y","origin":[-2.6875,0,7.9375]},"faces":{"north":{"uv":[7.375,10.75,7.25,11.125],"texture":"#1"},"east":{"uv":[7.25,10.75,7.375,11.125],"texture":"#1"},"south":{"uv":[7.25,10.75,7.375,11.125],"texture":"#1"},"west":{"uv":[7.25,10.75,7.375,11.125],"texture":"#1"},"up":{"uv":[7.25,10.75,7.375,10.875],"texture":"#1"},"down":{"uv":[7.25,11,7.375,11.125],"texture":"#1"}}},{"name":"berserkers_cleaver_112","from":[7.0625,4.875,7.90625],"to":[7.1875,5.125,8.09375],"rotation":{"angle":0,"axis":"y","origin":[-2.6875,0,7.9375]},"faces":{"north":{"uv":[8.25,10.875,8.125,11.125],"texture":"#1"},"east":{"uv":[8.125,10.875,8.25,11.125],"texture":"#1"},"south":{"uv":[8.125,10.875,8.25,11.125],"texture":"#1"},"west":{"uv":[8.125,10.875,8.25,11.125],"texture":"#1"},"up":{"uv":[8.125,10.875,8.25,11],"texture":"#1"},"down":{"uv":[8.125,11,8.25,11.125],"texture":"#1"}}},{"name":"berserkers_cleaver_113","from":[8.8125,4.875,7.90625],"to":[8.9375,5.125,8.09375],"rotation":{"angle":0,"axis":"y","origin":[-2.6875,0,7.9375]},"faces":{"north":{"uv":[10,10.875,9.875,11.125],"texture":"#1"},"east":{"uv":[9.875,10.875,10,11.125],"texture":"#1"},"south":{"uv":[9.875,10.875,10,11.125],"texture":"#1"},"west":{"uv":[9.875,10.875,10,11.125],"texture":"#1"},"up":{"uv":[9.875,10.875,10,11],"texture":"#1"},"down":{"uv":[9.875,11,10,11.125],"texture":"#1"}}},{"name":"berserkers_cleaver_114","from":[7.8125,4.5,7.8125],"to":[8.1875,4.875,8.1875],"rotation":{"angle":0,"axis":"y","origin":[-2.6875,0,7.9375]},"faces":{"north":{"uv":[10.875,11.125,10.5,11.5],"texture":"#1"},"east":{"uv":[10.75,11.125,10.875,11.5],"texture":"#1"},"south":{"uv":[10.5,11.125,10.875,11.5],"texture":"#1"},"west":{"uv":[10.5,11.125,10.625,11.5],"texture":"#1"},"up":{"uv":[10.5,11.125,10.875,11.25],"texture":"#1"},"down":{"uv":[10.5,11.375,10.875,11.5],"texture":"#1"}}},{"name":"berserkers_cleaver_115","from":[6.5625,4.375,7.78125],"to":[6.6875,4.75,8.21875],"rotation":{"angle":0,"axis":"y","origin":[-2.6875,0,7.9375]},"faces":{"north":{"uv":[2.625,11.25,2.5,11.625],"texture":"#1"},"east":{"uv":[2.5,11.25,2.625,11.625],"texture":"#1"},"south":{"uv":[2.5,11.25,2.625,11.625],"texture":"#1"},"west":{"uv":[2.5,11.25,2.625,11.625],"texture":"#1"},"up":{"uv":[2.5,11.25,2.625,11.375],"texture":"#1"},"down":{"uv":[2.5,11.5,2.625,11.625],"texture":"#1"}}},{"name":"berserkers_cleaver_116","from":[9.3125,4.375,7.78125],"to":[9.4375,4.75,8.21875],"rotation":{"angle":0,"axis":"y","origin":[-2.6875,0,7.9375]},"faces":{"north":{"uv":[5.375,11.25,5.25,11.625],"texture":"#1"},"east":{"uv":[5.25,11.25,5.375,11.625],"texture":"#1"},"south":{"uv":[5.25,11.25,5.375,11.625],"texture":"#1"},"west":{"uv":[5.25,11.25,5.375,11.625],"texture":"#1"},"up":{"uv":[5.25,11.25,5.375,11.375],"texture":"#1"},"down":{"uv":[5.25,11.5,5.375,11.625],"texture":"#1"}}},{"name":"berserkers_cleaver_117","from":[6.4375,4.25,7.78125],"to":[6.5625,4.625,8.21875],"rotation":{"angle":0,"axis":"y","origin":[-2.6875,0,7.9375]},"faces":{"north":{"uv":[2.5,11.375,2.375,11.75],"texture":"#1"},"east":{"uv":[2.375,11.375,2.5,11.75],"texture":"#1"},"south":{"uv":[2.375,11.375,2.5,11.75],"texture":"#1"},"west":{"uv":[2.375,11.375,2.5,11.75],"texture":"#1"},"up":{"uv":[2.375,11.375,2.5,11.5],"texture":"#1"},"down":{"uv":[2.375,11.625,2.5,11.75],"texture":"#1"}}},{"name":"berserkers_cleaver_118","from":[9.4375,4.25,7.78125],"to":[9.5625,4.625,8.21875],"rotation":{"angle":0,"axis":"y","origin":[-2.6875,0,7.9375]},"faces":{"north":{"uv":[5.5,11.375,5.375,11.75],"texture":"#1"},"east":{"uv":[5.375,11.375,5.5,11.75],"texture":"#1"},"south":{"uv":[5.375,11.375,5.5,11.75],"texture":"#1"},"west":{"uv":[5.375,11.375,5.5,11.75],"texture":"#1"},"up":{"uv":[5.375,11.375,5.5,11.5],"texture":"#1"},"down":{"uv":[5.375,11.625,5.5,11.75],"texture":"#1"}}},{"name":"berserkers_cleaver_119","from":[6.1875,4.25,7.78125],"to":[6.4375,4.5,8.21875],"rotation":{"angle":0,"axis":"y","origin":[-2.6875,0,7.9375]},"faces":{"north":{"uv":[2.375,11.5,2.125,11.75],"texture":"#1"},"east":{"uv":[2.25,11.5,2.375,11.75],"texture":"#1"},"south":{"uv":[2.125,11.5,2.375,11.75],"texture":"#1"},"west":{"uv":[2.125,11.5,2.25,11.75],"texture":"#1"},"up":{"uv":[2.125,11.5,2.375,11.625],"texture":"#1"},"down":{"uv":[2.125,11.625,2.375,11.75],"texture":"#1"}}},{"name":"berserkers_cleaver_120","from":[9.5625,4.25,7.78125],"to":[9.8125,4.5,8.21875],"rotation":{"angle":0,"axis":"y","origin":[-2.6875,0,7.9375]},"faces":{"north":{"uv":[5.75,11.5,5.5,11.75],"texture":"#1"},"east":{"uv":[5.625,11.5,5.75,11.75],"texture":"#1"},"south":{"uv":[5.5,11.5,5.75,11.75],"texture":"#1"},"west":{"uv":[5.5,11.5,5.625,11.75],"texture":"#1"},"up":{"uv":[5.5,11.5,5.75,11.625],"texture":"#1"},"down":{"uv":[5.5,11.625,5.75,11.75],"texture":"#1"}}},{"name":"berserkers_cleaver_121","from":[7.5625,4.125,7.75],"to":[8.4375,4.5,8.25],"rotation":{"angle":0,"axis":"y","origin":[-2.6875,0,7.9375]},"faces":{"north":{"uv":[8.125,11.5,7.25,11.875],"texture":"#1"},"east":{"uv":[8,11.5,8.125,11.875],"texture":"#1"},"south":{"uv":[7.25,11.5,8.125,11.875],"texture":"#1"},"west":{"uv":[7.25,11.5,7.375,11.875],"texture":"#1"},"up":{"uv":[7.25,11.5,8.125,11.625],"texture":"#1"},"down":{"uv":[7.25,11.75,8.125,11.875],"texture":"#1"}}},{"name":"berserkers_cleaver_122","from":[6.6875,4.25,7.875],"to":[7.5625,4.5,8.125],"rotation":{"angle":0,"axis":"y","origin":[-2.6875,0,7.9375]},"faces":{"north":{"uv":[10.25,11.5,9.375,11.75],"texture":"#1"},"east":{"uv":[10.125,11.5,10.25,11.75],"texture":"#1"},"south":{"uv":[9.375,11.5,10.25,11.75],"texture":"#1"},"west":{"uv":[9.375,11.5,9.5,11.75],"texture":"#1"},"up":{"uv":[9.375,11.5,10.25,11.625],"texture":"#1"},"down":{"uv":[9.375,11.625,10.25,11.75],"texture":"#1"}}},{"name":"berserkers_cleaver_123","from":[8.4375,4.25,7.875],"to":[9.3125,4.5,8.125],"rotation":{"angle":0,"axis":"y","origin":[-2.6875,0,7.9375]},"faces":{"north":{"uv":[12,11.5,11.125,11.75],"texture":"#1"},"east":{"uv":[11.875,11.5,12,11.75],"texture":"#1"},"south":{"uv":[11.125,11.5,12,11.75],"texture":"#1"},"west":{"uv":[11.125,11.5,11.25,11.75],"texture":"#1"},"up":{"uv":[11.125,11.5,12,11.625],"texture":"#1"},"down":{"uv":[11.125,11.625,12,11.75],"texture":"#1"}}},{"name":"berserkers_cleaver_124","from":[5.9375,4.25,7.78125],"to":[6.1875,4.375,8.21875],"rotation":{"angle":0,"axis":"y","origin":[-2.6875,0,7.9375]},"faces":{"north":{"uv":[2.125,11.625,1.875,11.75],"texture":"#1"},"east":{"uv":[2,11.625,2.125,11.75],"texture":"#1"},"south":{"uv":[1.875,11.625,2.125,11.75],"texture":"#1"},"west":{"uv":[1.875,11.625,2,11.75],"texture":"#1"},"up":{"uv":[1.875,11.625,2.125,11.75],"texture":"#1"},"down":{"uv":[1.875,11.625,2.125,11.75],"texture":"#1"}}},{"name":"berserkers_cleaver_125","from":[9.8125,4.25,7.78125],"to":[10.0625,4.375,8.21875],"rotation":{"angle":0,"axis":"y","origin":[-2.6875,0,7.9375]},"faces":{"north":{"uv":[6,11.625,5.75,11.75],"texture":"#1"},"east":{"uv":[5.875,11.625,6,11.75],"texture":"#1"},"south":{"uv":[5.75,11.625,6,11.75],"texture":"#1"},"west":{"uv":[5.75,11.625,5.875,11.75],"texture":"#1"},"up":{"uv":[5.75,11.625,6,11.75],"texture":"#1"},"down":{"uv":[5.75,11.625,6,11.75],"texture":"#1"}}},{"name":"berserkers_cleaver_126","from":[6.5625,4.25,7.875],"to":[6.6875,4.375,8.125],"rotation":{"angle":0,"axis":"y","origin":[-2.6875,0,7.9375]},"faces":{"north":{"uv":[9.375,11.625,9.25,11.75],"texture":"#1"},"east":{"uv":[9.25,11.625,9.375,11.75],"texture":"#1"},"south":{"uv":[9.25,11.625,9.375,11.75],"texture":"#1"},"west":{"uv":[9.25,11.625,9.375,11.75],"texture":"#1"},"up":{"uv":[9.25,11.625,9.375,11.75],"texture":"#1"},"down":{"uv":[9.25,11.625,9.375,11.75],"texture":"#1"}}},{"name":"berserkers_cleaver_127","from":[9.3125,4.25,7.875],"to":[9.4375,4.375,8.125],"rotation":{"angle":0,"axis":"y","origin":[-2.6875,0,7.9375]},"faces":{"north":{"uv":[12.125,11.625,12,11.75],"texture":"#1"},"east":{"uv":[12,11.625,12.125,11.75],"texture":"#1"},"south":{"uv":[12,11.625,12.125,11.75],"texture":"#1"},"west":{"uv":[12,11.625,12.125,11.75],"texture":"#1"},"up":{"uv":[12,11.625,12.125,11.75],"texture":"#1"},"down":{"uv":[12,11.625,12.125,11.75],"texture":"#1"}}},{"name":"berserkers_cleaver_128","from":[7.6875,4,7.75],"to":[8.3125,4.125,8.25],"rotation":{"angle":0,"axis":"y","origin":[-2.6875,0,7.9375]},"faces":{"north":{"uv":[8,11.875,7.375,12],"texture":"#1"},"east":{"uv":[7.875,11.875,8,12],"texture":"#1"},"south":{"uv":[7.375,11.875,8,12],"texture":"#1"},"west":{"uv":[7.375,11.875,7.5,12],"texture":"#1"},"up":{"uv":[7.375,11.875,8,12],"texture":"#1"},"down":{"uv":[7.375,11.875,8,12],"texture":"#1"}}},{"name":"berserkers_cleaver_129","from":[7.8125,1.5,7.8125],"to":[8.1875,4,8.1875],"rotation":{"angle":0,"axis":"y","origin":[-2.6875,0,7.9375]},"faces":{"north":{"uv":[10.875,12,10.5,14.5],"texture":"#1"},"east":{"uv":[10.75,12,10.875,14.5],"texture":"#1"},"south":{"uv":[10.5,12,10.875,14.5],"texture":"#1"},"west":{"uv":[10.5,12,10.625,14.5],"texture":"#1"},"up":{"uv":[10.5,12,10.875,12.125],"texture":"#1"},"down":{"uv":[10.5,14.375,10.875,14.5],"texture":"#1"}}},{"name":"berserkers_cleaver_130","from":[6.5625,1.375,7.8125],"to":[7.1875,1.5,8.1875],"rotation":{"angle":0,"axis":"y","origin":[-2.6875,0,7.9375]},"faces":{"north":{"uv":[3.125,14.5,2.5,14.625],"texture":"#1"},"east":{"uv":[3,14.5,3.125,14.625],"texture":"#1"},"south":{"uv":[2.5,14.5,3.125,14.625],"texture":"#1"},"west":{"uv":[2.5,14.5,2.625,14.625],"texture":"#1"},"up":{"uv":[2.5,14.5,3.125,14.625],"texture":"#1"},"down":{"uv":[2.5,14.5,3.125,14.625],"texture":"#1"}}},{"name":"berserkers_cleaver_131","from":[8.8125,1.25,7.8125],"to":[9.1875,1.5,8.1875],"rotation":{"angle":0,"axis":"y","origin":[-2.6875,0,7.9375]},"faces":{"north":{"uv":[5.125,14.5,4.75,14.75],"texture":"#1"},"east":{"uv":[5,14.5,5.125,14.75],"texture":"#1"},"south":{"uv":[4.75,14.5,5.125,14.75],"texture":"#1"},"west":{"uv":[4.75,14.5,4.875,14.75],"texture":"#1"},"up":{"uv":[4.75,14.5,5.125,14.625],"texture":"#1"},"down":{"uv":[4.75,14.625,5.125,14.75],"texture":"#1"}}},{"name":"berserkers_cleaver_132","from":[9.1875,1.375,7.8125],"to":[9.4375,1.5,8.1875],"rotation":{"angle":0,"axis":"y","origin":[-2.6875,0,7.9375]},"faces":{"north":{"uv":[5.375,14.5,5.125,14.625],"texture":"#1"},"east":{"uv":[5.25,14.5,5.375,14.625],"texture":"#1"},"south":{"uv":[5.125,14.5,5.375,14.625],"texture":"#1"},"west":{"uv":[5.125,14.5,5.25,14.625],"texture":"#1"},"up":{"uv":[5.125,14.5,5.375,14.625],"texture":"#1"},"down":{"uv":[5.125,14.5,5.375,14.625],"texture":"#1"}}},{"name":"berserkers_cleaver_133","from":[7.6875,1.375,7.75],"to":[8.3125,1.5,8.25],"rotation":{"angle":0,"axis":"y","origin":[-2.6875,0,7.9375]},"faces":{"north":{"uv":[8,14.5,7.375,14.625],"texture":"#1"},"east":{"uv":[7.875,14.5,8,14.625],"texture":"#1"},"south":{"uv":[7.375,14.5,8,14.625],"texture":"#1"},"west":{"uv":[7.375,14.5,7.5,14.625],"texture":"#1"},"up":{"uv":[7.375,14.5,8,14.625],"texture":"#1"},"down":{"uv":[7.375,14.5,8,14.625],"texture":"#1"}}},{"name":"berserkers_cleaver_134","from":[7.1875,1.375,7.875],"to":[7.6875,1.5,8.125],"rotation":{"angle":0,"axis":"y","origin":[-2.6875,0,7.9375]},"faces":{"north":{"uv":[10.375,14.5,9.875,14.625],"texture":"#1"},"east":{"uv":[10.25,14.5,10.375,14.625],"texture":"#1"},"south":{"uv":[9.875,14.5,10.375,14.625],"texture":"#1"},"west":{"uv":[9.875,14.5,10,14.625],"texture":"#1"},"up":{"uv":[9.875,14.5,10.375,14.625],"texture":"#1"},"down":{"uv":[9.875,14.5,10.375,14.625],"texture":"#1"}}},{"name":"berserkers_cleaver_135","from":[8.3125,1.25,7.875],"to":[8.6875,1.5,8.125],"rotation":{"angle":0,"axis":"y","origin":[-2.6875,0,7.9375]},"faces":{"north":{"uv":[11.375,14.5,11,14.75],"texture":"#1"},"east":{"uv":[11.25,14.5,11.375,14.75],"texture":"#1"},"south":{"uv":[11,14.5,11.375,14.75],"texture":"#1"},"west":{"uv":[11,14.5,11.125,14.75],"texture":"#1"},"up":{"uv":[11,14.5,11.375,14.625],"texture":"#1"},"down":{"uv":[11,14.625,11.375,14.75],"texture":"#1"}}},{"name":"berserkers_cleaver_136","from":[8.6875,1.375,7.875],"to":[8.8125,1.5,8.125],"rotation":{"angle":0,"axis":"y","origin":[-2.6875,0,7.9375]},"faces":{"north":{"uv":[11.5,14.5,11.375,14.625],"texture":"#1"},"east":{"uv":[11.375,14.5,11.5,14.625],"texture":"#1"},"south":{"uv":[11.375,14.5,11.5,14.625],"texture":"#1"},"west":{"uv":[11.375,14.5,11.5,14.625],"texture":"#1"},"up":{"uv":[11.375,14.5,11.5,14.625],"texture":"#1"},"down":{"uv":[11.375,14.5,11.5,14.625],"texture":"#1"}}},{"name":"berserkers_cleaver_137","from":[6.8125,1.25,7.8125],"to":[7.3125,1.375,8.1875],"rotation":{"angle":0,"axis":"y","origin":[-2.6875,0,7.9375]},"faces":{"north":{"uv":[3.25,14.625,2.75,14.75],"texture":"#1"},"east":{"uv":[3.125,14.625,3.25,14.75],"texture":"#1"},"south":{"uv":[2.75,14.625,3.25,14.75],"texture":"#1"},"west":{"uv":[2.75,14.625,2.875,14.75],"texture":"#1"},"up":{"uv":[2.75,14.625,3.25,14.75],"texture":"#1"},"down":{"uv":[2.75,14.625,3.25,14.75],"texture":"#1"}}},{"name":"berserkers_cleaver_138","from":[8.6875,1,7.8125],"to":[8.8125,1.375,8.1875],"rotation":{"angle":0,"axis":"y","origin":[-2.6875,0,7.9375]},"faces":{"north":{"uv":[4.75,14.625,4.625,15],"texture":"#1"},"east":{"uv":[4.625,14.625,4.75,15],"texture":"#1"},"south":{"uv":[4.625,14.625,4.75,15],"texture":"#1"},"west":{"uv":[4.625,14.625,4.75,15],"texture":"#1"},"up":{"uv":[4.625,14.625,4.75,14.75],"texture":"#1"},"down":{"uv":[4.625,14.875,4.75,15],"texture":"#1"}}},{"name":"berserkers_cleaver_139","from":[7.6875,1,7.75],"to":[7.8125,1.375,8.25],"rotation":{"angle":0,"axis":"y","origin":[-2.6875,0,7.9375]},"faces":{"north":{"uv":[7.5,14.625,7.375,15],"texture":"#1"},"east":{"uv":[7.375,14.625,7.5,15],"texture":"#1"},"south":{"uv":[7.375,14.625,7.5,15],"texture":"#1"},"west":{"uv":[7.375,14.625,7.5,15],"texture":"#1"},"up":{"uv":[7.375,14.625,7.5,14.75],"texture":"#1"},"down":{"uv":[7.375,14.875,7.5,15],"texture":"#1"}}},{"name":"berserkers_cleaver_140","from":[8.1875,1,7.75],"to":[8.3125,1.375,8.25],"rotation":{"angle":0,"axis":"y","origin":[-2.6875,0,7.9375]},"faces":{"north":{"uv":[8,14.625,7.875,15],"texture":"#1"},"east":{"uv":[7.875,14.625,8,15],"texture":"#1"},"south":{"uv":[7.875,14.625,8,15],"texture":"#1"},"west":{"uv":[7.875,14.625,8,15],"texture":"#1"},"up":{"uv":[7.875,14.625,8,14.75],"texture":"#1"},"down":{"uv":[7.875,14.875,8,15],"texture":"#1"}}},{"name":"berserkers_cleaver_141","from":[7.3125,1.25,7.875],"to":[7.6875,1.375,8.125],"rotation":{"angle":0,"axis":"y","origin":[-2.6875,0,7.9375]},"faces":{"north":{"uv":[10.375,14.625,10,14.75],"texture":"#1"},"east":{"uv":[10.25,14.625,10.375,14.75],"texture":"#1"},"south":{"uv":[10,14.625,10.375,14.75],"texture":"#1"},"west":{"uv":[10,14.625,10.125,14.75],"texture":"#1"},"up":{"uv":[10,14.625,10.375,14.75],"texture":"#1"},"down":{"uv":[10,14.625,10.375,14.75],"texture":"#1"}}},{"name":"berserkers_cleaver_142","from":[7.0625,1.125,7.8125],"to":[7.3125,1.25,8.1875],"rotation":{"angle":0,"axis":"y","origin":[-2.6875,0,7.9375]},"faces":{"north":{"uv":[3.25,14.75,3,14.875],"texture":"#1"},"east":{"uv":[3.125,14.75,3.25,14.875],"texture":"#1"},"south":{"uv":[3,14.75,3.25,14.875],"texture":"#1"},"west":{"uv":[3,14.75,3.125,14.875],"texture":"#1"},"up":{"uv":[3,14.75,3.25,14.875],"texture":"#1"},"down":{"uv":[3,14.75,3.25,14.875],"texture":"#1"}}},{"name":"berserkers_cleaver_143","from":[8.8125,1.125,7.8125],"to":[8.9375,1.25,8.1875],"rotation":{"angle":0,"axis":"y","origin":[-2.6875,0,7.9375]},"faces":{"north":{"uv":[4.875,14.75,4.75,14.875],"texture":"#1"},"east":{"uv":[4.75,14.75,4.875,14.875],"texture":"#1"},"south":{"uv":[4.75,14.75,4.875,14.875],"texture":"#1"},"west":{"uv":[4.75,14.75,4.875,14.875],"texture":"#1"},"up":{"uv":[4.75,14.75,4.875,14.875],"texture":"#1"},"down":{"uv":[4.75,14.75,4.875,14.875],"texture":"#1"}}},{"name":"berserkers_cleaver_144","from":[7.8125,0.875,7.75],"to":[7.9375,1.25,8.25],"rotation":{"angle":0,"axis":"y","origin":[-2.6875,0,7.9375]},"faces":{"north":{"uv":[7.625,14.75,7.5,15.125],"texture":"#1"},"east":{"uv":[7.5,14.75,7.625,15.125],"texture":"#1"},"south":{"uv":[7.5,14.75,7.625,15.125],"texture":"#1"},"west":{"uv":[7.5,14.75,7.625,15.125],"texture":"#1"},"up":{"uv":[7.5,14.75,7.625,14.875],"texture":"#1"},"down":{"uv":[7.5,15,7.625,15.125],"texture":"#1"}}},{"name":"berserkers_cleaver_145","from":[8.0625,0.875,7.75],"to":[8.1875,1.25,8.25],"rotation":{"angle":0,"axis":"y","origin":[-2.6875,0,7.9375]},"faces":{"north":{"uv":[7.875,14.75,7.75,15.125],"texture":"#1"},"east":{"uv":[7.75,14.75,7.875,15.125],"texture":"#1"},"south":{"uv":[7.75,14.75,7.875,15.125],"texture":"#1"},"west":{"uv":[7.75,14.75,7.875,15.125],"texture":"#1"},"up":{"uv":[7.75,14.75,7.875,14.875],"texture":"#1"},"down":{"uv":[7.75,15,7.875,15.125],"texture":"#1"}}},{"name":"berserkers_cleaver_146","from":[7.5625,1.125,7.875],"to":[7.6875,1.25,8.125],"rotation":{"angle":0,"axis":"y","origin":[-2.6875,0,7.9375]},"faces":{"north":{"uv":[10.375,14.75,10.25,14.875],"texture":"#1"},"east":{"uv":[10.25,14.75,10.375,14.875],"texture":"#1"},"south":{"uv":[10.25,14.75,10.375,14.875],"texture":"#1"},"west":{"uv":[10.25,14.75,10.375,14.875],"texture":"#1"},"up":{"uv":[10.25,14.75,10.375,14.875],"texture":"#1"},"down":{"uv":[10.25,14.75,10.375,14.875],"texture":"#1"}}},{"name":"berserkers_cleaver_147","from":[8.3125,1.125,7.875],"to":[8.4375,1.25,8.125],"rotation":{"angle":0,"axis":"y","origin":[-2.6875,0,7.9375]},"faces":{"north":{"uv":[11.125,14.75,11,14.875],"texture":"#1"},"east":{"uv":[11,14.75,11.125,14.875],"texture":"#1"},"south":{"uv":[11,14.75,11.125,14.875],"texture":"#1"},"west":{"uv":[11,14.75,11.125,14.875],"texture":"#1"},"up":{"uv":[11,14.75,11.125,14.875],"texture":"#1"},"down":{"uv":[11,14.75,11.125,14.875],"texture":"#1"}}},{"name":"berserkers_cleaver_148","from":[7.1875,1,7.8125],"to":[7.3125,1.125,8.1875],"rotation":{"angle":0,"axis":"y","origin":[-2.6875,0,7.9375]},"faces":{"north":{"uv":[3.25,14.875,3.125,15],"texture":"#1"},"east":{"uv":[3.125,14.875,3.25,15],"texture":"#1"},"south":{"uv":[3.125,14.875,3.25,15],"texture":"#1"},"west":{"uv":[3.125,14.875,3.25,15],"texture":"#1"},"up":{"uv":[3.125,14.875,3.25,15],"texture":"#1"},"down":{"uv":[3.125,14.875,3.25,15],"texture":"#1"}}},{"name":"berserkers_cleaver_149","from":[7.9375,0.875,7.75],"to":[8.0625,1.125,8.25],"rotation":{"angle":0,"axis":"y","origin":[-2.6875,0,7.9375]},"faces":{"north":{"uv":[7.75,14.875,7.625,15.125],"texture":"#1"},"east":{"uv":[7.625,14.875,7.75,15.125],"texture":"#1"},"south":{"uv":[7.625,14.875,7.75,15.125],"texture":"#1"},"west":{"uv":[7.625,14.875,7.75,15.125],"texture":"#1"},"up":{"uv":[7.625,14.875,7.75,15],"texture":"#1"},"down":{"uv":[7.625,15,7.75,15.125],"texture":"#1"}}},{"name":"berserkers_cleaver_150","from":[7.9375,0.625,7.875],"to":[8.0625,0.875,8.125],"rotation":{"angle":0,"axis":"y","origin":[-2.6875,0,7.9375]},"faces":{"north":{"uv":[10.75,15.125,10.625,15.375],"texture":"#1"},"east":{"uv":[10.625,15.125,10.75,15.375],"texture":"#1"},"south":{"uv":[10.625,15.125,10.75,15.375],"texture":"#1"},"west":{"uv":[10.625,15.125,10.75,15.375],"texture":"#1"},"up":{"uv":[10.625,15.125,10.75,15.25],"texture":"#1"},"down":{"uv":[10.625,15.25,10.75,15.375],"texture":"#1"}}},{"name":"berserkers_cleaver_151","from":[7.6875,0.5,7.75],"to":[8.3125,0.625,8.25],"rotation":{"angle":0,"axis":"y","origin":[-2.6875,0,7.9375]},"faces":{"north":{"uv":[8,15.375,7.375,15.5],"texture":"#1"},"east":{"uv":[7.875,15.375,8,15.5],"texture":"#1"},"south":{"uv":[7.375,15.375,8,15.5],"texture":"#1"},"west":{"uv":[7.375,15.375,7.5,15.5],"texture":"#1"},"up":{"uv":[7.375,15.375,8,15.5],"texture":"#1"},"down":{"uv":[7.375,15.375,8,15.5],"texture":"#1"}}},{"name":"berserkers_cleaver_152","from":[7.8125,0.375,7.75],"to":[8.1875,0.5,8.25],"rotation":{"angle":0,"axis":"y","origin":[-2.6875,0,7.9375]},"faces":{"north":{"uv":[7.875,15.5,7.5,15.625],"texture":"#1"},"east":{"uv":[7.75,15.5,7.875,15.625],"texture":"#1"},"south":{"uv":[7.5,15.5,7.875,15.625],"texture":"#1"},"west":{"uv":[7.5,15.5,7.625,15.625],"texture":"#1"},"up":{"uv":[7.5,15.5,7.875,15.625],"texture":"#1"},"down":{"uv":[7.5,15.5,7.875,15.625],"texture":"#1"}}},{"name":"berserkers_cleaver_153","from":[7.9375,0.125,7.75],"to":[8.0625,0.375,8.25],"rotation":{"angle":0,"axis":"y","origin":[-2.6875,0,7.9375]},"faces":{"north":{"uv":[7.75,15.625,7.625,15.875],"texture":"#1"},"east":{"uv":[7.625,15.625,7.75,15.875],"texture":"#1"},"south":{"uv":[7.625,15.625,7.75,15.875],"texture":"#1"},"west":{"uv":[7.625,15.625,7.75,15.875],"texture":"#1"},"up":{"uv":[7.625,15.625,7.75,15.75],"texture":"#1"},"down":{"uv":[7.625,15.75,7.75,15.875],"texture":"#1"}}}],"gui_light":"front","display":{"thirdperson_righthand":{"rotation":[0,-90,0],"translation":[0,10,1.5],"scale":[2.4,2.4,2.4]},"thirdperson_lefthand":{"rotation":[0,-90,0],"translation":[0,10,1.5],"scale":[2.4,2.4,2.4]},"firstperson_righthand":{"rotation":[10,-90,15],"translation":[-1.5,9.75,4.75],"scale":[1.4,1.4,1.4]},"firstperson_lefthand":{"rotation":[10,90,-15],"translation":[-1.5,9.75,4.75],"scale":[1.4,1.4,1.4]},"ground":{"rotation":[0,0,45],"translation":[0,1.5,0.25]},"gui":{"rotation":[0,0,-45],"translation":[-0.25,-0.25,0],"scale":[1.4,1.4,1]},"head":{"rotation":[0,0,45],"translation":[1.25,17.75,0],"scale":[2,2,2]},"fixed":{"rotation":[0,0,90],"translation":[3.75,-0.25,-0.5],"scale":[4,4,4]}}}