{"textures":{"0":"fantasy_weapons:item/black_iron_greatsword","particle":"fantasy_weapons:item/black_iron_greatsword"},"elements":[{"name":"black_iron_greatsword_0","from":[7.9375,16.375,7.96875],"to":[8.0625,16.75,8.03125],"rotation":{"angle":0,"axis":"y","origin":[5.0625,0,7.9375]},"faces":{"north":{"uv":[11.125,0.5,11,0.875],"texture":"#0"},"east":{"uv":[11,0.5,11.125,0.875],"texture":"#0"},"south":{"uv":[11,0.5,11.125,0.875],"texture":"#0"},"west":{"uv":[11,0.5,11.125,0.875],"texture":"#0"},"up":{"uv":[11,0.5,11.125,0.625],"texture":"#0"},"down":{"uv":[11,0.75,11.125,0.875],"texture":"#0"}}},{"name":"black_iron_greatsword_1","from":[7.8125,16.25,7.96875],"to":[7.9375,16.625,8.03125],"rotation":{"angle":0,"axis":"y","origin":[5.0625,0,7.9375]},"faces":{"north":{"uv":[11,0.625,10.875,1],"texture":"#0"},"east":{"uv":[10.875,0.625,11,1],"texture":"#0"},"south":{"uv":[10.875,0.625,11,1],"texture":"#0"},"west":{"uv":[10.875,0.625,11,1],"texture":"#0"},"up":{"uv":[10.875,0.625,11,0.75],"texture":"#0"},"down":{"uv":[10.875,0.875,11,1],"texture":"#0"}}},{"name":"black_iron_greatsword_2","from":[8.0625,16.25,7.96875],"to":[8.1875,16.625,8.03125],"rotation":{"angle":0,"axis":"y","origin":[5.0625,0,7.9375]},"faces":{"north":{"uv":[11.25,0.625,11.125,1],"texture":"#0"},"east":{"uv":[11.125,0.625,11.25,1],"texture":"#0"},"south":{"uv":[11.125,0.625,11.25,1],"texture":"#0"},"west":{"uv":[11.125,0.625,11.25,1],"texture":"#0"},"up":{"uv":[11.125,0.625,11.25,0.75],"texture":"#0"},"down":{"uv":[11.125,0.875,11.25,1],"texture":"#0"}}},{"name":"black_iron_greatsword_3","from":[7.6875,16.125,7.96875],"to":[7.8125,16.5,8.03125],"rotation":{"angle":0,"axis":"y","origin":[5.0625,0,7.9375]},"faces":{"north":{"uv":[10.875,0.75,10.75,1.125],"texture":"#0"},"east":{"uv":[10.75,0.75,10.875,1.125],"texture":"#0"},"south":{"uv":[10.75,0.75,10.875,1.125],"texture":"#0"},"west":{"uv":[10.75,0.75,10.875,1.125],"texture":"#0"},"up":{"uv":[10.75,0.75,10.875,0.875],"texture":"#0"},"down":{"uv":[10.75,1,10.875,1.125],"texture":"#0"}}},{"name":"black_iron_greatsword_4","from":[8.1875,16.125,7.96875],"to":[8.3125,16.5,8.03125],"rotation":{"angle":0,"axis":"y","origin":[5.0625,0,7.9375]},"faces":{"north":{"uv":[11.375,0.75,11.25,1.125],"texture":"#0"},"east":{"uv":[11.25,0.75,11.375,1.125],"texture":"#0"},"south":{"uv":[11.25,0.75,11.375,1.125],"texture":"#0"},"west":{"uv":[11.25,0.75,11.375,1.125],"texture":"#0"},"up":{"uv":[11.25,0.75,11.375,0.875],"texture":"#0"},"down":{"uv":[11.25,1,11.375,1.125],"texture":"#0"}}},{"name":"black_iron_greatsword_5","from":[7.5625,16,7.96875],"to":[7.6875,16.375,8.03125],"rotation":{"angle":0,"axis":"y","origin":[5.0625,0,7.9375]},"faces":{"north":{"uv":[10.75,0.875,10.625,1.25],"texture":"#0"},"east":{"uv":[10.625,0.875,10.75,1.25],"texture":"#0"},"south":{"uv":[10.625,0.875,10.75,1.25],"texture":"#0"},"west":{"uv":[10.625,0.875,10.75,1.25],"texture":"#0"},"up":{"uv":[10.625,0.875,10.75,1],"texture":"#0"},"down":{"uv":[10.625,1.125,10.75,1.25],"texture":"#0"}}},{"name":"black_iron_greatsword_6","from":[8.3125,16,7.96875],"to":[8.4375,16.375,8.03125],"rotation":{"angle":0,"axis":"y","origin":[5.0625,0,7.9375]},"faces":{"north":{"uv":[11.5,0.875,11.375,1.25],"texture":"#0"},"east":{"uv":[11.375,0.875,11.5,1.25],"texture":"#0"},"south":{"uv":[11.375,0.875,11.5,1.25],"texture":"#0"},"west":{"uv":[11.375,0.875,11.5,1.25],"texture":"#0"},"up":{"uv":[11.375,0.875,11.5,1],"texture":"#0"},"down":{"uv":[11.375,1.125,11.5,1.25],"texture":"#0"}}},{"name":"black_iron_greatsword_7","from":[7.9375,15.75,7.90625],"to":[8.0625,16.375,8.09375],"rotation":{"angle":0,"axis":"y","origin":[5.0625,0,7.9375]},"faces":{"north":{"uv":[14.125,0.875,14,1.5],"texture":"#0"},"east":{"uv":[14,0.875,14.125,1.5],"texture":"#0"},"south":{"uv":[14,0.875,14.125,1.5],"texture":"#0"},"west":{"uv":[14,0.875,14.125,1.5],"texture":"#0"},"up":{"uv":[14,0.875,14.125,1],"texture":"#0"},"down":{"uv":[14,1.375,14.125,1.5],"texture":"#0"}}},{"name":"black_iron_greatsword_8","from":[7.4375,15.875,7.96875],"to":[7.5625,16.25,8.03125],"rotation":{"angle":0,"axis":"y","origin":[5.0625,0,7.9375]},"faces":{"north":{"uv":[10.625,1,10.5,1.375],"texture":"#0"},"east":{"uv":[10.5,1,10.625,1.375],"texture":"#0"},"south":{"uv":[10.5,1,10.625,1.375],"texture":"#0"},"west":{"uv":[10.5,1,10.625,1.375],"texture":"#0"},"up":{"uv":[10.5,1,10.625,1.125],"texture":"#0"},"down":{"uv":[10.5,1.25,10.625,1.375],"texture":"#0"}}},{"name":"black_iron_greatsword_9","from":[8.4375,15.875,7.96875],"to":[8.5625,16.25,8.03125],"rotation":{"angle":0,"axis":"y","origin":[5.0625,0,7.9375]},"faces":{"north":{"uv":[11.625,1,11.5,1.375],"texture":"#0"},"east":{"uv":[11.5,1,11.625,1.375],"texture":"#0"},"south":{"uv":[11.5,1,11.625,1.375],"texture":"#0"},"west":{"uv":[11.5,1,11.625,1.375],"texture":"#0"},"up":{"uv":[11.5,1,11.625,1.125],"texture":"#0"},"down":{"uv":[11.5,1.25,11.625,1.375],"texture":"#0"}}},{"name":"black_iron_greatsword_10","from":[7.8125,15.625,7.90625],"to":[7.9375,16.25,8.09375],"rotation":{"angle":0,"axis":"y","origin":[5.0625,0,7.9375]},"faces":{"north":{"uv":[14,1,13.875,1.625],"texture":"#0"},"east":{"uv":[13.875,1,14,1.625],"texture":"#0"},"south":{"uv":[13.875,1,14,1.625],"texture":"#0"},"west":{"uv":[13.875,1,14,1.625],"texture":"#0"},"up":{"uv":[13.875,1,14,1.125],"texture":"#0"},"down":{"uv":[13.875,1.5,14,1.625],"texture":"#0"}}},{"name":"black_iron_greatsword_11","from":[8.0625,15.625,7.90625],"to":[8.1875,16.25,8.09375],"rotation":{"angle":0,"axis":"y","origin":[5.0625,0,7.9375]},"faces":{"north":{"uv":[14.25,1,14.125,1.625],"texture":"#0"},"east":{"uv":[14.125,1,14.25,1.625],"texture":"#0"},"south":{"uv":[14.125,1,14.25,1.625],"texture":"#0"},"west":{"uv":[14.125,1,14.25,1.625],"texture":"#0"},"up":{"uv":[14.125,1,14.25,1.125],"texture":"#0"},"down":{"uv":[14.125,1.5,14.25,1.625],"texture":"#0"}}},{"name":"black_iron_greatsword_12","from":[7.3125,15,7.96875],"to":[7.4375,16.125,8.03125],"rotation":{"angle":0,"axis":"y","origin":[5.0625,0,7.9375]},"faces":{"north":{"uv":[10.5,1.125,10.375,2.25],"texture":"#0"},"east":{"uv":[10.375,1.125,10.5,2.25],"texture":"#0"},"south":{"uv":[10.375,1.125,10.5,2.25],"texture":"#0"},"west":{"uv":[10.375,1.125,10.5,2.25],"texture":"#0"},"up":{"uv":[10.375,1.125,10.5,1.25],"texture":"#0"},"down":{"uv":[10.375,2.125,10.5,2.25],"texture":"#0"}}},{"name":"black_iron_greatsword_13","from":[8.5625,15,7.96875],"to":[8.6875,16.125,8.03125],"rotation":{"angle":0,"axis":"y","origin":[5.0625,0,7.9375]},"faces":{"north":{"uv":[11.75,1.125,11.625,2.25],"texture":"#0"},"east":{"uv":[11.625,1.125,11.75,2.25],"texture":"#0"},"south":{"uv":[11.625,1.125,11.75,2.25],"texture":"#0"},"west":{"uv":[11.625,1.125,11.75,2.25],"texture":"#0"},"up":{"uv":[11.625,1.125,11.75,1.25],"texture":"#0"},"down":{"uv":[11.625,2.125,11.75,2.25],"texture":"#0"}}},{"name":"black_iron_greatsword_14","from":[7.6875,15.5,7.90625],"to":[7.8125,16.125,8.09375],"rotation":{"angle":0,"axis":"y","origin":[5.0625,0,7.9375]},"faces":{"north":{"uv":[13.875,1.125,13.75,1.75],"texture":"#0"},"east":{"uv":[13.75,1.125,13.875,1.75],"texture":"#0"},"south":{"uv":[13.75,1.125,13.875,1.75],"texture":"#0"},"west":{"uv":[13.75,1.125,13.875,1.75],"texture":"#0"},"up":{"uv":[13.75,1.125,13.875,1.25],"texture":"#0"},"down":{"uv":[13.75,1.625,13.875,1.75],"texture":"#0"}}},{"name":"black_iron_greatsword_15","from":[8.1875,15.5,7.90625],"to":[8.3125,16.125,8.09375],"rotation":{"angle":0,"axis":"y","origin":[5.0625,0,7.9375]},"faces":{"north":{"uv":[14.375,1.125,14.25,1.75],"texture":"#0"},"east":{"uv":[14.25,1.125,14.375,1.75],"texture":"#0"},"south":{"uv":[14.25,1.125,14.375,1.75],"texture":"#0"},"west":{"uv":[14.25,1.125,14.375,1.75],"texture":"#0"},"up":{"uv":[14.25,1.125,14.375,1.25],"texture":"#0"},"down":{"uv":[14.25,1.625,14.375,1.75],"texture":"#0"}}},{"name":"black_iron_greatsword_16","from":[7.1875,12.875,7.96875],"to":[7.3125,16,8.03125],"rotation":{"angle":0,"axis":"y","origin":[5.0625,0,7.9375]},"faces":{"north":{"uv":[10.375,1.25,10.25,4.375],"texture":"#0"},"east":{"uv":[10.25,1.25,10.375,4.375],"texture":"#0"},"south":{"uv":[10.25,1.25,10.375,4.375],"texture":"#0"},"west":{"uv":[10.25,1.25,10.375,4.375],"texture":"#0"},"up":{"uv":[10.25,1.25,10.375,1.375],"texture":"#0"},"down":{"uv":[10.25,4.25,10.375,4.375],"texture":"#0"}}},{"name":"black_iron_greatsword_17","from":[8.6875,12.875,7.96875],"to":[8.8125,16,8.03125],"rotation":{"angle":0,"axis":"y","origin":[5.0625,0,7.9375]},"faces":{"north":{"uv":[11.875,1.25,11.75,4.375],"texture":"#0"},"east":{"uv":[11.75,1.25,11.875,4.375],"texture":"#0"},"south":{"uv":[11.75,1.25,11.875,4.375],"texture":"#0"},"west":{"uv":[11.75,1.25,11.875,4.375],"texture":"#0"},"up":{"uv":[11.75,1.25,11.875,1.375],"texture":"#0"},"down":{"uv":[11.75,4.25,11.875,4.375],"texture":"#0"}}},{"name":"black_iron_greatsword_18","from":[7.5625,14.125,7.90625],"to":[7.6875,16,8.09375],"rotation":{"angle":0,"axis":"y","origin":[5.0625,0,7.9375]},"faces":{"north":{"uv":[13.75,1.25,13.625,3.125],"texture":"#0"},"east":{"uv":[13.625,1.25,13.75,3.125],"texture":"#0"},"south":{"uv":[13.625,1.25,13.75,3.125],"texture":"#0"},"west":{"uv":[13.625,1.25,13.75,3.125],"texture":"#0"},"up":{"uv":[13.625,1.25,13.75,1.375],"texture":"#0"},"down":{"uv":[13.625,3,13.75,3.125],"texture":"#0"}}},{"name":"black_iron_greatsword_19","from":[8.3125,14.125,7.90625],"to":[8.4375,16,8.09375],"rotation":{"angle":0,"axis":"y","origin":[5.0625,0,7.9375]},"faces":{"north":{"uv":[14.5,1.25,14.375,3.125],"texture":"#0"},"east":{"uv":[14.375,1.25,14.5,3.125],"texture":"#0"},"south":{"uv":[14.375,1.25,14.5,3.125],"texture":"#0"},"west":{"uv":[14.375,1.25,14.5,3.125],"texture":"#0"},"up":{"uv":[14.375,1.25,14.5,1.375],"texture":"#0"},"down":{"uv":[14.375,3,14.5,3.125],"texture":"#0"}}},{"name":"black_iron_greatsword_20","from":[7.4375,12.75,7.90625],"to":[7.5625,15.875,8.09375],"rotation":{"angle":0,"axis":"y","origin":[5.0625,0,7.9375]},"faces":{"north":{"uv":[13.625,1.375,13.5,4.5],"texture":"#0"},"east":{"uv":[13.5,1.375,13.625,4.5],"texture":"#0"},"south":{"uv":[13.5,1.375,13.625,4.5],"texture":"#0"},"west":{"uv":[13.5,1.375,13.625,4.5],"texture":"#0"},"up":{"uv":[13.5,1.375,13.625,1.5],"texture":"#0"},"down":{"uv":[13.5,4.375,13.625,4.5],"texture":"#0"}}},{"name":"black_iron_greatsword_21","from":[8.4375,12.75,7.90625],"to":[8.5625,15.875,8.09375],"rotation":{"angle":0,"axis":"y","origin":[5.0625,0,7.9375]},"faces":{"north":{"uv":[14.625,1.375,14.5,4.5],"texture":"#0"},"east":{"uv":[14.5,1.375,14.625,4.5],"texture":"#0"},"south":{"uv":[14.5,1.375,14.625,4.5],"texture":"#0"},"west":{"uv":[14.5,1.375,14.625,4.5],"texture":"#0"},"up":{"uv":[14.5,1.375,14.625,1.5],"texture":"#0"},"down":{"uv":[14.5,4.375,14.625,4.5],"texture":"#0"}}},{"name":"black_iron_greatsword_22","from":[7.9375,14.125,7.96875],"to":[8.0625,15.75,8.03125],"rotation":{"angle":0,"axis":"y","origin":[5.0625,0,7.9375]},"faces":{"north":{"uv":[8,1.5,7.875,3.125],"texture":"#0"},"east":{"uv":[7.875,1.5,8,3.125],"texture":"#0"},"south":{"uv":[7.875,1.5,8,3.125],"texture":"#0"},"west":{"uv":[7.875,1.5,8,3.125],"texture":"#0"},"up":{"uv":[7.875,1.5,8,1.625],"texture":"#0"},"down":{"uv":[7.875,3,8,3.125],"texture":"#0"}}},{"name":"black_iron_greatsword_23","from":[7.8125,5.375,7.96875],"to":[7.9375,15.625,8.03125],"rotation":{"angle":0,"axis":"y","origin":[5.0625,0,7.9375]},"faces":{"north":{"uv":[7.875,1.625,7.75,11.875],"texture":"#0"},"east":{"uv":[7.75,1.625,7.875,11.875],"texture":"#0"},"south":{"uv":[7.75,1.625,7.875,11.875],"texture":"#0"},"west":{"uv":[7.75,1.625,7.875,11.875],"texture":"#0"},"up":{"uv":[7.75,1.625,7.875,1.75],"texture":"#0"},"down":{"uv":[7.75,11.75,7.875,11.875],"texture":"#0"}}},{"name":"black_iron_greatsword_24","from":[8.0625,5.375,7.96875],"to":[8.1875,15.625,8.03125],"rotation":{"angle":0,"axis":"y","origin":[5.0625,0,7.9375]},"faces":{"north":{"uv":[8.125,1.625,8,11.875],"texture":"#0"},"east":{"uv":[8,1.625,8.125,11.875],"texture":"#0"},"south":{"uv":[8,1.625,8.125,11.875],"texture":"#0"},"west":{"uv":[8,1.625,8.125,11.875],"texture":"#0"},"up":{"uv":[8,1.625,8.125,1.75],"texture":"#0"},"down":{"uv":[8,11.75,8.125,11.875],"texture":"#0"}}},{"name":"black_iron_greatsword_25","from":[7.6875,5.375,7.96875],"to":[7.8125,15.5,8.03125],"rotation":{"angle":0,"axis":"y","origin":[5.0625,0,7.9375]},"faces":{"north":{"uv":[7.75,1.75,7.625,11.875],"texture":"#0"},"east":{"uv":[7.625,1.75,7.75,11.875],"texture":"#0"},"south":{"uv":[7.625,1.75,7.75,11.875],"texture":"#0"},"west":{"uv":[7.625,1.75,7.75,11.875],"texture":"#0"},"up":{"uv":[7.625,1.75,7.75,1.875],"texture":"#0"},"down":{"uv":[7.625,11.75,7.75,11.875],"texture":"#0"}}},{"name":"black_iron_greatsword_26","from":[8.1875,5.375,7.96875],"to":[8.3125,15.5,8.03125],"rotation":{"angle":0,"axis":"y","origin":[5.0625,0,7.9375]},"faces":{"north":{"uv":[8.25,1.75,8.125,11.875],"texture":"#0"},"east":{"uv":[8.125,1.75,8.25,11.875],"texture":"#0"},"south":{"uv":[8.125,1.75,8.25,11.875],"texture":"#0"},"west":{"uv":[8.125,1.75,8.25,11.875],"texture":"#0"},"up":{"uv":[8.125,1.75,8.25,1.875],"texture":"#0"},"down":{"uv":[8.125,11.75,8.25,11.875],"texture":"#0"}}},{"name":"black_iron_greatsword_27","from":[7.0625,13.5,7.96875],"to":[7.1875,15.125,8.03125],"rotation":{"angle":0,"axis":"y","origin":[5.0625,0,7.9375]},"faces":{"north":{"uv":[10.25,2.125,10.125,3.75],"texture":"#0"},"east":{"uv":[10.125,2.125,10.25,3.75],"texture":"#0"},"south":{"uv":[10.125,2.125,10.25,3.75],"texture":"#0"},"west":{"uv":[10.125,2.125,10.25,3.75],"texture":"#0"},"up":{"uv":[10.125,2.125,10.25,2.25],"texture":"#0"},"down":{"uv":[10.125,3.625,10.25,3.75],"texture":"#0"}}},{"name":"black_iron_greatsword_28","from":[8.8125,14.25,7.96875],"to":[8.9375,15.125,8.03125],"rotation":{"angle":0,"axis":"y","origin":[5.0625,0,7.9375]},"faces":{"north":{"uv":[12,2.125,11.875,3],"texture":"#0"},"east":{"uv":[11.875,2.125,12,3],"texture":"#0"},"south":{"uv":[11.875,2.125,12,3],"texture":"#0"},"west":{"uv":[11.875,2.125,12,3],"texture":"#0"},"up":{"uv":[11.875,2.125,12,2.25],"texture":"#0"},"down":{"uv":[11.875,2.875,12,3],"texture":"#0"}}},{"name":"black_iron_greatsword_29","from":[7.3125,10.5,7.90625],"to":[7.4375,15,8.09375],"rotation":{"angle":0,"axis":"y","origin":[5.0625,0,7.9375]},"faces":{"north":{"uv":[13.5,2.25,13.375,6.75],"texture":"#0"},"east":{"uv":[13.375,2.25,13.5,6.75],"texture":"#0"},"south":{"uv":[13.375,2.25,13.5,6.75],"texture":"#0"},"west":{"uv":[13.375,2.25,13.5,6.75],"texture":"#0"},"up":{"uv":[13.375,2.25,13.5,2.375],"texture":"#0"},"down":{"uv":[13.375,6.625,13.5,6.75],"texture":"#0"}}},{"name":"black_iron_greatsword_30","from":[8.5625,10.5,7.90625],"to":[8.6875,15,8.09375],"rotation":{"angle":0,"axis":"y","origin":[5.0625,0,7.9375]},"faces":{"north":{"uv":[14.75,2.25,14.625,6.75],"texture":"#0"},"east":{"uv":[14.625,2.25,14.75,6.75],"texture":"#0"},"south":{"uv":[14.625,2.25,14.75,6.75],"texture":"#0"},"west":{"uv":[14.625,2.25,14.75,6.75],"texture":"#0"},"up":{"uv":[14.625,2.25,14.75,2.375],"texture":"#0"},"down":{"uv":[14.625,6.625,14.75,6.75],"texture":"#0"}}},{"name":"black_iron_greatsword_31","from":[7.9375,5.375,7.90625],"to":[8.0625,14.125,8.09375],"rotation":{"angle":0,"axis":"y","origin":[5.0625,0,7.9375]},"faces":{"north":{"uv":[7.125,3.125,7,11.875],"texture":"#0"},"east":{"uv":[7,3.125,7.125,11.875],"texture":"#0"},"south":{"uv":[7,3.125,7.125,11.875],"texture":"#0"},"west":{"uv":[7,3.125,7.125,11.875],"texture":"#0"},"up":{"uv":[7,3.125,7.125,3.25],"texture":"#0"},"down":{"uv":[7,11.75,7.125,11.875],"texture":"#0"}}},{"name":"black_iron_greatsword_32","from":[7.5625,5.375,7.96875],"to":[7.6875,14.125,8.03125],"rotation":{"angle":0,"axis":"y","origin":[5.0625,0,7.9375]},"faces":{"north":{"uv":[7.625,3.125,7.5,11.875],"texture":"#0"},"east":{"uv":[7.5,3.125,7.625,11.875],"texture":"#0"},"south":{"uv":[7.5,3.125,7.625,11.875],"texture":"#0"},"west":{"uv":[7.5,3.125,7.625,11.875],"texture":"#0"},"up":{"uv":[7.5,3.125,7.625,3.25],"texture":"#0"},"down":{"uv":[7.5,11.75,7.625,11.875],"texture":"#0"}}},{"name":"black_iron_greatsword_33","from":[8.3125,5.375,7.96875],"to":[8.4375,14.125,8.03125],"rotation":{"angle":0,"axis":"y","origin":[5.0625,0,7.9375]},"faces":{"north":{"uv":[8.375,3.125,8.25,11.875],"texture":"#0"},"east":{"uv":[8.25,3.125,8.375,11.875],"texture":"#0"},"south":{"uv":[8.25,3.125,8.375,11.875],"texture":"#0"},"west":{"uv":[8.25,3.125,8.375,11.875],"texture":"#0"},"up":{"uv":[8.25,3.125,8.375,3.25],"texture":"#0"},"down":{"uv":[8.25,11.75,8.375,11.875],"texture":"#0"}}},{"name":"black_iron_greatsword_34","from":[8.8125,10.625,7.96875],"to":[8.9375,14.125,8.03125],"rotation":{"angle":0,"axis":"y","origin":[5.0625,0,7.9375]},"faces":{"north":{"uv":[12,3.125,11.875,6.625],"texture":"#0"},"east":{"uv":[11.875,3.125,12,6.625],"texture":"#0"},"south":{"uv":[11.875,3.125,12,6.625],"texture":"#0"},"west":{"uv":[11.875,3.125,12,6.625],"texture":"#0"},"up":{"uv":[11.875,3.125,12,3.25],"texture":"#0"},"down":{"uv":[11.875,6.5,12,6.625],"texture":"#0"}}},{"name":"black_iron_greatsword_35","from":[7.0625,10.625,7.96875],"to":[7.1875,13.375,8.03125],"rotation":{"angle":0,"axis":"y","origin":[5.0625,0,7.9375]},"faces":{"north":{"uv":[10.25,3.875,10.125,6.625],"texture":"#0"},"east":{"uv":[10.125,3.875,10.25,6.625],"texture":"#0"},"south":{"uv":[10.125,3.875,10.25,6.625],"texture":"#0"},"west":{"uv":[10.125,3.875,10.25,6.625],"texture":"#0"},"up":{"uv":[10.125,3.875,10.25,4],"texture":"#0"},"down":{"uv":[10.125,6.5,10.25,6.625],"texture":"#0"}}},{"name":"black_iron_greatsword_36","from":[6.9375,8.5,7.96875],"to":[7.0625,13,8.03125],"rotation":{"angle":0,"axis":"y","origin":[5.0625,0,7.9375]},"faces":{"north":{"uv":[10.125,4.25,10,8.75],"texture":"#0"},"east":{"uv":[10,4.25,10.125,8.75],"texture":"#0"},"south":{"uv":[10,4.25,10.125,8.75],"texture":"#0"},"west":{"uv":[10,4.25,10.125,8.75],"texture":"#0"},"up":{"uv":[10,4.25,10.125,4.375],"texture":"#0"},"down":{"uv":[10,8.625,10.125,8.75],"texture":"#0"}}},{"name":"black_iron_greatsword_37","from":[8.9375,11.75,7.96875],"to":[9.0625,13,8.03125],"rotation":{"angle":0,"axis":"y","origin":[5.0625,0,7.9375]},"faces":{"north":{"uv":[12.125,4.25,12,5.5],"texture":"#0"},"east":{"uv":[12,4.25,12.125,5.5],"texture":"#0"},"south":{"uv":[12,4.25,12.125,5.5],"texture":"#0"},"west":{"uv":[12,4.25,12.125,5.5],"texture":"#0"},"up":{"uv":[12,4.25,12.125,4.375],"texture":"#0"},"down":{"uv":[12,5.375,12.125,5.5],"texture":"#0"}}},{"name":"black_iron_greatsword_38","from":[7.1875,8.375,7.90625],"to":[7.3125,12.875,8.09375],"rotation":{"angle":0,"axis":"y","origin":[5.0625,0,7.9375]},"faces":{"north":{"uv":[13.375,4.375,13.25,8.875],"texture":"#0"},"east":{"uv":[13.25,4.375,13.375,8.875],"texture":"#0"},"south":{"uv":[13.25,4.375,13.375,8.875],"texture":"#0"},"west":{"uv":[13.25,4.375,13.375,8.875],"texture":"#0"},"up":{"uv":[13.25,4.375,13.375,4.5],"texture":"#0"},"down":{"uv":[13.25,8.75,13.375,8.875],"texture":"#0"}}},{"name":"black_iron_greatsword_39","from":[8.6875,8.375,7.90625],"to":[8.8125,12.875,8.09375],"rotation":{"angle":0,"axis":"y","origin":[5.0625,0,7.9375]},"faces":{"north":{"uv":[14.875,4.375,14.75,8.875],"texture":"#0"},"east":{"uv":[14.75,4.375,14.875,8.875],"texture":"#0"},"south":{"uv":[14.75,4.375,14.875,8.875],"texture":"#0"},"west":{"uv":[14.75,4.375,14.875,8.875],"texture":"#0"},"up":{"uv":[14.75,4.375,14.875,4.5],"texture":"#0"},"down":{"uv":[14.75,8.75,14.875,8.875],"texture":"#0"}}},{"name":"black_iron_greatsword_40","from":[7.4375,5.375,7.84375],"to":[7.5625,12.75,8.15625],"rotation":{"angle":0,"axis":"y","origin":[5.0625,0,7.9375]},"faces":{"north":{"uv":[10.625,4.5,10.5,11.875],"texture":"#0"},"east":{"uv":[10.5,4.5,10.625,11.875],"texture":"#0"},"south":{"uv":[10.5,4.5,10.625,11.875],"texture":"#0"},"west":{"uv":[10.5,4.5,10.625,11.875],"texture":"#0"},"up":{"uv":[10.5,4.5,10.625,4.625],"texture":"#0"},"down":{"uv":[10.5,11.75,10.625,11.875],"texture":"#0"}}},{"name":"black_iron_greatsword_41","from":[8.4375,5.375,7.84375],"to":[8.5625,12.75,8.15625],"rotation":{"angle":0,"axis":"y","origin":[5.0625,0,7.9375]},"faces":{"north":{"uv":[11.625,4.5,11.5,11.875],"texture":"#0"},"east":{"uv":[11.5,4.5,11.625,11.875],"texture":"#0"},"south":{"uv":[11.5,4.5,11.625,11.875],"texture":"#0"},"west":{"uv":[11.5,4.5,11.625,11.875],"texture":"#0"},"up":{"uv":[11.5,4.5,11.625,4.625],"texture":"#0"},"down":{"uv":[11.5,11.75,11.625,11.875],"texture":"#0"}}},{"name":"black_iron_greatsword_42","from":[8.9375,8.5,7.96875],"to":[9.0625,11.625,8.03125],"rotation":{"angle":0,"axis":"y","origin":[5.0625,0,7.9375]},"faces":{"north":{"uv":[12.125,5.625,12,8.75],"texture":"#0"},"east":{"uv":[12,5.625,12.125,8.75],"texture":"#0"},"south":{"uv":[12,5.625,12.125,8.75],"texture":"#0"},"west":{"uv":[12,5.625,12.125,8.75],"texture":"#0"},"up":{"uv":[12,5.625,12.125,5.75],"texture":"#0"},"down":{"uv":[12,8.625,12.125,8.75],"texture":"#0"}}},{"name":"black_iron_greatsword_43","from":[6.8125,6.375,7.96875],"to":[6.9375,10.75,8.03125],"rotation":{"angle":0,"axis":"y","origin":[5.0625,0,7.9375]},"faces":{"north":{"uv":[10,6.5,9.875,10.875],"texture":"#0"},"east":{"uv":[9.875,6.5,10,10.875],"texture":"#0"},"south":{"uv":[9.875,6.5,10,10.875],"texture":"#0"},"west":{"uv":[9.875,6.5,10,10.875],"texture":"#0"},"up":{"uv":[9.875,6.5,10,6.625],"texture":"#0"},"down":{"uv":[9.875,10.75,10,10.875],"texture":"#0"}}},{"name":"black_iron_greatsword_44","from":[9.0625,6.375,7.96875],"to":[9.1875,10.75,8.03125],"rotation":{"angle":0,"axis":"y","origin":[5.0625,0,7.9375]},"faces":{"north":{"uv":[12.25,6.5,12.125,10.875],"texture":"#0"},"east":{"uv":[12.125,6.5,12.25,10.875],"texture":"#0"},"south":{"uv":[12.125,6.5,12.25,10.875],"texture":"#0"},"west":{"uv":[12.125,6.5,12.25,10.875],"texture":"#0"},"up":{"uv":[12.125,6.5,12.25,6.625],"texture":"#0"},"down":{"uv":[12.125,10.75,12.25,10.875],"texture":"#0"}}},{"name":"black_iron_greatsword_45","from":[7.0625,6.25,7.90625],"to":[7.1875,10.625,8.09375],"rotation":{"angle":0,"axis":"y","origin":[5.0625,0,7.9375]},"faces":{"north":{"uv":[13.25,6.625,13.125,11],"texture":"#0"},"east":{"uv":[13.125,6.625,13.25,11],"texture":"#0"},"south":{"uv":[13.125,6.625,13.25,11],"texture":"#0"},"west":{"uv":[13.125,6.625,13.25,11],"texture":"#0"},"up":{"uv":[13.125,6.625,13.25,6.75],"texture":"#0"},"down":{"uv":[13.125,10.875,13.25,11],"texture":"#0"}}},{"name":"black_iron_greatsword_46","from":[8.8125,6.25,7.90625],"to":[8.9375,10.625,8.09375],"rotation":{"angle":0,"axis":"y","origin":[5.0625,0,7.9375]},"faces":{"north":{"uv":[15,6.625,14.875,11],"texture":"#0"},"east":{"uv":[14.875,6.625,15,11],"texture":"#0"},"south":{"uv":[14.875,6.625,15,11],"texture":"#0"},"west":{"uv":[14.875,6.625,15,11],"texture":"#0"},"up":{"uv":[14.875,6.625,15,6.75],"texture":"#0"},"down":{"uv":[14.875,10.875,15,11],"texture":"#0"}}},{"name":"black_iron_greatsword_47","from":[7.3125,5.375,7.84375],"to":[7.4375,10.5,8.15625],"rotation":{"angle":0,"axis":"y","origin":[5.0625,0,7.9375]},"faces":{"north":{"uv":[10.5,6.75,10.375,11.875],"texture":"#0"},"east":{"uv":[10.375,6.75,10.5,11.875],"texture":"#0"},"south":{"uv":[10.375,6.75,10.5,11.875],"texture":"#0"},"west":{"uv":[10.375,6.75,10.5,11.875],"texture":"#0"},"up":{"uv":[10.375,6.75,10.5,6.875],"texture":"#0"},"down":{"uv":[10.375,11.75,10.5,11.875],"texture":"#0"}}},{"name":"black_iron_greatsword_48","from":[8.5625,5.375,7.84375],"to":[8.6875,10.5,8.15625],"rotation":{"angle":0,"axis":"y","origin":[5.0625,0,7.9375]},"faces":{"north":{"uv":[11.75,6.75,11.625,11.875],"texture":"#0"},"east":{"uv":[11.625,6.75,11.75,11.875],"texture":"#0"},"south":{"uv":[11.625,6.75,11.75,11.875],"texture":"#0"},"west":{"uv":[11.625,6.75,11.75,11.875],"texture":"#0"},"up":{"uv":[11.625,6.75,11.75,6.875],"texture":"#0"},"down":{"uv":[11.625,11.75,11.75,11.875],"texture":"#0"}}},{"name":"black_iron_greatsword_49","from":[6.6875,7.625,7.96875],"to":[6.8125,8.625,8.03125],"rotation":{"angle":0,"axis":"y","origin":[5.0625,0,7.9375]},"faces":{"north":{"uv":[9.875,8.625,9.75,9.625],"texture":"#0"},"east":{"uv":[9.75,8.625,9.875,9.625],"texture":"#0"},"south":{"uv":[9.75,8.625,9.875,9.625],"texture":"#0"},"west":{"uv":[9.75,8.625,9.875,9.625],"texture":"#0"},"up":{"uv":[9.75,8.625,9.875,8.75],"texture":"#0"},"down":{"uv":[9.75,9.5,9.875,9.625],"texture":"#0"}}},{"name":"black_iron_greatsword_50","from":[9.1875,5.375,7.96875],"to":[9.3125,8.625,8.03125],"rotation":{"angle":0,"axis":"y","origin":[5.0625,0,7.9375]},"faces":{"north":{"uv":[12.375,8.625,12.25,11.875],"texture":"#0"},"east":{"uv":[12.25,8.625,12.375,11.875],"texture":"#0"},"south":{"uv":[12.25,8.625,12.375,11.875],"texture":"#0"},"west":{"uv":[12.25,8.625,12.375,11.875],"texture":"#0"},"up":{"uv":[12.25,8.625,12.375,8.75],"texture":"#0"},"down":{"uv":[12.25,11.75,12.375,11.875],"texture":"#0"}}},{"name":"black_iron_greatsword_51","from":[6.9375,5.375,7.90625],"to":[7.0625,8.5,8.09375],"rotation":{"angle":0,"axis":"y","origin":[5.0625,0,7.9375]},"faces":{"north":{"uv":[13.125,8.75,13,11.875],"texture":"#0"},"east":{"uv":[13,8.75,13.125,11.875],"texture":"#0"},"south":{"uv":[13,8.75,13.125,11.875],"texture":"#0"},"west":{"uv":[13,8.75,13.125,11.875],"texture":"#0"},"up":{"uv":[13,8.75,13.125,8.875],"texture":"#0"},"down":{"uv":[13,11.75,13.125,11.875],"texture":"#0"}}},{"name":"black_iron_greatsword_52","from":[8.9375,5.375,7.90625],"to":[9.0625,8.5,8.09375],"rotation":{"angle":0,"axis":"y","origin":[5.0625,0,7.9375]},"faces":{"north":{"uv":[15.125,8.75,15,11.875],"texture":"#0"},"east":{"uv":[15,8.75,15.125,11.875],"texture":"#0"},"south":{"uv":[15,8.75,15.125,11.875],"texture":"#0"},"west":{"uv":[15,8.75,15.125,11.875],"texture":"#0"},"up":{"uv":[15,8.75,15.125,8.875],"texture":"#0"},"down":{"uv":[15,11.75,15.125,11.875],"texture":"#0"}}},{"name":"black_iron_greatsword_53","from":[7.1875,5.375,7.84375],"to":[7.3125,8.375,8.15625],"rotation":{"angle":0,"axis":"y","origin":[5.0625,0,7.9375]},"faces":{"north":{"uv":[10.375,8.875,10.25,11.875],"texture":"#0"},"east":{"uv":[10.25,8.875,10.375,11.875],"texture":"#0"},"south":{"uv":[10.25,8.875,10.375,11.875],"texture":"#0"},"west":{"uv":[10.25,8.875,10.375,11.875],"texture":"#0"},"up":{"uv":[10.25,8.875,10.375,9],"texture":"#0"},"down":{"uv":[10.25,11.75,10.375,11.875],"texture":"#0"}}},{"name":"black_iron_greatsword_54","from":[8.6875,5.375,7.84375],"to":[8.8125,8.375,8.15625],"rotation":{"angle":0,"axis":"y","origin":[5.0625,0,7.9375]},"faces":{"north":{"uv":[11.875,8.875,11.75,11.875],"texture":"#0"},"east":{"uv":[11.75,8.875,11.875,11.875],"texture":"#0"},"south":{"uv":[11.75,8.875,11.875,11.875],"texture":"#0"},"west":{"uv":[11.75,8.875,11.875,11.875],"texture":"#0"},"up":{"uv":[11.75,8.875,11.875,9],"texture":"#0"},"down":{"uv":[11.75,11.75,11.875,11.875],"texture":"#0"}}},{"name":"black_iron_greatsword_55","from":[6.3125,4.75,7.5625],"to":[9.6875,5.375,8.4375],"rotation":{"angle":0,"axis":"y","origin":[5.0625,0,7.9375]},"faces":{"north":{"uv":[4.625,9.125,1.25,9.75],"texture":"#0"},"east":{"uv":[4.5,9.125,4.625,9.75],"texture":"#0"},"south":{"uv":[1.25,9.125,4.625,9.75],"texture":"#0"},"west":{"uv":[1.25,9.125,1.375,9.75],"texture":"#0"},"up":{"uv":[1.25,8,4.625,8.875],"texture":"#0"},"down":{"uv":[1.25,8,4.625,8.875],"texture":"#0"}}},{"name":"black_iron_greatsword_56","from":[7.4375,4.625,7.8125],"to":[8.5625,4.75,8.1875],"rotation":{"angle":0,"axis":"y","origin":[5.0625,0,7.9375]},"faces":{"north":{"uv":[5.875,9.75,4.75,9.875],"texture":"#0"},"east":{"uv":[5.75,9.75,5.875,9.875],"texture":"#0"},"south":{"uv":[4.75,9.75,5.875,9.875],"texture":"#0"},"west":{"uv":[4.75,9.75,4.875,9.875],"texture":"#0"},"up":{"uv":[4.75,9.75,5.875,9.875],"texture":"#0"},"down":{"uv":[4.75,9.75,5.875,9.875],"texture":"#0"}}},{"name":"black_iron_greatsword_57","from":[6.6875,5.375,7.96875],"to":[6.8125,7.5,8.03125],"rotation":{"angle":0,"axis":"y","origin":[5.0625,0,7.9375]},"faces":{"north":{"uv":[9.875,9.75,9.75,11.875],"texture":"#0"},"east":{"uv":[9.75,9.75,9.875,11.875],"texture":"#0"},"south":{"uv":[9.75,9.75,9.875,11.875],"texture":"#0"},"west":{"uv":[9.75,9.75,9.875,11.875],"texture":"#0"},"up":{"uv":[9.75,9.75,9.875,9.875],"texture":"#0"},"down":{"uv":[9.75,11.75,9.875,11.875],"texture":"#0"}}},{"name":"black_iron_greatsword_58","from":[7.3125,4.25,7.75],"to":[8.6875,4.625,8.25],"rotation":{"angle":0,"axis":"y","origin":[5.0625,0,7.9375]},"faces":{"north":{"uv":[3.625,9.875,2.25,10.25],"texture":"#0"},"east":{"uv":[3.5,9.875,3.625,10.25],"texture":"#0"},"south":{"uv":[2.25,9.875,3.625,10.25],"texture":"#0"},"west":{"uv":[2.25,9.875,2.375,10.25],"texture":"#0"},"up":{"uv":[2.25,9.875,3.625,10],"texture":"#0"},"down":{"uv":[2.25,10.125,3.625,10.25],"texture":"#0"}}},{"name":"black_iron_greatsword_59","from":[7.8125,3.625,7.8125],"to":[8.1875,4.25,8.1875],"rotation":{"angle":0,"axis":"y","origin":[5.0625,0,7.9375]},"faces":{"north":{"uv":[1.25,10.25,0.875,10.875],"texture":"#0"},"east":{"uv":[1.125,10.25,1.25,10.875],"texture":"#0"},"south":{"uv":[0.875,10.25,1.25,10.875],"texture":"#0"},"west":{"uv":[0.875,10.25,1,10.875],"texture":"#0"},"up":{"uv":[0.875,10.25,1.25,10.375],"texture":"#0"},"down":{"uv":[0.875,10.75,1.25,10.875],"texture":"#0"}}},{"name":"black_iron_greatsword_60","from":[6.5625,5.375,7.96875],"to":[6.6875,6.5,8.03125],"rotation":{"angle":0,"axis":"y","origin":[5.0625,0,7.9375]},"faces":{"north":{"uv":[9.75,10.75,9.625,11.875],"texture":"#0"},"east":{"uv":[9.625,10.75,9.75,11.875],"texture":"#0"},"south":{"uv":[9.625,10.75,9.75,11.875],"texture":"#0"},"west":{"uv":[9.625,10.75,9.75,11.875],"texture":"#0"},"up":{"uv":[9.625,10.75,9.75,10.875],"texture":"#0"},"down":{"uv":[9.625,11.75,9.75,11.875],"texture":"#0"}}},{"name":"black_iron_greatsword_61","from":[9.3125,5.375,7.96875],"to":[9.4375,6.5,8.03125],"rotation":{"angle":0,"axis":"y","origin":[5.0625,0,7.9375]},"faces":{"north":{"uv":[12.5,10.75,12.375,11.875],"texture":"#0"},"east":{"uv":[12.375,10.75,12.5,11.875],"texture":"#0"},"south":{"uv":[12.375,10.75,12.5,11.875],"texture":"#0"},"west":{"uv":[12.375,10.75,12.5,11.875],"texture":"#0"},"up":{"uv":[12.375,10.75,12.5,10.875],"texture":"#0"},"down":{"uv":[12.375,11.75,12.5,11.875],"texture":"#0"}}},{"name":"black_iron_greatsword_62","from":[7.6875,3.5,7.6875],"to":[8.3125,3.625,8.3125],"rotation":{"angle":0,"axis":"y","origin":[5.0625,0,7.9375]},"faces":{"north":{"uv":[3.25,10.875,2.625,11],"texture":"#0"},"east":{"uv":[3.125,10.875,3.25,11],"texture":"#0"},"south":{"uv":[2.625,10.875,3.25,11],"texture":"#0"},"west":{"uv":[2.625,10.875,2.75,11],"texture":"#0"},"up":{"uv":[2.625,10.875,3.25,11],"texture":"#0"},"down":{"uv":[2.625,10.875,3.25,11],"texture":"#0"}}},{"name":"black_iron_greatsword_63","from":[6.8125,5.375,7.90625],"to":[6.9375,6.375,8.09375],"rotation":{"angle":0,"axis":"y","origin":[5.0625,0,7.9375]},"faces":{"north":{"uv":[13,10.875,12.875,11.875],"texture":"#0"},"east":{"uv":[12.875,10.875,13,11.875],"texture":"#0"},"south":{"uv":[12.875,10.875,13,11.875],"texture":"#0"},"west":{"uv":[12.875,10.875,13,11.875],"texture":"#0"},"up":{"uv":[12.875,10.875,13,11],"texture":"#0"},"down":{"uv":[12.875,11.75,13,11.875],"texture":"#0"}}},{"name":"black_iron_greatsword_64","from":[9.0625,5.375,7.90625],"to":[9.1875,6.375,8.09375],"rotation":{"angle":0,"axis":"y","origin":[5.0625,0,7.9375]},"faces":{"north":{"uv":[15.25,10.875,15.125,11.875],"texture":"#0"},"east":{"uv":[15.125,10.875,15.25,11.875],"texture":"#0"},"south":{"uv":[15.125,10.875,15.25,11.875],"texture":"#0"},"west":{"uv":[15.125,10.875,15.25,11.875],"texture":"#0"},"up":{"uv":[15.125,10.875,15.25,11],"texture":"#0"},"down":{"uv":[15.125,11.75,15.25,11.875],"texture":"#0"}}},{"name":"black_iron_greatsword_65","from":[7.8125,2.875,7.8125],"to":[8.1875,3.5,8.1875],"rotation":{"angle":0,"axis":"y","origin":[5.0625,0,7.9375]},"faces":{"north":{"uv":[1.25,11,0.875,11.625],"texture":"#0"},"east":{"uv":[1.125,11,1.25,11.625],"texture":"#0"},"south":{"uv":[0.875,11,1.25,11.625],"texture":"#0"},"west":{"uv":[0.875,11,1,11.625],"texture":"#0"},"up":{"uv":[0.875,11,1.25,11.125],"texture":"#0"},"down":{"uv":[0.875,11.5,1.25,11.625],"texture":"#0"}}},{"name":"black_iron_greatsword_66","from":[7.0625,5.375,7.84375],"to":[7.1875,6.25,8.15625],"rotation":{"angle":0,"axis":"y","origin":[5.0625,0,7.9375]},"faces":{"north":{"uv":[10.25,11,10.125,11.875],"texture":"#0"},"east":{"uv":[10.125,11,10.25,11.875],"texture":"#0"},"south":{"uv":[10.125,11,10.25,11.875],"texture":"#0"},"west":{"uv":[10.125,11,10.25,11.875],"texture":"#0"},"up":{"uv":[10.125,11,10.25,11.125],"texture":"#0"},"down":{"uv":[10.125,11.75,10.25,11.875],"texture":"#0"}}},{"name":"black_iron_greatsword_67","from":[8.8125,5.375,7.84375],"to":[8.9375,6.25,8.15625],"rotation":{"angle":0,"axis":"y","origin":[5.0625,0,7.9375]},"faces":{"north":{"uv":[12,11,11.875,11.875],"texture":"#0"},"east":{"uv":[11.875,11,12,11.875],"texture":"#0"},"south":{"uv":[11.875,11,12,11.875],"texture":"#0"},"west":{"uv":[11.875,11,12,11.875],"texture":"#0"},"up":{"uv":[11.875,11,12,11.125],"texture":"#0"},"down":{"uv":[11.875,11.75,12,11.875],"texture":"#0"}}},{"name":"black_iron_greatsword_68","from":[7.6875,2.75,7.6875],"to":[8.3125,2.875,8.3125],"rotation":{"angle":0,"axis":"y","origin":[5.0625,0,7.9375]},"faces":{"north":{"uv":[3.25,11.625,2.625,11.75],"texture":"#0"},"east":{"uv":[3.125,11.625,3.25,11.75],"texture":"#0"},"south":{"uv":[2.625,11.625,3.25,11.75],"texture":"#0"},"west":{"uv":[2.625,11.625,2.75,11.75],"texture":"#0"},"up":{"uv":[2.625,11.625,3.25,11.75],"texture":"#0"},"down":{"uv":[2.625,11.625,3.25,11.75],"texture":"#0"}}},{"name":"black_iron_greatsword_69","from":[7.8125,2.125,7.8125],"to":[8.1875,2.75,8.1875],"rotation":{"angle":0,"axis":"y","origin":[5.0625,0,7.9375]},"faces":{"north":{"uv":[1.25,11.75,0.875,12.375],"texture":"#0"},"east":{"uv":[1.125,11.75,1.25,12.375],"texture":"#0"},"south":{"uv":[0.875,11.75,1.25,12.375],"texture":"#0"},"west":{"uv":[0.875,11.75,1,12.375],"texture":"#0"},"up":{"uv":[0.875,11.75,1.25,11.875],"texture":"#0"},"down":{"uv":[0.875,12.25,1.25,12.375],"texture":"#0"}}},{"name":"black_iron_greatsword_70","from":[7.6875,2,7.6875],"to":[8.3125,2.125,8.3125],"rotation":{"angle":0,"axis":"y","origin":[5.0625,0,7.9375]},"faces":{"north":{"uv":[3.25,12.375,2.625,12.5],"texture":"#0"},"east":{"uv":[3.125,12.375,3.25,12.5],"texture":"#0"},"south":{"uv":[2.625,12.375,3.25,12.5],"texture":"#0"},"west":{"uv":[2.625,12.375,2.75,12.5],"texture":"#0"},"up":{"uv":[2.625,12.375,3.25,12.5],"texture":"#0"},"down":{"uv":[2.625,12.375,3.25,12.5],"texture":"#0"}}},{"name":"black_iron_greatsword_71","from":[7.8125,1.375,7.8125],"to":[8.1875,2,8.1875],"rotation":{"angle":0,"axis":"y","origin":[5.0625,0,7.9375]},"faces":{"north":{"uv":[1.25,12.5,0.875,13.125],"texture":"#0"},"east":{"uv":[1.125,12.5,1.25,13.125],"texture":"#0"},"south":{"uv":[0.875,12.5,1.25,13.125],"texture":"#0"},"west":{"uv":[0.875,12.5,1,13.125],"texture":"#0"},"up":{"uv":[0.875,12.5,1.25,12.625],"texture":"#0"},"down":{"uv":[0.875,13,1.25,13.125],"texture":"#0"}}},{"name":"black_iron_greatsword_72","from":[7.6875,1.25,7.6875],"to":[8.3125,1.375,8.3125],"rotation":{"angle":0,"axis":"y","origin":[5.0625,0,7.9375]},"faces":{"north":{"uv":[3.25,13.125,2.625,13.25],"texture":"#0"},"east":{"uv":[3.125,13.125,3.25,13.25],"texture":"#0"},"south":{"uv":[2.625,13.125,3.25,13.25],"texture":"#0"},"west":{"uv":[2.625,13.125,2.75,13.25],"texture":"#0"},"up":{"uv":[2.625,13.125,3.25,13.25],"texture":"#0"},"down":{"uv":[2.625,13.125,3.25,13.25],"texture":"#0"}}},{"name":"black_iron_greatsword_73","from":[7.8125,0.625,7.8125],"to":[8.1875,1.25,8.1875],"rotation":{"angle":0,"axis":"y","origin":[5.0625,0,7.9375]},"faces":{"north":{"uv":[1.25,13.25,0.875,13.875],"texture":"#0"},"east":{"uv":[1.125,13.25,1.25,13.875],"texture":"#0"},"south":{"uv":[0.875,13.25,1.25,13.875],"texture":"#0"},"west":{"uv":[0.875,13.25,1,13.875],"texture":"#0"},"up":{"uv":[0.875,13.25,1.25,13.375],"texture":"#0"},"down":{"uv":[0.875,13.75,1.25,13.875],"texture":"#0"}}},{"name":"black_iron_greatsword_74","from":[7.6875,0.5,7.6875],"to":[8.3125,0.625,8.3125],"rotation":{"angle":0,"axis":"y","origin":[5.0625,0,7.9375]},"faces":{"north":{"uv":[3.25,13.875,2.625,14],"texture":"#0"},"east":{"uv":[3.125,13.875,3.25,14],"texture":"#0"},"south":{"uv":[2.625,13.875,3.25,14],"texture":"#0"},"west":{"uv":[2.625,13.875,2.75,14],"texture":"#0"},"up":{"uv":[2.625,13.875,3.25,14],"texture":"#0"},"down":{"uv":[2.625,13.875,3.25,14],"texture":"#0"}}},{"name":"black_iron_greatsword_75","from":[7.8125,-0.125,7.8125],"to":[8.1875,0.5,8.1875],"rotation":{"angle":0,"axis":"y","origin":[5.0625,0,7.9375]},"faces":{"north":{"uv":[1.25,14,0.875,14.625],"texture":"#0"},"east":{"uv":[1.125,14,1.25,14.625],"texture":"#0"},"south":{"uv":[0.875,14,1.25,14.625],"texture":"#0"},"west":{"uv":[0.875,14,1,14.625],"texture":"#0"},"up":{"uv":[0.875,14,1.25,14.125],"texture":"#0"},"down":{"uv":[0.875,14.5,1.25,14.625],"texture":"#0"}}},{"name":"black_iron_greatsword_76","from":[7.4375,-0.625,7.6875],"to":[8.5625,-0.125,8.3125],"rotation":{"angle":0,"axis":"y","origin":[5.0625,0,7.9375]},"faces":{"north":{"uv":[3.5,14.625,2.375,15.125],"texture":"#0"},"east":{"uv":[3.375,14.625,3.5,15.125],"texture":"#0"},"south":{"uv":[2.375,14.625,3.5,15.125],"texture":"#0"},"west":{"uv":[2.375,14.625,2.5,15.125],"texture":"#0"},"up":{"uv":[2.375,14.625,3.5,14.75],"texture":"#0"},"down":{"uv":[2.375,15,3.5,15.125],"texture":"#0"}}},{"name":"black_iron_greatsword_77","from":[7.3125,-0.625,7.6875],"to":[7.4375,-0.25,8.3125],"rotation":{"angle":0,"axis":"y","origin":[5.0625,0,7.9375]},"faces":{"north":{"uv":[2.375,14.75,2.25,15.125],"texture":"#0"},"east":{"uv":[2.25,14.75,2.375,15.125],"texture":"#0"},"south":{"uv":[2.25,14.75,2.375,15.125],"texture":"#0"},"west":{"uv":[2.25,14.75,2.375,15.125],"texture":"#0"},"up":{"uv":[2.25,14.75,2.375,14.875],"texture":"#0"},"down":{"uv":[2.25,15,2.375,15.125],"texture":"#0"}}},{"name":"black_iron_greatsword_78","from":[8.5625,-0.625,7.6875],"to":[8.6875,-0.25,8.3125],"rotation":{"angle":0,"axis":"y","origin":[5.0625,0,7.9375]},"faces":{"north":{"uv":[3.625,14.75,3.5,15.125],"texture":"#0"},"east":{"uv":[3.5,14.75,3.625,15.125],"texture":"#0"},"south":{"uv":[3.5,14.75,3.625,15.125],"texture":"#0"},"west":{"uv":[3.5,14.75,3.625,15.125],"texture":"#0"},"up":{"uv":[3.5,14.75,3.625,14.875],"texture":"#0"},"down":{"uv":[3.5,15,3.625,15.125],"texture":"#0"}}},{"name":"black_iron_greatsword_79","from":[7.8125,-0.875,7.8125],"to":[8.1875,-0.625,8.1875],"rotation":{"angle":0,"axis":"y","origin":[5.0625,0,7.9375]},"faces":{"north":{"uv":[1.875,15.125,1.5,15.375],"texture":"#0"},"east":{"uv":[1.75,15.125,1.875,15.375],"texture":"#0"},"south":{"uv":[1.5,15.125,1.875,15.375],"texture":"#0"},"west":{"uv":[1.5,15.125,1.625,15.375],"texture":"#0"},"up":{"uv":[1.5,15.125,1.875,15.25],"texture":"#0"},"down":{"uv":[1.5,15.25,1.875,15.375],"texture":"#0"}}},{"name":"black_iron_greatsword_80","from":[7.5625,-1.125,7.6875],"to":[8.4375,-0.875,8.3125],"rotation":{"angle":0,"axis":"y","origin":[5.0625,0,7.9375]},"faces":{"north":{"uv":[3.375,15.375,2.5,15.625],"texture":"#0"},"east":{"uv":[3.25,15.375,3.375,15.625],"texture":"#0"},"south":{"uv":[2.5,15.375,3.375,15.625],"texture":"#0"},"west":{"uv":[2.5,15.375,2.625,15.625],"texture":"#0"},"up":{"uv":[2.5,15.375,3.375,15.5],"texture":"#0"},"down":{"uv":[2.5,15.5,3.375,15.625],"texture":"#0"}}},{"name":"black_iron_greatsword_81","from":[7.6875,-1.25,7.6875],"to":[8.3125,-1.125,8.3125],"rotation":{"angle":0,"axis":"y","origin":[5.0625,0,7.9375]},"faces":{"north":{"uv":[3.25,15.625,2.625,15.75],"texture":"#0"},"east":{"uv":[3.125,15.625,3.25,15.75],"texture":"#0"},"south":{"uv":[2.625,15.625,3.25,15.75],"texture":"#0"},"west":{"uv":[2.625,15.625,2.75,15.75],"texture":"#0"},"up":{"uv":[2.625,15.625,3.25,15.75],"texture":"#0"},"down":{"uv":[2.625,15.625,3.25,15.75],"texture":"#0"}}},{"name":"black_iron_greatsword_82","from":[7.8125,-1.375,7.8125],"to":[8.1875,-1.25,8.1875],"rotation":{"angle":0,"axis":"y","origin":[5.0625,0,7.9375]},"faces":{"north":{"uv":[2.125,15.75,1.75,15.875],"texture":"#0"},"east":{"uv":[2,15.75,2.125,15.875],"texture":"#0"},"south":{"uv":[1.75,15.75,2.125,15.875],"texture":"#0"},"west":{"uv":[1.75,15.75,1.875,15.875],"texture":"#0"},"up":{"uv":[1.75,15.75,2.125,15.875],"texture":"#0"},"down":{"uv":[1.75,15.75,2.125,15.875],"texture":"#0"}}},{"name":"black_iron_greatsword_83","from":[7.9375,-1.5,7.8125],"to":[8.0625,-1.375,8.1875],"rotation":{"angle":0,"axis":"y","origin":[5.0625,0,7.9375]},"faces":{"north":{"uv":[2,15.875,1.875,16],"texture":"#0"},"east":{"uv":[1.875,15.875,2,16],"texture":"#0"},"south":{"uv":[1.875,15.875,2,16],"texture":"#0"},"west":{"uv":[1.875,15.875,2,16],"texture":"#0"},"up":{"uv":[1.875,15.875,2,16],"texture":"#0"},"down":{"uv":[1.875,15.875,2,16],"texture":"#0"}}}],"gui_light":"front","display":{"thirdperson_righthand":{"rotation":[0,-90,0],"translation":[0,11.25,1.5],"scale":[2.5,2.5,2.5]},"thirdperson_lefthand":{"rotation":[0,90,0],"translation":[0,11.25,1.5],"scale":[2.5,2.5,2.5]},"firstperson_righthand":{"rotation":[10,-90,17],"translation":[-1.5,9.75,4.75],"scale":[1.4,1.4,1.4]},"firstperson_lefthand":{"rotation":[10,-90,17],"translation":[-1.5,9.75,4.75],"scale":[1.4,1.4,1.4]},"ground":{"rotation":[0,0,45],"translation":[0,1.5,0.25]},"gui":{"rotation":[0,0,-45],"translation":[-0.25,-0.25,0],"scale":[1.4,1.4,1]},"head":{"rotation":[0,0,45],"translation":[1.25,17.75,0],"scale":[2,2,2]},"fixed":{"rotation":[0,0,90],"translation":[3,-0.25,-0.5],"scale":[4,4,4]}}}