{"textures":{"2":"fantasy_weapons:item/calamityblade_gem_cover","3":"fantasy_weapons:item/calamityblade_v3","4":"fantasy_weapons:item/calamityblade","particle":"fantasy_weapons:item/calamityblade"},"elements":[{"name":"calamityblade_46","from":[8,4.125,7.4375],"to":[8.125,5,8.1875],"faces":{"north":{"uv":[3.125,8,3,8.875],"texture":"#4"},"east":{"uv":[3,8,3.125,8.875],"texture":"#4"},"south":{"uv":[3,8,3.125,8.875],"texture":"#4"},"west":{"uv":[3,8,3.125,8.875],"texture":"#4"},"up":{"uv":[3,8,3.125,8.125],"texture":"#4"},"down":{"uv":[3,8.75,3.125,8.875],"texture":"#4"}}},{"name":"calamityblade_47","from":[7.875,4.375,7.4375],"to":[8,4.75,8.1875],"faces":{"north":{"uv":[3,8.25,2.875,8.625],"texture":"#4"},"east":{"uv":[2.875,8.25,3,8.625],"texture":"#4"},"south":{"uv":[2.875,8.25,3,8.625],"texture":"#4"},"west":{"uv":[2.875,8.25,3,8.625],"texture":"#4"},"up":{"uv":[2.875,8.25,3,8.375],"texture":"#4"},"down":{"uv":[2.875,8.5,3,8.625],"texture":"#4"}}},{"name":"calamityblade_48","from":[8.125,4.375,7.4375],"to":[8.25,4.75,8.1875],"faces":{"north":{"uv":[3.25,8.25,3.125,8.625],"texture":"#4"},"east":{"uv":[3.125,8.25,3.25,8.625],"texture":"#4"},"south":{"uv":[3.125,8.25,3.25,8.625],"texture":"#4"},"west":{"uv":[3.125,8.25,3.25,8.625],"texture":"#4"},"up":{"uv":[3.125,8.25,3.25,8.375],"texture":"#4"},"down":{"uv":[3.125,8.5,3.25,8.625],"texture":"#4"}}},{"name":"calamityblade_49","from":[7.75,4.5,7.4375],"to":[7.875,4.625,8.1875],"faces":{"north":{"uv":[2.875,8.375,2.75,8.5],"texture":"#4"},"east":{"uv":[2.75,8.375,2.875,8.5],"texture":"#4"},"south":{"uv":[2.75,8.375,2.875,8.5],"texture":"#4"},"west":{"uv":[2.75,8.375,2.875,8.5],"texture":"#4"},"up":{"uv":[2.75,8.375,2.875,8.5],"texture":"#4"},"down":{"uv":[2.75,8.375,2.875,8.5],"texture":"#4"}}},{"name":"calamityblade_50","from":[8.25,4.5,7.4375],"to":[8.375,4.625,8.1875],"faces":{"north":{"uv":[3.375,8.375,3.25,8.5],"texture":"#4"},"east":{"uv":[3.25,8.375,3.375,8.5],"texture":"#4"},"south":{"uv":[3.25,8.375,3.375,8.5],"texture":"#4"},"west":{"uv":[3.25,8.375,3.375,8.5],"texture":"#4"},"up":{"uv":[3.25,8.375,3.375,8.5],"texture":"#4"},"down":{"uv":[3.25,8.375,3.375,8.5],"texture":"#4"}}},{"name":"calamityblade_182","from":[8,-0.375,8.125],"to":[8.125,0.125,8.25],"faces":{"north":{"uv":[4.125,14.875,4,15.375],"texture":"#2"},"east":{"uv":[4,14.875,4.125,15.375],"texture":"#2"},"south":{"uv":[4,14.875,4.125,15.375],"texture":"#2"},"west":{"uv":[4,14.875,4.125,15.375],"texture":"#2"},"up":{"uv":[4,14.875,4.125,15],"texture":"#2"},"down":{"uv":[4,15.25,4.125,15.375],"texture":"#2"}}},{"name":"calamityblade_49","from":[7.75,4.5,8.3125],"to":[7.875,4.625,8.4375],"faces":{"north":{"uv":[2.875,8.375,2.75,8.5],"texture":"#2"},"east":{"uv":[2.75,8.375,2.875,8.5],"texture":"#2"},"south":{"uv":[2.75,8.375,2.875,8.5],"texture":"#2"},"west":{"uv":[2.75,8.375,2.875,8.5],"texture":"#2"},"up":{"uv":[2.75,8.375,2.875,8.5],"texture":"#2"},"down":{"uv":[2.75,8.375,2.875,8.5],"texture":"#2"}}},{"name":"calamityblade_47","from":[7.875,4.375,8.3125],"to":[8,4.75,8.4375],"faces":{"north":{"uv":[3,8.25,2.875,8.625],"texture":"#2"},"east":{"uv":[2.875,8.25,3,8.625],"texture":"#2"},"south":{"uv":[2.875,8.25,3,8.625],"texture":"#2"},"west":{"uv":[2.875,8.25,3,8.625],"texture":"#2"},"up":{"uv":[2.875,8.25,3,8.375],"texture":"#2"},"down":{"uv":[2.875,8.5,3,8.625],"texture":"#2"}}},{"name":"calamityblade_46","from":[8,4.125,8.3125],"to":[8.125,5,8.4375],"faces":{"north":{"uv":[3.125,8,3,8.875],"texture":"#2"},"east":{"uv":[3,8,3.125,8.875],"texture":"#2"},"south":{"uv":[3,8,3.125,8.875],"texture":"#2"},"west":{"uv":[3,8,3.125,8.875],"texture":"#2"},"up":{"uv":[3,8,3.125,8.125],"texture":"#2"},"down":{"uv":[3,8.75,3.125,8.875],"texture":"#2"}}},{"name":"calamityblade_48","from":[8.125,4.375,8.3125],"to":[8.25,4.75,8.4375],"faces":{"north":{"uv":[3.25,8.25,3.125,8.625],"texture":"#2"},"east":{"uv":[3.125,8.25,3.25,8.625],"texture":"#2"},"south":{"uv":[3.125,8.25,3.25,8.625],"texture":"#2"},"west":{"uv":[3.125,8.25,3.25,8.625],"texture":"#2"},"up":{"uv":[3.125,8.25,3.25,8.375],"texture":"#2"},"down":{"uv":[3.125,8.5,3.25,8.625],"texture":"#2"}}},{"name":"calamityblade_50","from":[8.25,4.5,8.3125],"to":[8.375,4.625,8.4375],"faces":{"north":{"uv":[3.375,8.375,3.25,8.5],"texture":"#2"},"east":{"uv":[3.25,8.375,3.375,8.5],"texture":"#2"},"south":{"uv":[3.25,8.375,3.375,8.5],"texture":"#2"},"west":{"uv":[3.25,8.375,3.375,8.5],"texture":"#2"},"up":{"uv":[3.25,8.375,3.375,8.5],"texture":"#2"},"down":{"uv":[3.25,8.375,3.375,8.5],"texture":"#2"}}},{"name":"calamityblade_51","from":[5.875,5.25,7.8125],"to":[6.125,5.375,8.0625],"faces":{"north":{"uv":[1.125,8.625,0.875,8.75],"texture":"#4"},"east":{"uv":[1,8.625,1.125,8.75],"texture":"#4"},"south":{"uv":[0.875,8.625,1.125,8.75],"texture":"#4"},"west":{"uv":[0.875,8.625,1,8.75],"texture":"#4"},"up":{"uv":[0.875,8.625,1.125,8.75],"texture":"#4"},"down":{"uv":[0.875,8.625,1.125,8.75],"texture":"#4"}}},{"name":"calamityblade_52","from":[10,5.25,7.8125],"to":[10.25,5.375,8.0625],"faces":{"north":{"uv":[5.25,8.625,5,8.75],"texture":"#4"},"east":{"uv":[5.125,8.625,5.25,8.75],"texture":"#4"},"south":{"uv":[5,8.625,5.25,8.75],"texture":"#4"},"west":{"uv":[5,8.625,5.125,8.75],"texture":"#4"},"up":{"uv":[5,8.625,5.25,8.75],"texture":"#4"},"down":{"uv":[5,8.625,5.25,8.75],"texture":"#4"}}},{"name":"calamityblade_53","from":[5.75,5.125,7.8125],"to":[6,5.25,8.0625],"faces":{"north":{"uv":[1,8.75,0.75,8.875],"texture":"#4"},"east":{"uv":[0.875,8.75,1,8.875],"texture":"#4"},"south":{"uv":[0.75,8.75,1,8.875],"texture":"#4"},"west":{"uv":[0.75,8.75,0.875,8.875],"texture":"#4"},"up":{"uv":[0.75,8.75,1,8.875],"texture":"#4"},"down":{"uv":[0.75,8.75,1,8.875],"texture":"#4"}}},{"name":"calamityblade_54","from":[10.125,5.125,7.8125],"to":[10.375,5.25,8.0625],"faces":{"north":{"uv":[5.375,8.75,5.125,8.875],"texture":"#4"},"east":{"uv":[5.25,8.75,5.375,8.875],"texture":"#4"},"south":{"uv":[5.125,8.75,5.375,8.875],"texture":"#4"},"west":{"uv":[5.125,8.75,5.25,8.875],"texture":"#4"},"up":{"uv":[5.125,8.75,5.375,8.875],"texture":"#4"},"down":{"uv":[5.125,8.75,5.375,8.875],"texture":"#4"}}},{"name":"calamityblade_55","from":[5.625,4.75,7.8125],"to":[5.875,5.125,8.0625],"faces":{"north":{"uv":[0.875,8.875,0.625,9.25],"texture":"#4"},"east":{"uv":[0.75,8.875,0.875,9.25],"texture":"#4"},"south":{"uv":[0.625,8.875,0.875,9.25],"texture":"#4"},"west":{"uv":[0.625,8.875,0.75,9.25],"texture":"#4"},"up":{"uv":[0.625,8.875,0.875,9],"texture":"#4"},"down":{"uv":[0.625,9.125,0.875,9.25],"texture":"#4"}}},{"name":"calamityblade_56","from":[10.25,4.75,7.8125],"to":[10.5,5.125,8.0625],"faces":{"north":{"uv":[5.5,8.875,5.25,9.25],"texture":"#4"},"east":{"uv":[5.375,8.875,5.5,9.25],"texture":"#4"},"south":{"uv":[5.25,8.875,5.5,9.25],"texture":"#4"},"west":{"uv":[5.25,8.875,5.375,9.25],"texture":"#4"},"up":{"uv":[5.25,8.875,5.5,9],"texture":"#4"},"down":{"uv":[5.25,9.125,5.5,9.25],"texture":"#4"}}},{"name":"calamityblade_57","from":[5.5,4.5,7.8125],"to":[5.625,4.875,8.0625],"faces":{"north":{"uv":[0.625,9.125,0.5,9.5],"texture":"#4"},"east":{"uv":[0.5,9.125,0.625,9.5],"texture":"#4"},"south":{"uv":[0.5,9.125,0.625,9.5],"texture":"#4"},"west":{"uv":[0.5,9.125,0.625,9.5],"texture":"#4"},"up":{"uv":[0.5,9.125,0.625,9.25],"texture":"#4"},"down":{"uv":[0.5,9.375,0.625,9.5],"texture":"#4"}}},{"name":"calamityblade_58","from":[10.5,4.5,7.8125],"to":[10.625,4.875,8.0625],"faces":{"north":{"uv":[5.625,9.125,5.5,9.5],"texture":"#4"},"east":{"uv":[5.5,9.125,5.625,9.5],"texture":"#4"},"south":{"uv":[5.5,9.125,5.625,9.5],"texture":"#4"},"west":{"uv":[5.5,9.125,5.625,9.5],"texture":"#4"},"up":{"uv":[5.5,9.125,5.625,9.25],"texture":"#4"},"down":{"uv":[5.5,9.375,5.625,9.5],"texture":"#4"}}},{"name":"calamityblade_59","from":[5.625,4.625,7.8125],"to":[5.75,4.75,8.0625],"faces":{"north":{"uv":[0.75,9.25,0.625,9.375],"texture":"#4"},"east":{"uv":[0.625,9.25,0.75,9.375],"texture":"#4"},"south":{"uv":[0.625,9.25,0.75,9.375],"texture":"#4"},"west":{"uv":[0.625,9.25,0.75,9.375],"texture":"#4"},"up":{"uv":[0.625,9.25,0.75,9.375],"texture":"#4"},"down":{"uv":[0.625,9.25,0.75,9.375],"texture":"#4"}}},{"name":"calamityblade_60","from":[8,5,7.5],"to":[8.125,6,8.375],"faces":{"north":{"uv":[3.125,9.25,3,10.25],"texture":"#4"},"east":{"uv":[3,9.25,3.125,10.25],"texture":"#4"},"south":{"uv":[3,9.25,3.125,10.25],"texture":"#4"},"west":{"uv":[3,9.25,3.125,10.25],"texture":"#4"},"up":{"uv":[3,9.25,3.125,9.375],"texture":"#4"},"down":{"uv":[3,10.125,3.125,10.25],"texture":"#4"}}},{"name":"calamityblade_61","from":[10.375,4.625,7.8125],"to":[10.5,4.75,8.0625],"faces":{"north":{"uv":[5.5,9.25,5.375,9.375],"texture":"#4"},"east":{"uv":[5.375,9.25,5.5,9.375],"texture":"#4"},"south":{"uv":[5.375,9.25,5.5,9.375],"texture":"#4"},"west":{"uv":[5.375,9.25,5.5,9.375],"texture":"#4"},"up":{"uv":[5.375,9.25,5.5,9.375],"texture":"#4"},"down":{"uv":[5.375,9.25,5.5,9.375],"texture":"#4"}}},{"name":"calamityblade_62","from":[7.875,4.75,7.5],"to":[8,5.625,8.375],"faces":{"north":{"uv":[3,9.625,2.875,10.5],"texture":"#4"},"east":{"uv":[2.875,9.625,3,10.5],"texture":"#4"},"south":{"uv":[2.875,9.625,3,10.5],"texture":"#4"},"west":{"uv":[2.875,9.625,3,10.5],"texture":"#4"},"up":{"uv":[2.875,9.625,3,9.75],"texture":"#4"},"down":{"uv":[2.875,10.375,3,10.5],"texture":"#4"}}},{"name":"calamityblade_63","from":[8.125,4.75,7.5],"to":[8.25,5.625,8.375],"faces":{"north":{"uv":[3.25,9.625,3.125,10.5],"texture":"#4"},"east":{"uv":[3.125,9.625,3.25,10.5],"texture":"#4"},"south":{"uv":[3.125,9.625,3.25,10.5],"texture":"#4"},"west":{"uv":[3.125,9.625,3.25,10.5],"texture":"#4"},"up":{"uv":[3.125,9.625,3.25,9.75],"texture":"#4"},"down":{"uv":[3.125,10.375,3.25,10.5],"texture":"#4"}}},{"name":"calamityblade_64","from":[5.75,3.75,7.75],"to":[5.875,4.75,8.125],"faces":{"north":{"uv":[0.875,9.75,0.75,10.75],"texture":"#4"},"east":{"uv":[0.75,9.75,0.875,10.75],"texture":"#4"},"south":{"uv":[0.75,9.75,0.875,10.75],"texture":"#4"},"west":{"uv":[0.75,9.75,0.875,10.75],"texture":"#4"},"up":{"uv":[0.75,9.75,0.875,9.875],"texture":"#4"},"down":{"uv":[0.75,10.625,0.875,10.75],"texture":"#4"}}},{"name":"calamityblade_65","from":[10.25,3.75,7.75],"to":[10.375,4.75,8.125],"faces":{"north":{"uv":[5.375,9.75,5.25,10.75],"texture":"#4"},"east":{"uv":[5.25,9.75,5.375,10.75],"texture":"#4"},"south":{"uv":[5.25,9.75,5.375,10.75],"texture":"#4"},"west":{"uv":[5.25,9.75,5.375,10.75],"texture":"#4"},"up":{"uv":[5.25,9.75,5.375,9.875],"texture":"#4"},"down":{"uv":[5.25,10.625,5.375,10.75],"texture":"#4"}}},{"name":"calamityblade_66","from":[5.625,3.875,7.75],"to":[5.75,4.625,8.125],"faces":{"north":{"uv":[0.75,9.875,0.625,10.625],"texture":"#4"},"east":{"uv":[0.625,9.875,0.75,10.625],"texture":"#4"},"south":{"uv":[0.625,9.875,0.75,10.625],"texture":"#4"},"west":{"uv":[0.625,9.875,0.75,10.625],"texture":"#4"},"up":{"uv":[0.625,9.875,0.75,10],"texture":"#4"},"down":{"uv":[0.625,10.5,0.75,10.625],"texture":"#4"}}},{"name":"calamityblade_67","from":[5.875,3.625,7.75],"to":[6,4.625,8.125],"faces":{"north":{"uv":[1,9.875,0.875,10.875],"texture":"#4"},"east":{"uv":[0.875,9.875,1,10.875],"texture":"#4"},"south":{"uv":[0.875,9.875,1,10.875],"texture":"#4"},"west":{"uv":[0.875,9.875,1,10.875],"texture":"#4"},"up":{"uv":[0.875,9.875,1,10],"texture":"#4"},"down":{"uv":[0.875,10.75,1,10.875],"texture":"#4"}}},{"name":"calamityblade_68","from":[10.125,3.625,7.75],"to":[10.25,4.625,8.125],"faces":{"north":{"uv":[5.25,9.875,5.125,10.875],"texture":"#4"},"east":{"uv":[5.125,9.875,5.25,10.875],"texture":"#4"},"south":{"uv":[5.125,9.875,5.25,10.875],"texture":"#4"},"west":{"uv":[5.125,9.875,5.25,10.875],"texture":"#4"},"up":{"uv":[5.125,9.875,5.25,10],"texture":"#4"},"down":{"uv":[5.125,10.75,5.25,10.875],"texture":"#4"}}},{"name":"calamityblade_69","from":[10.375,3.875,7.75],"to":[10.5,4.625,8.125],"faces":{"north":{"uv":[5.5,9.875,5.375,10.625],"texture":"#4"},"east":{"uv":[5.375,9.875,5.5,10.625],"texture":"#4"},"south":{"uv":[5.375,9.875,5.5,10.625],"texture":"#4"},"west":{"uv":[5.375,9.875,5.5,10.625],"texture":"#4"},"up":{"uv":[5.375,9.875,5.5,10],"texture":"#4"},"down":{"uv":[5.375,10.5,5.5,10.625],"texture":"#4"}}},{"name":"calamityblade_70","from":[5.5,4,7.75],"to":[5.625,4.5,8.125],"faces":{"north":{"uv":[0.625,10,0.5,10.5],"texture":"#4"},"east":{"uv":[0.5,10,0.625,10.5],"texture":"#4"},"south":{"uv":[0.5,10,0.625,10.5],"texture":"#4"},"west":{"uv":[0.5,10,0.625,10.5],"texture":"#4"},"up":{"uv":[0.5,10,0.625,10.125],"texture":"#4"},"down":{"uv":[0.5,10.375,0.625,10.5],"texture":"#4"}}},{"name":"calamityblade_71","from":[6,3.875,7.75],"to":[6.5,4.5,8.125],"faces":{"north":{"uv":[1.5,10,1,10.625],"texture":"#4"},"east":{"uv":[1.375,10,1.5,10.625],"texture":"#4"},"south":{"uv":[1,10,1.5,10.625],"texture":"#4"},"west":{"uv":[1,10,1.125,10.625],"texture":"#4"},"up":{"uv":[1,10,1.5,10.125],"texture":"#4"},"down":{"uv":[1,10.5,1.5,10.625],"texture":"#4"}}},{"name":"calamityblade_72","from":[7.75,4.625,7.5],"to":[7.875,5.25,8.375],"faces":{"north":{"uv":[2.875,10,2.75,10.625],"texture":"#4"},"east":{"uv":[2.75,10,2.875,10.625],"texture":"#4"},"south":{"uv":[2.75,10,2.875,10.625],"texture":"#4"},"west":{"uv":[2.75,10,2.875,10.625],"texture":"#4"},"up":{"uv":[2.75,10,2.875,10.125],"texture":"#4"},"down":{"uv":[2.75,10.5,2.875,10.625],"texture":"#4"}}},{"name":"calamityblade_73","from":[8.25,4.625,7.5],"to":[8.375,5.25,8.375],"faces":{"north":{"uv":[3.375,10,3.25,10.625],"texture":"#4"},"east":{"uv":[3.25,10,3.375,10.625],"texture":"#4"},"south":{"uv":[3.25,10,3.375,10.625],"texture":"#4"},"west":{"uv":[3.25,10,3.375,10.625],"texture":"#4"},"up":{"uv":[3.25,10,3.375,10.125],"texture":"#4"},"down":{"uv":[3.25,10.5,3.375,10.625],"texture":"#4"}}},{"name":"calamityblade_74","from":[9.625,3.875,7.75],"to":[10.125,4.5,8.125],"faces":{"north":{"uv":[5.125,10,4.625,10.625],"texture":"#4"},"east":{"uv":[5,10,5.125,10.625],"texture":"#4"},"south":{"uv":[4.625,10,5.125,10.625],"texture":"#4"},"west":{"uv":[4.625,10,4.75,10.625],"texture":"#4"},"up":{"uv":[4.625,10,5.125,10.125],"texture":"#4"},"down":{"uv":[4.625,10.5,5.125,10.625],"texture":"#4"}}},{"name":"calamityblade_75","from":[10.5,4,7.75],"to":[10.625,4.5,8.125],"faces":{"north":{"uv":[5.625,10,5.5,10.5],"texture":"#4"},"east":{"uv":[5.5,10,5.625,10.5],"texture":"#4"},"south":{"uv":[5.5,10,5.625,10.5],"texture":"#4"},"west":{"uv":[5.5,10,5.625,10.5],"texture":"#4"},"up":{"uv":[5.5,10,5.625,10.125],"texture":"#4"},"down":{"uv":[5.5,10.375,5.625,10.5],"texture":"#4"}}},{"name":"calamityblade_76","from":[6.5,3.625,7.75],"to":[6.625,4.25,8.125],"faces":{"north":{"uv":[1.625,10.25,1.5,10.875],"texture":"#4"},"east":{"uv":[1.5,10.25,1.625,10.875],"texture":"#4"},"south":{"uv":[1.5,10.25,1.625,10.875],"texture":"#4"},"west":{"uv":[1.5,10.25,1.625,10.875],"texture":"#4"},"up":{"uv":[1.5,10.25,1.625,10.375],"texture":"#4"},"down":{"uv":[1.5,10.75,1.625,10.875],"texture":"#4"}}},{"name":"calamityblade_77","from":[9.5,3.625,7.75],"to":[9.625,4.25,8.125],"faces":{"north":{"uv":[4.625,10.25,4.5,10.875],"texture":"#4"},"east":{"uv":[4.5,10.25,4.625,10.875],"texture":"#4"},"south":{"uv":[4.5,10.25,4.625,10.875],"texture":"#4"},"west":{"uv":[4.5,10.25,4.625,10.875],"texture":"#4"},"up":{"uv":[4.5,10.25,4.625,10.375],"texture":"#4"},"down":{"uv":[4.5,10.75,4.625,10.875],"texture":"#4"}}},{"name":"calamityblade_78","from":[6.625,3.5,7.75],"to":[6.75,4.125,8.125],"faces":{"north":{"uv":[1.75,10.375,1.625,11],"texture":"#4"},"east":{"uv":[1.625,10.375,1.75,11],"texture":"#4"},"south":{"uv":[1.625,10.375,1.75,11],"texture":"#4"},"west":{"uv":[1.625,10.375,1.75,11],"texture":"#4"},"up":{"uv":[1.625,10.375,1.75,10.5],"texture":"#4"},"down":{"uv":[1.625,10.875,1.75,11],"texture":"#4"}}},{"name":"calamityblade_79","from":[7.625,4.125,7.5],"to":[7.75,4.875,8.375],"faces":{"north":{"uv":[2.75,10.375,2.625,11.125],"texture":"#4"},"east":{"uv":[2.625,10.375,2.75,11.125],"texture":"#4"},"south":{"uv":[2.625,10.375,2.75,11.125],"texture":"#4"},"west":{"uv":[2.625,10.375,2.75,11.125],"texture":"#4"},"up":{"uv":[2.625,10.375,2.75,10.5],"texture":"#4"},"down":{"uv":[2.625,11,2.75,11.125],"texture":"#4"}}},{"name":"calamityblade_80","from":[8.375,4.125,7.5],"to":[8.5,4.875,8.375],"faces":{"north":{"uv":[3.5,10.375,3.375,11.125],"texture":"#4"},"east":{"uv":[3.375,10.375,3.5,11.125],"texture":"#4"},"south":{"uv":[3.375,10.375,3.5,11.125],"texture":"#4"},"west":{"uv":[3.375,10.375,3.5,11.125],"texture":"#4"},"up":{"uv":[3.375,10.375,3.5,10.5],"texture":"#4"},"down":{"uv":[3.375,11,3.5,11.125],"texture":"#4"}}},{"name":"calamityblade_81","from":[9.375,3.5,7.75],"to":[9.5,4.125,8.125],"faces":{"north":{"uv":[4.5,10.375,4.375,11],"texture":"#4"},"east":{"uv":[4.375,10.375,4.5,11],"texture":"#4"},"south":{"uv":[4.375,10.375,4.5,11],"texture":"#4"},"west":{"uv":[4.375,10.375,4.5,11],"texture":"#4"},"up":{"uv":[4.375,10.375,4.5,10.5],"texture":"#4"},"down":{"uv":[4.375,10.875,4.5,11],"texture":"#4"}}},{"name":"calamityblade_82","from":[6.375,3.75,7.75],"to":[6.5,3.875,8.125],"faces":{"north":{"uv":[1.5,10.625,1.375,10.75],"texture":"#4"},"east":{"uv":[1.375,10.625,1.5,10.75],"texture":"#4"},"south":{"uv":[1.375,10.625,1.5,10.75],"texture":"#4"},"west":{"uv":[1.375,10.625,1.5,10.75],"texture":"#4"},"up":{"uv":[1.375,10.625,1.5,10.75],"texture":"#4"},"down":{"uv":[1.375,10.625,1.5,10.75],"texture":"#4"}}},{"name":"calamityblade_83","from":[6.75,3.375,7.75],"to":[6.875,3.875,8.125],"faces":{"north":{"uv":[1.875,10.625,1.75,11.125],"texture":"#4"},"east":{"uv":[1.75,10.625,1.875,11.125],"texture":"#4"},"south":{"uv":[1.75,10.625,1.875,11.125],"texture":"#4"},"west":{"uv":[1.75,10.625,1.875,11.125],"texture":"#4"},"up":{"uv":[1.75,10.625,1.875,10.75],"texture":"#4"},"down":{"uv":[1.75,11,1.875,11.125],"texture":"#4"}}},{"name":"calamityblade_84","from":[7.5,4.25,7.5],"to":[7.625,4.625,8.375],"faces":{"north":{"uv":[2.625,10.625,2.5,11],"texture":"#4"},"east":{"uv":[2.5,10.625,2.625,11],"texture":"#4"},"south":{"uv":[2.5,10.625,2.625,11],"texture":"#4"},"west":{"uv":[2.5,10.625,2.625,11],"texture":"#4"},"up":{"uv":[2.5,10.625,2.625,10.75],"texture":"#4"},"down":{"uv":[2.5,10.875,2.625,11],"texture":"#4"}}},{"name":"calamityblade_85","from":[8.5,4.25,7.5],"to":[8.625,4.625,8.375],"faces":{"north":{"uv":[3.625,10.625,3.5,11],"texture":"#4"},"east":{"uv":[3.5,10.625,3.625,11],"texture":"#4"},"south":{"uv":[3.5,10.625,3.625,11],"texture":"#4"},"west":{"uv":[3.5,10.625,3.625,11],"texture":"#4"},"up":{"uv":[3.5,10.625,3.625,10.75],"texture":"#4"},"down":{"uv":[3.5,10.875,3.625,11],"texture":"#4"}}},{"name":"calamityblade_86","from":[9.25,3.375,7.75],"to":[9.375,3.875,8.125],"faces":{"north":{"uv":[4.375,10.625,4.25,11.125],"texture":"#4"},"east":{"uv":[4.25,10.625,4.375,11.125],"texture":"#4"},"south":{"uv":[4.25,10.625,4.375,11.125],"texture":"#4"},"west":{"uv":[4.25,10.625,4.375,11.125],"texture":"#4"},"up":{"uv":[4.25,10.625,4.375,10.75],"texture":"#4"},"down":{"uv":[4.25,11,4.375,11.125],"texture":"#4"}}},{"name":"calamityblade_87","from":[9.625,3.75,7.75],"to":[9.75,3.875,8.125],"faces":{"north":{"uv":[4.75,10.625,4.625,10.75],"texture":"#4"},"east":{"uv":[4.625,10.625,4.75,10.75],"texture":"#4"},"south":{"uv":[4.625,10.625,4.75,10.75],"texture":"#4"},"west":{"uv":[4.625,10.625,4.75,10.75],"texture":"#4"},"up":{"uv":[4.625,10.625,4.75,10.75],"texture":"#4"},"down":{"uv":[4.625,10.625,4.75,10.75],"texture":"#4"}}},{"name":"calamityblade_88","from":[6.875,3.25,7.75],"to":[7,3.75,8.125],"faces":{"north":{"uv":[2,10.75,1.875,11.25],"texture":"#4"},"east":{"uv":[1.875,10.75,2,11.25],"texture":"#4"},"south":{"uv":[1.875,10.75,2,11.25],"texture":"#4"},"west":{"uv":[1.875,10.75,2,11.25],"texture":"#4"},"up":{"uv":[1.875,10.75,2,10.875],"texture":"#4"},"down":{"uv":[1.875,11.125,2,11.25],"texture":"#4"}}},{"name":"calamityblade_89","from":[7.375,4.375,7.5],"to":[7.5,4.5,8.375],"faces":{"north":{"uv":[2.5,10.75,2.375,10.875],"texture":"#4"},"east":{"uv":[2.375,10.75,2.5,10.875],"texture":"#4"},"south":{"uv":[2.375,10.75,2.5,10.875],"texture":"#4"},"west":{"uv":[2.375,10.75,2.5,10.875],"texture":"#4"},"up":{"uv":[2.375,10.75,2.5,10.875],"texture":"#4"},"down":{"uv":[2.375,10.75,2.5,10.875],"texture":"#4"}}},{"name":"calamityblade_90","from":[7.75,4,7.5],"to":[7.875,4.5,8.375],"faces":{"north":{"uv":[2.875,10.75,2.75,11.25],"texture":"#4"},"east":{"uv":[2.75,10.75,2.875,11.25],"texture":"#4"},"south":{"uv":[2.75,10.75,2.875,11.25],"texture":"#4"},"west":{"uv":[2.75,10.75,2.875,11.25],"texture":"#4"},"up":{"uv":[2.75,10.75,2.875,10.875],"texture":"#4"},"down":{"uv":[2.75,11.125,2.875,11.25],"texture":"#4"}}},{"name":"calamityblade_91","from":[8.25,4,7.5],"to":[8.375,4.5,8.375],"faces":{"north":{"uv":[3.375,10.75,3.25,11.25],"texture":"#4"},"east":{"uv":[3.25,10.75,3.375,11.25],"texture":"#4"},"south":{"uv":[3.25,10.75,3.375,11.25],"texture":"#4"},"west":{"uv":[3.25,10.75,3.375,11.25],"texture":"#4"},"up":{"uv":[3.25,10.75,3.375,10.875],"texture":"#4"},"down":{"uv":[3.25,11.125,3.375,11.25],"texture":"#4"}}},{"name":"calamityblade_92","from":[8.625,4.375,7.5],"to":[8.75,4.5,8.375],"faces":{"north":{"uv":[3.75,10.75,3.625,10.875],"texture":"#4"},"east":{"uv":[3.625,10.75,3.75,10.875],"texture":"#4"},"south":{"uv":[3.625,10.75,3.75,10.875],"texture":"#4"},"west":{"uv":[3.625,10.75,3.75,10.875],"texture":"#4"},"up":{"uv":[3.625,10.75,3.75,10.875],"texture":"#4"},"down":{"uv":[3.625,10.75,3.75,10.875],"texture":"#4"}}},{"name":"calamityblade_93","from":[9.125,3.25,7.75],"to":[9.25,3.75,8.125],"faces":{"north":{"uv":[4.25,10.75,4.125,11.25],"texture":"#4"},"east":{"uv":[4.125,10.75,4.25,11.25],"texture":"#4"},"south":{"uv":[4.125,10.75,4.25,11.25],"texture":"#4"},"west":{"uv":[4.125,10.75,4.25,11.25],"texture":"#4"},"up":{"uv":[4.125,10.75,4.25,10.875],"texture":"#4"},"down":{"uv":[4.125,11.125,4.25,11.25],"texture":"#4"}}},{"name":"calamityblade_94","from":[7.875,3.875,7.5],"to":[8,4.375,8.375],"faces":{"north":{"uv":[3,10.875,2.875,11.375],"texture":"#4"},"east":{"uv":[2.875,10.875,3,11.375],"texture":"#4"},"south":{"uv":[2.875,10.875,3,11.375],"texture":"#4"},"west":{"uv":[2.875,10.875,3,11.375],"texture":"#4"},"up":{"uv":[2.875,10.875,3,11],"texture":"#4"},"down":{"uv":[2.875,11.25,3,11.375],"texture":"#4"}}},{"name":"calamityblade_95","from":[8.125,3.875,7.5],"to":[8.25,4.375,8.375],"faces":{"north":{"uv":[3.25,10.875,3.125,11.375],"texture":"#4"},"east":{"uv":[3.125,10.875,3.25,11.375],"texture":"#4"},"south":{"uv":[3.125,10.875,3.25,11.375],"texture":"#4"},"west":{"uv":[3.125,10.875,3.25,11.375],"texture":"#4"},"up":{"uv":[3.125,10.875,3.25,11],"texture":"#4"},"down":{"uv":[3.125,11.25,3.25,11.375],"texture":"#4"}}},{"name":"calamityblade_96","from":[7,3.25,7.75],"to":[7.125,3.5,8.125],"faces":{"north":{"uv":[2.125,11,2,11.25],"texture":"#4"},"east":{"uv":[2,11,2.125,11.25],"texture":"#4"},"south":{"uv":[2,11,2.125,11.25],"texture":"#4"},"west":{"uv":[2,11,2.125,11.25],"texture":"#4"},"up":{"uv":[2,11,2.125,11.125],"texture":"#4"},"down":{"uv":[2,11.125,2.125,11.25],"texture":"#4"}}},{"name":"calamityblade_97","from":[9,3.25,7.75],"to":[9.125,3.5,8.125],"faces":{"north":{"uv":[4.125,11,4,11.25],"texture":"#4"},"east":{"uv":[4,11,4.125,11.25],"texture":"#4"},"south":{"uv":[4,11,4.125,11.25],"texture":"#4"},"west":{"uv":[4,11,4.125,11.25],"texture":"#4"},"up":{"uv":[4,11,4.125,11.125],"texture":"#4"},"down":{"uv":[4,11.125,4.125,11.25],"texture":"#4"}}},{"name":"calamityblade_98","from":[8,3.75,7.5],"to":[8.125,4.125,8.375],"faces":{"north":{"uv":[3.125,11.125,3,11.5],"texture":"#4"},"east":{"uv":[3,11.125,3.125,11.5],"texture":"#4"},"south":{"uv":[3,11.125,3.125,11.5],"texture":"#4"},"west":{"uv":[3,11.125,3.125,11.5],"texture":"#4"},"up":{"uv":[3,11.125,3.125,11.25],"texture":"#4"},"down":{"uv":[3,11.375,3.125,11.5],"texture":"#4"}}},{"name":"calamityblade_105","from":[7,3.625,7.6875],"to":[7.25,4.25,8.1875],"faces":{"north":{"uv":[2.25,11.5,2,12.125],"texture":"#4"},"east":{"uv":[2.125,11.5,2.25,12.125],"texture":"#4"},"south":{"uv":[2,11.5,2.25,12.125],"texture":"#4"},"west":{"uv":[2,11.5,2.125,12.125],"texture":"#4"},"up":{"uv":[2,11.5,2.25,11.625],"texture":"#4"},"down":{"uv":[2,12,2.25,12.125],"texture":"#4"}}},{"name":"calamityblade_106","from":[8.875,3.625,7.6875],"to":[9.125,4.25,8.1875],"faces":{"north":{"uv":[4.125,11.5,3.875,12.125],"texture":"#4"},"east":{"uv":[4,11.5,4.125,12.125],"texture":"#4"},"south":{"uv":[3.875,11.5,4.125,12.125],"texture":"#4"},"west":{"uv":[3.875,11.5,4,12.125],"texture":"#4"},"up":{"uv":[3.875,11.5,4.125,11.625],"texture":"#4"},"down":{"uv":[3.875,12,4.125,12.125],"texture":"#4"}}},{"name":"calamityblade_107","from":[6.75,3.875,7.6875],"to":[7,4.125,8.1875],"faces":{"north":{"uv":[2,11.625,1.75,11.875],"texture":"#4"},"east":{"uv":[1.875,11.625,2,11.875],"texture":"#4"},"south":{"uv":[1.75,11.625,2,11.875],"texture":"#4"},"west":{"uv":[1.75,11.625,1.875,11.875],"texture":"#4"},"up":{"uv":[1.75,11.625,2,11.75],"texture":"#4"},"down":{"uv":[1.75,11.75,2,11.875],"texture":"#4"}}},{"name":"calamityblade_108","from":[9.125,3.875,7.6875],"to":[9.375,4.125,8.1875],"faces":{"north":{"uv":[4.375,11.625,4.125,11.875],"texture":"#4"},"east":{"uv":[4.25,11.625,4.375,11.875],"texture":"#4"},"south":{"uv":[4.125,11.625,4.375,11.875],"texture":"#4"},"west":{"uv":[4.125,11.625,4.25,11.875],"texture":"#4"},"up":{"uv":[4.125,11.625,4.375,11.75],"texture":"#4"},"down":{"uv":[4.125,11.75,4.375,11.875],"texture":"#4"}}},{"name":"calamityblade_109","from":[7.25,3.5,7.6875],"to":[7.375,4,8.1875],"faces":{"north":{"uv":[2.375,11.75,2.25,12.25],"texture":"#4"},"east":{"uv":[2.25,11.75,2.375,12.25],"texture":"#4"},"south":{"uv":[2.25,11.75,2.375,12.25],"texture":"#4"},"west":{"uv":[2.25,11.75,2.375,12.25],"texture":"#4"},"up":{"uv":[2.25,11.75,2.375,11.875],"texture":"#4"},"down":{"uv":[2.25,12.125,2.375,12.25],"texture":"#4"}}},{"name":"calamityblade_110","from":[8.75,3.5,7.6875],"to":[8.875,4,8.1875],"faces":{"north":{"uv":[3.875,11.75,3.75,12.25],"texture":"#4"},"east":{"uv":[3.75,11.75,3.875,12.25],"texture":"#4"},"south":{"uv":[3.75,11.75,3.875,12.25],"texture":"#4"},"west":{"uv":[3.75,11.75,3.875,12.25],"texture":"#4"},"up":{"uv":[3.75,11.75,3.875,11.875],"texture":"#4"},"down":{"uv":[3.75,12.125,3.875,12.25],"texture":"#4"}}},{"name":"calamityblade_115","from":[6.875,3.75,7.6875],"to":[7,3.875,8.1875],"faces":{"north":{"uv":[2,11.875,1.875,12],"texture":"#4"},"east":{"uv":[1.875,11.875,2,12],"texture":"#4"},"south":{"uv":[1.875,11.875,2,12],"texture":"#4"},"west":{"uv":[1.875,11.875,2,12],"texture":"#4"},"up":{"uv":[1.875,11.875,2,12],"texture":"#4"},"down":{"uv":[1.875,11.875,2,12],"texture":"#4"}}},{"name":"calamityblade_116","from":[7.375,3.375,7.6875],"to":[7.5,3.875,8.1875],"faces":{"north":{"uv":[2.5,11.875,2.375,12.375],"texture":"#4"},"east":{"uv":[2.375,11.875,2.5,12.375],"texture":"#4"},"south":{"uv":[2.375,11.875,2.5,12.375],"texture":"#4"},"west":{"uv":[2.375,11.875,2.5,12.375],"texture":"#4"},"up":{"uv":[2.375,11.875,2.5,12],"texture":"#4"},"down":{"uv":[2.375,12.25,2.5,12.375],"texture":"#4"}}},{"name":"calamityblade_117","from":[8.625,3.375,7.6875],"to":[8.75,3.875,8.1875],"faces":{"north":{"uv":[3.75,11.875,3.625,12.375],"texture":"#4"},"east":{"uv":[3.625,11.875,3.75,12.375],"texture":"#4"},"south":{"uv":[3.625,11.875,3.75,12.375],"texture":"#4"},"west":{"uv":[3.625,11.875,3.75,12.375],"texture":"#4"},"up":{"uv":[3.625,11.875,3.75,12],"texture":"#4"},"down":{"uv":[3.625,12.25,3.75,12.375],"texture":"#4"}}},{"name":"calamityblade_118","from":[9.125,3.75,7.6875],"to":[9.25,3.875,8.1875],"faces":{"north":{"uv":[4.25,11.875,4.125,12],"texture":"#4"},"east":{"uv":[4.125,11.875,4.25,12],"texture":"#4"},"south":{"uv":[4.125,11.875,4.25,12],"texture":"#4"},"west":{"uv":[4.125,11.875,4.25,12],"texture":"#4"},"up":{"uv":[4.125,11.875,4.25,12],"texture":"#4"},"down":{"uv":[4.125,11.875,4.25,12],"texture":"#4"}}},{"name":"calamityblade_121","from":[7.5,3.25,7.6875],"to":[7.625,3.75,8.1875],"faces":{"north":{"uv":[2.625,12,2.5,12.5],"texture":"#4"},"east":{"uv":[2.5,12,2.625,12.5],"texture":"#4"},"south":{"uv":[2.5,12,2.625,12.5],"texture":"#4"},"west":{"uv":[2.5,12,2.625,12.5],"texture":"#4"},"up":{"uv":[2.5,12,2.625,12.125],"texture":"#4"},"down":{"uv":[2.5,12.375,2.625,12.5],"texture":"#4"}}},{"name":"calamityblade_122","from":[8.5,3.25,7.6875],"to":[8.625,3.75,8.1875],"faces":{"north":{"uv":[3.625,12,3.5,12.5],"texture":"#4"},"east":{"uv":[3.5,12,3.625,12.5],"texture":"#4"},"south":{"uv":[3.5,12,3.625,12.5],"texture":"#4"},"west":{"uv":[3.5,12,3.625,12.5],"texture":"#4"},"up":{"uv":[3.5,12,3.625,12.125],"texture":"#4"},"down":{"uv":[3.5,12.375,3.625,12.5],"texture":"#4"}}},{"name":"calamityblade_123","from":[7.75,3.375,7.5625],"to":[7.875,4,8.3125],"faces":{"north":{"uv":[5.625,12,5.5,12.625],"texture":"#4"},"east":{"uv":[5.5,12,5.625,12.625],"texture":"#4"},"south":{"uv":[5.5,12,5.625,12.625],"texture":"#4"},"west":{"uv":[5.5,12,5.625,12.625],"texture":"#4"},"up":{"uv":[5.5,12,5.625,12.125],"texture":"#4"},"down":{"uv":[5.5,12.5,5.625,12.625],"texture":"#4"}}},{"name":"calamityblade_124","from":[8.25,3.375,7.5625],"to":[8.375,4,8.3125],"faces":{"north":{"uv":[6.125,12,6,12.625],"texture":"#4"},"east":{"uv":[6,12,6.125,12.625],"texture":"#4"},"south":{"uv":[6,12,6.125,12.625],"texture":"#4"},"west":{"uv":[6,12,6.125,12.625],"texture":"#4"},"up":{"uv":[6,12,6.125,12.125],"texture":"#4"},"down":{"uv":[6,12.5,6.125,12.625],"texture":"#4"}}},{"name":"calamityblade_125","from":[7.625,3,7.6875],"to":[7.75,3.625,8.1875],"faces":{"north":{"uv":[2.75,12.125,2.625,12.75],"texture":"#4"},"east":{"uv":[2.625,12.125,2.75,12.75],"texture":"#4"},"south":{"uv":[2.625,12.125,2.75,12.75],"texture":"#4"},"west":{"uv":[2.625,12.125,2.75,12.75],"texture":"#4"},"up":{"uv":[2.625,12.125,2.75,12.25],"texture":"#4"},"down":{"uv":[2.625,12.625,2.75,12.75],"texture":"#4"}}},{"name":"calamityblade_126","from":[8.375,3,7.6875],"to":[8.5,3.625,8.1875],"faces":{"north":{"uv":[3.5,12.125,3.375,12.75],"texture":"#4"},"east":{"uv":[3.375,12.125,3.5,12.75],"texture":"#4"},"south":{"uv":[3.375,12.125,3.5,12.75],"texture":"#4"},"west":{"uv":[3.375,12.125,3.5,12.75],"texture":"#4"},"up":{"uv":[3.375,12.125,3.5,12.25],"texture":"#4"},"down":{"uv":[3.375,12.625,3.5,12.75],"texture":"#4"}}},{"name":"calamityblade_127","from":[7.875,3.125,7.5625],"to":[8,3.875,8.3125],"faces":{"north":{"uv":[5.75,12.125,5.625,12.875],"texture":"#4"},"east":{"uv":[5.625,12.125,5.75,12.875],"texture":"#4"},"south":{"uv":[5.625,12.125,5.75,12.875],"texture":"#4"},"west":{"uv":[5.625,12.125,5.75,12.875],"texture":"#4"},"up":{"uv":[5.625,12.125,5.75,12.25],"texture":"#4"},"down":{"uv":[5.625,12.75,5.75,12.875],"texture":"#4"}}},{"name":"calamityblade_128","from":[8.125,3.125,7.5625],"to":[8.25,3.875,8.3125],"faces":{"north":{"uv":[6,12.125,5.875,12.875],"texture":"#4"},"east":{"uv":[5.875,12.125,6,12.875],"texture":"#4"},"south":{"uv":[5.875,12.125,6,12.875],"texture":"#4"},"west":{"uv":[5.875,12.125,6,12.875],"texture":"#4"},"up":{"uv":[5.875,12.125,6,12.25],"texture":"#4"},"down":{"uv":[5.875,12.75,6,12.875],"texture":"#4"}}},{"name":"calamityblade_131","from":[8,2.75,7.5625],"to":[8.125,3.75,8.3125],"faces":{"north":{"uv":[5.875,12.25,5.75,13.25],"texture":"#4"},"east":{"uv":[5.75,12.25,5.875,13.25],"texture":"#4"},"south":{"uv":[5.75,12.25,5.875,13.25],"texture":"#4"},"west":{"uv":[5.75,12.25,5.875,13.25],"texture":"#4"},"up":{"uv":[5.75,12.25,5.875,12.375],"texture":"#4"},"down":{"uv":[5.75,13.125,5.875,13.25],"texture":"#4"}}},{"name":"calamityblade_134","from":[7.75,3.125,7.6875],"to":[7.875,3.375,8.1875],"faces":{"north":{"uv":[2.875,12.375,2.75,12.625],"texture":"#4"},"east":{"uv":[2.75,12.375,2.875,12.625],"texture":"#4"},"south":{"uv":[2.75,12.375,2.875,12.625],"texture":"#4"},"west":{"uv":[2.75,12.375,2.875,12.625],"texture":"#4"},"up":{"uv":[2.75,12.375,2.875,12.5],"texture":"#4"},"down":{"uv":[2.75,12.5,2.875,12.625],"texture":"#4"}}},{"name":"calamityblade_135","from":[8.25,3.125,7.6875],"to":[8.375,3.375,8.1875],"faces":{"north":{"uv":[3.375,12.375,3.25,12.625],"texture":"#4"},"east":{"uv":[3.25,12.375,3.375,12.625],"texture":"#4"},"south":{"uv":[3.25,12.375,3.375,12.625],"texture":"#4"},"west":{"uv":[3.25,12.375,3.375,12.625],"texture":"#4"},"up":{"uv":[3.25,12.375,3.375,12.5],"texture":"#4"},"down":{"uv":[3.25,12.5,3.375,12.625],"texture":"#4"}}},{"name":"calamityblade_136","from":[6.875,5.5,7.8125],"to":[7.125,5.625,8.0625],"faces":{"north":{"uv":[7,12.5,6.75,12.625],"texture":"#4"},"east":{"uv":[6.875,12.5,7,12.625],"texture":"#4"},"south":{"uv":[6.75,12.5,7,12.625],"texture":"#4"},"west":{"uv":[6.75,12.5,6.875,12.625],"texture":"#4"},"up":{"uv":[6.75,12.5,7,12.625],"texture":"#4"},"down":{"uv":[6.75,12.5,7,12.625],"texture":"#4"}}},{"name":"calamityblade_139","from":[6.75,2.625,7.8125],"to":[6.875,3.375,8.0625],"faces":{"north":{"uv":[1.875,12.625,1.75,13.375],"texture":"#4"},"east":{"uv":[1.75,12.625,1.875,13.375],"texture":"#4"},"south":{"uv":[1.75,12.625,1.875,13.375],"texture":"#4"},"west":{"uv":[1.75,12.625,1.875,13.375],"texture":"#4"},"up":{"uv":[1.75,12.625,1.875,12.75],"texture":"#4"},"down":{"uv":[1.75,13.25,1.875,13.375],"texture":"#4"}}},{"name":"calamityblade_140","from":[9.25,2.625,7.8125],"to":[9.375,3.375,8.0625],"faces":{"north":{"uv":[4.375,12.625,4.25,13.375],"texture":"#4"},"east":{"uv":[4.25,12.625,4.375,13.375],"texture":"#4"},"south":{"uv":[4.25,12.625,4.375,13.375],"texture":"#4"},"west":{"uv":[4.25,12.625,4.375,13.375],"texture":"#4"},"up":{"uv":[4.25,12.625,4.375,12.75],"texture":"#4"},"down":{"uv":[4.25,13.25,4.375,13.375],"texture":"#4"}}},{"name":"calamityblade_141","from":[6.75,5,7.8125],"to":[7,5.5,8.0625],"faces":{"north":{"uv":[6.875,12.625,6.625,13.125],"texture":"#4"},"east":{"uv":[6.75,12.625,6.875,13.125],"texture":"#4"},"south":{"uv":[6.625,12.625,6.875,13.125],"texture":"#4"},"west":{"uv":[6.625,12.625,6.75,13.125],"texture":"#4"},"up":{"uv":[6.625,12.625,6.875,12.75],"texture":"#4"},"down":{"uv":[6.625,13,6.875,13.125],"texture":"#4"}}},{"name":"calamityblade_142","from":[6.875,2.5,7.8125],"to":[7,3.25,8.0625],"faces":{"north":{"uv":[2,12.75,1.875,13.5],"texture":"#4"},"east":{"uv":[1.875,12.75,2,13.5],"texture":"#4"},"south":{"uv":[1.875,12.75,2,13.5],"texture":"#4"},"west":{"uv":[1.875,12.75,2,13.5],"texture":"#4"},"up":{"uv":[1.875,12.75,2,12.875],"texture":"#4"},"down":{"uv":[1.875,13.375,2,13.5],"texture":"#4"}}},{"name":"calamityblade_143","from":[9.125,2.5,7.8125],"to":[9.25,3.25,8.0625],"faces":{"north":{"uv":[4.25,12.75,4.125,13.5],"texture":"#4"},"east":{"uv":[4.125,12.75,4.25,13.5],"texture":"#4"},"south":{"uv":[4.125,12.75,4.25,13.5],"texture":"#4"},"west":{"uv":[4.125,12.75,4.25,13.5],"texture":"#4"},"up":{"uv":[4.125,12.75,4.25,12.875],"texture":"#4"},"down":{"uv":[4.125,13.375,4.25,13.5],"texture":"#4"}}},{"name":"calamityblade_144","from":[6.625,4.75,7.8125],"to":[6.75,5.375,8.0625],"faces":{"north":{"uv":[6.625,12.75,6.5,13.375],"texture":"#4"},"east":{"uv":[6.5,12.75,6.625,13.375],"texture":"#4"},"south":{"uv":[6.5,12.75,6.625,13.375],"texture":"#4"},"west":{"uv":[6.5,12.75,6.625,13.375],"texture":"#4"},"up":{"uv":[6.5,12.75,6.625,12.875],"texture":"#4"},"down":{"uv":[6.5,13.25,6.625,13.375],"texture":"#4"}}},{"name":"calamityblade_147","from":[6.375,3,7.8125],"to":[6.75,3.125,8.0625],"faces":{"north":{"uv":[1.75,12.875,1.375,13],"texture":"#4"},"east":{"uv":[1.625,12.875,1.75,13],"texture":"#4"},"south":{"uv":[1.375,12.875,1.75,13],"texture":"#4"},"west":{"uv":[1.375,12.875,1.5,13],"texture":"#4"},"up":{"uv":[1.375,12.875,1.75,13],"texture":"#4"},"down":{"uv":[1.375,12.875,1.75,13],"texture":"#4"}}},{"name":"calamityblade_150","from":[9.375,2.875,7.8125],"to":[9.625,3.125,8.0625],"faces":{"north":{"uv":[4.625,12.875,4.375,13.125],"texture":"#4"},"east":{"uv":[4.5,12.875,4.625,13.125],"texture":"#4"},"south":{"uv":[4.375,12.875,4.625,13.125],"texture":"#4"},"west":{"uv":[4.375,12.875,4.5,13.125],"texture":"#4"},"up":{"uv":[4.375,12.875,4.625,13],"texture":"#4"},"down":{"uv":[4.375,13,4.625,13.125],"texture":"#4"}}},{"name":"calamityblade_151","from":[9.625,3,7.8125],"to":[9.75,3.125,8.0625],"faces":{"north":{"uv":[4.75,12.875,4.625,13],"texture":"#4"},"east":{"uv":[4.625,12.875,4.75,13],"texture":"#4"},"south":{"uv":[4.625,12.875,4.75,13],"texture":"#4"},"west":{"uv":[4.625,12.875,4.75,13],"texture":"#4"},"up":{"uv":[4.625,12.875,4.75,13],"texture":"#4"},"down":{"uv":[4.625,12.875,4.75,13],"texture":"#4"}}},{"name":"calamityblade_152","from":[7,5,7.8125],"to":[7.25,5.25,8.0625],"faces":{"north":{"uv":[7.125,12.875,6.875,13.125],"texture":"#4"},"east":{"uv":[7,12.875,7.125,13.125],"texture":"#4"},"south":{"uv":[6.875,12.875,7.125,13.125],"texture":"#4"},"west":{"uv":[6.875,12.875,7,13.125],"texture":"#4"},"up":{"uv":[6.875,12.875,7.125,13],"texture":"#4"},"down":{"uv":[6.875,13,7.125,13.125],"texture":"#4"}}},{"name":"calamityblade_153","from":[6.5,2.875,7.8125],"to":[6.75,3,8.0625],"faces":{"north":{"uv":[1.75,13,1.5,13.125],"texture":"#4"},"east":{"uv":[1.625,13,1.75,13.125],"texture":"#4"},"south":{"uv":[1.5,13,1.75,13.125],"texture":"#4"},"west":{"uv":[1.5,13,1.625,13.125],"texture":"#4"},"up":{"uv":[1.5,13,1.75,13.125],"texture":"#4"},"down":{"uv":[1.5,13,1.75,13.125],"texture":"#4"}}},{"name":"calamityblade_154","from":[6.625,2.75,7.8125],"to":[6.75,2.875,8.0625],"faces":{"north":{"uv":[1.75,13.125,1.625,13.25],"texture":"#4"},"east":{"uv":[1.625,13.125,1.75,13.25],"texture":"#4"},"south":{"uv":[1.625,13.125,1.75,13.25],"texture":"#4"},"west":{"uv":[1.625,13.125,1.75,13.25],"texture":"#4"},"up":{"uv":[1.625,13.125,1.75,13.25],"texture":"#4"},"down":{"uv":[1.625,13.125,1.75,13.25],"texture":"#4"}}},{"name":"calamityblade_155","from":[9.375,2.75,7.8125],"to":[9.5,2.875,8.0625],"faces":{"north":{"uv":[4.5,13.125,4.375,13.25],"texture":"#4"},"east":{"uv":[4.375,13.125,4.5,13.25],"texture":"#4"},"south":{"uv":[4.375,13.125,4.5,13.25],"texture":"#4"},"west":{"uv":[4.375,13.125,4.5,13.25],"texture":"#4"},"up":{"uv":[4.375,13.125,4.5,13.25],"texture":"#4"},"down":{"uv":[4.375,13.125,4.5,13.25],"texture":"#4"}}},{"name":"calamityblade_156","from":[6.75,4.875,7.8125],"to":[6.875,5,8.0625],"faces":{"north":{"uv":[6.75,13.125,6.625,13.25],"texture":"#4"},"east":{"uv":[6.625,13.125,6.75,13.25],"texture":"#4"},"south":{"uv":[6.625,13.125,6.75,13.25],"texture":"#4"},"west":{"uv":[6.625,13.125,6.75,13.25],"texture":"#4"},"up":{"uv":[6.625,13.125,6.75,13.25],"texture":"#4"},"down":{"uv":[6.625,13.125,6.75,13.25],"texture":"#4"}}},{"name":"calamityblade_157","from":[7,2.375,7.8125],"to":[7.125,2.75,8.0625],"faces":{"north":{"uv":[2.125,13.25,2,13.625],"texture":"#4"},"east":{"uv":[2,13.25,2.125,13.625],"texture":"#4"},"south":{"uv":[2,13.25,2.125,13.625],"texture":"#4"},"west":{"uv":[2,13.25,2.125,13.625],"texture":"#4"},"up":{"uv":[2,13.25,2.125,13.375],"texture":"#4"},"down":{"uv":[2,13.5,2.125,13.625],"texture":"#4"}}},{"name":"calamityblade_159","from":[9,2.375,7.8125],"to":[9.125,2.75,8.0625],"faces":{"north":{"uv":[4.125,13.25,4,13.625],"texture":"#4"},"east":{"uv":[4,13.25,4.125,13.625],"texture":"#4"},"south":{"uv":[4,13.25,4.125,13.625],"texture":"#4"},"west":{"uv":[4,13.25,4.125,13.625],"texture":"#4"},"up":{"uv":[4,13.25,4.125,13.375],"texture":"#4"},"down":{"uv":[4,13.5,4.125,13.625],"texture":"#4"}}},{"name":"calamityblade_160","from":[7.125,2.25,7.8125],"to":[7.25,2.5,8.0625],"faces":{"north":{"uv":[2.25,13.5,2.125,13.75],"texture":"#4"},"east":{"uv":[2.125,13.5,2.25,13.75],"texture":"#4"},"south":{"uv":[2.125,13.5,2.25,13.75],"texture":"#4"},"west":{"uv":[2.125,13.5,2.25,13.75],"texture":"#4"},"up":{"uv":[2.125,13.5,2.25,13.625],"texture":"#4"},"down":{"uv":[2.125,13.625,2.25,13.75],"texture":"#4"}}},{"name":"calamityblade_161","from":[8.875,2.25,7.8125],"to":[9,2.5,8.0625],"faces":{"north":{"uv":[4,13.5,3.875,13.75],"texture":"#4"},"east":{"uv":[3.875,13.5,4,13.75],"texture":"#4"},"south":{"uv":[3.875,13.5,4,13.75],"texture":"#4"},"west":{"uv":[3.875,13.5,4,13.75],"texture":"#4"},"up":{"uv":[3.875,13.5,4,13.625],"texture":"#4"},"down":{"uv":[3.875,13.625,4,13.75],"texture":"#4"}}},{"name":"calamityblade_162","from":[9,5.5,7.8125],"to":[9.25,5.625,8.0625],"faces":{"north":{"uv":[6.875,13.5,6.625,13.625],"texture":"#4"},"east":{"uv":[6.75,13.5,6.875,13.625],"texture":"#4"},"south":{"uv":[6.625,13.5,6.875,13.625],"texture":"#4"},"west":{"uv":[6.625,13.5,6.75,13.625],"texture":"#4"},"up":{"uv":[6.625,13.5,6.875,13.625],"texture":"#4"},"down":{"uv":[6.625,13.5,6.875,13.625],"texture":"#4"}}},{"name":"calamityblade_163","from":[9.125,5,7.8125],"to":[9.375,5.5,8.0625],"faces":{"north":{"uv":[7,13.625,6.75,14.125],"texture":"#4"},"east":{"uv":[6.875,13.625,7,14.125],"texture":"#4"},"south":{"uv":[6.75,13.625,7,14.125],"texture":"#4"},"west":{"uv":[6.75,13.625,6.875,14.125],"texture":"#4"},"up":{"uv":[6.75,13.625,7,13.75],"texture":"#4"},"down":{"uv":[6.75,14,7,14.125],"texture":"#4"}}},{"name":"calamityblade_164","from":[9.375,4.75,7.8125],"to":[9.5,5.375,8.0625],"faces":{"north":{"uv":[7.125,13.75,7,14.375],"texture":"#4"},"east":{"uv":[7,13.75,7.125,14.375],"texture":"#4"},"south":{"uv":[7,13.75,7.125,14.375],"texture":"#4"},"west":{"uv":[7,13.75,7.125,14.375],"texture":"#4"},"up":{"uv":[7,13.75,7.125,13.875],"texture":"#4"},"down":{"uv":[7,14.25,7.125,14.375],"texture":"#4"}}},{"name":"calamityblade_165","from":[7.375,3.875,7.75],"to":[7.5,4.375,8.125],"faces":{"north":{"uv":[8.75,13.75,8.625,14.25],"texture":"#4"},"east":{"uv":[8.625,13.75,8.75,14.25],"texture":"#4"},"south":{"uv":[8.625,13.75,8.75,14.25],"texture":"#4"},"west":{"uv":[8.625,13.75,8.75,14.25],"texture":"#4"},"up":{"uv":[8.625,13.75,8.75,13.875],"texture":"#4"},"down":{"uv":[8.625,14.125,8.75,14.25],"texture":"#4"}}},{"name":"calamityblade_166","from":[8.625,3.875,7.75],"to":[8.75,4.375,8.125],"faces":{"north":{"uv":[10,13.75,9.875,14.25],"texture":"#4"},"east":{"uv":[9.875,13.75,10,14.25],"texture":"#4"},"south":{"uv":[9.875,13.75,10,14.25],"texture":"#4"},"west":{"uv":[9.875,13.75,10,14.25],"texture":"#4"},"up":{"uv":[9.875,13.75,10,13.875],"texture":"#4"},"down":{"uv":[9.875,14.125,10,14.25],"texture":"#4"}}},{"name":"calamityblade_167","from":[8.875,5,7.8125],"to":[9.125,5.25,8.0625],"faces":{"north":{"uv":[6.75,13.875,6.5,14.125],"texture":"#4"},"east":{"uv":[6.625,13.875,6.75,14.125],"texture":"#4"},"south":{"uv":[6.5,13.875,6.75,14.125],"texture":"#4"},"west":{"uv":[6.5,13.875,6.625,14.125],"texture":"#4"},"up":{"uv":[6.5,13.875,6.75,14],"texture":"#4"},"down":{"uv":[6.5,14,6.75,14.125],"texture":"#4"}}},{"name":"calamityblade_168","from":[7.25,4,7.75],"to":[7.375,4.25,8.125],"faces":{"north":{"uv":[8.625,13.875,8.5,14.125],"texture":"#4"},"east":{"uv":[8.5,13.875,8.625,14.125],"texture":"#4"},"south":{"uv":[8.5,13.875,8.625,14.125],"texture":"#4"},"west":{"uv":[8.5,13.875,8.625,14.125],"texture":"#4"},"up":{"uv":[8.5,13.875,8.625,14],"texture":"#4"},"down":{"uv":[8.5,14,8.625,14.125],"texture":"#4"}}},{"name":"calamityblade_169","from":[7.5,3.75,7.75],"to":[7.625,4.25,8.125],"faces":{"north":{"uv":[8.875,13.875,8.75,14.375],"texture":"#4"},"east":{"uv":[8.75,13.875,8.875,14.375],"texture":"#4"},"south":{"uv":[8.75,13.875,8.875,14.375],"texture":"#4"},"west":{"uv":[8.75,13.875,8.875,14.375],"texture":"#4"},"up":{"uv":[8.75,13.875,8.875,14],"texture":"#4"},"down":{"uv":[8.75,14.25,8.875,14.375],"texture":"#4"}}},{"name":"calamityblade_170","from":[8.5,3.75,7.75],"to":[8.625,4.25,8.125],"faces":{"north":{"uv":[9.875,13.875,9.75,14.375],"texture":"#4"},"east":{"uv":[9.75,13.875,9.875,14.375],"texture":"#4"},"south":{"uv":[9.75,13.875,9.875,14.375],"texture":"#4"},"west":{"uv":[9.75,13.875,9.875,14.375],"texture":"#4"},"up":{"uv":[9.75,13.875,9.875,14],"texture":"#4"},"down":{"uv":[9.75,14.25,9.875,14.375],"texture":"#4"}}},{"name":"calamityblade_171","from":[8.75,4,7.75],"to":[8.875,4.25,8.125],"faces":{"north":{"uv":[10.125,13.875,10,14.125],"texture":"#4"},"east":{"uv":[10,13.875,10.125,14.125],"texture":"#4"},"south":{"uv":[10,13.875,10.125,14.125],"texture":"#4"},"west":{"uv":[10,13.875,10.125,14.125],"texture":"#4"},"up":{"uv":[10,13.875,10.125,14],"texture":"#4"},"down":{"uv":[10,14,10.125,14.125],"texture":"#4"}}},{"name":"calamityblade_172","from":[7.625,3.625,7.75],"to":[7.75,4.125,8.125],"faces":{"north":{"uv":[9,14,8.875,14.5],"texture":"#4"},"east":{"uv":[8.875,14,9,14.5],"texture":"#4"},"south":{"uv":[8.875,14,9,14.5],"texture":"#4"},"west":{"uv":[8.875,14,9,14.5],"texture":"#4"},"up":{"uv":[8.875,14,9,14.125],"texture":"#4"},"down":{"uv":[8.875,14.375,9,14.5],"texture":"#4"}}},{"name":"calamityblade_173","from":[8.375,3.625,7.75],"to":[8.5,4.125,8.125],"faces":{"north":{"uv":[9.75,14,9.625,14.5],"texture":"#4"},"east":{"uv":[9.625,14,9.75,14.5],"texture":"#4"},"south":{"uv":[9.625,14,9.75,14.5],"texture":"#4"},"west":{"uv":[9.625,14,9.75,14.5],"texture":"#4"},"up":{"uv":[9.625,14,9.75,14.125],"texture":"#4"},"down":{"uv":[9.625,14.375,9.75,14.5],"texture":"#4"}}},{"name":"calamityblade_174","from":[9.25,4.875,7.8125],"to":[9.375,5,8.0625],"faces":{"north":{"uv":[7,14.125,6.875,14.25],"texture":"#4"},"east":{"uv":[6.875,14.125,7,14.25],"texture":"#4"},"south":{"uv":[6.875,14.125,7,14.25],"texture":"#4"},"west":{"uv":[6.875,14.125,7,14.25],"texture":"#4"},"up":{"uv":[6.875,14.125,7,14.25],"texture":"#4"},"down":{"uv":[6.875,14.125,7,14.25],"texture":"#4"}}},{"name":"calamityblade_175","from":[7,0.375,7.625],"to":[7.375,0.5,8.25],"faces":{"north":{"uv":[13.5,14.5,13.125,14.625],"texture":"#4"},"east":{"uv":[13.375,14.5,13.5,14.625],"texture":"#4"},"south":{"uv":[13.125,14.5,13.5,14.625],"texture":"#4"},"west":{"uv":[13.125,14.5,13.25,14.625],"texture":"#4"},"up":{"uv":[13.125,14.5,13.5,14.625],"texture":"#4"},"down":{"uv":[13.125,14.5,13.5,14.625],"texture":"#4"}}},{"name":"calamityblade_176","from":[8.75,0.375,7.625],"to":[9.125,0.5,8.25],"faces":{"north":{"uv":[15.25,14.5,14.875,14.625],"texture":"#4"},"east":{"uv":[15.125,14.5,15.25,14.625],"texture":"#4"},"south":{"uv":[14.875,14.5,15.25,14.625],"texture":"#4"},"west":{"uv":[14.875,14.5,15,14.625],"texture":"#4"},"up":{"uv":[14.875,14.5,15.25,14.625],"texture":"#4"},"down":{"uv":[14.875,14.5,15.25,14.625],"texture":"#4"}}},{"name":"calamityblade_177","from":[7.25,0.25,7.625],"to":[7.625,0.375,8.25],"faces":{"north":{"uv":[13.75,14.625,13.375,14.75],"texture":"#4"},"east":{"uv":[13.625,14.625,13.75,14.75],"texture":"#4"},"south":{"uv":[13.375,14.625,13.75,14.75],"texture":"#4"},"west":{"uv":[13.375,14.625,13.5,14.75],"texture":"#4"},"up":{"uv":[13.375,14.625,13.75,14.75],"texture":"#4"},"down":{"uv":[13.375,14.625,13.75,14.75],"texture":"#4"}}},{"name":"calamityblade_178","from":[8.5,-0.25,7.625],"to":[8.75,0.375,8.25],"faces":{"north":{"uv":[14.875,14.625,14.625,15.25],"texture":"#4"},"east":{"uv":[14.75,14.625,14.875,15.25],"texture":"#4"},"south":{"uv":[14.625,14.625,14.875,15.25],"texture":"#4"},"west":{"uv":[14.625,14.625,14.75,15.25],"texture":"#4"},"up":{"uv":[14.625,14.625,14.875,14.75],"texture":"#4"},"down":{"uv":[14.625,15.125,14.875,15.25],"texture":"#4"}}},{"name":"calamityblade_179","from":[8.75,0.25,7.625],"to":[8.875,0.375,8.25],"faces":{"north":{"uv":[15,14.625,14.875,14.75],"texture":"#4"},"east":{"uv":[14.875,14.625,15,14.75],"texture":"#4"},"south":{"uv":[14.875,14.625,15,14.75],"texture":"#4"},"west":{"uv":[14.875,14.625,15,14.75],"texture":"#4"},"up":{"uv":[14.875,14.625,15,14.75],"texture":"#4"},"down":{"uv":[14.875,14.625,15,14.75],"texture":"#4"}}},{"name":"calamityblade_180","from":[7.375,-0.125,7.625],"to":[7.75,0.25,8.25],"faces":{"north":{"uv":[13.875,14.75,13.5,15.125],"texture":"#4"},"east":{"uv":[13.75,14.75,13.875,15.125],"texture":"#4"},"south":{"uv":[13.5,14.75,13.875,15.125],"texture":"#4"},"west":{"uv":[13.5,14.75,13.625,15.125],"texture":"#4"},"up":{"uv":[13.5,14.75,13.875,14.875],"texture":"#4"},"down":{"uv":[13.5,15,13.875,15.125],"texture":"#4"}}},{"name":"calamityblade_181","from":[8.375,-0.125,7.625],"to":[8.5,0.25,8.25],"faces":{"north":{"uv":[14.625,14.75,14.5,15.125],"texture":"#4"},"east":{"uv":[14.5,14.75,14.625,15.125],"texture":"#4"},"south":{"uv":[14.5,14.75,14.625,15.125],"texture":"#4"},"west":{"uv":[14.5,14.75,14.625,15.125],"texture":"#4"},"up":{"uv":[14.5,14.75,14.625,14.875],"texture":"#4"},"down":{"uv":[14.5,15,14.625,15.125],"texture":"#4"}}},{"name":"calamityblade_182","from":[8,-0.375,7.625],"to":[8.125,0.125,8.125],"faces":{"north":{"uv":[4.125,14.875,4,15.375],"texture":"#4"},"east":{"uv":[4,14.875,4.125,15.375],"texture":"#4"},"south":{"uv":[4,14.875,4.125,15.375],"texture":"#4"},"west":{"uv":[4,14.875,4.125,15.375],"texture":"#4"},"up":{"uv":[4,14.875,4.125,15],"texture":"#4"},"down":{"uv":[4,15.25,4.125,15.375],"texture":"#4"}}},{"name":"calamityblade_183","from":[6.625,0,7.625],"to":[7.125,0.125,8.25],"faces":{"north":{"uv":[13.25,14.875,12.75,15],"texture":"#4"},"east":{"uv":[13.125,14.875,13.25,15],"texture":"#4"},"south":{"uv":[12.75,14.875,13.25,15],"texture":"#4"},"west":{"uv":[12.75,14.875,12.875,15],"texture":"#4"},"up":{"uv":[12.75,14.875,13.25,15],"texture":"#4"},"down":{"uv":[12.75,14.875,13.25,15],"texture":"#4"}}},{"name":"calamityblade_184","from":[9,-0.125,7.625],"to":[9.25,0.125,8.25],"faces":{"north":{"uv":[15.375,14.875,15.125,15.125],"texture":"#4"},"east":{"uv":[15.25,14.875,15.375,15.125],"texture":"#4"},"south":{"uv":[15.125,14.875,15.375,15.125],"texture":"#4"},"west":{"uv":[15.125,14.875,15.25,15.125],"texture":"#4"},"up":{"uv":[15.125,14.875,15.375,15],"texture":"#4"},"down":{"uv":[15.125,15,15.375,15.125],"texture":"#4"}}},{"name":"calamityblade_185","from":[9.25,0,7.625],"to":[9.5,0.125,8.25],"faces":{"north":{"uv":[15.625,14.875,15.375,15],"texture":"#4"},"east":{"uv":[15.5,14.875,15.625,15],"texture":"#4"},"south":{"uv":[15.375,14.875,15.625,15],"texture":"#4"},"west":{"uv":[15.375,14.875,15.5,15],"texture":"#4"},"up":{"uv":[15.375,14.875,15.625,15],"texture":"#4"},"down":{"uv":[15.375,14.875,15.625,15],"texture":"#4"}}},{"name":"calamityblade_186","from":[6.875,-0.125,7.625],"to":[7.375,0,8.25],"faces":{"north":{"uv":[13.5,15,13,15.125],"texture":"#4"},"east":{"uv":[13.375,15,13.5,15.125],"texture":"#4"},"south":{"uv":[13,15,13.5,15.125],"texture":"#4"},"west":{"uv":[13,15,13.125,15.125],"texture":"#4"},"up":{"uv":[13,15,13.5,15.125],"texture":"#4"},"down":{"uv":[13,15,13.5,15.125],"texture":"#4"}}},{"name":"calamityblade_187","from":[8.75,-0.25,7.625],"to":[9,0,8.25],"faces":{"north":{"uv":[15.125,15,14.875,15.25],"texture":"#4"},"east":{"uv":[15,15,15.125,15.25],"texture":"#4"},"south":{"uv":[14.875,15,15.125,15.25],"texture":"#4"},"west":{"uv":[14.875,15,15,15.25],"texture":"#4"},"up":{"uv":[14.875,15,15.125,15.125],"texture":"#4"},"down":{"uv":[14.875,15.125,15.125,15.25],"texture":"#4"}}},{"name":"calamityblade_188","from":[7.875,-0.25,7.6875],"to":[8,-0.125,8.1875],"faces":{"north":{"uv":[3,15.125,2.875,15.25],"texture":"#4"},"east":{"uv":[2.875,15.125,3,15.25],"texture":"#4"},"south":{"uv":[2.875,15.125,3,15.25],"texture":"#4"},"west":{"uv":[2.875,15.125,3,15.25],"texture":"#4"},"up":{"uv":[2.875,15.125,3,15.25],"texture":"#4"},"down":{"uv":[2.875,15.125,3,15.25],"texture":"#4"}}},{"name":"calamityblade_189","from":[8.125,-0.25,7.6875],"to":[8.25,-0.125,8.1875],"faces":{"north":{"uv":[3.25,15.125,3.125,15.25],"texture":"#4"},"east":{"uv":[3.125,15.125,3.25,15.25],"texture":"#4"},"south":{"uv":[3.125,15.125,3.25,15.25],"texture":"#4"},"west":{"uv":[3.125,15.125,3.25,15.25],"texture":"#4"},"up":{"uv":[3.125,15.125,3.25,15.25],"texture":"#4"},"down":{"uv":[3.125,15.125,3.25,15.25],"texture":"#4"}}},{"name":"calamityblade_190","from":[7.125,-0.25,7.625],"to":[7.625,-0.125,8.25],"faces":{"north":{"uv":[13.75,15.125,13.25,15.25],"texture":"#4"},"east":{"uv":[13.625,15.125,13.75,15.25],"texture":"#4"},"south":{"uv":[13.25,15.125,13.75,15.25],"texture":"#4"},"west":{"uv":[13.25,15.125,13.375,15.25],"texture":"#4"},"up":{"uv":[13.25,15.125,13.75,15.25],"texture":"#4"},"down":{"uv":[13.25,15.125,13.75,15.25],"texture":"#4"}}},{"name":"calamityblade_191","from":[7.625,-0.375,7.625],"to":[8,-0.25,8.25],"faces":{"north":{"uv":[1.5,15.25,1.125,15.375],"texture":"#4"},"east":{"uv":[1.375,15.25,1.5,15.375],"texture":"#4"},"south":{"uv":[1.125,15.25,1.5,15.375],"texture":"#4"},"west":{"uv":[1.125,15.25,1.25,15.375],"texture":"#4"},"up":{"uv":[1.125,15.25,1.5,15.375],"texture":"#4"},"down":{"uv":[1.125,15.25,1.5,15.375],"texture":"#4"}}},{"name":"calamityblade_192","from":[8.125,-0.5,7.625],"to":[8.375,-0.25,8.25],"faces":{"north":{"uv":[1.875,15.25,1.625,15.5],"texture":"#4"},"east":{"uv":[1.75,15.25,1.875,15.5],"texture":"#4"},"south":{"uv":[1.625,15.25,1.875,15.5],"texture":"#4"},"west":{"uv":[1.625,15.25,1.75,15.5],"texture":"#4"},"up":{"uv":[1.625,15.25,1.875,15.375],"texture":"#4"},"down":{"uv":[1.625,15.375,1.875,15.5],"texture":"#4"}}},{"name":"calamityblade_193","from":[8.375,-0.375,7.625],"to":[8.5,-0.25,8.25],"faces":{"north":{"uv":[2,15.25,1.875,15.375],"texture":"#4"},"east":{"uv":[1.875,15.25,2,15.375],"texture":"#4"},"south":{"uv":[1.875,15.25,2,15.375],"texture":"#4"},"west":{"uv":[1.875,15.25,2,15.375],"texture":"#4"},"up":{"uv":[1.875,15.25,2,15.375],"texture":"#4"},"down":{"uv":[1.875,15.25,2,15.375],"texture":"#4"}}},{"name":"calamityblade_194","from":[7.25,-0.375,7.625],"to":[7.5,-0.25,8.25],"faces":{"north":{"uv":[13.625,15.25,13.375,15.375],"texture":"#4"},"east":{"uv":[13.5,15.25,13.625,15.375],"texture":"#4"},"south":{"uv":[13.375,15.25,13.625,15.375],"texture":"#4"},"west":{"uv":[13.375,15.25,13.5,15.375],"texture":"#4"},"up":{"uv":[13.375,15.25,13.625,15.375],"texture":"#4"},"down":{"uv":[13.375,15.25,13.625,15.375],"texture":"#4"}}},{"name":"calamityblade_195","from":[8.625,-0.375,7.625],"to":[8.875,-0.25,8.25],"faces":{"north":{"uv":[15,15.25,14.75,15.375],"texture":"#4"},"east":{"uv":[14.875,15.25,15,15.375],"texture":"#4"},"south":{"uv":[14.75,15.25,15,15.375],"texture":"#4"},"west":{"uv":[14.75,15.25,14.875,15.375],"texture":"#4"},"up":{"uv":[14.75,15.25,15,15.375],"texture":"#4"},"down":{"uv":[14.75,15.25,15,15.375],"texture":"#4"}}},{"name":"calamityblade_196","from":[7.75,-0.5,7.625],"to":[8.125,-0.375,8.25],"faces":{"north":{"uv":[1.625,15.375,1.25,15.5],"texture":"#4"},"east":{"uv":[1.5,15.375,1.625,15.5],"texture":"#4"},"south":{"uv":[1.25,15.375,1.625,15.5],"texture":"#4"},"west":{"uv":[1.25,15.375,1.375,15.5],"texture":"#4"},"up":{"uv":[1.25,15.375,1.625,15.5],"texture":"#4"},"down":{"uv":[1.25,15.375,1.625,15.5],"texture":"#4"}}},{"name":"calamityblade_197","from":[7.375,-0.5,7.625],"to":[7.5,-0.375,8.25],"faces":{"north":{"uv":[13.625,15.375,13.5,15.5],"texture":"#4"},"east":{"uv":[13.5,15.375,13.625,15.5],"texture":"#4"},"south":{"uv":[13.5,15.375,13.625,15.5],"texture":"#4"},"west":{"uv":[13.5,15.375,13.625,15.5],"texture":"#4"},"up":{"uv":[13.5,15.375,13.625,15.5],"texture":"#4"},"down":{"uv":[13.5,15.375,13.625,15.5],"texture":"#4"}}},{"name":"calamityblade_198","from":[8.625,-0.5,7.625],"to":[8.75,-0.375,8.25],"faces":{"north":{"uv":[14.875,15.375,14.75,15.5],"texture":"#4"},"east":{"uv":[14.75,15.375,14.875,15.5],"texture":"#4"},"south":{"uv":[14.75,15.375,14.875,15.5],"texture":"#4"},"west":{"uv":[14.75,15.375,14.875,15.5],"texture":"#4"},"up":{"uv":[14.75,15.375,14.875,15.5],"texture":"#4"},"down":{"uv":[14.75,15.375,14.875,15.5],"texture":"#4"}}},{"name":"calamityblade_199","from":[7.875,-0.75,7.625],"to":[8.25,-0.5,8.25],"faces":{"north":{"uv":[1.75,15.5,1.375,15.75],"texture":"#4"},"east":{"uv":[1.625,15.5,1.75,15.75],"texture":"#4"},"south":{"uv":[1.375,15.5,1.75,15.75],"texture":"#4"},"west":{"uv":[1.375,15.5,1.5,15.75],"texture":"#4"},"up":{"uv":[1.375,15.5,1.75,15.625],"texture":"#4"},"down":{"uv":[1.375,15.625,1.75,15.75],"texture":"#4"}}},{"name":"calamityblade_200","from":[8,-1,7.625],"to":[8.125,-0.75,8.25],"faces":{"north":{"uv":[1.625,15.75,1.5,16],"texture":"#4"},"east":{"uv":[1.5,15.75,1.625,16],"texture":"#4"},"south":{"uv":[1.5,15.75,1.625,16],"texture":"#4"},"west":{"uv":[1.5,15.75,1.625,16],"texture":"#4"},"up":{"uv":[1.5,15.75,1.625,15.875],"texture":"#4"},"down":{"uv":[1.5,15.875,1.625,16],"texture":"#4"}}},{"name":"calamityblade_30","from":[7.75,-0.125,7.6875],"to":[8,3.125,8.1875],"faces":{"north":{"uv":[3,3.75,2.75,7],"texture":"#4"},"east":{"uv":[2.875,3.75,3,7],"texture":"#4"},"south":{"uv":[2.75,3.75,3,7],"texture":"#4"},"west":{"uv":[2.75,3.75,2.875,7],"texture":"#4"},"up":{"uv":[2.75,3.75,3,3.875],"texture":"#4"},"down":{"uv":[2.75,6.875,3,7],"texture":"#4"}}},{"name":"calamityblade_31","from":[8.125,-0.125,7.6875],"to":[8.375,3.125,8.1875],"faces":{"north":{"uv":[3.375,3.75,3.125,7],"texture":"#4"},"east":{"uv":[3.25,3.75,3.375,7],"texture":"#4"},"south":{"uv":[3.125,3.75,3.375,7],"texture":"#4"},"west":{"uv":[3.125,3.75,3.25,7],"texture":"#4"},"up":{"uv":[3.125,3.75,3.375,3.875],"texture":"#4"},"down":{"uv":[3.125,6.875,3.375,7],"texture":"#4"}}},{"name":"calamityblade_38","from":[8,0.125,7.6875],"to":[8.125,2.75,8.1875],"faces":{"north":{"uv":[3.125,4.125,3,6.75],"texture":"#4"},"east":{"uv":[3,4.125,3.125,6.75],"texture":"#4"},"south":{"uv":[3,4.125,3.125,6.75],"texture":"#4"},"west":{"uv":[3,4.125,3.125,6.75],"texture":"#4"},"up":{"uv":[3,4.125,3.125,4.25],"texture":"#4"},"down":{"uv":[3,6.625,3.125,6.75],"texture":"#4"}}},{"name":"calamityblade_49","from":[7.875,-0.25,7.6875],"to":[8,-0.125,8.1875],"faces":{"north":{"uv":[3,7,2.875,7.125],"texture":"#4"},"east":{"uv":[2.875,7,3,7.125],"texture":"#4"},"south":{"uv":[2.875,7,3,7.125],"texture":"#4"},"west":{"uv":[2.875,7,3,7.125],"texture":"#4"},"up":{"uv":[2.875,7,3,7.125],"texture":"#4"},"down":{"uv":[2.875,7,3,7.125],"texture":"#4"}}},{"name":"calamityblade_50","from":[8.125,-0.25,7.6875],"to":[8.25,-0.125,8.1875],"faces":{"north":{"uv":[3.25,7,3.125,7.125],"texture":"#4"},"east":{"uv":[3.125,7,3.25,7.125],"texture":"#4"},"south":{"uv":[3.125,7,3.25,7.125],"texture":"#4"},"west":{"uv":[3.125,7,3.25,7.125],"texture":"#4"},"up":{"uv":[3.125,7,3.25,7.125],"texture":"#4"},"down":{"uv":[3.125,7,3.25,7.125],"texture":"#4"}}},{"name":"calamityblade_v3_0","from":[8,15.75,7.90625],"to":[8.125,16.375,7.96875],"rotation":{"angle":0,"axis":"y","origin":[-4.9375,0,7.9375]},"faces":{"north":{"uv":[9.375,1.75,9.25,2.375],"texture":"#3"},"east":{"uv":[9.25,1.75,9.375,2.375],"texture":"#3"},"south":{"uv":[9.25,1.75,9.375,2.375],"texture":"#3"},"west":{"uv":[9.25,1.75,9.375,2.375],"texture":"#3"},"up":{"uv":[9.25,1.75,9.375,1.875],"texture":"#3"},"down":{"uv":[9.25,2.25,9.375,2.375],"texture":"#3"}}},{"name":"calamityblade_v3_1","from":[7.875,15.375,7.90625],"to":[8,16.125,7.96875],"rotation":{"angle":0,"axis":"y","origin":[-4.9375,0,7.9375]},"faces":{"north":{"uv":[9.25,2,9.125,2.75],"texture":"#3"},"east":{"uv":[9.125,2,9.25,2.75],"texture":"#3"},"south":{"uv":[9.125,2,9.25,2.75],"texture":"#3"},"west":{"uv":[9.125,2,9.25,2.75],"texture":"#3"},"up":{"uv":[9.125,2,9.25,2.125],"texture":"#3"},"down":{"uv":[9.125,2.625,9.25,2.75],"texture":"#3"}}},{"name":"calamityblade_v3_2","from":[8.125,15.375,7.90625],"to":[8.25,16.125,7.96875],"rotation":{"angle":0,"axis":"y","origin":[-4.9375,0,7.9375]},"faces":{"north":{"uv":[9.5,2,9.375,2.75],"texture":"#3"},"east":{"uv":[9.375,2,9.5,2.75],"texture":"#3"},"south":{"uv":[9.375,2,9.5,2.75],"texture":"#3"},"west":{"uv":[9.375,2,9.5,2.75],"texture":"#3"},"up":{"uv":[9.375,2,9.5,2.125],"texture":"#3"},"down":{"uv":[9.375,2.625,9.5,2.75],"texture":"#3"}}},{"name":"calamityblade_v3_3","from":[7.75,15,7.90625],"to":[7.875,15.875,7.96875],"rotation":{"angle":0,"axis":"y","origin":[-4.9375,0,7.9375]},"faces":{"north":{"uv":[9.125,2.25,9,3.125],"texture":"#3"},"east":{"uv":[9,2.25,9.125,3.125],"texture":"#3"},"south":{"uv":[9,2.25,9.125,3.125],"texture":"#3"},"west":{"uv":[9,2.25,9.125,3.125],"texture":"#3"},"up":{"uv":[9,2.25,9.125,2.375],"texture":"#3"},"down":{"uv":[9,3,9.125,3.125],"texture":"#3"}}},{"name":"calamityblade_v3_4","from":[8.25,15,7.90625],"to":[8.375,15.875,7.96875],"rotation":{"angle":0,"axis":"y","origin":[-4.9375,0,7.9375]},"faces":{"north":{"uv":[9.625,2.25,9.5,3.125],"texture":"#3"},"east":{"uv":[9.5,2.25,9.625,3.125],"texture":"#3"},"south":{"uv":[9.5,2.25,9.625,3.125],"texture":"#3"},"west":{"uv":[9.5,2.25,9.625,3.125],"texture":"#3"},"up":{"uv":[9.5,2.25,9.625,2.375],"texture":"#3"},"down":{"uv":[9.5,3,9.625,3.125],"texture":"#3"}}},{"name":"calamityblade_v3_5","from":[8,10.625,7.84375],"to":[8.125,15.75,8.03125],"rotation":{"angle":0,"axis":"y","origin":[-4.9375,0,7.9375]},"faces":{"north":{"uv":[11.875,2.375,11.75,7.5],"texture":"#3"},"east":{"uv":[11.75,2.375,11.875,7.5],"texture":"#3"},"south":{"uv":[11.75,2.375,11.875,7.5],"texture":"#3"},"west":{"uv":[11.75,2.375,11.875,7.5],"texture":"#3"},"up":{"uv":[11.75,2.375,11.875,2.5],"texture":"#3"},"down":{"uv":[11.75,7.375,11.875,7.5],"texture":"#3"}}},{"name":"calamityblade_v3_6","from":[7.625,14.375,7.90625],"to":[7.75,15.5,7.96875],"rotation":{"angle":0,"axis":"y","origin":[-4.9375,0,7.9375]},"faces":{"north":{"uv":[9,2.625,8.875,3.75],"texture":"#3"},"east":{"uv":[8.875,2.625,9,3.75],"texture":"#3"},"south":{"uv":[8.875,2.625,9,3.75],"texture":"#3"},"west":{"uv":[8.875,2.625,9,3.75],"texture":"#3"},"up":{"uv":[8.875,2.625,9,2.75],"texture":"#3"},"down":{"uv":[8.875,3.625,9,3.75],"texture":"#3"}}},{"name":"calamityblade_v3_7","from":[8.375,14.375,7.90625],"to":[8.5,15.5,7.96875],"rotation":{"angle":0,"axis":"y","origin":[-4.9375,0,7.9375]},"faces":{"north":{"uv":[9.75,2.625,9.625,3.75],"texture":"#3"},"east":{"uv":[9.625,2.625,9.75,3.75],"texture":"#3"},"south":{"uv":[9.625,2.625,9.75,3.75],"texture":"#3"},"west":{"uv":[9.625,2.625,9.75,3.75],"texture":"#3"},"up":{"uv":[9.625,2.625,9.75,2.75],"texture":"#3"},"down":{"uv":[9.625,3.625,9.75,3.75],"texture":"#3"}}},{"name":"calamityblade_v3_8","from":[7.875,10,7.84375],"to":[8,15.375,8.03125],"rotation":{"angle":0,"axis":"y","origin":[-4.9375,0,7.9375]},"faces":{"north":{"uv":[11.75,2.75,11.625,8.125],"texture":"#3"},"east":{"uv":[11.625,2.75,11.75,8.125],"texture":"#3"},"south":{"uv":[11.625,2.75,11.75,8.125],"texture":"#3"},"west":{"uv":[11.625,2.75,11.75,8.125],"texture":"#3"},"up":{"uv":[11.625,2.75,11.75,2.875],"texture":"#3"},"down":{"uv":[11.625,8,11.75,8.125],"texture":"#3"}}},{"name":"calamityblade_v3_9","from":[8.125,10,7.84375],"to":[8.25,15.375,8.03125],"rotation":{"angle":0,"axis":"y","origin":[-4.9375,0,7.9375]},"faces":{"north":{"uv":[12,2.75,11.875,8.125],"texture":"#3"},"east":{"uv":[11.875,2.75,12,8.125],"texture":"#3"},"south":{"uv":[11.875,2.75,12,8.125],"texture":"#3"},"west":{"uv":[11.875,2.75,12,8.125],"texture":"#3"},"up":{"uv":[11.875,2.75,12,2.875],"texture":"#3"},"down":{"uv":[11.875,8,12,8.125],"texture":"#3"}}},{"name":"calamityblade_v3_10","from":[7.5,13.75,7.90625],"to":[7.625,15.125,7.96875],"rotation":{"angle":0,"axis":"y","origin":[-4.9375,0,7.9375]},"faces":{"north":{"uv":[8.875,3,8.75,4.375],"texture":"#3"},"east":{"uv":[8.75,3,8.875,4.375],"texture":"#3"},"south":{"uv":[8.75,3,8.875,4.375],"texture":"#3"},"west":{"uv":[8.75,3,8.875,4.375],"texture":"#3"},"up":{"uv":[8.75,3,8.875,3.125],"texture":"#3"},"down":{"uv":[8.75,4.25,8.875,4.375],"texture":"#3"}}},{"name":"calamityblade_v3_11","from":[8.5,13.75,7.90625],"to":[8.625,15.125,7.96875],"rotation":{"angle":0,"axis":"y","origin":[-4.9375,0,7.9375]},"faces":{"north":{"uv":[9.875,3,9.75,4.375],"texture":"#3"},"east":{"uv":[9.75,3,9.875,4.375],"texture":"#3"},"south":{"uv":[9.75,3,9.875,4.375],"texture":"#3"},"west":{"uv":[9.75,3,9.875,4.375],"texture":"#3"},"up":{"uv":[9.75,3,9.875,3.125],"texture":"#3"},"down":{"uv":[9.75,4.25,9.875,4.375],"texture":"#3"}}},{"name":"calamityblade_v3_12","from":[7.75,13.875,7.84375],"to":[7.875,15,8.03125],"rotation":{"angle":0,"axis":"y","origin":[-4.9375,0,7.9375]},"faces":{"north":{"uv":[11.625,3.125,11.5,4.25],"texture":"#3"},"east":{"uv":[11.5,3.125,11.625,4.25],"texture":"#3"},"south":{"uv":[11.5,3.125,11.625,4.25],"texture":"#3"},"west":{"uv":[11.5,3.125,11.625,4.25],"texture":"#3"},"up":{"uv":[11.5,3.125,11.625,3.25],"texture":"#3"},"down":{"uv":[11.5,4.125,11.625,4.25],"texture":"#3"}}},{"name":"calamityblade_v3_13","from":[8.25,13.875,7.84375],"to":[8.375,15,8.03125],"rotation":{"angle":0,"axis":"y","origin":[-4.9375,0,7.9375]},"faces":{"north":{"uv":[12.125,3.125,12,4.25],"texture":"#3"},"east":{"uv":[12,3.125,12.125,4.25],"texture":"#3"},"south":{"uv":[12,3.125,12.125,4.25],"texture":"#3"},"west":{"uv":[12,3.125,12.125,4.25],"texture":"#3"},"up":{"uv":[12,3.125,12.125,3.25],"texture":"#3"},"down":{"uv":[12,4.125,12.125,4.25],"texture":"#3"}}},{"name":"calamityblade_v3_14","from":[7.375,13.875,7.90625],"to":[7.5,14.5,7.96875],"rotation":{"angle":0,"axis":"y","origin":[-4.9375,0,7.9375]},"faces":{"north":{"uv":[8.75,3.625,8.625,4.25],"texture":"#3"},"east":{"uv":[8.625,3.625,8.75,4.25],"texture":"#3"},"south":{"uv":[8.625,3.625,8.75,4.25],"texture":"#3"},"west":{"uv":[8.625,3.625,8.75,4.25],"texture":"#3"},"up":{"uv":[8.625,3.625,8.75,3.75],"texture":"#3"},"down":{"uv":[8.625,4.125,8.75,4.25],"texture":"#3"}}},{"name":"calamityblade_v3_15","from":[8.625,13.875,7.90625],"to":[8.75,14.5,7.96875],"rotation":{"angle":0,"axis":"y","origin":[-4.9375,0,7.9375]},"faces":{"north":{"uv":[10,3.625,9.875,4.25],"texture":"#3"},"east":{"uv":[9.875,3.625,10,4.25],"texture":"#3"},"south":{"uv":[9.875,3.625,10,4.25],"texture":"#3"},"west":{"uv":[9.875,3.625,10,4.25],"texture":"#3"},"up":{"uv":[9.875,3.625,10,3.75],"texture":"#3"},"down":{"uv":[9.875,4.125,10,4.25],"texture":"#3"}}},{"name":"calamityblade_v3_18","from":[7.625,14,7.84375],"to":[7.75,14.375,8.03125],"rotation":{"angle":0,"axis":"y","origin":[-4.9375,0,7.9375]},"faces":{"north":{"uv":[11.5,3.75,11.375,4.125],"texture":"#3"},"east":{"uv":[11.375,3.75,11.5,4.125],"texture":"#3"},"south":{"uv":[11.375,3.75,11.5,4.125],"texture":"#3"},"west":{"uv":[11.375,3.75,11.5,4.125],"texture":"#3"},"up":{"uv":[11.375,3.75,11.5,3.875],"texture":"#3"},"down":{"uv":[11.375,4,11.5,4.125],"texture":"#3"}}},{"name":"calamityblade_v3_19","from":[8.375,14,7.84375],"to":[8.5,14.375,8.03125],"rotation":{"angle":0,"axis":"y","origin":[-4.9375,0,7.9375]},"faces":{"north":{"uv":[12.25,3.75,12.125,4.125],"texture":"#3"},"east":{"uv":[12.125,3.75,12.25,4.125],"texture":"#3"},"south":{"uv":[12.125,3.75,12.25,4.125],"texture":"#3"},"west":{"uv":[12.125,3.75,12.25,4.125],"texture":"#3"},"up":{"uv":[12.125,3.75,12.25,3.875],"texture":"#3"},"down":{"uv":[12.125,4,12.25,4.125],"texture":"#3"}}},{"name":"calamityblade_v3_21","from":[7.625,13,7.90625],"to":[7.75,14,7.96875],"rotation":{"angle":0,"axis":"y","origin":[-4.9375,0,7.9375]},"faces":{"north":{"uv":[9,4.125,8.875,5.125],"texture":"#3"},"east":{"uv":[8.875,4.125,9,5.125],"texture":"#3"},"south":{"uv":[8.875,4.125,9,5.125],"texture":"#3"},"west":{"uv":[8.875,4.125,9,5.125],"texture":"#3"},"up":{"uv":[8.875,4.125,9,4.25],"texture":"#3"},"down":{"uv":[8.875,5,9,5.125],"texture":"#3"}}},{"name":"calamityblade_v3_22","from":[8.375,13,7.90625],"to":[8.5,14,7.96875],"rotation":{"angle":0,"axis":"y","origin":[-4.9375,0,7.9375]},"faces":{"north":{"uv":[9.75,4.125,9.625,5.125],"texture":"#3"},"east":{"uv":[9.625,4.125,9.75,5.125],"texture":"#3"},"south":{"uv":[9.625,4.125,9.75,5.125],"texture":"#3"},"west":{"uv":[9.625,4.125,9.75,5.125],"texture":"#3"},"up":{"uv":[9.625,4.125,9.75,4.25],"texture":"#3"},"down":{"uv":[9.625,5,9.75,5.125],"texture":"#3"}}},{"name":"calamityblade_v3_23","from":[7.75,13.125,7.90625],"to":[7.875,13.875,7.96875],"rotation":{"angle":0,"axis":"y","origin":[-4.9375,0,7.9375]},"faces":{"north":{"uv":[9.125,4.25,9,5],"texture":"#3"},"east":{"uv":[9,4.25,9.125,5],"texture":"#3"},"south":{"uv":[9,4.25,9.125,5],"texture":"#3"},"west":{"uv":[9,4.25,9.125,5],"texture":"#3"},"up":{"uv":[9,4.25,9.125,4.375],"texture":"#3"},"down":{"uv":[9,4.875,9.125,5],"texture":"#3"}}},{"name":"calamityblade_v3_24","from":[8.25,13.125,7.90625],"to":[8.375,13.875,7.96875],"rotation":{"angle":0,"axis":"y","origin":[-4.9375,0,7.9375]},"faces":{"north":{"uv":[9.625,4.25,9.5,5],"texture":"#3"},"east":{"uv":[9.5,4.25,9.625,5],"texture":"#3"},"south":{"uv":[9.5,4.25,9.625,5],"texture":"#3"},"west":{"uv":[9.5,4.25,9.625,5],"texture":"#3"},"up":{"uv":[9.5,4.25,9.625,4.375],"texture":"#3"},"down":{"uv":[9.5,4.875,9.625,5],"texture":"#3"}}},{"name":"calamityblade_v3_25","from":[7.5,6.375,7.90625],"to":[7.625,13.25,7.96875],"rotation":{"angle":0,"axis":"y","origin":[-4.9375,0,7.9375]},"faces":{"north":{"uv":[8.875,4.875,8.75,11.75],"texture":"#3"},"east":{"uv":[8.75,4.875,8.875,11.75],"texture":"#3"},"south":{"uv":[8.75,4.875,8.875,11.75],"texture":"#3"},"west":{"uv":[8.75,4.875,8.875,11.75],"texture":"#3"},"up":{"uv":[8.75,4.875,8.875,5],"texture":"#3"},"down":{"uv":[8.75,11.625,8.875,11.75],"texture":"#3"}}},{"name":"calamityblade_v3_26","from":[8.5,6.375,7.90625],"to":[8.625,13.25,7.96875],"rotation":{"angle":0,"axis":"y","origin":[-4.9375,0,7.9375]},"faces":{"north":{"uv":[9.875,4.875,9.75,11.75],"texture":"#3"},"east":{"uv":[9.75,4.875,9.875,11.75],"texture":"#3"},"south":{"uv":[9.75,4.875,9.875,11.75],"texture":"#3"},"west":{"uv":[9.75,4.875,9.875,11.75],"texture":"#3"},"up":{"uv":[9.75,4.875,9.875,5],"texture":"#3"},"down":{"uv":[9.75,11.625,9.875,11.75],"texture":"#3"}}},{"name":"calamityblade_v3_27","from":[7.375,12.25,7.90625],"to":[7.5,13.125,7.96875],"rotation":{"angle":0,"axis":"y","origin":[-4.9375,0,7.9375]},"faces":{"north":{"uv":[8.75,5,8.625,5.875],"texture":"#3"},"east":{"uv":[8.625,5,8.75,5.875],"texture":"#3"},"south":{"uv":[8.625,5,8.75,5.875],"texture":"#3"},"west":{"uv":[8.625,5,8.75,5.875],"texture":"#3"},"up":{"uv":[8.625,5,8.75,5.125],"texture":"#3"},"down":{"uv":[8.625,5.75,8.75,5.875],"texture":"#3"}}},{"name":"calamityblade_v3_28","from":[8.625,12.25,7.90625],"to":[8.75,13.125,7.96875],"rotation":{"angle":0,"axis":"y","origin":[-4.9375,0,7.9375]},"faces":{"north":{"uv":[10,5,9.875,5.875],"texture":"#3"},"east":{"uv":[9.875,5,10,5.875],"texture":"#3"},"south":{"uv":[9.875,5,10,5.875],"texture":"#3"},"west":{"uv":[9.875,5,10,5.875],"texture":"#3"},"up":{"uv":[9.875,5,10,5.125],"texture":"#3"},"down":{"uv":[9.875,5.75,10,5.875],"texture":"#3"}}},{"name":"calamityblade_v3_29","from":[7.75,9.25,7.84375],"to":[7.875,13.125,8.03125],"rotation":{"angle":0,"axis":"y","origin":[-4.9375,0,7.9375]},"faces":{"north":{"uv":[11.625,5,11.5,8.875],"texture":"#3"},"east":{"uv":[11.5,5,11.625,8.875],"texture":"#3"},"south":{"uv":[11.5,5,11.625,8.875],"texture":"#3"},"west":{"uv":[11.5,5,11.625,8.875],"texture":"#3"},"up":{"uv":[11.5,5,11.625,5.125],"texture":"#3"},"down":{"uv":[11.5,8.75,11.625,8.875],"texture":"#3"}}},{"name":"calamityblade_v3_30","from":[8.25,9.25,7.84375],"to":[8.375,13.125,8.03125],"rotation":{"angle":0,"axis":"y","origin":[-4.9375,0,7.9375]},"faces":{"north":{"uv":[12.125,5,12,8.875],"texture":"#3"},"east":{"uv":[12,5,12.125,8.875],"texture":"#3"},"south":{"uv":[12,5,12.125,8.875],"texture":"#3"},"west":{"uv":[12,5,12.125,8.875],"texture":"#3"},"up":{"uv":[12,5,12.125,5.125],"texture":"#3"},"down":{"uv":[12,8.75,12.125,8.875],"texture":"#3"}}},{"name":"calamityblade_v3_31","from":[7.625,12.375,7.84375],"to":[7.75,13,8.03125],"rotation":{"angle":0,"axis":"y","origin":[-4.9375,0,7.9375]},"faces":{"north":{"uv":[11.5,5.125,11.375,5.75],"texture":"#3"},"east":{"uv":[11.375,5.125,11.5,5.75],"texture":"#3"},"south":{"uv":[11.375,5.125,11.5,5.75],"texture":"#3"},"west":{"uv":[11.375,5.125,11.5,5.75],"texture":"#3"},"up":{"uv":[11.375,5.125,11.5,5.25],"texture":"#3"},"down":{"uv":[11.375,5.625,11.5,5.75],"texture":"#3"}}},{"name":"calamityblade_v3_32","from":[8.375,12.375,7.84375],"to":[8.5,13,8.03125],"rotation":{"angle":0,"axis":"y","origin":[-4.9375,0,7.9375]},"faces":{"north":{"uv":[12.25,5.125,12.125,5.75],"texture":"#3"},"east":{"uv":[12.125,5.125,12.25,5.75],"texture":"#3"},"south":{"uv":[12.125,5.125,12.25,5.75],"texture":"#3"},"west":{"uv":[12.125,5.125,12.25,5.75],"texture":"#3"},"up":{"uv":[12.125,5.125,12.25,5.25],"texture":"#3"},"down":{"uv":[12.125,5.625,12.25,5.75],"texture":"#3"}}},{"name":"calamityblade_v3_33","from":[7.625,6.75,7.90625],"to":[7.75,12.375,7.96875],"rotation":{"angle":0,"axis":"y","origin":[-4.9375,0,7.9375]},"faces":{"north":{"uv":[9,5.75,8.875,11.375],"texture":"#3"},"east":{"uv":[8.875,5.75,9,11.375],"texture":"#3"},"south":{"uv":[8.875,5.75,9,11.375],"texture":"#3"},"west":{"uv":[8.875,5.75,9,11.375],"texture":"#3"},"up":{"uv":[8.875,5.75,9,5.875],"texture":"#3"},"down":{"uv":[8.875,11.25,9,11.375],"texture":"#3"}}},{"name":"calamityblade_v3_34","from":[8.375,6.75,7.90625],"to":[8.5,12.375,7.96875],"rotation":{"angle":0,"axis":"y","origin":[-4.9375,0,7.9375]},"faces":{"north":{"uv":[9.75,5.75,9.625,11.375],"texture":"#3"},"east":{"uv":[9.625,5.75,9.75,11.375],"texture":"#3"},"south":{"uv":[9.625,5.75,9.75,11.375],"texture":"#3"},"west":{"uv":[9.625,5.75,9.75,11.375],"texture":"#3"},"up":{"uv":[9.625,5.75,9.75,5.875],"texture":"#3"},"down":{"uv":[9.625,11.25,9.75,11.375],"texture":"#3"}}},{"name":"calamityblade_v3_37","from":[8,6,7.8125],"to":[8.125,10.625,8.0625],"rotation":{"angle":0,"axis":"y","origin":[-4.9375,0,7.9375]},"faces":{"north":{"uv":[13,7.5,12.875,12.125],"texture":"#3"},"east":{"uv":[12.875,7.5,13,12.125],"texture":"#3"},"south":{"uv":[12.875,7.5,13,12.125],"texture":"#3"},"west":{"uv":[12.875,7.5,13,12.125],"texture":"#3"},"up":{"uv":[12.875,7.5,13,7.625],"texture":"#3"},"down":{"uv":[12.875,12,13,12.125],"texture":"#3"}}},{"name":"calamityblade_v3_39","from":[7.875,5.625,7.8125],"to":[8,10,8.0625],"rotation":{"angle":0,"axis":"y","origin":[-4.9375,0,7.9375]},"faces":{"north":{"uv":[12.875,8.125,12.75,12.5],"texture":"#3"},"east":{"uv":[12.75,8.125,12.875,12.5],"texture":"#3"},"south":{"uv":[12.75,8.125,12.875,12.5],"texture":"#3"},"west":{"uv":[12.75,8.125,12.875,12.5],"texture":"#3"},"up":{"uv":[12.75,8.125,12.875,8.25],"texture":"#3"},"down":{"uv":[12.75,12.375,12.875,12.5],"texture":"#3"}}},{"name":"calamityblade_v3_40","from":[8.125,5.625,7.8125],"to":[8.25,10,8.0625],"rotation":{"angle":0,"axis":"y","origin":[-4.9375,0,7.9375]},"faces":{"north":{"uv":[13.125,8.125,13,12.5],"texture":"#3"},"east":{"uv":[13,8.125,13.125,12.5],"texture":"#3"},"south":{"uv":[13,8.125,13.125,12.5],"texture":"#3"},"west":{"uv":[13,8.125,13.125,12.5],"texture":"#3"},"up":{"uv":[13,8.125,13.125,8.25],"texture":"#3"},"down":{"uv":[13,12.375,13.125,12.5],"texture":"#3"}}},{"name":"calamityblade_v3_51","from":[7.75,5.25,7.8125],"to":[7.875,9.25,8.0625],"rotation":{"angle":0,"axis":"y","origin":[-4.9375,0,7.9375]},"faces":{"north":{"uv":[12.75,8.875,12.625,12.875],"texture":"#3"},"east":{"uv":[12.625,8.875,12.75,12.875],"texture":"#3"},"south":{"uv":[12.625,8.875,12.75,12.875],"texture":"#3"},"west":{"uv":[12.625,8.875,12.75,12.875],"texture":"#3"},"up":{"uv":[12.625,8.875,12.75,9],"texture":"#3"},"down":{"uv":[12.625,12.75,12.75,12.875],"texture":"#3"}}},{"name":"calamityblade_v3_52","from":[8.25,5.25,7.8125],"to":[8.375,9.25,8.0625],"rotation":{"angle":0,"axis":"y","origin":[-4.9375,0,7.9375]},"faces":{"north":{"uv":[13.25,8.875,13.125,12.875],"texture":"#3"},"east":{"uv":[13.125,8.875,13.25,12.875],"texture":"#3"},"south":{"uv":[13.125,8.875,13.25,12.875],"texture":"#3"},"west":{"uv":[13.125,8.875,13.25,12.875],"texture":"#3"},"up":{"uv":[13.125,8.875,13.25,9],"texture":"#3"},"down":{"uv":[13.125,12.75,13.25,12.875],"texture":"#3"}}},{"name":"calamityblade_v3_95","from":[7.375,6.5,7.90625],"to":[7.5,6.875,7.96875],"rotation":{"angle":0,"axis":"y","origin":[-4.9375,0,7.9375]},"faces":{"north":{"uv":[8.75,11.25,8.625,11.625],"texture":"#3"},"east":{"uv":[8.625,11.25,8.75,11.625],"texture":"#3"},"south":{"uv":[8.625,11.25,8.75,11.625],"texture":"#3"},"west":{"uv":[8.625,11.25,8.75,11.625],"texture":"#3"},"up":{"uv":[8.625,11.25,8.75,11.375],"texture":"#3"},"down":{"uv":[8.625,11.5,8.75,11.625],"texture":"#3"}}},{"name":"calamityblade_v3_96","from":[8.625,6.5,7.90625],"to":[8.75,6.875,7.96875],"rotation":{"angle":0,"axis":"y","origin":[-4.9375,0,7.9375]},"faces":{"north":{"uv":[10,11.25,9.875,11.625],"texture":"#3"},"east":{"uv":[9.875,11.25,10,11.625],"texture":"#3"},"south":{"uv":[9.875,11.25,10,11.625],"texture":"#3"},"west":{"uv":[9.875,11.25,10,11.625],"texture":"#3"},"up":{"uv":[9.875,11.25,10,11.375],"texture":"#3"},"down":{"uv":[9.875,11.5,10,11.625],"texture":"#3"}}},{"name":"calamityblade_v3_97","from":[7.25,6.625,7.90625],"to":[7.375,6.75,7.96875],"rotation":{"angle":0,"axis":"y","origin":[-4.9375,0,7.9375]},"faces":{"north":{"uv":[8.625,11.375,8.5,11.5],"texture":"#3"},"east":{"uv":[8.5,11.375,8.625,11.5],"texture":"#3"},"south":{"uv":[8.5,11.375,8.625,11.5],"texture":"#3"},"west":{"uv":[8.5,11.375,8.625,11.5],"texture":"#3"},"up":{"uv":[8.5,11.375,8.625,11.5],"texture":"#3"},"down":{"uv":[8.5,11.375,8.625,11.5],"texture":"#3"}}},{"name":"calamityblade_v3_98","from":[8.75,6.625,7.90625],"to":[8.875,6.75,7.96875],"rotation":{"angle":0,"axis":"y","origin":[-4.9375,0,7.9375]},"faces":{"north":{"uv":[10.125,11.375,10,11.5],"texture":"#3"},"east":{"uv":[10,11.375,10.125,11.5],"texture":"#3"},"south":{"uv":[10,11.375,10.125,11.5],"texture":"#3"},"west":{"uv":[10,11.375,10.125,11.5],"texture":"#3"},"up":{"uv":[10,11.375,10.125,11.5],"texture":"#3"},"down":{"uv":[10,11.375,10.125,11.5],"texture":"#3"}}},{"name":"calamityblade_v3_99","from":[7.625,6.625,7.8125],"to":[7.75,6.75,8.0625],"rotation":{"angle":0,"axis":"y","origin":[-4.9375,0,7.9375]},"faces":{"north":{"uv":[12.625,11.375,12.5,11.5],"texture":"#3"},"east":{"uv":[12.5,11.375,12.625,11.5],"texture":"#3"},"south":{"uv":[12.5,11.375,12.625,11.5],"texture":"#3"},"west":{"uv":[12.5,11.375,12.625,11.5],"texture":"#3"},"up":{"uv":[12.5,11.375,12.625,11.5],"texture":"#3"},"down":{"uv":[12.5,11.375,12.625,11.5],"texture":"#3"}}},{"name":"calamityblade_v3_100","from":[8.375,6.625,7.8125],"to":[8.5,6.75,8.0625],"rotation":{"angle":0,"axis":"y","origin":[-4.9375,0,7.9375]},"faces":{"north":{"uv":[13.375,11.375,13.25,11.5],"texture":"#3"},"east":{"uv":[13.25,11.375,13.375,11.5],"texture":"#3"},"south":{"uv":[13.25,11.375,13.375,11.5],"texture":"#3"},"west":{"uv":[13.25,11.375,13.375,11.5],"texture":"#3"},"up":{"uv":[13.25,11.375,13.375,11.5],"texture":"#3"},"down":{"uv":[13.25,11.375,13.375,11.5],"texture":"#3"}}},{"name":"calamityblade_v3_103","from":[7.625,6.375,7.90625],"to":[7.75,6.625,7.96875],"rotation":{"angle":0,"axis":"y","origin":[-4.9375,0,7.9375]},"faces":{"north":{"uv":[9,11.5,8.875,11.75],"texture":"#3"},"east":{"uv":[8.875,11.5,9,11.75],"texture":"#3"},"south":{"uv":[8.875,11.5,9,11.75],"texture":"#3"},"west":{"uv":[8.875,11.5,9,11.75],"texture":"#3"},"up":{"uv":[8.875,11.5,9,11.625],"texture":"#3"},"down":{"uv":[8.875,11.625,9,11.75],"texture":"#3"}}},{"name":"calamityblade_v3_104","from":[8.375,6.375,7.90625],"to":[8.5,6.625,7.96875],"rotation":{"angle":0,"axis":"y","origin":[-4.9375,0,7.9375]},"faces":{"north":{"uv":[9.75,11.5,9.625,11.75],"texture":"#3"},"east":{"uv":[9.625,11.5,9.75,11.75],"texture":"#3"},"south":{"uv":[9.625,11.5,9.75,11.75],"texture":"#3"},"west":{"uv":[9.625,11.5,9.75,11.75],"texture":"#3"},"up":{"uv":[9.625,11.5,9.75,11.625],"texture":"#3"},"down":{"uv":[9.625,11.625,9.75,11.75],"texture":"#3"}}},{"name":"calamityblade_v3_109","from":[7.125,6.125,7.84375],"to":[7.25,6.375,8.03125],"rotation":{"angle":0,"axis":"y","origin":[-4.9375,0,7.9375]},"faces":{"north":{"uv":[12.125,11.75,12,12],"texture":"#3"},"east":{"uv":[12,11.75,12.125,12],"texture":"#3"},"south":{"uv":[12,11.75,12.125,12],"texture":"#3"},"west":{"uv":[12,11.75,12.125,12],"texture":"#3"},"up":{"uv":[12,11.75,12.125,11.875],"texture":"#3"},"down":{"uv":[12,11.875,12.125,12],"texture":"#3"}}},{"name":"calamityblade_v3_110","from":[7.5,4.875,7.8125],"to":[7.75,6.375,8.0625],"rotation":{"angle":0,"axis":"y","origin":[-4.9375,0,7.9375]},"faces":{"north":{"uv":[12.625,11.75,12.375,13.25],"texture":"#3"},"east":{"uv":[12.5,11.75,12.625,13.25],"texture":"#3"},"south":{"uv":[12.375,11.75,12.625,13.25],"texture":"#3"},"west":{"uv":[12.375,11.75,12.5,13.25],"texture":"#3"},"up":{"uv":[12.375,11.75,12.625,11.875],"texture":"#3"},"down":{"uv":[12.375,13.125,12.625,13.25],"texture":"#3"}}},{"name":"calamityblade_v3_111","from":[8.375,4.875,7.8125],"to":[8.625,6.375,8.0625],"rotation":{"angle":0,"axis":"y","origin":[-4.9375,0,7.9375]},"faces":{"north":{"uv":[13.5,11.75,13.25,13.25],"texture":"#3"},"east":{"uv":[13.375,11.75,13.5,13.25],"texture":"#3"},"south":{"uv":[13.25,11.75,13.5,13.25],"texture":"#3"},"west":{"uv":[13.25,11.75,13.375,13.25],"texture":"#3"},"up":{"uv":[13.25,11.75,13.5,11.875],"texture":"#3"},"down":{"uv":[13.25,13.125,13.5,13.25],"texture":"#3"}}},{"name":"calamityblade_v3_112","from":[8.875,6.125,7.84375],"to":[9,6.375,8.03125],"rotation":{"angle":0,"axis":"y","origin":[-4.9375,0,7.9375]},"faces":{"north":{"uv":[13.875,11.75,13.75,12],"texture":"#3"},"east":{"uv":[13.75,11.75,13.875,12],"texture":"#3"},"south":{"uv":[13.75,11.75,13.875,12],"texture":"#3"},"west":{"uv":[13.75,11.75,13.875,12],"texture":"#3"},"up":{"uv":[13.75,11.75,13.875,11.875],"texture":"#3"},"down":{"uv":[13.75,11.875,13.875,12],"texture":"#3"}}},{"name":"calamityblade_v3_117","from":[7.25,6,7.84375],"to":[7.5,6.25,8.03125],"rotation":{"angle":0,"axis":"y","origin":[-4.9375,0,7.9375]},"faces":{"north":{"uv":[12.375,11.875,12.125,12.125],"texture":"#3"},"east":{"uv":[12.25,11.875,12.375,12.125],"texture":"#3"},"south":{"uv":[12.125,11.875,12.375,12.125],"texture":"#3"},"west":{"uv":[12.125,11.875,12.25,12.125],"texture":"#3"},"up":{"uv":[12.125,11.875,12.375,12],"texture":"#3"},"down":{"uv":[12.125,12,12.375,12.125],"texture":"#3"}}},{"name":"calamityblade_v3_118","from":[8.625,6,7.84375],"to":[8.875,6.25,8.03125],"rotation":{"angle":0,"axis":"y","origin":[-4.9375,0,7.9375]},"faces":{"north":{"uv":[13.75,11.875,13.5,12.125],"texture":"#3"},"east":{"uv":[13.625,11.875,13.75,12.125],"texture":"#3"},"south":{"uv":[13.5,11.875,13.75,12.125],"texture":"#3"},"west":{"uv":[13.5,11.875,13.625,12.125],"texture":"#3"},"up":{"uv":[13.5,11.875,13.75,12],"texture":"#3"},"down":{"uv":[13.5,12,13.75,12.125],"texture":"#3"}}},{"name":"calamityblade_v3_127","from":[7.375,5.875,7.84375],"to":[7.5,6,8.03125],"rotation":{"angle":0,"axis":"y","origin":[-4.9375,0,7.9375]},"faces":{"north":{"uv":[12.375,12.125,12.25,12.25],"texture":"#3"},"east":{"uv":[12.25,12.125,12.375,12.25],"texture":"#3"},"south":{"uv":[12.25,12.125,12.375,12.25],"texture":"#3"},"west":{"uv":[12.25,12.125,12.375,12.25],"texture":"#3"},"up":{"uv":[12.25,12.125,12.375,12.25],"texture":"#3"},"down":{"uv":[12.25,12.125,12.375,12.25],"texture":"#3"}}},{"name":"calamityblade_v3_128","from":[8.625,5.875,7.84375],"to":[8.75,6,8.03125],"rotation":{"angle":0,"axis":"y","origin":[-4.9375,0,7.9375]},"faces":{"north":{"uv":[13.625,12.125,13.5,12.25],"texture":"#3"},"east":{"uv":[13.5,12.125,13.625,12.25],"texture":"#3"},"south":{"uv":[13.5,12.125,13.625,12.25],"texture":"#3"},"west":{"uv":[13.5,12.125,13.625,12.25],"texture":"#3"},"up":{"uv":[13.5,12.125,13.625,12.25],"texture":"#3"},"down":{"uv":[13.5,12.125,13.625,12.25],"texture":"#3"}}},{"name":"calamityblade_v3_133","from":[7.375,4.5,7.8125],"to":[7.5,5.625,8.0625],"rotation":{"angle":0,"axis":"y","origin":[-4.9375,0,7.9375]},"faces":{"north":{"uv":[12.375,12.5,12.25,13.625],"texture":"#3"},"east":{"uv":[12.25,12.5,12.375,13.625],"texture":"#3"},"south":{"uv":[12.25,12.5,12.375,13.625],"texture":"#3"},"west":{"uv":[12.25,12.5,12.375,13.625],"texture":"#3"},"up":{"uv":[12.25,12.5,12.375,12.625],"texture":"#3"},"down":{"uv":[12.25,13.5,12.375,13.625],"texture":"#3"}}},{"name":"calamityblade_v3_134","from":[8.625,4.5,7.8125],"to":[8.75,5.625,8.0625],"rotation":{"angle":0,"axis":"y","origin":[-4.9375,0,7.9375]},"faces":{"north":{"uv":[13.625,12.5,13.5,13.625],"texture":"#3"},"east":{"uv":[13.5,12.5,13.625,13.625],"texture":"#3"},"south":{"uv":[13.5,12.5,13.625,13.625],"texture":"#3"},"west":{"uv":[13.5,12.5,13.625,13.625],"texture":"#3"},"up":{"uv":[13.5,12.5,13.625,12.625],"texture":"#3"},"down":{"uv":[13.5,13.5,13.625,13.625],"texture":"#3"}}},{"name":"calamityblade_v3_141","from":[7.25,4.875,7.8125],"to":[7.375,5.375,8.0625],"rotation":{"angle":0,"axis":"y","origin":[-4.9375,0,7.9375]},"faces":{"north":{"uv":[12.25,12.75,12.125,13.25],"texture":"#3"},"east":{"uv":[12.125,12.75,12.25,13.25],"texture":"#3"},"south":{"uv":[12.125,12.75,12.25,13.25],"texture":"#3"},"west":{"uv":[12.125,12.75,12.25,13.25],"texture":"#3"},"up":{"uv":[12.125,12.75,12.25,12.875],"texture":"#3"},"down":{"uv":[12.125,13.125,12.25,13.25],"texture":"#3"}}},{"name":"calamityblade_v3_142","from":[8.75,4.875,7.8125],"to":[8.875,5.375,8.0625],"rotation":{"angle":0,"axis":"y","origin":[-4.9375,0,7.9375]},"faces":{"north":{"uv":[13.75,12.75,13.625,13.25],"texture":"#3"},"east":{"uv":[13.625,12.75,13.75,13.25],"texture":"#3"},"south":{"uv":[13.625,12.75,13.75,13.25],"texture":"#3"},"west":{"uv":[13.625,12.75,13.75,13.25],"texture":"#3"},"up":{"uv":[13.625,12.75,13.75,12.875],"texture":"#3"},"down":{"uv":[13.625,13.125,13.75,13.25],"texture":"#3"}}},{"name":"calamityblade_v3_156","from":[7.5,4.625,7.8125],"to":[7.625,4.875,8.0625],"rotation":{"angle":0,"axis":"y","origin":[-4.9375,0,7.9375]},"faces":{"north":{"uv":[12.5,13.25,12.375,13.5],"texture":"#3"},"east":{"uv":[12.375,13.25,12.5,13.5],"texture":"#3"},"south":{"uv":[12.375,13.25,12.5,13.5],"texture":"#3"},"west":{"uv":[12.375,13.25,12.5,13.5],"texture":"#3"},"up":{"uv":[12.375,13.25,12.5,13.375],"texture":"#3"},"down":{"uv":[12.375,13.375,12.5,13.5],"texture":"#3"}}},{"name":"calamityblade_v3_157","from":[8.5,4.625,7.8125],"to":[8.625,4.875,8.0625],"rotation":{"angle":0,"axis":"y","origin":[-4.9375,0,7.9375]},"faces":{"north":{"uv":[13.5,13.25,13.375,13.5],"texture":"#3"},"east":{"uv":[13.375,13.25,13.5,13.5],"texture":"#3"},"south":{"uv":[13.375,13.25,13.5,13.5],"texture":"#3"},"west":{"uv":[13.375,13.25,13.5,13.5],"texture":"#3"},"up":{"uv":[13.375,13.25,13.5,13.375],"texture":"#3"},"down":{"uv":[13.375,13.375,13.5,13.5],"texture":"#3"}}}],"gui_light":"front","display":{"thirdperson_righthand":{"rotation":[0,-90,0],"translation":[-0.25,11.75,1.25],"scale":[2.2,2.2,2.2]},"thirdperson_lefthand":{"rotation":[0,-90,0],"translation":[-0.25,11.75,1.25],"scale":[2.2,2.2,2.2]},"firstperson_righthand":{"rotation":[10,-90,0],"translation":[-1.5,8.75,4.25],"scale":[1.4,1.4,1.4]},"firstperson_lefthand":{"rotation":[10,-90,0],"translation":[-1.5,8.75,4.25],"scale":[1.4,1.4,1.4]},"ground":{"rotation":[0,0,45],"translation":[0,1.5,0.25]},"gui":{"rotation":[0,0,-45],"scale":[1.4,1.4,1]},"head":{"rotation":[0,0,45],"translation":[1.25,16.75,0],"scale":[2,2,2]},"fixed":{"rotation":[0,0,90],"translation":[0.75,-0.5,-0.25],"scale":[4,4,4]}}}