{"textures":{"2":"fantasy_weapons:item/claymore","particle":"fantasy_weapons:item/claymore"},"elements":[{"name":"claymore_1","from":[7.75,4.75,7.96875],"to":[7.875,14.5,8.03125],"rotation":{"angle":0,"axis":"y","origin":[0,0,7.9375]},"faces":{"north":{"uv":[3.375,1.5,3.25,11.25],"texture":"#2"},"east":{"uv":[3.25,1.5,3.375,11.25],"texture":"#2"},"south":{"uv":[3.25,1.5,3.375,11.25],"texture":"#2"},"west":{"uv":[3.25,1.5,3.375,11.25],"texture":"#2"},"up":{"uv":[3.25,1.5,3.375,1.625],"texture":"#2"},"down":{"uv":[3.25,11.125,3.375,11.25],"texture":"#2"}}},{"name":"claymore_2","from":[8.125,4.75,7.96875],"to":[8.25,14.5,8.03125],"rotation":{"angle":0,"axis":"y","origin":[0,0,7.9375]},"faces":{"north":{"uv":[3.75,1.5,3.625,11.25],"texture":"#2"},"east":{"uv":[3.625,1.5,3.75,11.25],"texture":"#2"},"south":{"uv":[3.625,1.5,3.75,11.25],"texture":"#2"},"west":{"uv":[3.625,1.5,3.75,11.25],"texture":"#2"},"up":{"uv":[3.625,1.5,3.75,1.625],"texture":"#2"},"down":{"uv":[3.625,11.125,3.75,11.25],"texture":"#2"}}},{"name":"claymore_4","from":[7.625,4.875,7.96875],"to":[7.75,14.125,8.03125],"rotation":{"angle":0,"axis":"y","origin":[0,0,7.9375]},"faces":{"north":{"uv":[3.25,1.875,3.125,11.125],"texture":"#2"},"east":{"uv":[3.125,1.875,3.25,11.125],"texture":"#2"},"south":{"uv":[3.125,1.875,3.25,11.125],"texture":"#2"},"west":{"uv":[3.125,1.875,3.25,11.125],"texture":"#2"},"up":{"uv":[3.125,1.875,3.25,2],"texture":"#2"},"down":{"uv":[3.125,11,3.25,11.125],"texture":"#2"}}},{"name":"claymore_5","from":[8.25,4.875,7.96875],"to":[8.375,14.125,8.03125],"rotation":{"angle":0,"axis":"y","origin":[0,0,7.9375]},"faces":{"north":{"uv":[3.875,1.875,3.75,11.125],"texture":"#2"},"east":{"uv":[3.75,1.875,3.875,11.125],"texture":"#2"},"south":{"uv":[3.75,1.875,3.875,11.125],"texture":"#2"},"west":{"uv":[3.75,1.875,3.875,11.125],"texture":"#2"},"up":{"uv":[3.75,1.875,3.875,2],"texture":"#2"},"down":{"uv":[3.75,11,3.875,11.125],"texture":"#2"}}},{"name":"claymore_6","from":[7.875,4.75,7.875],"to":[8.125,5.5,8.125],"rotation":{"angle":0,"axis":"y","origin":[0,0,7.9375]},"faces":{"north":{"uv":[10.375,9.75,10.125,10.5],"texture":"#2"},"east":{"uv":[10.25,9.75,10.375,10.5],"texture":"#2"},"south":{"uv":[10.125,9.75,10.375,10.5],"texture":"#2"},"west":{"uv":[10.125,9.75,10.25,10.5],"texture":"#2"},"up":{"uv":[10.125,9.75,10.375,9.875],"texture":"#2"},"down":{"uv":[10.125,10.375,10.375,10.5],"texture":"#2"}}},{"name":"claymore_7","from":[7.625,4.75,7.8125],"to":[7.75,4.875,8.1875],"rotation":{"angle":0,"axis":"y","origin":[0,0,7.9375]},"faces":{"north":{"uv":[10,10.375,9.875,10.5],"texture":"#2"},"east":{"uv":[9.875,10.375,10,10.5],"texture":"#2"},"south":{"uv":[9.875,10.375,10,10.5],"texture":"#2"},"west":{"uv":[9.875,10.375,10,10.5],"texture":"#2"},"up":{"uv":[9.875,10.375,10,10.5],"texture":"#2"},"down":{"uv":[9.875,10.375,10,10.5],"texture":"#2"}}},{"name":"claymore_8","from":[8.25,4.75,7.8125],"to":[8.375,4.875,8.1875],"rotation":{"angle":0,"axis":"y","origin":[0,0,7.9375]},"faces":{"north":{"uv":[10.625,10.375,10.5,10.5],"texture":"#2"},"east":{"uv":[10.5,10.375,10.625,10.5],"texture":"#2"},"south":{"uv":[10.5,10.375,10.625,10.5],"texture":"#2"},"west":{"uv":[10.5,10.375,10.625,10.5],"texture":"#2"},"up":{"uv":[10.5,10.375,10.625,10.5],"texture":"#2"},"down":{"uv":[10.5,10.375,10.625,10.5],"texture":"#2"}}},{"name":"claymore_9","from":[7.625,4.375,7.8125],"to":[8.375,4.75,8.1875],"rotation":{"angle":0,"axis":"y","origin":[0,0,7.9375]},"faces":{"north":{"uv":[10.625,10.75,9.875,11.125],"texture":"#2"},"east":{"uv":[10.5,10.75,10.625,11.125],"texture":"#2"},"south":{"uv":[9.875,10.75,10.625,11.125],"texture":"#2"},"west":{"uv":[9.875,10.75,10,11.125],"texture":"#2"},"up":{"uv":[9.875,10.75,10.625,10.875],"texture":"#2"},"down":{"uv":[9.875,11,10.625,11.125],"texture":"#2"}}},{"name":"claymore_10","from":[6.75,4.75,7.9375],"to":[6.875,5.125,8.0625],"rotation":{"angle":0,"axis":"y","origin":[0,0,7.9375]},"faces":{"north":{"uv":[9.125,10.875,9,11.25],"texture":"#2"},"east":{"uv":[9,10.875,9.125,11.25],"texture":"#2"},"south":{"uv":[9,10.875,9.125,11.25],"texture":"#2"},"west":{"uv":[9,10.875,9.125,11.25],"texture":"#2"},"up":{"uv":[9,10.875,9.125,11],"texture":"#2"},"down":{"uv":[9,11.125,9.125,11.25],"texture":"#2"}}},{"name":"claymore_11","from":[9.125,4.75,7.9375],"to":[9.25,5.125,8.0625],"rotation":{"angle":0,"axis":"y","origin":[0,0,7.9375]},"faces":{"north":{"uv":[11.5,10.875,11.375,11.25],"texture":"#2"},"east":{"uv":[11.375,10.875,11.5,11.25],"texture":"#2"},"south":{"uv":[11.375,10.875,11.5,11.25],"texture":"#2"},"west":{"uv":[11.375,10.875,11.5,11.25],"texture":"#2"},"up":{"uv":[11.375,10.875,11.5,11],"texture":"#2"},"down":{"uv":[11.375,11.125,11.5,11.25],"texture":"#2"}}},{"name":"claymore_12","from":[6.625,4.875,7.9375],"to":[6.75,5,8.0625],"rotation":{"angle":0,"axis":"y","origin":[0,0,7.9375]},"faces":{"north":{"uv":[9,11,8.875,11.125],"texture":"#2"},"east":{"uv":[8.875,11,9,11.125],"texture":"#2"},"south":{"uv":[8.875,11,9,11.125],"texture":"#2"},"west":{"uv":[8.875,11,9,11.125],"texture":"#2"},"up":{"uv":[8.875,11,9,11.125],"texture":"#2"},"down":{"uv":[8.875,11,9,11.125],"texture":"#2"}}},{"name":"claymore_13","from":[6.875,4.75,7.9375],"to":[7,5,8.0625],"rotation":{"angle":0,"axis":"y","origin":[0,0,7.9375]},"faces":{"north":{"uv":[9.25,11,9.125,11.25],"texture":"#2"},"east":{"uv":[9.125,11,9.25,11.25],"texture":"#2"},"south":{"uv":[9.125,11,9.25,11.25],"texture":"#2"},"west":{"uv":[9.125,11,9.25,11.25],"texture":"#2"},"up":{"uv":[9.125,11,9.25,11.125],"texture":"#2"},"down":{"uv":[9.125,11.125,9.25,11.25],"texture":"#2"}}},{"name":"claymore_14","from":[9,4.75,7.9375],"to":[9.125,5,8.0625],"rotation":{"angle":0,"axis":"y","origin":[0,0,7.9375]},"faces":{"north":{"uv":[11.375,11,11.25,11.25],"texture":"#2"},"east":{"uv":[11.25,11,11.375,11.25],"texture":"#2"},"south":{"uv":[11.25,11,11.375,11.25],"texture":"#2"},"west":{"uv":[11.25,11,11.375,11.25],"texture":"#2"},"up":{"uv":[11.25,11,11.375,11.125],"texture":"#2"},"down":{"uv":[11.25,11.125,11.375,11.25],"texture":"#2"}}},{"name":"claymore_15","from":[9.25,4.875,7.9375],"to":[9.375,5,8.0625],"rotation":{"angle":0,"axis":"y","origin":[0,0,7.9375]},"faces":{"north":{"uv":[11.625,11,11.5,11.125],"texture":"#2"},"east":{"uv":[11.5,11,11.625,11.125],"texture":"#2"},"south":{"uv":[11.5,11,11.625,11.125],"texture":"#2"},"west":{"uv":[11.5,11,11.625,11.125],"texture":"#2"},"up":{"uv":[11.5,11,11.625,11.125],"texture":"#2"},"down":{"uv":[11.5,11,11.625,11.125],"texture":"#2"}}},{"name":"claymore_16","from":[7,4.625,7.9375],"to":[7.25,4.875,8.0625],"rotation":{"angle":0,"axis":"y","origin":[0,0,7.9375]},"faces":{"north":{"uv":[9.5,11.125,9.25,11.375],"texture":"#2"},"east":{"uv":[9.375,11.125,9.5,11.375],"texture":"#2"},"south":{"uv":[9.25,11.125,9.5,11.375],"texture":"#2"},"west":{"uv":[9.25,11.125,9.375,11.375],"texture":"#2"},"up":{"uv":[9.25,11.125,9.5,11.25],"texture":"#2"},"down":{"uv":[9.25,11.25,9.5,11.375],"texture":"#2"}}},{"name":"claymore_17","from":[8.75,4.625,7.9375],"to":[9,4.875,8.0625],"rotation":{"angle":0,"axis":"y","origin":[0,0,7.9375]},"faces":{"north":{"uv":[11.25,11.125,11,11.375],"texture":"#2"},"east":{"uv":[11.125,11.125,11.25,11.375],"texture":"#2"},"south":{"uv":[11,11.125,11.25,11.375],"texture":"#2"},"west":{"uv":[11,11.125,11.125,11.375],"texture":"#2"},"up":{"uv":[11,11.125,11.25,11.25],"texture":"#2"},"down":{"uv":[11,11.25,11.25,11.375],"texture":"#2"}}},{"name":"claymore_18","from":[7.25,4.5,7.9375],"to":[7.625,4.75,8.0625],"rotation":{"angle":0,"axis":"y","origin":[0,0,7.9375]},"faces":{"north":{"uv":[9.875,11.25,9.5,11.5],"texture":"#2"},"east":{"uv":[9.75,11.25,9.875,11.5],"texture":"#2"},"south":{"uv":[9.5,11.25,9.875,11.5],"texture":"#2"},"west":{"uv":[9.5,11.25,9.625,11.5],"texture":"#2"},"up":{"uv":[9.5,11.25,9.875,11.375],"texture":"#2"},"down":{"uv":[9.5,11.375,9.875,11.5],"texture":"#2"}}},{"name":"claymore_19","from":[8.375,4.5,7.9375],"to":[8.75,4.75,8.0625],"rotation":{"angle":0,"axis":"y","origin":[0,0,7.9375]},"faces":{"north":{"uv":[11,11.25,10.625,11.5],"texture":"#2"},"east":{"uv":[10.875,11.25,11,11.5],"texture":"#2"},"south":{"uv":[10.625,11.25,11,11.5],"texture":"#2"},"west":{"uv":[10.625,11.25,10.75,11.5],"texture":"#2"},"up":{"uv":[10.625,11.25,11,11.375],"texture":"#2"},"down":{"uv":[10.625,11.375,11,11.5],"texture":"#2"}}},{"name":"claymore_20","from":[7.75,2,7.875],"to":[8.25,4.375,8.125],"rotation":{"angle":0,"axis":"y","origin":[0,0,7.9375]},"faces":{"north":{"uv":[7.25,11.625,6.75,14],"texture":"#2"},"east":{"uv":[7.125,11.625,7.25,14],"texture":"#2"},"south":{"uv":[6.75,11.625,7.25,14],"texture":"#2"},"west":{"uv":[6.75,11.625,6.875,14],"texture":"#2"},"up":{"uv":[6.75,11.625,7.25,11.75],"texture":"#2"},"down":{"uv":[6.75,13.875,7.25,14],"texture":"#2"}}},{"name":"claymore_21","from":[7.75,1.625,7.8125],"to":[8.25,2,8.1875],"rotation":{"angle":0,"axis":"y","origin":[0,0,7.9375]},"faces":{"north":{"uv":[8.25,14,7.75,14.375],"texture":"#2"},"east":{"uv":[8.125,14,8.25,14.375],"texture":"#2"},"south":{"uv":[7.75,14,8.25,14.375],"texture":"#2"},"west":{"uv":[7.75,14,7.875,14.375],"texture":"#2"},"up":{"uv":[7.75,14,8.25,14.125],"texture":"#2"},"down":{"uv":[7.75,14.25,8.25,14.375],"texture":"#2"}}},{"name":"claymore_22","from":[7.875,1.5,7.8125],"to":[8.125,1.625,8.1875],"rotation":{"angle":0,"axis":"y","origin":[0,0,7.9375]},"faces":{"north":{"uv":[8.125,14.375,7.875,14.5],"texture":"#2"},"east":{"uv":[8,14.375,8.125,14.5],"texture":"#2"},"south":{"uv":[7.875,14.375,8.125,14.5],"texture":"#2"},"west":{"uv":[7.875,14.375,8,14.5],"texture":"#2"},"up":{"uv":[7.875,14.375,8.125,14.5],"texture":"#2"},"down":{"uv":[7.875,14.375,8.125,14.5],"texture":"#2"}}},{"name":"claymore_0","from":[7.875,12.125,7.96875],"to":[8.125,14.75,8.03125],"rotation":{"angle":0,"axis":"y","origin":[0,0,-1.4375]},"faces":{"north":{"uv":[3.625,1.25,3.375,3.875],"texture":"#2"},"east":{"uv":[3.5,1.25,3.625,3.875],"texture":"#2"},"south":{"uv":[3.375,1.25,3.625,3.875],"texture":"#2"},"west":{"uv":[3.375,1.25,3.5,3.875],"texture":"#2"},"up":{"uv":[3.375,1.25,3.625,1.375],"texture":"#2"},"down":{"uv":[3.375,3.75,3.625,3.875],"texture":"#2"}}},{"name":"claymore_5","from":[7.875,5.5,7.9375],"to":[8.125,12.125,8.0625],"rotation":{"angle":0,"axis":"y","origin":[0,0,-1.4375]},"faces":{"north":{"uv":[4.625,3.875,4.375,10.5],"texture":"#2"},"east":{"uv":[4.5,3.875,4.625,10.5],"texture":"#2"},"south":{"uv":[4.375,3.875,4.625,10.5],"texture":"#2"},"west":{"uv":[4.375,3.875,4.5,10.5],"texture":"#2"},"up":{"uv":[4.375,3.875,4.625,4],"texture":"#2"},"down":{"uv":[4.375,10.375,4.625,10.5],"texture":"#2"}}}],"gui_light":"front","display":{"thirdperson_righthand":{"rotation":[0,-90,0],"translation":[0,9,1.5],"scale":[2.4,2.4,2.4]},"thirdperson_lefthand":{"rotation":[0,-90,0],"translation":[0,9,1.5],"scale":[2.4,2.4,2.4]},"firstperson_righthand":{"rotation":[10,-90,0],"translation":[-1.5,9,4.75],"scale":[1.4,1.4,1.4]},"firstperson_lefthand":{"rotation":[10,-90,0],"translation":[-1.5,9,4.75],"scale":[1.4,1.4,1.4]},"ground":{"rotation":[0,0,45],"translation":[0,1.5,0.25]},"gui":{"rotation":[0,0,-45],"translation":[-0.25,-0.25,0],"scale":[1.4,1.4,1]},"head":{"rotation":[0,0,45],"translation":[1.25,17.75,0],"scale":[2,2,2]},"fixed":{"rotation":[0,0,90],"translation":[3.75,-0.25,-0.25],"scale":[4,4,4]}}}