{"textures":{"2":"fantasy_weapons:item/crystal_frostcythe","particle":"fantasy_weapons:item/crystal_frostcythe"},"elements":[{"name":"crystal_frostcythe_18","from":[10.40625,16.25,7.75],"to":[10.53125,18.5,8.25],"rotation":{"angle":0,"axis":"y","origin":[-4.09375,0,-1.3125]},"faces":{"north":{"uv":[12.5,0.625,12.375,2.875],"texture":"#2"},"east":{"uv":[12.375,0.625,12.5,2.875],"texture":"#2"},"south":{"uv":[12.375,0.625,12.5,2.875],"texture":"#2"},"west":{"uv":[12.375,0.625,12.5,2.875],"texture":"#2"},"up":{"uv":[12.375,0.625,12.5,0.75],"texture":"#2"},"down":{"uv":[12.375,2.75,12.5,2.875],"texture":"#2"}}},{"name":"crystal_frostcythe_31","from":[10.28125,14.625,7.8125],"to":[10.40625,15,8.1875],"rotation":{"angle":0,"axis":"y","origin":[-4.09375,0,-1.3125]},"faces":{"north":{"uv":[14.5,1,14.375,1.375],"texture":"#2"},"east":{"uv":[14.375,1,14.5,1.375],"texture":"#2"},"south":{"uv":[14.375,1,14.5,1.375],"texture":"#2"},"west":{"uv":[14.375,1,14.5,1.375],"texture":"#2"},"up":{"uv":[14.375,1,14.5,1.125],"texture":"#2"},"down":{"uv":[14.375,1.25,14.5,1.375],"texture":"#2"}}},{"name":"crystal_frostcythe_32","from":[10.53125,14.625,7.8125],"to":[10.65625,15,8.1875],"rotation":{"angle":0,"axis":"y","origin":[-4.09375,0,-1.3125]},"faces":{"north":{"uv":[14.75,1,14.625,1.375],"texture":"#2"},"east":{"uv":[14.625,1,14.75,1.375],"texture":"#2"},"south":{"uv":[14.625,1,14.75,1.375],"texture":"#2"},"west":{"uv":[14.625,1,14.75,1.375],"texture":"#2"},"up":{"uv":[14.625,1,14.75,1.125],"texture":"#2"},"down":{"uv":[14.625,1.25,14.75,1.375],"texture":"#2"}}},{"name":"crystal_frostcythe_36","from":[10.40625,14.5,7.8125],"to":[10.53125,14.875,8.1875],"rotation":{"angle":0,"axis":"y","origin":[-4.09375,0,-1.3125]},"faces":{"north":{"uv":[14.625,1.125,14.5,1.5],"texture":"#2"},"east":{"uv":[14.5,1.125,14.625,1.5],"texture":"#2"},"south":{"uv":[14.5,1.125,14.625,1.5],"texture":"#2"},"west":{"uv":[14.5,1.125,14.625,1.5],"texture":"#2"},"up":{"uv":[14.5,1.125,14.625,1.25],"texture":"#2"},"down":{"uv":[14.5,1.375,14.625,1.5],"texture":"#2"}}},{"name":"crystal_frostcythe_37","from":[10.28125,16.5,7.75],"to":[10.40625,17.875,8.25],"rotation":{"angle":0,"axis":"y","origin":[-4.09375,0,-1.3125]},"faces":{"north":{"uv":[12.375,1.25,12.25,2.625],"texture":"#2"},"east":{"uv":[12.25,1.25,12.375,2.625],"texture":"#2"},"south":{"uv":[12.25,1.25,12.375,2.625],"texture":"#2"},"west":{"uv":[12.25,1.25,12.375,2.625],"texture":"#2"},"up":{"uv":[12.25,1.25,12.375,1.375],"texture":"#2"},"down":{"uv":[12.25,2.5,12.375,2.625],"texture":"#2"}}},{"name":"crystal_frostcythe_38","from":[10.53125,16.5,7.75],"to":[10.65625,17.875,8.25],"rotation":{"angle":0,"axis":"y","origin":[-4.09375,0,-1.3125]},"faces":{"north":{"uv":[12.625,1.25,12.5,2.625],"texture":"#2"},"east":{"uv":[12.5,1.25,12.625,2.625],"texture":"#2"},"south":{"uv":[12.5,1.25,12.625,2.625],"texture":"#2"},"west":{"uv":[12.5,1.25,12.625,2.625],"texture":"#2"},"up":{"uv":[12.5,1.25,12.625,1.375],"texture":"#2"},"down":{"uv":[12.5,2.5,12.625,2.625],"texture":"#2"}}},{"name":"crystal_frostcythe_39","from":[10.03125,17.375,7.875],"to":[10.28125,17.625,8.125],"rotation":{"angle":0,"axis":"y","origin":[-4.09375,0,-1.3125]},"faces":{"north":{"uv":[10,1.5,9.75,1.75],"texture":"#2"},"east":{"uv":[9.875,1.5,10,1.75],"texture":"#2"},"south":{"uv":[9.75,1.5,10,1.75],"texture":"#2"},"west":{"uv":[9.75,1.5,9.875,1.75],"texture":"#2"},"up":{"uv":[9.75,1.5,10,1.625],"texture":"#2"},"down":{"uv":[9.75,1.625,10,1.75],"texture":"#2"}}},{"name":"crystal_frostcythe_40","from":[10.65625,17.375,7.875],"to":[10.90625,17.625,8.125],"rotation":{"angle":0,"axis":"y","origin":[-4.09375,0,-1.3125]},"faces":{"north":{"uv":[10.625,1.5,10.375,1.75],"texture":"#2"},"east":{"uv":[10.5,1.5,10.625,1.75],"texture":"#2"},"south":{"uv":[10.375,1.5,10.625,1.75],"texture":"#2"},"west":{"uv":[10.375,1.5,10.5,1.75],"texture":"#2"},"up":{"uv":[10.375,1.5,10.625,1.625],"texture":"#2"},"down":{"uv":[10.375,1.625,10.625,1.75],"texture":"#2"}}},{"name":"crystal_frostcythe_41","from":[9.90625,17.125,7.9375],"to":[10.15625,17.375,8.0625],"rotation":{"angle":0,"axis":"y","origin":[-4.09375,0,-1.3125]},"faces":{"north":{"uv":[7.875,1.75,7.625,2],"texture":"#2"},"east":{"uv":[7.75,1.75,7.875,2],"texture":"#2"},"south":{"uv":[7.625,1.75,7.875,2],"texture":"#2"},"west":{"uv":[7.625,1.75,7.75,2],"texture":"#2"},"up":{"uv":[7.625,1.75,7.875,1.875],"texture":"#2"},"down":{"uv":[7.625,1.875,7.875,2],"texture":"#2"}}},{"name":"crystal_frostcythe_42","from":[10.78125,17.125,7.9375],"to":[11.03125,17.375,8.0625],"rotation":{"angle":0,"axis":"y","origin":[-4.09375,0,-1.3125]},"faces":{"north":{"uv":[8.75,1.75,8.5,2],"texture":"#2"},"east":{"uv":[8.625,1.75,8.75,2],"texture":"#2"},"south":{"uv":[8.5,1.75,8.75,2],"texture":"#2"},"west":{"uv":[8.5,1.75,8.625,2],"texture":"#2"},"up":{"uv":[8.5,1.75,8.75,1.875],"texture":"#2"},"down":{"uv":[8.5,1.875,8.75,2],"texture":"#2"}}},{"name":"crystal_frostcythe_43","from":[10.15625,16.625,7.75],"to":[10.28125,17.375,8.25],"rotation":{"angle":0,"axis":"y","origin":[-4.09375,0,-1.3125]},"faces":{"north":{"uv":[12.25,1.75,12.125,2.5],"texture":"#2"},"east":{"uv":[12.125,1.75,12.25,2.5],"texture":"#2"},"south":{"uv":[12.125,1.75,12.25,2.5],"texture":"#2"},"west":{"uv":[12.125,1.75,12.25,2.5],"texture":"#2"},"up":{"uv":[12.125,1.75,12.25,1.875],"texture":"#2"},"down":{"uv":[12.125,2.375,12.25,2.5],"texture":"#2"}}},{"name":"crystal_frostcythe_44","from":[10.65625,16.625,7.75],"to":[10.78125,17.375,8.25],"rotation":{"angle":0,"axis":"y","origin":[-4.09375,0,-1.3125]},"faces":{"north":{"uv":[12.75,1.75,12.625,2.5],"texture":"#2"},"east":{"uv":[12.625,1.75,12.75,2.5],"texture":"#2"},"south":{"uv":[12.625,1.75,12.75,2.5],"texture":"#2"},"west":{"uv":[12.625,1.75,12.75,2.5],"texture":"#2"},"up":{"uv":[12.625,1.75,12.75,1.875],"texture":"#2"},"down":{"uv":[12.625,2.375,12.75,2.5],"texture":"#2"}}},{"name":"crystal_frostcythe_45","from":[10.28125,2.25,7.8125],"to":[10.40625,14.25,8.1875],"rotation":{"angle":0,"axis":"y","origin":[-4.09375,0,-1.3125]},"faces":{"north":{"uv":[14.5,1.75,14.375,13.75],"texture":"#2"},"east":{"uv":[14.375,1.75,14.5,13.75],"texture":"#2"},"south":{"uv":[14.375,1.75,14.5,13.75],"texture":"#2"},"west":{"uv":[14.375,1.75,14.5,13.75],"texture":"#2"},"up":{"uv":[14.375,1.75,14.5,1.875],"texture":"#2"},"down":{"uv":[14.375,13.625,14.5,13.75],"texture":"#2"}}},{"name":"crystal_frostcythe_46","from":[10.53125,2.25,7.8125],"to":[10.65625,14.25,8.1875],"rotation":{"angle":0,"axis":"y","origin":[-4.09375,0,-1.3125]},"faces":{"north":{"uv":[14.75,1.75,14.625,13.75],"texture":"#2"},"east":{"uv":[14.625,1.75,14.75,13.75],"texture":"#2"},"south":{"uv":[14.625,1.75,14.75,13.75],"texture":"#2"},"west":{"uv":[14.625,1.75,14.75,13.75],"texture":"#2"},"up":{"uv":[14.625,1.75,14.75,1.875],"texture":"#2"},"down":{"uv":[14.625,13.625,14.75,13.75],"texture":"#2"}}},{"name":"crystal_frostcythe_47","from":[9.78125,17.125,7.9375],"to":[9.90625,17.25,8.0625],"rotation":{"angle":0,"axis":"y","origin":[-4.09375,0,-1.3125]},"faces":{"north":{"uv":[7.625,1.875,7.5,2],"texture":"#2"},"east":{"uv":[7.5,1.875,7.625,2],"texture":"#2"},"south":{"uv":[7.5,1.875,7.625,2],"texture":"#2"},"west":{"uv":[7.5,1.875,7.625,2],"texture":"#2"},"up":{"uv":[7.5,1.875,7.625,2],"texture":"#2"},"down":{"uv":[7.5,1.875,7.625,2],"texture":"#2"}}},{"name":"crystal_frostcythe_48","from":[11.03125,17.125,7.9375],"to":[11.15625,17.25,8.0625],"rotation":{"angle":0,"axis":"y","origin":[-4.09375,0,-1.3125]},"faces":{"north":{"uv":[8.875,1.875,8.75,2],"texture":"#2"},"east":{"uv":[8.75,1.875,8.875,2],"texture":"#2"},"south":{"uv":[8.75,1.875,8.875,2],"texture":"#2"},"west":{"uv":[8.75,1.875,8.875,2],"texture":"#2"},"up":{"uv":[8.75,1.875,8.875,2],"texture":"#2"},"down":{"uv":[8.75,1.875,8.875,2],"texture":"#2"}}},{"name":"crystal_frostcythe_49","from":[10.40625,2.375,7.8125],"to":[10.53125,14.125,8.1875],"rotation":{"angle":0,"axis":"y","origin":[-4.09375,0,-1.3125]},"faces":{"north":{"uv":[14.625,1.875,14.5,13.625],"texture":"#2"},"east":{"uv":[14.5,1.875,14.625,13.625],"texture":"#2"},"south":{"uv":[14.5,1.875,14.625,13.625],"texture":"#2"},"west":{"uv":[14.5,1.875,14.625,13.625],"texture":"#2"},"up":{"uv":[14.5,1.875,14.625,2],"texture":"#2"},"down":{"uv":[14.5,13.5,14.625,13.625],"texture":"#2"}}},{"name":"crystal_frostcythe_50","from":[9.90625,17,7.9375],"to":[10.03125,17.125,8.0625],"rotation":{"angle":0,"axis":"y","origin":[-4.09375,0,-1.3125]},"faces":{"north":{"uv":[7.75,2,7.625,2.125],"texture":"#2"},"east":{"uv":[7.625,2,7.75,2.125],"texture":"#2"},"south":{"uv":[7.625,2,7.75,2.125],"texture":"#2"},"west":{"uv":[7.625,2,7.75,2.125],"texture":"#2"},"up":{"uv":[7.625,2,7.75,2.125],"texture":"#2"},"down":{"uv":[7.625,2,7.75,2.125],"texture":"#2"}}},{"name":"crystal_frostcythe_51","from":[10.90625,17,7.9375],"to":[11.03125,17.125,8.0625],"rotation":{"angle":0,"axis":"y","origin":[-4.09375,0,-1.3125]},"faces":{"north":{"uv":[8.75,2,8.625,2.125],"texture":"#2"},"east":{"uv":[8.625,2,8.75,2.125],"texture":"#2"},"south":{"uv":[8.625,2,8.75,2.125],"texture":"#2"},"west":{"uv":[8.625,2,8.75,2.125],"texture":"#2"},"up":{"uv":[8.625,2,8.75,2.125],"texture":"#2"},"down":{"uv":[8.625,2,8.75,2.125],"texture":"#2"}}},{"name":"crystal_frostcythe_52","from":[11.03125,17,7.9375],"to":[11.28125,17.125,8.0625],"rotation":{"angle":0,"axis":"y","origin":[-4.09375,0,-1.3125]},"faces":{"north":{"uv":[11,2,10.75,2.125],"texture":"#2"},"east":{"uv":[10.875,2,11,2.125],"texture":"#2"},"south":{"uv":[10.75,2,11,2.125],"texture":"#2"},"west":{"uv":[10.75,2,10.875,2.125],"texture":"#2"},"up":{"uv":[10.75,2,11,2.125],"texture":"#2"},"down":{"uv":[10.75,2,11,2.125],"texture":"#2"}}},{"name":"crystal_frostcythe_53","from":[10.03125,16.75,7.75],"to":[10.15625,17.125,8.25],"rotation":{"angle":0,"axis":"y","origin":[-4.09375,0,-1.3125]},"faces":{"north":{"uv":[12.125,2,12,2.375],"texture":"#2"},"east":{"uv":[12,2,12.125,2.375],"texture":"#2"},"south":{"uv":[12,2,12.125,2.375],"texture":"#2"},"west":{"uv":[12,2,12.125,2.375],"texture":"#2"},"up":{"uv":[12,2,12.125,2.125],"texture":"#2"},"down":{"uv":[12,2.25,12.125,2.375],"texture":"#2"}}},{"name":"crystal_frostcythe_54","from":[10.78125,16.75,7.75],"to":[10.90625,17.125,8.25],"rotation":{"angle":0,"axis":"y","origin":[-4.09375,0,-1.3125]},"faces":{"north":{"uv":[12.875,2,12.75,2.375],"texture":"#2"},"east":{"uv":[12.75,2,12.875,2.375],"texture":"#2"},"south":{"uv":[12.75,2,12.875,2.375],"texture":"#2"},"west":{"uv":[12.75,2,12.875,2.375],"texture":"#2"},"up":{"uv":[12.75,2,12.875,2.125],"texture":"#2"},"down":{"uv":[12.75,2.25,12.875,2.375],"texture":"#2"}}},{"name":"crystal_frostcythe_55","from":[11.15625,16.625,7.9375],"to":[11.40625,17,8.0625],"rotation":{"angle":0,"axis":"y","origin":[-4.09375,0,-1.3125]},"faces":{"north":{"uv":[11.125,2.125,10.875,2.5],"texture":"#2"},"east":{"uv":[11,2.125,11.125,2.5],"texture":"#2"},"south":{"uv":[10.875,2.125,11.125,2.5],"texture":"#2"},"west":{"uv":[10.875,2.125,11,2.5],"texture":"#2"},"up":{"uv":[10.875,2.125,11.125,2.25],"texture":"#2"},"down":{"uv":[10.875,2.375,11.125,2.5],"texture":"#2"}}},{"name":"crystal_frostcythe_56","from":[9.78125,16.875,7.75],"to":[10.03125,17,8.25],"rotation":{"angle":0,"axis":"y","origin":[-4.09375,0,-1.3125]},"faces":{"north":{"uv":[12,2.125,11.75,2.25],"texture":"#2"},"east":{"uv":[11.875,2.125,12,2.25],"texture":"#2"},"south":{"uv":[11.75,2.125,12,2.25],"texture":"#2"},"west":{"uv":[11.75,2.125,11.875,2.25],"texture":"#2"},"up":{"uv":[11.75,2.125,12,2.25],"texture":"#2"},"down":{"uv":[11.75,2.125,12,2.25],"texture":"#2"}}},{"name":"crystal_frostcythe_57","from":[10.90625,16.875,7.75],"to":[11.15625,17,8.25],"rotation":{"angle":0,"axis":"y","origin":[-4.09375,0,-1.3125]},"faces":{"north":{"uv":[13.125,2.125,12.875,2.25],"texture":"#2"},"east":{"uv":[13,2.125,13.125,2.25],"texture":"#2"},"south":{"uv":[12.875,2.125,13.125,2.25],"texture":"#2"},"west":{"uv":[12.875,2.125,13,2.25],"texture":"#2"},"up":{"uv":[12.875,2.125,13.125,2.25],"texture":"#2"},"down":{"uv":[12.875,2.125,13.125,2.25],"texture":"#2"}}},{"name":"crystal_frostcythe_58","from":[10.90625,16.25,7.9375],"to":[11.15625,16.875,8.0625],"rotation":{"angle":0,"axis":"y","origin":[-4.09375,0,-1.3125]},"faces":{"north":{"uv":[10.875,2.25,10.625,2.875],"texture":"#2"},"east":{"uv":[10.75,2.25,10.875,2.875],"texture":"#2"},"south":{"uv":[10.625,2.25,10.875,2.875],"texture":"#2"},"west":{"uv":[10.625,2.25,10.75,2.875],"texture":"#2"},"up":{"uv":[10.625,2.25,10.875,2.375],"texture":"#2"},"down":{"uv":[10.625,2.75,10.875,2.875],"texture":"#2"}}},{"name":"crystal_frostcythe_59","from":[11.40625,16.75,7.9375],"to":[11.53125,16.875,8.0625],"rotation":{"angle":0,"axis":"y","origin":[-4.09375,0,-1.3125]},"faces":{"north":{"uv":[11.25,2.25,11.125,2.375],"texture":"#2"},"east":{"uv":[11.125,2.25,11.25,2.375],"texture":"#2"},"south":{"uv":[11.125,2.25,11.25,2.375],"texture":"#2"},"west":{"uv":[11.125,2.25,11.25,2.375],"texture":"#2"},"up":{"uv":[11.125,2.25,11.25,2.375],"texture":"#2"},"down":{"uv":[11.125,2.25,11.25,2.375],"texture":"#2"}}},{"name":"crystal_frostcythe_60","from":[10.78125,16.5,7.9375],"to":[10.90625,16.75,8.0625],"rotation":{"angle":0,"axis":"y","origin":[-4.09375,0,-1.3125]},"faces":{"north":{"uv":[10.625,2.375,10.5,2.625],"texture":"#2"},"east":{"uv":[10.5,2.375,10.625,2.625],"texture":"#2"},"south":{"uv":[10.5,2.375,10.625,2.625],"texture":"#2"},"west":{"uv":[10.5,2.375,10.625,2.625],"texture":"#2"},"up":{"uv":[10.5,2.375,10.625,2.5],"texture":"#2"},"down":{"uv":[10.5,2.5,10.625,2.625],"texture":"#2"}}},{"name":"crystal_frostcythe_61","from":[11.15625,16.5,7.9375],"to":[11.28125,16.625,8.0625],"rotation":{"angle":0,"axis":"y","origin":[-4.09375,0,-1.3125]},"faces":{"north":{"uv":[11,2.5,10.875,2.625],"texture":"#2"},"east":{"uv":[10.875,2.5,11,2.625],"texture":"#2"},"south":{"uv":[10.875,2.5,11,2.625],"texture":"#2"},"west":{"uv":[10.875,2.5,11,2.625],"texture":"#2"},"up":{"uv":[10.875,2.5,11,2.625],"texture":"#2"},"down":{"uv":[10.875,2.5,11,2.625],"texture":"#2"}}},{"name":"crystal_frostcythe_62","from":[10.28125,16.125,7.8125],"to":[10.40625,16.5,8.1875],"rotation":{"angle":0,"axis":"y","origin":[-4.09375,0,-1.3125]},"faces":{"north":{"uv":[8.125,2.625,8,3],"texture":"#2"},"east":{"uv":[8,2.625,8.125,3],"texture":"#2"},"south":{"uv":[8,2.625,8.125,3],"texture":"#2"},"west":{"uv":[8,2.625,8.125,3],"texture":"#2"},"up":{"uv":[8,2.625,8.125,2.75],"texture":"#2"},"down":{"uv":[8,2.875,8.125,3],"texture":"#2"}}},{"name":"crystal_frostcythe_63","from":[10.53125,16.125,7.8125],"to":[10.65625,16.5,8.1875],"rotation":{"angle":0,"axis":"y","origin":[-4.09375,0,-1.3125]},"faces":{"north":{"uv":[8.375,2.625,8.25,3],"texture":"#2"},"east":{"uv":[8.25,2.625,8.375,3],"texture":"#2"},"south":{"uv":[8.25,2.625,8.375,3],"texture":"#2"},"west":{"uv":[8.25,2.625,8.375,3],"texture":"#2"},"up":{"uv":[8.25,2.625,8.375,2.75],"texture":"#2"},"down":{"uv":[8.25,2.875,8.375,3],"texture":"#2"}}},{"name":"crystal_frostcythe_64","from":[10.40625,16,7.8125],"to":[10.53125,16.25,8.1875],"rotation":{"angle":0,"axis":"y","origin":[-4.09375,0,-1.3125]},"faces":{"north":{"uv":[8.25,2.875,8.125,3.125],"texture":"#2"},"east":{"uv":[8.125,2.875,8.25,3.125],"texture":"#2"},"south":{"uv":[8.125,2.875,8.25,3.125],"texture":"#2"},"west":{"uv":[8.125,2.875,8.25,3.125],"texture":"#2"},"up":{"uv":[8.125,2.875,8.25,3],"texture":"#2"},"down":{"uv":[8.125,3,8.25,3.125],"texture":"#2"}}},{"name":"crystal_frostcythe_65","from":[10.28125,15,7.75],"to":[10.40625,16.125,8.25],"rotation":{"angle":0,"axis":"y","origin":[-4.09375,0,-1.3125]},"faces":{"north":{"uv":[12.375,3,12.25,4.125],"texture":"#2"},"east":{"uv":[12.25,3,12.375,4.125],"texture":"#2"},"south":{"uv":[12.25,3,12.375,4.125],"texture":"#2"},"west":{"uv":[12.25,3,12.375,4.125],"texture":"#2"},"up":{"uv":[12.25,3,12.375,3.125],"texture":"#2"},"down":{"uv":[12.25,4,12.375,4.125],"texture":"#2"}}},{"name":"crystal_frostcythe_66","from":[10.53125,15,7.75],"to":[10.65625,16.125,8.25],"rotation":{"angle":0,"axis":"y","origin":[-4.09375,0,-1.3125]},"faces":{"north":{"uv":[12.625,3,12.5,4.125],"texture":"#2"},"east":{"uv":[12.5,3,12.625,4.125],"texture":"#2"},"south":{"uv":[12.5,3,12.625,4.125],"texture":"#2"},"west":{"uv":[12.5,3,12.625,4.125],"texture":"#2"},"up":{"uv":[12.5,3,12.625,3.125],"texture":"#2"},"down":{"uv":[12.5,4,12.625,4.125],"texture":"#2"}}},{"name":"crystal_frostcythe_67","from":[10.40625,14.875,7.75],"to":[10.53125,16,8.25],"rotation":{"angle":0,"axis":"y","origin":[-4.09375,0,-1.3125]},"faces":{"north":{"uv":[12.5,3.125,12.375,4.25],"texture":"#2"},"east":{"uv":[12.375,3.125,12.5,4.25],"texture":"#2"},"south":{"uv":[12.375,3.125,12.5,4.25],"texture":"#2"},"west":{"uv":[12.375,3.125,12.5,4.25],"texture":"#2"},"up":{"uv":[12.375,3.125,12.5,3.25],"texture":"#2"},"down":{"uv":[12.375,4.125,12.5,4.25],"texture":"#2"}}},{"name":"crystal_frostcythe_68","from":[10.15625,15.125,7.75],"to":[10.28125,15.875,8.25],"rotation":{"angle":0,"axis":"y","origin":[-4.09375,0,-1.3125]},"faces":{"north":{"uv":[12.25,3.25,12.125,4],"texture":"#2"},"east":{"uv":[12.125,3.25,12.25,4],"texture":"#2"},"south":{"uv":[12.125,3.25,12.25,4],"texture":"#2"},"west":{"uv":[12.125,3.25,12.25,4],"texture":"#2"},"up":{"uv":[12.125,3.25,12.25,3.375],"texture":"#2"},"down":{"uv":[12.125,3.875,12.25,4],"texture":"#2"}}},{"name":"crystal_frostcythe_69","from":[10.65625,15.125,7.75],"to":[10.78125,15.875,8.25],"rotation":{"angle":0,"axis":"y","origin":[-4.09375,0,-1.3125]},"faces":{"north":{"uv":[12.75,3.25,12.625,4],"texture":"#2"},"east":{"uv":[12.625,3.25,12.75,4],"texture":"#2"},"south":{"uv":[12.625,3.25,12.75,4],"texture":"#2"},"west":{"uv":[12.625,3.25,12.75,4],"texture":"#2"},"up":{"uv":[12.625,3.25,12.75,3.375],"texture":"#2"},"down":{"uv":[12.625,3.875,12.75,4],"texture":"#2"}}},{"name":"crystal_frostcythe_70","from":[6.40625,16.375,7.9375],"to":[6.65625,17.375,8.0625],"rotation":{"angle":0,"axis":"y","origin":[-4.09375,0,-1.3125]},"faces":{"north":{"uv":[3.625,3.625,3.375,4.625],"texture":"#2"},"east":{"uv":[3.5,3.625,3.625,4.625],"texture":"#2"},"south":{"uv":[3.375,3.625,3.625,4.625],"texture":"#2"},"west":{"uv":[3.375,3.625,3.5,4.625],"texture":"#2"},"up":{"uv":[3.375,3.625,3.625,3.75],"texture":"#2"},"down":{"uv":[3.375,4.5,3.625,4.625],"texture":"#2"}}},{"name":"crystal_frostcythe_71","from":[8.78125,16.625,7.9375],"to":[8.90625,17.375,8.0625],"rotation":{"angle":0,"axis":"y","origin":[-4.09375,0,-1.3125]},"faces":{"north":{"uv":[5.875,3.625,5.75,4.375],"texture":"#2"},"east":{"uv":[5.75,3.625,5.875,4.375],"texture":"#2"},"south":{"uv":[5.75,3.625,5.875,4.375],"texture":"#2"},"west":{"uv":[5.75,3.625,5.875,4.375],"texture":"#2"},"up":{"uv":[5.75,3.625,5.875,3.75],"texture":"#2"},"down":{"uv":[5.75,4.25,5.875,4.375],"texture":"#2"}}},{"name":"crystal_frostcythe_72","from":[6.15625,16.25,7.9375],"to":[6.40625,17.25,8.0625],"rotation":{"angle":0,"axis":"y","origin":[-4.09375,0,-1.3125]},"faces":{"north":{"uv":[3.375,3.75,3.125,4.75],"texture":"#2"},"east":{"uv":[3.25,3.75,3.375,4.75],"texture":"#2"},"south":{"uv":[3.125,3.75,3.375,4.75],"texture":"#2"},"west":{"uv":[3.125,3.75,3.25,4.75],"texture":"#2"},"up":{"uv":[3.125,3.75,3.375,3.875],"texture":"#2"},"down":{"uv":[3.125,4.625,3.375,4.75],"texture":"#2"}}},{"name":"crystal_frostcythe_73","from":[6.65625,16.375,7.9375],"to":[6.78125,17.25,8.0625],"rotation":{"angle":0,"axis":"y","origin":[-4.09375,0,-1.3125]},"faces":{"north":{"uv":[3.75,3.75,3.625,4.625],"texture":"#2"},"east":{"uv":[3.625,3.75,3.75,4.625],"texture":"#2"},"south":{"uv":[3.625,3.75,3.75,4.625],"texture":"#2"},"west":{"uv":[3.625,3.75,3.75,4.625],"texture":"#2"},"up":{"uv":[3.625,3.75,3.75,3.875],"texture":"#2"},"down":{"uv":[3.625,4.5,3.75,4.625],"texture":"#2"}}},{"name":"crystal_frostcythe_74","from":[8.65625,16.625,7.9375],"to":[8.78125,17.25,8.0625],"rotation":{"angle":0,"axis":"y","origin":[-4.09375,0,-1.3125]},"faces":{"north":{"uv":[5.75,3.75,5.625,4.375],"texture":"#2"},"east":{"uv":[5.625,3.75,5.75,4.375],"texture":"#2"},"south":{"uv":[5.625,3.75,5.75,4.375],"texture":"#2"},"west":{"uv":[5.625,3.75,5.75,4.375],"texture":"#2"},"up":{"uv":[5.625,3.75,5.75,3.875],"texture":"#2"},"down":{"uv":[5.625,4.25,5.75,4.375],"texture":"#2"}}},{"name":"crystal_frostcythe_75","from":[8.90625,16.625,7.9375],"to":[9.03125,17.25,8.0625],"rotation":{"angle":0,"axis":"y","origin":[-4.09375,0,-1.3125]},"faces":{"north":{"uv":[6,3.75,5.875,4.375],"texture":"#2"},"east":{"uv":[5.875,3.75,6,4.375],"texture":"#2"},"south":{"uv":[5.875,3.75,6,4.375],"texture":"#2"},"west":{"uv":[5.875,3.75,6,4.375],"texture":"#2"},"up":{"uv":[5.875,3.75,6,3.875],"texture":"#2"},"down":{"uv":[5.875,4.25,6,4.375],"texture":"#2"}}},{"name":"crystal_frostcythe_76","from":[5.90625,16.125,7.9375],"to":[6.15625,17.125,8.0625],"rotation":{"angle":0,"axis":"y","origin":[-4.09375,0,-1.3125]},"faces":{"north":{"uv":[3.125,3.875,2.875,4.875],"texture":"#2"},"east":{"uv":[3,3.875,3.125,4.875],"texture":"#2"},"south":{"uv":[2.875,3.875,3.125,4.875],"texture":"#2"},"west":{"uv":[2.875,3.875,3,4.875],"texture":"#2"},"up":{"uv":[2.875,3.875,3.125,4],"texture":"#2"},"down":{"uv":[2.875,4.75,3.125,4.875],"texture":"#2"}}},{"name":"crystal_frostcythe_77","from":[6.78125,16.5,7.9375],"to":[6.90625,17.125,8.0625],"rotation":{"angle":0,"axis":"y","origin":[-4.09375,0,-1.3125]},"faces":{"north":{"uv":[3.875,3.875,3.75,4.5],"texture":"#2"},"east":{"uv":[3.75,3.875,3.875,4.5],"texture":"#2"},"south":{"uv":[3.75,3.875,3.875,4.5],"texture":"#2"},"west":{"uv":[3.75,3.875,3.875,4.5],"texture":"#2"},"up":{"uv":[3.75,3.875,3.875,4],"texture":"#2"},"down":{"uv":[3.75,4.375,3.875,4.5],"texture":"#2"}}},{"name":"crystal_frostcythe_78","from":[8.53125,16.625,7.9375],"to":[8.65625,17.125,8.0625],"rotation":{"angle":0,"axis":"y","origin":[-4.09375,0,-1.3125]},"faces":{"north":{"uv":[5.625,3.875,5.5,4.375],"texture":"#2"},"east":{"uv":[5.5,3.875,5.625,4.375],"texture":"#2"},"south":{"uv":[5.5,3.875,5.625,4.375],"texture":"#2"},"west":{"uv":[5.5,3.875,5.625,4.375],"texture":"#2"},"up":{"uv":[5.5,3.875,5.625,4],"texture":"#2"},"down":{"uv":[5.5,4.25,5.625,4.375],"texture":"#2"}}},{"name":"crystal_frostcythe_79","from":[9.03125,16.625,7.9375],"to":[9.15625,17.125,8.0625],"rotation":{"angle":0,"axis":"y","origin":[-4.09375,0,-1.3125]},"faces":{"north":{"uv":[6.125,3.875,6,4.375],"texture":"#2"},"east":{"uv":[6,3.875,6.125,4.375],"texture":"#2"},"south":{"uv":[6,3.875,6.125,4.375],"texture":"#2"},"west":{"uv":[6,3.875,6.125,4.375],"texture":"#2"},"up":{"uv":[6,3.875,6.125,4],"texture":"#2"},"down":{"uv":[6,4.25,6.125,4.375],"texture":"#2"}}},{"name":"crystal_frostcythe_80","from":[9.65625,17,7.9375],"to":[9.90625,17.125,8.0625],"rotation":{"angle":0,"axis":"y","origin":[-4.09375,0,-1.3125]},"faces":{"north":{"uv":[6.875,3.875,6.625,4],"texture":"#2"},"east":{"uv":[6.75,3.875,6.875,4],"texture":"#2"},"south":{"uv":[6.625,3.875,6.875,4],"texture":"#2"},"west":{"uv":[6.625,3.875,6.75,4],"texture":"#2"},"up":{"uv":[6.625,3.875,6.875,4],"texture":"#2"},"down":{"uv":[6.625,3.875,6.875,4],"texture":"#2"}}},{"name":"crystal_frostcythe_81","from":[5.65625,16,7.9375],"to":[5.90625,17,8.0625],"rotation":{"angle":0,"axis":"y","origin":[-4.09375,0,-1.3125]},"faces":{"north":{"uv":[2.875,4,2.625,5],"texture":"#2"},"east":{"uv":[2.75,4,2.875,5],"texture":"#2"},"south":{"uv":[2.625,4,2.875,5],"texture":"#2"},"west":{"uv":[2.625,4,2.75,5],"texture":"#2"},"up":{"uv":[2.625,4,2.875,4.125],"texture":"#2"},"down":{"uv":[2.625,4.875,2.875,5],"texture":"#2"}}},{"name":"crystal_frostcythe_82","from":[6.90625,16.5,7.9375],"to":[7.03125,17,8.0625],"rotation":{"angle":0,"axis":"y","origin":[-4.09375,0,-1.3125]},"faces":{"north":{"uv":[4,4,3.875,4.5],"texture":"#2"},"east":{"uv":[3.875,4,4,4.5],"texture":"#2"},"south":{"uv":[3.875,4,4,4.5],"texture":"#2"},"west":{"uv":[3.875,4,4,4.5],"texture":"#2"},"up":{"uv":[3.875,4,4,4.125],"texture":"#2"},"down":{"uv":[3.875,4.375,4,4.5],"texture":"#2"}}},{"name":"crystal_frostcythe_83","from":[9.53125,16.625,7.9375],"to":[9.78125,17,8.0625],"rotation":{"angle":0,"axis":"y","origin":[-4.09375,0,-1.3125]},"faces":{"north":{"uv":[6.75,4,6.5,4.375],"texture":"#2"},"east":{"uv":[6.625,4,6.75,4.375],"texture":"#2"},"south":{"uv":[6.5,4,6.75,4.375],"texture":"#2"},"west":{"uv":[6.5,4,6.625,4.375],"texture":"#2"},"up":{"uv":[6.5,4,6.75,4.125],"texture":"#2"},"down":{"uv":[6.5,4.25,6.75,4.375],"texture":"#2"}}},{"name":"crystal_frostcythe_84","from":[5.53125,15.875,7.9375],"to":[5.65625,16.875,8.0625],"rotation":{"angle":0,"axis":"y","origin":[-4.09375,0,-1.3125]},"faces":{"north":{"uv":[2.625,4.125,2.5,5.125],"texture":"#2"},"east":{"uv":[2.5,4.125,2.625,5.125],"texture":"#2"},"south":{"uv":[2.5,4.125,2.625,5.125],"texture":"#2"},"west":{"uv":[2.5,4.125,2.625,5.125],"texture":"#2"},"up":{"uv":[2.5,4.125,2.625,4.25],"texture":"#2"},"down":{"uv":[2.5,5,2.625,5.125],"texture":"#2"}}},{"name":"crystal_frostcythe_85","from":[7.40625,16.625,7.9375],"to":[8.53125,16.875,8.0625],"rotation":{"angle":0,"axis":"y","origin":[-4.09375,0,-1.3125]},"faces":{"north":{"uv":[5.5,4.125,4.375,4.375],"texture":"#2"},"east":{"uv":[5.375,4.125,5.5,4.375],"texture":"#2"},"south":{"uv":[4.375,4.125,5.5,4.375],"texture":"#2"},"west":{"uv":[4.375,4.125,4.5,4.375],"texture":"#2"},"up":{"uv":[4.375,4.125,5.5,4.25],"texture":"#2"},"down":{"uv":[4.375,4.25,5.5,4.375],"texture":"#2"}}},{"name":"crystal_frostcythe_86","from":[9.15625,16.625,7.9375],"to":[9.53125,16.875,8.0625],"rotation":{"angle":0,"axis":"y","origin":[-4.09375,0,-1.3125]},"faces":{"north":{"uv":[6.5,4.125,6.125,4.375],"texture":"#2"},"east":{"uv":[6.375,4.125,6.5,4.375],"texture":"#2"},"south":{"uv":[6.125,4.125,6.5,4.375],"texture":"#2"},"west":{"uv":[6.125,4.125,6.25,4.375],"texture":"#2"},"up":{"uv":[6.125,4.125,6.5,4.25],"texture":"#2"},"down":{"uv":[6.125,4.25,6.5,4.375],"texture":"#2"}}},{"name":"crystal_frostcythe_87","from":[9.78125,16.625,7.9375],"to":[10.03125,16.875,8.0625],"rotation":{"angle":0,"axis":"y","origin":[-4.09375,0,-1.3125]},"faces":{"north":{"uv":[7,4.125,6.75,4.375],"texture":"#2"},"east":{"uv":[6.875,4.125,7,4.375],"texture":"#2"},"south":{"uv":[6.75,4.125,7,4.375],"texture":"#2"},"west":{"uv":[6.75,4.125,6.875,4.375],"texture":"#2"},"up":{"uv":[6.75,4.125,7,4.25],"texture":"#2"},"down":{"uv":[6.75,4.25,7,4.375],"texture":"#2"}}},{"name":"crystal_frostcythe_88","from":[5.28125,15.875,7.9375],"to":[5.53125,16.75,8.0625],"rotation":{"angle":0,"axis":"y","origin":[-4.09375,0,-1.3125]},"faces":{"north":{"uv":[2.5,4.25,2.25,5.125],"texture":"#2"},"east":{"uv":[2.375,4.25,2.5,5.125],"texture":"#2"},"south":{"uv":[2.25,4.25,2.5,5.125],"texture":"#2"},"west":{"uv":[2.25,4.25,2.375,5.125],"texture":"#2"},"up":{"uv":[2.25,4.25,2.5,4.375],"texture":"#2"},"down":{"uv":[2.25,5,2.5,5.125],"texture":"#2"}}},{"name":"crystal_frostcythe_89","from":[7.03125,16.5,7.9375],"to":[7.40625,16.75,8.0625],"rotation":{"angle":0,"axis":"y","origin":[-4.09375,0,-1.3125]},"faces":{"north":{"uv":[4.375,4.25,4,4.5],"texture":"#2"},"east":{"uv":[4.25,4.25,4.375,4.5],"texture":"#2"},"south":{"uv":[4,4.25,4.375,4.5],"texture":"#2"},"west":{"uv":[4,4.25,4.125,4.5],"texture":"#2"},"up":{"uv":[4,4.25,4.375,4.375],"texture":"#2"},"down":{"uv":[4,4.375,4.375,4.5],"texture":"#2"}}},{"name":"crystal_frostcythe_90","from":[10.03125,16.625,7.9375],"to":[10.15625,16.75,8.0625],"rotation":{"angle":0,"axis":"y","origin":[-4.09375,0,-1.3125]},"faces":{"north":{"uv":[7.125,4.25,7,4.375],"texture":"#2"},"east":{"uv":[7,4.25,7.125,4.375],"texture":"#2"},"south":{"uv":[7,4.25,7.125,4.375],"texture":"#2"},"west":{"uv":[7,4.25,7.125,4.375],"texture":"#2"},"up":{"uv":[7,4.25,7.125,4.375],"texture":"#2"},"down":{"uv":[7,4.25,7.125,4.375],"texture":"#2"}}},{"name":"crystal_frostcythe_91","from":[5.15625,15.625,7.9375],"to":[5.28125,16.625,8.0625],"rotation":{"angle":0,"axis":"y","origin":[-4.09375,0,-1.3125]},"faces":{"north":{"uv":[2.25,4.375,2.125,5.375],"texture":"#2"},"east":{"uv":[2.125,4.375,2.25,5.375],"texture":"#2"},"south":{"uv":[2.125,4.375,2.25,5.375],"texture":"#2"},"west":{"uv":[2.125,4.375,2.25,5.375],"texture":"#2"},"up":{"uv":[2.125,4.375,2.25,4.5],"texture":"#2"},"down":{"uv":[2.125,5.25,2.25,5.375],"texture":"#2"}}},{"name":"crystal_frostcythe_92","from":[10.15625,14.375,7.75],"to":[10.28125,14.75,8.25],"rotation":{"angle":0,"axis":"y","origin":[-4.09375,0,-1.3125]},"faces":{"north":{"uv":[8,4.375,7.875,4.75],"texture":"#2"},"east":{"uv":[7.875,4.375,8,4.75],"texture":"#2"},"south":{"uv":[7.875,4.375,8,4.75],"texture":"#2"},"west":{"uv":[7.875,4.375,8,4.75],"texture":"#2"},"up":{"uv":[7.875,4.375,8,4.5],"texture":"#2"},"down":{"uv":[7.875,4.625,8,4.75],"texture":"#2"}}},{"name":"crystal_frostcythe_93","from":[10.65625,14.375,7.75],"to":[10.78125,14.75,8.25],"rotation":{"angle":0,"axis":"y","origin":[-4.09375,0,-1.3125]},"faces":{"north":{"uv":[8.5,4.375,8.375,4.75],"texture":"#2"},"east":{"uv":[8.375,4.375,8.5,4.75],"texture":"#2"},"south":{"uv":[8.375,4.375,8.5,4.75],"texture":"#2"},"west":{"uv":[8.375,4.375,8.5,4.75],"texture":"#2"},"up":{"uv":[8.375,4.375,8.5,4.5],"texture":"#2"},"down":{"uv":[8.375,4.625,8.5,4.75],"texture":"#2"}}},{"name":"crystal_frostcythe_94","from":[5.03125,15.625,7.9375],"to":[5.15625,16.5,8.0625],"rotation":{"angle":0,"axis":"y","origin":[-4.09375,0,-1.3125]},"faces":{"north":{"uv":[2.125,4.5,2,5.375],"texture":"#2"},"east":{"uv":[2,4.5,2.125,5.375],"texture":"#2"},"south":{"uv":[2,4.5,2.125,5.375],"texture":"#2"},"west":{"uv":[2,4.5,2.125,5.375],"texture":"#2"},"up":{"uv":[2,4.5,2.125,4.625],"texture":"#2"},"down":{"uv":[2,5.25,2.125,5.375],"texture":"#2"}}},{"name":"crystal_frostcythe_97","from":[10.28125,14.25,7.75],"to":[10.40625,14.625,8.25],"rotation":{"angle":0,"axis":"y","origin":[-4.09375,0,-1.3125]},"faces":{"north":{"uv":[8.125,4.5,8,4.875],"texture":"#2"},"east":{"uv":[8,4.5,8.125,4.875],"texture":"#2"},"south":{"uv":[8,4.5,8.125,4.875],"texture":"#2"},"west":{"uv":[8,4.5,8.125,4.875],"texture":"#2"},"up":{"uv":[8,4.5,8.125,4.625],"texture":"#2"},"down":{"uv":[8,4.75,8.125,4.875],"texture":"#2"}}},{"name":"crystal_frostcythe_98","from":[10.53125,14.25,7.75],"to":[10.65625,14.625,8.25],"rotation":{"angle":0,"axis":"y","origin":[-4.09375,0,-1.3125]},"faces":{"north":{"uv":[8.375,4.5,8.25,4.875],"texture":"#2"},"east":{"uv":[8.25,4.5,8.375,4.875],"texture":"#2"},"south":{"uv":[8.25,4.5,8.375,4.875],"texture":"#2"},"west":{"uv":[8.25,4.5,8.375,4.875],"texture":"#2"},"up":{"uv":[8.25,4.5,8.375,4.625],"texture":"#2"},"down":{"uv":[8.25,4.75,8.375,4.875],"texture":"#2"}}},{"name":"crystal_frostcythe_99","from":[4.90625,15.5,7.9375],"to":[5.03125,16.375,8.0625],"rotation":{"angle":0,"axis":"y","origin":[-4.09375,0,-1.3125]},"faces":{"north":{"uv":[2,4.625,1.875,5.5],"texture":"#2"},"east":{"uv":[1.875,4.625,2,5.5],"texture":"#2"},"south":{"uv":[1.875,4.625,2,5.5],"texture":"#2"},"west":{"uv":[1.875,4.625,2,5.5],"texture":"#2"},"up":{"uv":[1.875,4.625,2,4.75],"texture":"#2"},"down":{"uv":[1.875,5.375,2,5.5],"texture":"#2"}}},{"name":"crystal_frostcythe_100","from":[6.40625,16.25,7.9375],"to":[6.53125,16.375,8.0625],"rotation":{"angle":0,"axis":"y","origin":[-4.09375,0,-1.3125]},"faces":{"north":{"uv":[3.5,4.625,3.375,4.75],"texture":"#2"},"east":{"uv":[3.375,4.625,3.5,4.75],"texture":"#2"},"south":{"uv":[3.375,4.625,3.5,4.75],"texture":"#2"},"west":{"uv":[3.375,4.625,3.5,4.75],"texture":"#2"},"up":{"uv":[3.375,4.625,3.5,4.75],"texture":"#2"},"down":{"uv":[3.375,4.625,3.5,4.75],"texture":"#2"}}},{"name":"crystal_frostcythe_102","from":[10.40625,14.125,7.75],"to":[10.53125,14.5,8.25],"rotation":{"angle":0,"axis":"y","origin":[-4.09375,0,-1.3125]},"faces":{"north":{"uv":[8.25,4.625,8.125,5],"texture":"#2"},"east":{"uv":[8.125,4.625,8.25,5],"texture":"#2"},"south":{"uv":[8.125,4.625,8.25,5],"texture":"#2"},"west":{"uv":[8.125,4.625,8.25,5],"texture":"#2"},"up":{"uv":[8.125,4.625,8.25,4.75],"texture":"#2"},"down":{"uv":[8.125,4.875,8.25,5],"texture":"#2"}}},{"name":"crystal_frostcythe_103","from":[4.78125,15.375,7.9375],"to":[4.90625,16.25,8.0625],"rotation":{"angle":0,"axis":"y","origin":[-4.09375,0,-1.3125]},"faces":{"north":{"uv":[1.875,4.75,1.75,5.625],"texture":"#2"},"east":{"uv":[1.75,4.75,1.875,5.625],"texture":"#2"},"south":{"uv":[1.75,4.75,1.875,5.625],"texture":"#2"},"west":{"uv":[1.75,4.75,1.875,5.625],"texture":"#2"},"up":{"uv":[1.75,4.75,1.875,4.875],"texture":"#2"},"down":{"uv":[1.75,5.5,1.875,5.625],"texture":"#2"}}},{"name":"crystal_frostcythe_105","from":[4.65625,15.375,7.9375],"to":[4.78125,16.125,8.0625],"rotation":{"angle":0,"axis":"y","origin":[-4.09375,0,-1.3125]},"faces":{"north":{"uv":[1.75,4.875,1.625,5.625],"texture":"#2"},"east":{"uv":[1.625,4.875,1.75,5.625],"texture":"#2"},"south":{"uv":[1.625,4.875,1.75,5.625],"texture":"#2"},"west":{"uv":[1.625,4.875,1.75,5.625],"texture":"#2"},"up":{"uv":[1.625,4.875,1.75,5],"texture":"#2"},"down":{"uv":[1.625,5.5,1.75,5.625],"texture":"#2"}}},{"name":"crystal_frostcythe_108","from":[4.53125,15.25,7.9375],"to":[4.65625,16,8.0625],"rotation":{"angle":0,"axis":"y","origin":[-4.09375,0,-1.3125]},"faces":{"north":{"uv":[1.625,5,1.5,5.75],"texture":"#2"},"east":{"uv":[1.5,5,1.625,5.75],"texture":"#2"},"south":{"uv":[1.5,5,1.625,5.75],"texture":"#2"},"west":{"uv":[1.5,5,1.625,5.75],"texture":"#2"},"up":{"uv":[1.5,5,1.625,5.125],"texture":"#2"},"down":{"uv":[1.5,5.625,1.625,5.75],"texture":"#2"}}},{"name":"crystal_frostcythe_111","from":[4.40625,15.125,7.9375],"to":[4.53125,15.875,8.0625],"rotation":{"angle":0,"axis":"y","origin":[-4.09375,0,-1.3125]},"faces":{"north":{"uv":[1.5,5.125,1.375,5.875],"texture":"#2"},"east":{"uv":[1.375,5.125,1.5,5.875],"texture":"#2"},"south":{"uv":[1.375,5.125,1.5,5.875],"texture":"#2"},"west":{"uv":[1.375,5.125,1.5,5.875],"texture":"#2"},"up":{"uv":[1.375,5.125,1.5,5.25],"texture":"#2"},"down":{"uv":[1.375,5.75,1.5,5.875],"texture":"#2"}}},{"name":"crystal_frostcythe_112","from":[5.28125,15.75,7.9375],"to":[5.40625,15.875,8.0625],"rotation":{"angle":0,"axis":"y","origin":[-4.09375,0,-1.3125]},"faces":{"north":{"uv":[2.375,5.125,2.25,5.25],"texture":"#2"},"east":{"uv":[2.25,5.125,2.375,5.25],"texture":"#2"},"south":{"uv":[2.25,5.125,2.375,5.25],"texture":"#2"},"west":{"uv":[2.25,5.125,2.375,5.25],"texture":"#2"},"up":{"uv":[2.25,5.125,2.375,5.25],"texture":"#2"},"down":{"uv":[2.25,5.125,2.375,5.25],"texture":"#2"}}},{"name":"crystal_frostcythe_114","from":[4.28125,15,7.9375],"to":[4.40625,15.75,8.0625],"rotation":{"angle":0,"axis":"y","origin":[-4.09375,0,-1.3125]},"faces":{"north":{"uv":[1.375,5.25,1.25,6],"texture":"#2"},"east":{"uv":[1.25,5.25,1.375,6],"texture":"#2"},"south":{"uv":[1.25,5.25,1.375,6],"texture":"#2"},"west":{"uv":[1.25,5.25,1.375,6],"texture":"#2"},"up":{"uv":[1.25,5.25,1.375,5.375],"texture":"#2"},"down":{"uv":[1.25,5.875,1.375,6],"texture":"#2"}}},{"name":"crystal_frostcythe_118","from":[4.15625,14.875,7.9375],"to":[4.28125,15.5,8.0625],"rotation":{"angle":0,"axis":"y","origin":[-4.09375,0,-1.3125]},"faces":{"north":{"uv":[1.25,5.5,1.125,6.125],"texture":"#2"},"east":{"uv":[1.125,5.5,1.25,6.125],"texture":"#2"},"south":{"uv":[1.125,5.5,1.25,6.125],"texture":"#2"},"west":{"uv":[1.125,5.5,1.25,6.125],"texture":"#2"},"up":{"uv":[1.125,5.5,1.25,5.625],"texture":"#2"},"down":{"uv":[1.125,6,1.25,6.125],"texture":"#2"}}},{"name":"crystal_frostcythe_121","from":[4.03125,14.75,7.9375],"to":[4.15625,15.25,8.0625],"rotation":{"angle":0,"axis":"y","origin":[-4.09375,0,-1.3125]},"faces":{"north":{"uv":[1.125,5.75,1,6.25],"texture":"#2"},"east":{"uv":[1,5.75,1.125,6.25],"texture":"#2"},"south":{"uv":[1,5.75,1.125,6.25],"texture":"#2"},"west":{"uv":[1,5.75,1.125,6.25],"texture":"#2"},"up":{"uv":[1,5.75,1.125,5.875],"texture":"#2"},"down":{"uv":[1,6.125,1.125,6.25],"texture":"#2"}}},{"name":"crystal_frostcythe_125","from":[3.90625,14.625,7.9375],"to":[4.03125,15,8.0625],"rotation":{"angle":0,"axis":"y","origin":[-4.09375,0,-1.3125]},"faces":{"north":{"uv":[1,6,0.875,6.375],"texture":"#2"},"east":{"uv":[0.875,6,1,6.375],"texture":"#2"},"south":{"uv":[0.875,6,1,6.375],"texture":"#2"},"west":{"uv":[0.875,6,1,6.375],"texture":"#2"},"up":{"uv":[0.875,6,1,6.125],"texture":"#2"},"down":{"uv":[0.875,6.25,1,6.375],"texture":"#2"}}},{"name":"crystal_frostcythe_129","from":[3.78125,14.375,7.9375],"to":[3.90625,14.75,8.0625],"rotation":{"angle":0,"axis":"y","origin":[-4.09375,0,-1.3125]},"faces":{"north":{"uv":[0.875,6.25,0.75,6.625],"texture":"#2"},"east":{"uv":[0.75,6.25,0.875,6.625],"texture":"#2"},"south":{"uv":[0.75,6.25,0.875,6.625],"texture":"#2"},"west":{"uv":[0.75,6.25,0.875,6.625],"texture":"#2"},"up":{"uv":[0.75,6.25,0.875,6.375],"texture":"#2"},"down":{"uv":[0.75,6.5,0.875,6.625],"texture":"#2"}}},{"name":"crystal_frostcythe_134","from":[3.65625,13.875,7.9375],"to":[3.78125,14.375,8.0625],"rotation":{"angle":0,"axis":"y","origin":[-4.09375,0,-1.3125]},"faces":{"north":{"uv":[0.75,6.625,0.625,7.125],"texture":"#2"},"east":{"uv":[0.625,6.625,0.75,7.125],"texture":"#2"},"south":{"uv":[0.625,6.625,0.75,7.125],"texture":"#2"},"west":{"uv":[0.625,6.625,0.75,7.125],"texture":"#2"},"up":{"uv":[0.625,6.625,0.75,6.75],"texture":"#2"},"down":{"uv":[0.625,7,0.75,7.125],"texture":"#2"}}},{"name":"crystal_frostcythe_136","from":[3.53125,13.5,7.9375],"to":[3.65625,13.875,8.0625],"rotation":{"angle":0,"axis":"y","origin":[-4.09375,0,-1.3125]},"faces":{"north":{"uv":[0.625,7.125,0.5,7.5],"texture":"#2"},"east":{"uv":[0.5,7.125,0.625,7.5],"texture":"#2"},"south":{"uv":[0.5,7.125,0.625,7.5],"texture":"#2"},"west":{"uv":[0.5,7.125,0.625,7.5],"texture":"#2"},"up":{"uv":[0.5,7.125,0.625,7.25],"texture":"#2"},"down":{"uv":[0.5,7.375,0.625,7.5],"texture":"#2"}}},{"name":"crystal_frostcythe_95","from":[7.40625,16.25,7.96875],"to":[10.03125,16.625,8.03125],"rotation":{"angle":0,"axis":"y","origin":[-4.09375,0,-1.3125]},"faces":{"north":{"uv":[7.125,4.5,4.5,4.875],"texture":"#2"},"east":{"uv":[7,4.5,7.125,4.875],"texture":"#2"},"south":{"uv":[4.5,4.5,7.125,4.875],"texture":"#2"},"west":{"uv":[4.5,4.5,4.625,4.875],"texture":"#2"},"up":{"uv":[4.5,4.5,7.125,4.625],"texture":"#2"},"down":{"uv":[4.5,4.75,7.125,4.875],"texture":"#2"}}},{"name":"crystal_frostcythe_96","from":[10.03125,16.5,7.96875],"to":[10.15625,16.625,8.03125],"rotation":{"angle":0,"axis":"y","origin":[-4.09375,0,-1.3125]},"faces":{"north":{"uv":[7.25,4.5,7.125,4.625],"texture":"#2"},"east":{"uv":[7.125,4.5,7.25,4.625],"texture":"#2"},"south":{"uv":[7.125,4.5,7.25,4.625],"texture":"#2"},"west":{"uv":[7.125,4.5,7.25,4.625],"texture":"#2"},"up":{"uv":[7.125,4.5,7.25,4.625],"texture":"#2"},"down":{"uv":[7.125,4.5,7.25,4.625],"texture":"#2"}}},{"name":"crystal_frostcythe_101","from":[6.78125,16.125,7.96875],"to":[7.40625,16.5,8.03125],"rotation":{"angle":0,"axis":"y","origin":[-4.09375,0,-1.3125]},"faces":{"north":{"uv":[4.5,4.625,3.875,5],"texture":"#2"},"east":{"uv":[4.375,4.625,4.5,5],"texture":"#2"},"south":{"uv":[3.875,4.625,4.5,5],"texture":"#2"},"west":{"uv":[3.875,4.625,4,5],"texture":"#2"},"up":{"uv":[3.875,4.625,4.5,4.75],"texture":"#2"},"down":{"uv":[3.875,4.875,4.5,5],"texture":"#2"}}},{"name":"crystal_frostcythe_104","from":[6.53125,15.875,7.96875],"to":[6.78125,16.375,8.03125],"rotation":{"angle":0,"axis":"y","origin":[-4.09375,0,-1.3125]},"faces":{"north":{"uv":[3.875,4.75,3.625,5.25],"texture":"#2"},"east":{"uv":[3.75,4.75,3.875,5.25],"texture":"#2"},"south":{"uv":[3.625,4.75,3.875,5.25],"texture":"#2"},"west":{"uv":[3.625,4.75,3.75,5.25],"texture":"#2"},"up":{"uv":[3.625,4.75,3.875,4.875],"texture":"#2"},"down":{"uv":[3.625,5.125,3.875,5.25],"texture":"#2"}}},{"name":"crystal_frostcythe_106","from":[6.15625,15.875,7.96875],"to":[6.53125,16.25,8.03125],"rotation":{"angle":0,"axis":"y","origin":[-4.09375,0,-1.3125]},"faces":{"north":{"uv":[3.625,4.875,3.25,5.25],"texture":"#2"},"east":{"uv":[3.5,4.875,3.625,5.25],"texture":"#2"},"south":{"uv":[3.25,4.875,3.625,5.25],"texture":"#2"},"west":{"uv":[3.25,4.875,3.375,5.25],"texture":"#2"},"up":{"uv":[3.25,4.875,3.625,5],"texture":"#2"},"down":{"uv":[3.25,5.125,3.625,5.25],"texture":"#2"}}},{"name":"crystal_frostcythe_107","from":[7.40625,16.125,7.96875],"to":[7.65625,16.25,8.03125],"rotation":{"angle":0,"axis":"y","origin":[-4.09375,0,-1.3125]},"faces":{"north":{"uv":[4.75,4.875,4.5,5],"texture":"#2"},"east":{"uv":[4.625,4.875,4.75,5],"texture":"#2"},"south":{"uv":[4.5,4.875,4.75,5],"texture":"#2"},"west":{"uv":[4.5,4.875,4.625,5],"texture":"#2"},"up":{"uv":[4.5,4.875,4.75,5],"texture":"#2"},"down":{"uv":[4.5,4.875,4.75,5],"texture":"#2"}}},{"name":"crystal_frostcythe_109","from":[5.90625,15.625,7.96875],"to":[6.15625,16.125,8.03125],"rotation":{"angle":0,"axis":"y","origin":[-4.09375,0,-1.3125]},"faces":{"north":{"uv":[3.25,5,3,5.5],"texture":"#2"},"east":{"uv":[3.125,5,3.25,5.5],"texture":"#2"},"south":{"uv":[3,5,3.25,5.5],"texture":"#2"},"west":{"uv":[3,5,3.125,5.5],"texture":"#2"},"up":{"uv":[3,5,3.25,5.125],"texture":"#2"},"down":{"uv":[3,5.375,3.25,5.5],"texture":"#2"}}},{"name":"crystal_frostcythe_110","from":[6.78125,16,7.96875],"to":[7.03125,16.125,8.03125],"rotation":{"angle":0,"axis":"y","origin":[-4.09375,0,-1.3125]},"faces":{"north":{"uv":[4.125,5,3.875,5.125],"texture":"#2"},"east":{"uv":[4,5,4.125,5.125],"texture":"#2"},"south":{"uv":[3.875,5,4.125,5.125],"texture":"#2"},"west":{"uv":[3.875,5,4,5.125],"texture":"#2"},"up":{"uv":[3.875,5,4.125,5.125],"texture":"#2"},"down":{"uv":[3.875,5,4.125,5.125],"texture":"#2"}}},{"name":"crystal_frostcythe_113","from":[5.65625,15.5,7.96875],"to":[5.90625,16,8.03125],"rotation":{"angle":0,"axis":"y","origin":[-4.09375,0,-1.3125]},"faces":{"north":{"uv":[3,5.125,2.75,5.625],"texture":"#2"},"east":{"uv":[2.875,5.125,3,5.625],"texture":"#2"},"south":{"uv":[2.75,5.125,3,5.625],"texture":"#2"},"west":{"uv":[2.75,5.125,2.875,5.625],"texture":"#2"},"up":{"uv":[2.75,5.125,3,5.25],"texture":"#2"},"down":{"uv":[2.75,5.5,3,5.625],"texture":"#2"}}},{"name":"crystal_frostcythe_115","from":[5.40625,15.375,7.96875],"to":[5.65625,15.875,8.03125],"rotation":{"angle":0,"axis":"y","origin":[-4.09375,0,-1.3125]},"faces":{"north":{"uv":[2.75,5.25,2.5,5.75],"texture":"#2"},"east":{"uv":[2.625,5.25,2.75,5.75],"texture":"#2"},"south":{"uv":[2.5,5.25,2.75,5.75],"texture":"#2"},"west":{"uv":[2.5,5.25,2.625,5.75],"texture":"#2"},"up":{"uv":[2.5,5.25,2.75,5.375],"texture":"#2"},"down":{"uv":[2.5,5.625,2.75,5.75],"texture":"#2"}}},{"name":"crystal_frostcythe_116","from":[6.15625,15.75,7.96875],"to":[6.40625,15.875,8.03125],"rotation":{"angle":0,"axis":"y","origin":[-4.09375,0,-1.3125]},"faces":{"north":{"uv":[3.5,5.25,3.25,5.375],"texture":"#2"},"east":{"uv":[3.375,5.25,3.5,5.375],"texture":"#2"},"south":{"uv":[3.25,5.25,3.5,5.375],"texture":"#2"},"west":{"uv":[3.25,5.25,3.375,5.375],"texture":"#2"},"up":{"uv":[3.25,5.25,3.5,5.375],"texture":"#2"},"down":{"uv":[3.25,5.25,3.5,5.375],"texture":"#2"}}},{"name":"crystal_frostcythe_117","from":[5.28125,15.25,7.96875],"to":[5.40625,15.75,8.03125],"rotation":{"angle":0,"axis":"y","origin":[-4.09375,0,-1.3125]},"faces":{"north":{"uv":[2.5,5.375,2.375,5.875],"texture":"#2"},"east":{"uv":[2.375,5.375,2.5,5.875],"texture":"#2"},"south":{"uv":[2.375,5.375,2.5,5.875],"texture":"#2"},"west":{"uv":[2.375,5.375,2.5,5.875],"texture":"#2"},"up":{"uv":[2.375,5.375,2.5,5.5],"texture":"#2"},"down":{"uv":[2.375,5.75,2.5,5.875],"texture":"#2"}}},{"name":"crystal_frostcythe_119","from":[5.03125,15.125,7.96875],"to":[5.28125,15.625,8.03125],"rotation":{"angle":0,"axis":"y","origin":[-4.09375,0,-1.3125]},"faces":{"north":{"uv":[2.375,5.5,2.125,6],"texture":"#2"},"east":{"uv":[2.25,5.5,2.375,6],"texture":"#2"},"south":{"uv":[2.125,5.5,2.375,6],"texture":"#2"},"west":{"uv":[2.125,5.5,2.25,6],"texture":"#2"},"up":{"uv":[2.125,5.5,2.375,5.625],"texture":"#2"},"down":{"uv":[2.125,5.875,2.375,6],"texture":"#2"}}},{"name":"crystal_frostcythe_120","from":[4.90625,15,7.96875],"to":[5.03125,15.5,8.03125],"rotation":{"angle":0,"axis":"y","origin":[-4.09375,0,-1.3125]},"faces":{"north":{"uv":[2.125,5.625,2,6.125],"texture":"#2"},"east":{"uv":[2,5.625,2.125,6.125],"texture":"#2"},"south":{"uv":[2,5.625,2.125,6.125],"texture":"#2"},"west":{"uv":[2,5.625,2.125,6.125],"texture":"#2"},"up":{"uv":[2,5.625,2.125,5.75],"texture":"#2"},"down":{"uv":[2,6,2.125,6.125],"texture":"#2"}}},{"name":"crystal_frostcythe_122","from":[4.65625,14.875,7.96875],"to":[4.90625,15.375,8.03125],"rotation":{"angle":0,"axis":"y","origin":[-4.09375,0,-1.3125]},"faces":{"north":{"uv":[2,5.75,1.75,6.25],"texture":"#2"},"east":{"uv":[1.875,5.75,2,6.25],"texture":"#2"},"south":{"uv":[1.75,5.75,2,6.25],"texture":"#2"},"west":{"uv":[1.75,5.75,1.875,6.25],"texture":"#2"},"up":{"uv":[1.75,5.75,2,5.875],"texture":"#2"},"down":{"uv":[1.75,6.125,2,6.25],"texture":"#2"}}},{"name":"crystal_frostcythe_123","from":[5.40625,15.25,7.96875],"to":[5.53125,15.375,8.03125],"rotation":{"angle":0,"axis":"y","origin":[-4.09375,0,-1.3125]},"faces":{"north":{"uv":[2.625,5.75,2.5,5.875],"texture":"#2"},"east":{"uv":[2.5,5.75,2.625,5.875],"texture":"#2"},"south":{"uv":[2.5,5.75,2.625,5.875],"texture":"#2"},"west":{"uv":[2.5,5.75,2.625,5.875],"texture":"#2"},"up":{"uv":[2.5,5.75,2.625,5.875],"texture":"#2"},"down":{"uv":[2.5,5.75,2.625,5.875],"texture":"#2"}}},{"name":"crystal_frostcythe_124","from":[4.53125,14.625,7.96875],"to":[4.65625,15.25,8.03125],"rotation":{"angle":0,"axis":"y","origin":[-4.09375,0,-1.3125]},"faces":{"north":{"uv":[1.75,5.875,1.625,6.5],"texture":"#2"},"east":{"uv":[1.625,5.875,1.75,6.5],"texture":"#2"},"south":{"uv":[1.625,5.875,1.75,6.5],"texture":"#2"},"west":{"uv":[1.625,5.875,1.75,6.5],"texture":"#2"},"up":{"uv":[1.625,5.875,1.75,6],"texture":"#2"},"down":{"uv":[1.625,6.375,1.75,6.5],"texture":"#2"}}},{"name":"crystal_frostcythe_126","from":[4.40625,14.5,7.96875],"to":[4.53125,15.125,8.03125],"rotation":{"angle":0,"axis":"y","origin":[-4.09375,0,-1.3125]},"faces":{"north":{"uv":[1.625,6,1.5,6.625],"texture":"#2"},"east":{"uv":[1.5,6,1.625,6.625],"texture":"#2"},"south":{"uv":[1.5,6,1.625,6.625],"texture":"#2"},"west":{"uv":[1.5,6,1.625,6.625],"texture":"#2"},"up":{"uv":[1.5,6,1.625,6.125],"texture":"#2"},"down":{"uv":[1.5,6.5,1.625,6.625],"texture":"#2"}}},{"name":"crystal_frostcythe_127","from":[5.03125,15,7.96875],"to":[5.15625,15.125,8.03125],"rotation":{"angle":0,"axis":"y","origin":[-4.09375,0,-1.3125]},"faces":{"north":{"uv":[2.25,6,2.125,6.125],"texture":"#2"},"east":{"uv":[2.125,6,2.25,6.125],"texture":"#2"},"south":{"uv":[2.125,6,2.25,6.125],"texture":"#2"},"west":{"uv":[2.125,6,2.25,6.125],"texture":"#2"},"up":{"uv":[2.125,6,2.25,6.125],"texture":"#2"},"down":{"uv":[2.125,6,2.25,6.125],"texture":"#2"}}},{"name":"crystal_frostcythe_128","from":[4.28125,14.375,7.96875],"to":[4.40625,15,8.03125],"rotation":{"angle":0,"axis":"y","origin":[-4.09375,0,-1.3125]},"faces":{"north":{"uv":[1.5,6.125,1.375,6.75],"texture":"#2"},"east":{"uv":[1.375,6.125,1.5,6.75],"texture":"#2"},"south":{"uv":[1.375,6.125,1.5,6.75],"texture":"#2"},"west":{"uv":[1.375,6.125,1.5,6.75],"texture":"#2"},"up":{"uv":[1.375,6.125,1.5,6.25],"texture":"#2"},"down":{"uv":[1.375,6.625,1.5,6.75],"texture":"#2"}}},{"name":"crystal_frostcythe_130","from":[4.15625,14.25,7.96875],"to":[4.28125,14.875,8.03125],"rotation":{"angle":0,"axis":"y","origin":[-4.09375,0,-1.3125]},"faces":{"north":{"uv":[1.375,6.25,1.25,6.875],"texture":"#2"},"east":{"uv":[1.25,6.25,1.375,6.875],"texture":"#2"},"south":{"uv":[1.25,6.25,1.375,6.875],"texture":"#2"},"west":{"uv":[1.25,6.25,1.375,6.875],"texture":"#2"},"up":{"uv":[1.25,6.25,1.375,6.375],"texture":"#2"},"down":{"uv":[1.25,6.75,1.375,6.875],"texture":"#2"}}},{"name":"crystal_frostcythe_131","from":[4.65625,14.75,7.96875],"to":[4.78125,14.875,8.03125],"rotation":{"angle":0,"axis":"y","origin":[-4.09375,0,-1.3125]},"faces":{"north":{"uv":[1.875,6.25,1.75,6.375],"texture":"#2"},"east":{"uv":[1.75,6.25,1.875,6.375],"texture":"#2"},"south":{"uv":[1.75,6.25,1.875,6.375],"texture":"#2"},"west":{"uv":[1.75,6.25,1.875,6.375],"texture":"#2"},"up":{"uv":[1.75,6.25,1.875,6.375],"texture":"#2"},"down":{"uv":[1.75,6.25,1.875,6.375],"texture":"#2"}}},{"name":"crystal_frostcythe_132","from":[4.03125,14,7.96875],"to":[4.15625,14.75,8.03125],"rotation":{"angle":0,"axis":"y","origin":[-4.09375,0,-1.3125]},"faces":{"north":{"uv":[1.25,6.375,1.125,7.125],"texture":"#2"},"east":{"uv":[1.125,6.375,1.25,7.125],"texture":"#2"},"south":{"uv":[1.125,6.375,1.25,7.125],"texture":"#2"},"west":{"uv":[1.125,6.375,1.25,7.125],"texture":"#2"},"up":{"uv":[1.125,6.375,1.25,6.5],"texture":"#2"},"down":{"uv":[1.125,7,1.25,7.125],"texture":"#2"}}},{"name":"crystal_frostcythe_133","from":[3.90625,13.875,7.96875],"to":[4.03125,14.625,8.03125],"rotation":{"angle":0,"axis":"y","origin":[-4.09375,0,-1.3125]},"faces":{"north":{"uv":[1.125,6.5,1,7.25],"texture":"#2"},"east":{"uv":[1,6.5,1.125,7.25],"texture":"#2"},"south":{"uv":[1,6.5,1.125,7.25],"texture":"#2"},"west":{"uv":[1,6.5,1.125,7.25],"texture":"#2"},"up":{"uv":[1,6.5,1.125,6.625],"texture":"#2"},"down":{"uv":[1,7.125,1.125,7.25],"texture":"#2"}}},{"name":"crystal_frostcythe_135","from":[3.78125,13.625,7.96875],"to":[3.90625,14.375,8.03125],"rotation":{"angle":0,"axis":"y","origin":[-4.09375,0,-1.3125]},"faces":{"north":{"uv":[1,6.75,0.875,7.5],"texture":"#2"},"east":{"uv":[0.875,6.75,1,7.5],"texture":"#2"},"south":{"uv":[0.875,6.75,1,7.5],"texture":"#2"},"west":{"uv":[0.875,6.75,1,7.5],"texture":"#2"},"up":{"uv":[0.875,6.75,1,6.875],"texture":"#2"},"down":{"uv":[0.875,7.375,1,7.5],"texture":"#2"}}},{"name":"crystal_frostcythe_137","from":[3.65625,13.375,7.96875],"to":[3.78125,13.875,8.03125],"rotation":{"angle":0,"axis":"y","origin":[-4.09375,0,-1.3125]},"faces":{"north":{"uv":[0.875,7.25,0.75,7.75],"texture":"#2"},"east":{"uv":[0.75,7.25,0.875,7.75],"texture":"#2"},"south":{"uv":[0.75,7.25,0.875,7.75],"texture":"#2"},"west":{"uv":[0.75,7.25,0.875,7.75],"texture":"#2"},"up":{"uv":[0.75,7.25,0.875,7.375],"texture":"#2"},"down":{"uv":[0.75,7.625,0.875,7.75],"texture":"#2"}}},{"name":"crystal_frostcythe_138","from":[3.53125,13,7.96875],"to":[3.65625,13.5,8.03125],"rotation":{"angle":0,"axis":"y","origin":[-4.09375,0,-1.3125]},"faces":{"north":{"uv":[0.75,7.625,0.625,8.125],"texture":"#2"},"east":{"uv":[0.625,7.625,0.75,8.125],"texture":"#2"},"south":{"uv":[0.625,7.625,0.75,8.125],"texture":"#2"},"west":{"uv":[0.625,7.625,0.75,8.125],"texture":"#2"},"up":{"uv":[0.625,7.625,0.75,7.75],"texture":"#2"},"down":{"uv":[0.625,8,0.75,8.125],"texture":"#2"}}},{"name":"crystal_frostcythe_139","from":[10.40625,2,7.75],"to":[10.53125,2.375,8.25],"rotation":{"angle":0,"axis":"y","origin":[-4.09375,0,-1.3125]},"faces":{"north":{"uv":[8.25,12.625,8.125,13],"texture":"#2"},"east":{"uv":[8.125,12.625,8.25,13],"texture":"#2"},"south":{"uv":[8.125,12.625,8.25,13],"texture":"#2"},"west":{"uv":[8.125,12.625,8.25,13],"texture":"#2"},"up":{"uv":[8.125,12.625,8.25,12.75],"texture":"#2"},"down":{"uv":[8.125,12.875,8.25,13],"texture":"#2"}}},{"name":"crystal_frostcythe_140","from":[10.28125,1.875,7.75],"to":[10.40625,2.25,8.25],"rotation":{"angle":0,"axis":"y","origin":[-4.09375,0,-1.3125]},"faces":{"north":{"uv":[8.125,12.75,8,13.125],"texture":"#2"},"east":{"uv":[8,12.75,8.125,13.125],"texture":"#2"},"south":{"uv":[8,12.75,8.125,13.125],"texture":"#2"},"west":{"uv":[8,12.75,8.125,13.125],"texture":"#2"},"up":{"uv":[8,12.75,8.125,12.875],"texture":"#2"},"down":{"uv":[8,13,8.125,13.125],"texture":"#2"}}},{"name":"crystal_frostcythe_141","from":[10.53125,1.875,7.75],"to":[10.65625,2.25,8.25],"rotation":{"angle":0,"axis":"y","origin":[-4.09375,0,-1.3125]},"faces":{"north":{"uv":[8.375,12.75,8.25,13.125],"texture":"#2"},"east":{"uv":[8.25,12.75,8.375,13.125],"texture":"#2"},"south":{"uv":[8.25,12.75,8.375,13.125],"texture":"#2"},"west":{"uv":[8.25,12.75,8.375,13.125],"texture":"#2"},"up":{"uv":[8.25,12.75,8.375,12.875],"texture":"#2"},"down":{"uv":[8.25,13,8.375,13.125],"texture":"#2"}}},{"name":"crystal_frostcythe_142","from":[10.15625,1.75,7.75],"to":[10.28125,2.125,8.25],"rotation":{"angle":0,"axis":"y","origin":[-4.09375,0,-1.3125]},"faces":{"north":{"uv":[8,12.875,7.875,13.25],"texture":"#2"},"east":{"uv":[7.875,12.875,8,13.25],"texture":"#2"},"south":{"uv":[7.875,12.875,8,13.25],"texture":"#2"},"west":{"uv":[7.875,12.875,8,13.25],"texture":"#2"},"up":{"uv":[7.875,12.875,8,13],"texture":"#2"},"down":{"uv":[7.875,13.125,8,13.25],"texture":"#2"}}},{"name":"crystal_frostcythe_143","from":[10.65625,1.75,7.75],"to":[10.78125,2.125,8.25],"rotation":{"angle":0,"axis":"y","origin":[-4.09375,0,-1.3125]},"faces":{"north":{"uv":[8.5,12.875,8.375,13.25],"texture":"#2"},"east":{"uv":[8.375,12.875,8.5,13.25],"texture":"#2"},"south":{"uv":[8.375,12.875,8.5,13.25],"texture":"#2"},"west":{"uv":[8.375,12.875,8.5,13.25],"texture":"#2"},"up":{"uv":[8.375,12.875,8.5,13],"texture":"#2"},"down":{"uv":[8.375,13.125,8.5,13.25],"texture":"#2"}}},{"name":"crystal_frostcythe_144","from":[10.40625,1.125,7.75],"to":[10.53125,1.625,8.25],"rotation":{"angle":0,"axis":"y","origin":[-4.09375,0,-1.3125]},"faces":{"north":{"uv":[8.25,13.375,8.125,13.875],"texture":"#2"},"east":{"uv":[8.125,13.375,8.25,13.875],"texture":"#2"},"south":{"uv":[8.125,13.375,8.25,13.875],"texture":"#2"},"west":{"uv":[8.125,13.375,8.25,13.875],"texture":"#2"},"up":{"uv":[8.125,13.375,8.25,13.5],"texture":"#2"},"down":{"uv":[8.125,13.75,8.25,13.875],"texture":"#2"}}},{"name":"crystal_frostcythe_145","from":[10.28125,1,7.75],"to":[10.40625,1.5,8.25],"rotation":{"angle":0,"axis":"y","origin":[-4.09375,0,-1.3125]},"faces":{"north":{"uv":[8.125,13.5,8,14],"texture":"#2"},"east":{"uv":[8,13.5,8.125,14],"texture":"#2"},"south":{"uv":[8,13.5,8.125,14],"texture":"#2"},"west":{"uv":[8,13.5,8.125,14],"texture":"#2"},"up":{"uv":[8,13.5,8.125,13.625],"texture":"#2"},"down":{"uv":[8,13.875,8.125,14],"texture":"#2"}}},{"name":"crystal_frostcythe_146","from":[10.53125,1,7.75],"to":[10.65625,1.5,8.25],"rotation":{"angle":0,"axis":"y","origin":[-4.09375,0,-1.3125]},"faces":{"north":{"uv":[8.375,13.5,8.25,14],"texture":"#2"},"east":{"uv":[8.25,13.5,8.375,14],"texture":"#2"},"south":{"uv":[8.25,13.5,8.375,14],"texture":"#2"},"west":{"uv":[8.25,13.5,8.375,14],"texture":"#2"},"up":{"uv":[8.25,13.5,8.375,13.625],"texture":"#2"},"down":{"uv":[8.25,13.875,8.375,14],"texture":"#2"}}},{"name":"crystal_frostcythe_147","from":[10.15625,1.25,7.75],"to":[10.28125,1.375,8.25],"rotation":{"angle":0,"axis":"y","origin":[-4.09375,0,-1.3125]},"faces":{"north":{"uv":[8,13.625,7.875,13.75],"texture":"#2"},"east":{"uv":[7.875,13.625,8,13.75],"texture":"#2"},"south":{"uv":[7.875,13.625,8,13.75],"texture":"#2"},"west":{"uv":[7.875,13.625,8,13.75],"texture":"#2"},"up":{"uv":[7.875,13.625,8,13.75],"texture":"#2"},"down":{"uv":[7.875,13.625,8,13.75],"texture":"#2"}}},{"name":"crystal_frostcythe_148","from":[10.65625,1.25,7.75],"to":[10.78125,1.375,8.25],"rotation":{"angle":0,"axis":"y","origin":[-4.09375,0,-1.3125]},"faces":{"north":{"uv":[8.5,13.625,8.375,13.75],"texture":"#2"},"east":{"uv":[8.375,13.625,8.5,13.75],"texture":"#2"},"south":{"uv":[8.375,13.625,8.5,13.75],"texture":"#2"},"west":{"uv":[8.375,13.625,8.5,13.75],"texture":"#2"},"up":{"uv":[8.375,13.625,8.5,13.75],"texture":"#2"},"down":{"uv":[8.375,13.625,8.5,13.75],"texture":"#2"}}},{"name":"crystal_frostcythe_149","from":[10.40625,0,7.75],"to":[10.53125,1.125,8.25],"rotation":{"angle":0,"axis":"y","origin":[-4.09375,0,-1.3125]},"faces":{"north":{"uv":[6.75,13.875,6.625,15],"texture":"#2"},"east":{"uv":[6.625,13.875,6.75,15],"texture":"#2"},"south":{"uv":[6.625,13.875,6.75,15],"texture":"#2"},"west":{"uv":[6.625,13.875,6.75,15],"texture":"#2"},"up":{"uv":[6.625,13.875,6.75,14],"texture":"#2"},"down":{"uv":[6.625,14.875,6.75,15],"texture":"#2"}}},{"name":"crystal_frostcythe_150","from":[10.28125,0.125,7.75],"to":[10.40625,1,8.25],"rotation":{"angle":0,"axis":"y","origin":[-4.09375,0,-1.3125]},"faces":{"north":{"uv":[6.625,14,6.5,14.875],"texture":"#2"},"east":{"uv":[6.5,14,6.625,14.875],"texture":"#2"},"south":{"uv":[6.5,14,6.625,14.875],"texture":"#2"},"west":{"uv":[6.5,14,6.625,14.875],"texture":"#2"},"up":{"uv":[6.5,14,6.625,14.125],"texture":"#2"},"down":{"uv":[6.5,14.75,6.625,14.875],"texture":"#2"}}},{"name":"crystal_frostcythe_151","from":[10.53125,0.125,7.75],"to":[10.65625,1,8.25],"rotation":{"angle":0,"axis":"y","origin":[-4.09375,0,-1.3125]},"faces":{"north":{"uv":[6.875,14,6.75,14.875],"texture":"#2"},"east":{"uv":[6.75,14,6.875,14.875],"texture":"#2"},"south":{"uv":[6.75,14,6.875,14.875],"texture":"#2"},"west":{"uv":[6.75,14,6.875,14.875],"texture":"#2"},"up":{"uv":[6.75,14,6.875,14.125],"texture":"#2"},"down":{"uv":[6.75,14.75,6.875,14.875],"texture":"#2"}}},{"name":"crystal_frostcythe_152","from":[10.40625,1.625,7.8125],"to":[10.53125,2,8.1875],"rotation":{"angle":0,"axis":"y","origin":[-4.09375,0,-1.3125]},"faces":{"north":{"uv":[14.625,14,14.5,14.375],"texture":"#2"},"east":{"uv":[14.5,14,14.625,14.375],"texture":"#2"},"south":{"uv":[14.5,14,14.625,14.375],"texture":"#2"},"west":{"uv":[14.5,14,14.625,14.375],"texture":"#2"},"up":{"uv":[14.5,14,14.625,14.125],"texture":"#2"},"down":{"uv":[14.5,14.25,14.625,14.375],"texture":"#2"}}},{"name":"crystal_frostcythe_153","from":[10.15625,0.25,7.75],"to":[10.28125,0.875,8.25],"rotation":{"angle":0,"axis":"y","origin":[-4.09375,0,-1.3125]},"faces":{"north":{"uv":[6.5,14.125,6.375,14.75],"texture":"#2"},"east":{"uv":[6.375,14.125,6.5,14.75],"texture":"#2"},"south":{"uv":[6.375,14.125,6.5,14.75],"texture":"#2"},"west":{"uv":[6.375,14.125,6.5,14.75],"texture":"#2"},"up":{"uv":[6.375,14.125,6.5,14.25],"texture":"#2"},"down":{"uv":[6.375,14.625,6.5,14.75],"texture":"#2"}}},{"name":"crystal_frostcythe_154","from":[10.65625,0.25,7.75],"to":[10.78125,0.875,8.25],"rotation":{"angle":0,"axis":"y","origin":[-4.09375,0,-1.3125]},"faces":{"north":{"uv":[7,14.125,6.875,14.75],"texture":"#2"},"east":{"uv":[6.875,14.125,7,14.75],"texture":"#2"},"south":{"uv":[6.875,14.125,7,14.75],"texture":"#2"},"west":{"uv":[6.875,14.125,7,14.75],"texture":"#2"},"up":{"uv":[6.875,14.125,7,14.25],"texture":"#2"},"down":{"uv":[6.875,14.625,7,14.75],"texture":"#2"}}},{"name":"crystal_frostcythe_155","from":[10.28125,1.5,7.8125],"to":[10.40625,1.875,8.1875],"rotation":{"angle":0,"axis":"y","origin":[-4.09375,0,-1.3125]},"faces":{"north":{"uv":[14.5,14.125,14.375,14.5],"texture":"#2"},"east":{"uv":[14.375,14.125,14.5,14.5],"texture":"#2"},"south":{"uv":[14.375,14.125,14.5,14.5],"texture":"#2"},"west":{"uv":[14.375,14.125,14.5,14.5],"texture":"#2"},"up":{"uv":[14.375,14.125,14.5,14.25],"texture":"#2"},"down":{"uv":[14.375,14.375,14.5,14.5],"texture":"#2"}}},{"name":"crystal_frostcythe_156","from":[10.53125,1.5,7.8125],"to":[10.65625,1.875,8.1875],"rotation":{"angle":0,"axis":"y","origin":[-4.09375,0,-1.3125]},"faces":{"north":{"uv":[14.75,14.125,14.625,14.5],"texture":"#2"},"east":{"uv":[14.625,14.125,14.75,14.5],"texture":"#2"},"south":{"uv":[14.625,14.125,14.75,14.5],"texture":"#2"},"west":{"uv":[14.625,14.125,14.75,14.5],"texture":"#2"},"up":{"uv":[14.625,14.125,14.75,14.25],"texture":"#2"},"down":{"uv":[14.625,14.375,14.75,14.5],"texture":"#2"}}},{"name":"crystal_frostcythe_157","from":[10.03125,0.375,7.75],"to":[10.15625,0.75,8.25],"rotation":{"angle":0,"axis":"y","origin":[-4.09375,0,-1.3125]},"faces":{"north":{"uv":[6.375,14.25,6.25,14.625],"texture":"#2"},"east":{"uv":[6.25,14.25,6.375,14.625],"texture":"#2"},"south":{"uv":[6.25,14.25,6.375,14.625],"texture":"#2"},"west":{"uv":[6.25,14.25,6.375,14.625],"texture":"#2"},"up":{"uv":[6.25,14.25,6.375,14.375],"texture":"#2"},"down":{"uv":[6.25,14.5,6.375,14.625],"texture":"#2"}}},{"name":"crystal_frostcythe_158","from":[10.78125,0.375,7.75],"to":[10.90625,0.75,8.25],"rotation":{"angle":0,"axis":"y","origin":[-4.09375,0,-1.3125]},"faces":{"north":{"uv":[7.125,14.25,7,14.625],"texture":"#2"},"east":{"uv":[7,14.25,7.125,14.625],"texture":"#2"},"south":{"uv":[7,14.25,7.125,14.625],"texture":"#2"},"west":{"uv":[7,14.25,7.125,14.625],"texture":"#2"},"up":{"uv":[7,14.25,7.125,14.375],"texture":"#2"},"down":{"uv":[7,14.5,7.125,14.625],"texture":"#2"}}},{"name":"crystal_frostcythe_159","from":[9.90625,0.5,7.75],"to":[10.03125,0.625,8.25],"rotation":{"angle":0,"axis":"y","origin":[-4.09375,0,-1.3125]},"faces":{"north":{"uv":[6.25,14.375,6.125,14.5],"texture":"#2"},"east":{"uv":[6.125,14.375,6.25,14.5],"texture":"#2"},"south":{"uv":[6.125,14.375,6.25,14.5],"texture":"#2"},"west":{"uv":[6.125,14.375,6.25,14.5],"texture":"#2"},"up":{"uv":[6.125,14.375,6.25,14.5],"texture":"#2"},"down":{"uv":[6.125,14.375,6.25,14.5],"texture":"#2"}}},{"name":"crystal_frostcythe_160","from":[10.90625,0.5,7.75],"to":[11.03125,0.625,8.25],"rotation":{"angle":0,"axis":"y","origin":[-4.09375,0,-1.3125]},"faces":{"north":{"uv":[7.25,14.375,7.125,14.5],"texture":"#2"},"east":{"uv":[7.125,14.375,7.25,14.5],"texture":"#2"},"south":{"uv":[7.125,14.375,7.25,14.5],"texture":"#2"},"west":{"uv":[7.125,14.375,7.25,14.5],"texture":"#2"},"up":{"uv":[7.125,14.375,7.25,14.5],"texture":"#2"},"down":{"uv":[7.125,14.375,7.25,14.5],"texture":"#2"}}},{"name":"crystal_frostcythe_161","from":[10.15625,0.125,7.875],"to":[10.28125,0.25,8.125],"rotation":{"angle":0,"axis":"y","origin":[-4.09375,0,-1.3125]},"faces":{"north":{"uv":[8,14.75,7.875,14.875],"texture":"#2"},"east":{"uv":[7.875,14.75,8,14.875],"texture":"#2"},"south":{"uv":[7.875,14.75,8,14.875],"texture":"#2"},"west":{"uv":[7.875,14.75,8,14.875],"texture":"#2"},"up":{"uv":[7.875,14.75,8,14.875],"texture":"#2"},"down":{"uv":[7.875,14.75,8,14.875],"texture":"#2"}}},{"name":"crystal_frostcythe_162","from":[10.65625,0.125,7.875],"to":[10.78125,0.25,8.125],"rotation":{"angle":0,"axis":"y","origin":[-4.09375,0,-1.3125]},"faces":{"north":{"uv":[8.5,14.75,8.375,14.875],"texture":"#2"},"east":{"uv":[8.375,14.75,8.5,14.875],"texture":"#2"},"south":{"uv":[8.375,14.75,8.5,14.875],"texture":"#2"},"west":{"uv":[8.375,14.75,8.5,14.875],"texture":"#2"},"up":{"uv":[8.375,14.75,8.5,14.875],"texture":"#2"},"down":{"uv":[8.375,14.75,8.5,14.875],"texture":"#2"}}},{"name":"crystal_frostcythe_163","from":[10.28125,-0.375,7.875],"to":[10.40625,0.125,8.125],"rotation":{"angle":0,"axis":"y","origin":[-4.09375,0,-1.3125]},"faces":{"north":{"uv":[8.125,14.875,8,15.375],"texture":"#2"},"east":{"uv":[8,14.875,8.125,15.375],"texture":"#2"},"south":{"uv":[8,14.875,8.125,15.375],"texture":"#2"},"west":{"uv":[8,14.875,8.125,15.375],"texture":"#2"},"up":{"uv":[8,14.875,8.125,15],"texture":"#2"},"down":{"uv":[8,15.25,8.125,15.375],"texture":"#2"}}},{"name":"crystal_frostcythe_164","from":[10.53125,-0.375,7.875],"to":[10.65625,0.125,8.125],"rotation":{"angle":0,"axis":"y","origin":[-4.09375,0,-1.3125]},"faces":{"north":{"uv":[8.375,14.875,8.25,15.375],"texture":"#2"},"east":{"uv":[8.25,14.875,8.375,15.375],"texture":"#2"},"south":{"uv":[8.25,14.875,8.375,15.375],"texture":"#2"},"west":{"uv":[8.25,14.875,8.375,15.375],"texture":"#2"},"up":{"uv":[8.25,14.875,8.375,15],"texture":"#2"},"down":{"uv":[8.25,15.25,8.375,15.375],"texture":"#2"}}},{"name":"crystal_frostcythe_165","from":[10.40625,-1,7.875],"to":[10.53125,0,8.125],"rotation":{"angle":0,"axis":"y","origin":[-4.09375,0,-1.3125]},"faces":{"north":{"uv":[8.25,15,8.125,16],"texture":"#2"},"east":{"uv":[8.125,15,8.25,16],"texture":"#2"},"south":{"uv":[8.125,15,8.25,16],"texture":"#2"},"west":{"uv":[8.125,15,8.25,16],"texture":"#2"},"up":{"uv":[8.125,15,8.25,15.125],"texture":"#2"},"down":{"uv":[8.125,15.875,8.25,16],"texture":"#2"}}},{"name":"crystal_frostcythe_0","from":[9.90625,17.375,7.75],"to":[10.03125,18.125,8.25],"rotation":{"angle":0,"axis":"y","origin":[-4.09375,0,-1.3125]},"faces":{"north":{"uv":[7.75,0,7.625,0.75],"texture":"#2"},"east":{"uv":[7.625,0,7.75,0.75],"texture":"#2"},"south":{"uv":[7.625,0,7.75,0.75],"texture":"#2"},"west":{"uv":[7.625,0,7.75,0.75],"texture":"#2"},"up":{"uv":[7.625,0,7.75,0.125],"texture":"#2"},"down":{"uv":[7.625,0.625,7.75,0.75],"texture":"#2"}}},{"name":"crystal_frostcythe_1","from":[10.90625,17.375,7.75],"to":[11.03125,18.125,8.25],"rotation":{"angle":0,"axis":"y","origin":[-4.09375,0,-1.3125]},"faces":{"north":{"uv":[8.75,0,8.625,0.75],"texture":"#2"},"east":{"uv":[8.625,0,8.75,0.75],"texture":"#2"},"south":{"uv":[8.625,0,8.75,0.75],"texture":"#2"},"west":{"uv":[8.625,0,8.75,0.75],"texture":"#2"},"up":{"uv":[8.625,0,8.75,0.125],"texture":"#2"},"down":{"uv":[8.625,0.625,8.75,0.75],"texture":"#2"}}},{"name":"crystal_frostcythe_2","from":[9.78125,17.25,7.75],"to":[9.90625,18,8.25],"rotation":{"angle":0,"axis":"y","origin":[-4.09375,0,-1.3125]},"faces":{"north":{"uv":[7.625,0.125,7.5,0.875],"texture":"#2"},"east":{"uv":[7.5,0.125,7.625,0.875],"texture":"#2"},"south":{"uv":[7.5,0.125,7.625,0.875],"texture":"#2"},"west":{"uv":[7.5,0.125,7.625,0.875],"texture":"#2"},"up":{"uv":[7.5,0.125,7.625,0.25],"texture":"#2"},"down":{"uv":[7.5,0.75,7.625,0.875],"texture":"#2"}}},{"name":"crystal_frostcythe_3","from":[11.03125,17.25,7.75],"to":[11.15625,18,8.25],"rotation":{"angle":0,"axis":"y","origin":[-4.09375,0,-1.3125]},"faces":{"north":{"uv":[8.875,0.125,8.75,0.875],"texture":"#2"},"east":{"uv":[8.75,0.125,8.875,0.875],"texture":"#2"},"south":{"uv":[8.75,0.125,8.875,0.875],"texture":"#2"},"west":{"uv":[8.75,0.125,8.875,0.875],"texture":"#2"},"up":{"uv":[8.75,0.125,8.875,0.25],"texture":"#2"},"down":{"uv":[8.75,0.75,8.875,0.875],"texture":"#2"}}},{"name":"crystal_frostcythe_4","from":[8.40625,17.75,7.75],"to":[9.78125,17.875,8.25],"rotation":{"angle":0,"axis":"y","origin":[-4.09375,0,-1.3125]},"faces":{"north":{"uv":[7.5,0.25,6.125,0.375],"texture":"#2"},"east":{"uv":[7.375,0.25,7.5,0.375],"texture":"#2"},"south":{"uv":[6.125,0.25,7.5,0.375],"texture":"#2"},"west":{"uv":[6.125,0.25,6.25,0.375],"texture":"#2"},"up":{"uv":[6.125,0.25,7.5,0.375],"texture":"#2"},"down":{"uv":[6.125,0.25,7.5,0.375],"texture":"#2"}}},{"name":"crystal_frostcythe_5","from":[11.15625,17.125,7.75],"to":[11.90625,17.875,8.25],"rotation":{"angle":0,"axis":"y","origin":[-4.09375,0,-1.3125]},"faces":{"north":{"uv":[9.625,0.25,8.875,1],"texture":"#2"},"east":{"uv":[9.5,0.25,9.625,1],"texture":"#2"},"south":{"uv":[8.875,0.25,9.625,1],"texture":"#2"},"west":{"uv":[8.875,0.25,9,1],"texture":"#2"},"up":{"uv":[8.875,0.25,9.625,0.375],"texture":"#2"},"down":{"uv":[8.875,0.875,9.625,1],"texture":"#2"}}},{"name":"crystal_frostcythe_6","from":[11.90625,17.5,7.75],"to":[12.28125,17.875,8.25],"rotation":{"angle":0,"axis":"y","origin":[-4.09375,0,-1.3125]},"faces":{"north":{"uv":[10,0.25,9.625,0.625],"texture":"#2"},"east":{"uv":[9.875,0.25,10,0.625],"texture":"#2"},"south":{"uv":[9.625,0.25,10,0.625],"texture":"#2"},"west":{"uv":[9.625,0.25,9.75,0.625],"texture":"#2"},"up":{"uv":[9.625,0.25,10,0.375],"texture":"#2"},"down":{"uv":[9.625,0.5,10,0.625],"texture":"#2"}}},{"name":"crystal_frostcythe_7","from":[12.28125,17.75,7.75],"to":[12.53125,17.875,8.25],"rotation":{"angle":0,"axis":"y","origin":[-4.09375,0,-1.3125]},"faces":{"north":{"uv":[10.25,0.25,10,0.375],"texture":"#2"},"east":{"uv":[10.125,0.25,10.25,0.375],"texture":"#2"},"south":{"uv":[10,0.25,10.25,0.375],"texture":"#2"},"west":{"uv":[10,0.25,10.125,0.375],"texture":"#2"},"up":{"uv":[10,0.25,10.25,0.375],"texture":"#2"},"down":{"uv":[10,0.25,10.25,0.375],"texture":"#2"}}},{"name":"crystal_frostcythe_8","from":[7.40625,17.625,7.8125],"to":[8.53125,17.75,8.1875],"rotation":{"angle":0,"axis":"y","origin":[-4.09375,0,-1.3125]},"faces":{"north":{"uv":[5.75,0.375,4.625,0.5],"texture":"#2"},"east":{"uv":[5.625,0.375,5.75,0.5],"texture":"#2"},"south":{"uv":[4.625,0.375,5.75,0.5],"texture":"#2"},"west":{"uv":[4.625,0.375,4.75,0.5],"texture":"#2"},"up":{"uv":[4.625,0.375,5.75,0.5],"texture":"#2"},"down":{"uv":[4.625,0.375,5.75,0.5],"texture":"#2"}}},{"name":"crystal_frostcythe_9","from":[8.53125,17.625,7.75],"to":[9.78125,17.75,8.25],"rotation":{"angle":0,"axis":"y","origin":[-4.09375,0,-1.3125]},"faces":{"north":{"uv":[7.5,0.375,6.25,0.5],"texture":"#2"},"east":{"uv":[7.375,0.375,7.5,0.5],"texture":"#2"},"south":{"uv":[6.25,0.375,7.5,0.5],"texture":"#2"},"west":{"uv":[6.25,0.375,6.375,0.5],"texture":"#2"},"up":{"uv":[6.25,0.375,7.5,0.5],"texture":"#2"},"down":{"uv":[6.25,0.375,7.5,0.5],"texture":"#2"}}},{"name":"crystal_frostcythe_10","from":[12.28125,17.625,7.75],"to":[12.40625,17.75,8.25],"rotation":{"angle":0,"axis":"y","origin":[-4.09375,0,-1.3125]},"faces":{"north":{"uv":[10.125,0.375,10,0.5],"texture":"#2"},"east":{"uv":[10,0.375,10.125,0.5],"texture":"#2"},"south":{"uv":[10,0.375,10.125,0.5],"texture":"#2"},"west":{"uv":[10,0.375,10.125,0.5],"texture":"#2"},"up":{"uv":[10,0.375,10.125,0.5],"texture":"#2"},"down":{"uv":[10,0.375,10.125,0.5],"texture":"#2"}}},{"name":"crystal_frostcythe_11","from":[6.40625,17.5,7.875],"to":[7.53125,17.625,8.125],"rotation":{"angle":0,"axis":"y","origin":[-4.09375,0,-1.3125]},"faces":{"north":{"uv":[4,0.5,2.875,0.625],"texture":"#2"},"east":{"uv":[3.875,0.5,4,0.625],"texture":"#2"},"south":{"uv":[2.875,0.5,4,0.625],"texture":"#2"},"west":{"uv":[2.875,0.5,3,0.625],"texture":"#2"},"up":{"uv":[2.875,0.5,4,0.625],"texture":"#2"},"down":{"uv":[2.875,0.5,4,0.625],"texture":"#2"}}},{"name":"crystal_frostcythe_12","from":[7.53125,17.5,7.8125],"to":[8.65625,17.625,8.1875],"rotation":{"angle":0,"axis":"y","origin":[-4.09375,0,-1.3125]},"faces":{"north":{"uv":[5.875,0.5,4.75,0.625],"texture":"#2"},"east":{"uv":[5.75,0.5,5.875,0.625],"texture":"#2"},"south":{"uv":[4.75,0.5,5.875,0.625],"texture":"#2"},"west":{"uv":[4.75,0.5,4.875,0.625],"texture":"#2"},"up":{"uv":[4.75,0.5,5.875,0.625],"texture":"#2"},"down":{"uv":[4.75,0.5,5.875,0.625],"texture":"#2"}}},{"name":"crystal_frostcythe_13","from":[8.65625,17.5,7.75],"to":[9.78125,17.625,8.25],"rotation":{"angle":0,"axis":"y","origin":[-4.09375,0,-1.3125]},"faces":{"north":{"uv":[7.5,0.5,6.375,0.625],"texture":"#2"},"east":{"uv":[7.375,0.5,7.5,0.625],"texture":"#2"},"south":{"uv":[6.375,0.5,7.5,0.625],"texture":"#2"},"west":{"uv":[6.375,0.5,6.5,0.625],"texture":"#2"},"up":{"uv":[6.375,0.5,7.5,0.625],"texture":"#2"},"down":{"uv":[6.375,0.5,7.5,0.625],"texture":"#2"}}},{"name":"crystal_frostcythe_14","from":[6.53125,17.375,7.875],"to":[7.65625,17.5,8.125],"rotation":{"angle":0,"axis":"y","origin":[-4.09375,0,-1.3125]},"faces":{"north":{"uv":[4.125,0.625,3,0.75],"texture":"#2"},"east":{"uv":[4,0.625,4.125,0.75],"texture":"#2"},"south":{"uv":[3,0.625,4.125,0.75],"texture":"#2"},"west":{"uv":[3,0.625,3.125,0.75],"texture":"#2"},"up":{"uv":[3,0.625,4.125,0.75],"texture":"#2"},"down":{"uv":[3,0.625,4.125,0.75],"texture":"#2"}}},{"name":"crystal_frostcythe_15","from":[7.65625,17.375,7.8125],"to":[8.78125,17.5,8.1875],"rotation":{"angle":0,"axis":"y","origin":[-4.09375,0,-1.3125]},"faces":{"north":{"uv":[6,0.625,4.875,0.75],"texture":"#2"},"east":{"uv":[5.875,0.625,6,0.75],"texture":"#2"},"south":{"uv":[4.875,0.625,6,0.75],"texture":"#2"},"west":{"uv":[4.875,0.625,5,0.75],"texture":"#2"},"up":{"uv":[4.875,0.625,6,0.75],"texture":"#2"},"down":{"uv":[4.875,0.625,6,0.75],"texture":"#2"}}},{"name":"crystal_frostcythe_16","from":[8.78125,17.375,7.75],"to":[9.78125,17.5,8.25],"rotation":{"angle":0,"axis":"y","origin":[-4.09375,0,-1.3125]},"faces":{"north":{"uv":[7.5,0.625,6.5,0.75],"texture":"#2"},"east":{"uv":[7.375,0.625,7.5,0.75],"texture":"#2"},"south":{"uv":[6.5,0.625,7.5,0.75],"texture":"#2"},"west":{"uv":[6.5,0.625,6.625,0.75],"texture":"#2"},"up":{"uv":[6.5,0.625,7.5,0.75],"texture":"#2"},"down":{"uv":[6.5,0.625,7.5,0.75],"texture":"#2"}}},{"name":"crystal_frostcythe_17","from":[11.90625,17.375,7.75],"to":[12.15625,17.5,8.25],"rotation":{"angle":0,"axis":"y","origin":[-4.09375,0,-1.3125]},"faces":{"north":{"uv":[9.875,0.625,9.625,0.75],"texture":"#2"},"east":{"uv":[9.75,0.625,9.875,0.75],"texture":"#2"},"south":{"uv":[9.625,0.625,9.875,0.75],"texture":"#2"},"west":{"uv":[9.625,0.625,9.75,0.75],"texture":"#2"},"up":{"uv":[9.625,0.625,9.875,0.75],"texture":"#2"},"down":{"uv":[9.625,0.625,9.875,0.75],"texture":"#2"}}},{"name":"crystal_frostcythe_19","from":[6.65625,17.25,7.875],"to":[7.78125,17.375,8.125],"rotation":{"angle":0,"axis":"y","origin":[-4.09375,0,-1.3125]},"faces":{"north":{"uv":[4.25,0.75,3.125,0.875],"texture":"#2"},"east":{"uv":[4.125,0.75,4.25,0.875],"texture":"#2"},"south":{"uv":[3.125,0.75,4.25,0.875],"texture":"#2"},"west":{"uv":[3.125,0.75,3.25,0.875],"texture":"#2"},"up":{"uv":[3.125,0.75,4.25,0.875],"texture":"#2"},"down":{"uv":[3.125,0.75,4.25,0.875],"texture":"#2"}}},{"name":"crystal_frostcythe_20","from":[7.78125,17.25,7.8125],"to":[8.78125,17.375,8.1875],"rotation":{"angle":0,"axis":"y","origin":[-4.09375,0,-1.3125]},"faces":{"north":{"uv":[6,0.75,5,0.875],"texture":"#2"},"east":{"uv":[5.875,0.75,6,0.875],"texture":"#2"},"south":{"uv":[5,0.75,6,0.875],"texture":"#2"},"west":{"uv":[5,0.75,5.125,0.875],"texture":"#2"},"up":{"uv":[5,0.75,6,0.875],"texture":"#2"},"down":{"uv":[5,0.75,6,0.875],"texture":"#2"}}},{"name":"crystal_frostcythe_21","from":[8.90625,17.25,7.75],"to":[9.78125,17.375,8.25],"rotation":{"angle":0,"axis":"y","origin":[-4.09375,0,-1.3125]},"faces":{"north":{"uv":[7.5,0.75,6.625,0.875],"texture":"#2"},"east":{"uv":[7.375,0.75,7.5,0.875],"texture":"#2"},"south":{"uv":[6.625,0.75,7.5,0.875],"texture":"#2"},"west":{"uv":[6.625,0.75,6.75,0.875],"texture":"#2"},"up":{"uv":[6.625,0.75,7.5,0.875],"texture":"#2"},"down":{"uv":[6.625,0.75,7.5,0.875],"texture":"#2"}}},{"name":"crystal_frostcythe_22","from":[11.90625,17.25,7.75],"to":[12.03125,17.375,8.25],"rotation":{"angle":0,"axis":"y","origin":[-4.09375,0,-1.3125]},"faces":{"north":{"uv":[9.75,0.75,9.625,0.875],"texture":"#2"},"east":{"uv":[9.625,0.75,9.75,0.875],"texture":"#2"},"south":{"uv":[9.625,0.75,9.75,0.875],"texture":"#2"},"west":{"uv":[9.625,0.75,9.75,0.875],"texture":"#2"},"up":{"uv":[9.625,0.75,9.75,0.875],"texture":"#2"},"down":{"uv":[9.625,0.75,9.75,0.875],"texture":"#2"}}},{"name":"crystal_frostcythe_23","from":[6.78125,17.125,7.875],"to":[7.90625,17.25,8.125],"rotation":{"angle":0,"axis":"y","origin":[-4.09375,0,-1.3125]},"faces":{"north":{"uv":[4.375,0.875,3.25,1],"texture":"#2"},"east":{"uv":[4.25,0.875,4.375,1],"texture":"#2"},"south":{"uv":[3.25,0.875,4.375,1],"texture":"#2"},"west":{"uv":[3.25,0.875,3.375,1],"texture":"#2"},"up":{"uv":[3.25,0.875,4.375,1],"texture":"#2"},"down":{"uv":[3.25,0.875,4.375,1],"texture":"#2"}}},{"name":"crystal_frostcythe_24","from":[7.90625,17.125,7.8125],"to":[8.65625,17.25,8.1875],"rotation":{"angle":0,"axis":"y","origin":[-4.09375,0,-1.3125]},"faces":{"north":{"uv":[5.875,0.875,5.125,1],"texture":"#2"},"east":{"uv":[5.75,0.875,5.875,1],"texture":"#2"},"south":{"uv":[5.125,0.875,5.875,1],"texture":"#2"},"west":{"uv":[5.125,0.875,5.25,1],"texture":"#2"},"up":{"uv":[5.125,0.875,5.875,1],"texture":"#2"},"down":{"uv":[5.125,0.875,5.875,1],"texture":"#2"}}},{"name":"crystal_frostcythe_25","from":[9.03125,17.125,7.75],"to":[9.78125,17.25,8.25],"rotation":{"angle":0,"axis":"y","origin":[-4.09375,0,-1.3125]},"faces":{"north":{"uv":[7.5,0.875,6.75,1],"texture":"#2"},"east":{"uv":[7.375,0.875,7.5,1],"texture":"#2"},"south":{"uv":[6.75,0.875,7.5,1],"texture":"#2"},"west":{"uv":[6.75,0.875,6.875,1],"texture":"#2"},"up":{"uv":[6.75,0.875,7.5,1],"texture":"#2"},"down":{"uv":[6.75,0.875,7.5,1],"texture":"#2"}}},{"name":"crystal_frostcythe_26","from":[6.90625,17,7.875],"to":[8.03125,17.125,8.125],"rotation":{"angle":0,"axis":"y","origin":[-4.09375,0,-1.3125]},"faces":{"north":{"uv":[4.5,1,3.375,1.125],"texture":"#2"},"east":{"uv":[4.375,1,4.5,1.125],"texture":"#2"},"south":{"uv":[3.375,1,4.5,1.125],"texture":"#2"},"west":{"uv":[3.375,1,3.5,1.125],"texture":"#2"},"up":{"uv":[3.375,1,4.5,1.125],"texture":"#2"},"down":{"uv":[3.375,1,4.5,1.125],"texture":"#2"}}},{"name":"crystal_frostcythe_27","from":[8.03125,16.875,7.8125],"to":[8.53125,17.125,8.1875],"rotation":{"angle":0,"axis":"y","origin":[-4.09375,0,-1.3125]},"faces":{"north":{"uv":[5.75,1,5.25,1.25],"texture":"#2"},"east":{"uv":[5.625,1,5.75,1.25],"texture":"#2"},"south":{"uv":[5.25,1,5.75,1.25],"texture":"#2"},"west":{"uv":[5.25,1,5.375,1.25],"texture":"#2"},"up":{"uv":[5.25,1,5.75,1.125],"texture":"#2"},"down":{"uv":[5.25,1.125,5.75,1.25],"texture":"#2"}}},{"name":"crystal_frostcythe_28","from":[9.15625,16.875,7.75],"to":[9.53125,17.125,8.25],"rotation":{"angle":0,"axis":"y","origin":[-4.09375,0,-1.3125]},"faces":{"north":{"uv":[7.25,1,6.875,1.25],"texture":"#2"},"east":{"uv":[7.125,1,7.25,1.25],"texture":"#2"},"south":{"uv":[6.875,1,7.25,1.25],"texture":"#2"},"west":{"uv":[6.875,1,7,1.25],"texture":"#2"},"up":{"uv":[6.875,1,7.25,1.125],"texture":"#2"},"down":{"uv":[6.875,1.125,7.25,1.25],"texture":"#2"}}},{"name":"crystal_frostcythe_29","from":[9.53125,17,7.75],"to":[9.65625,17.125,8.25],"rotation":{"angle":0,"axis":"y","origin":[-4.09375,0,-1.3125]},"faces":{"north":{"uv":[7.375,1,7.25,1.125],"texture":"#2"},"east":{"uv":[7.25,1,7.375,1.125],"texture":"#2"},"south":{"uv":[7.25,1,7.375,1.125],"texture":"#2"},"west":{"uv":[7.25,1,7.375,1.125],"texture":"#2"},"up":{"uv":[7.25,1,7.375,1.125],"texture":"#2"},"down":{"uv":[7.25,1,7.375,1.125],"texture":"#2"}}},{"name":"crystal_frostcythe_30","from":[11.28125,17,7.75],"to":[11.78125,17.125,8.25],"rotation":{"angle":0,"axis":"y","origin":[-4.09375,0,-1.3125]},"faces":{"north":{"uv":[9.5,1,9,1.125],"texture":"#2"},"east":{"uv":[9.375,1,9.5,1.125],"texture":"#2"},"south":{"uv":[9,1,9.5,1.125],"texture":"#2"},"west":{"uv":[9,1,9.125,1.125],"texture":"#2"},"up":{"uv":[9,1,9.5,1.125],"texture":"#2"},"down":{"uv":[9,1,9.5,1.125],"texture":"#2"}}},{"name":"crystal_frostcythe_33","from":[7.03125,16.75,7.875],"to":[7.40625,17,8.125],"rotation":{"angle":0,"axis":"y","origin":[-4.09375,0,-1.3125]},"faces":{"north":{"uv":[3.875,1.125,3.5,1.375],"texture":"#2"},"east":{"uv":[3.75,1.125,3.875,1.375],"texture":"#2"},"south":{"uv":[3.5,1.125,3.875,1.375],"texture":"#2"},"west":{"uv":[3.5,1.125,3.625,1.375],"texture":"#2"},"up":{"uv":[3.5,1.125,3.875,1.25],"texture":"#2"},"down":{"uv":[3.5,1.25,3.875,1.375],"texture":"#2"}}},{"name":"crystal_frostcythe_34","from":[7.40625,16.875,7.875],"to":[8.03125,17,8.125],"rotation":{"angle":0,"axis":"y","origin":[-4.09375,0,-1.3125]},"faces":{"north":{"uv":[4.5,1.125,3.875,1.25],"texture":"#2"},"east":{"uv":[4.375,1.125,4.5,1.25],"texture":"#2"},"south":{"uv":[3.875,1.125,4.5,1.25],"texture":"#2"},"west":{"uv":[3.875,1.125,4,1.25],"texture":"#2"},"up":{"uv":[3.875,1.125,4.5,1.25],"texture":"#2"},"down":{"uv":[3.875,1.125,4.5,1.25],"texture":"#2"}}},{"name":"crystal_frostcythe_35","from":[11.40625,16.875,7.75],"to":[11.78125,17,8.25],"rotation":{"angle":0,"axis":"y","origin":[-4.09375,0,-1.3125]},"faces":{"north":{"uv":[9.5,1.125,9.125,1.25],"texture":"#2"},"east":{"uv":[9.375,1.125,9.5,1.25],"texture":"#2"},"south":{"uv":[9.125,1.125,9.5,1.25],"texture":"#2"},"west":{"uv":[9.125,1.125,9.25,1.25],"texture":"#2"},"up":{"uv":[9.125,1.125,9.5,1.25],"texture":"#2"},"down":{"uv":[9.125,1.125,9.5,1.25],"texture":"#2"}}}],"gui_light":"front","display":{"thirdperson_righthand":{"rotation":[0,-90,0],"translation":[0,-3.75,-4.5],"scale":[2.4,2.4,2.4]},"thirdperson_lefthand":{"rotation":[0,90,0],"translation":[0,-3.75,-4.5],"scale":[2.4,2.4,2.4]},"firstperson_righthand":{"rotation":[-5,-90,0],"translation":[-1.5,1.25,2.25],"scale":[1.4,1.4,1.4]},"firstperson_lefthand":{"rotation":[-5,90,0],"translation":[-1.5,1.25,2.25],"scale":[1.4,1.4,1.4]},"ground":{"rotation":[0,0,45],"translation":[0,1.25,0.25]},"gui":{"rotation":[0,0,-55],"translation":[-3.75,-0.75,0],"scale":[1.4,1.4,1]},"head":{"rotation":[0,0,45],"translation":[0.75,12.5,0],"scale":[2,2,2]},"fixed":{"rotation":[0,0,90],"translation":[4.5,-10,-0.75],"scale":[4,4,4]}}}