{"credit":"Made with Blockbench","textures":{"hellishvisio":"fantasy_weapons:item/hellishvisio"},"elements":[{"name":"Box1","from":[5.125,5.875,8.0625],"to":[5.375,6.125,8.1875],"faces":{"north":{"uv":[5.375,9.875,5.125,10.125],"texture":"#hellishvisio"},"east":{"uv":[5.375,10.125,5.25,9.875],"rotation":180,"texture":"#hellishvisio"},"south":{"uv":[5.125,9.875,5.375,10.125],"texture":"#hellishvisio"},"west":{"uv":[5.125,9.875,5.25,10.125],"texture":"#hellishvisio"},"up":{"uv":[5.125,10,5.375,9.875],"texture":"#hellishvisio"},"down":{"uv":[5.125,10,5.375,10.125],"texture":"#hellishvisio"}}},{"name":"Box2","from":[5.125,5.375,8.0625],"to":[6.125,5.5,8.1875],"faces":{"north":{"uv":[6.125,10.5,5.125,10.625],"texture":"#hellishvisio"},"east":{"uv":[6.125,10.625,6,10.5],"rotation":180,"texture":"#hellishvisio"},"south":{"uv":[5.125,10.5,6.125,10.625],"texture":"#hellishvisio"},"west":{"uv":[5.125,10.5,5.25,10.625],"texture":"#hellishvisio"},"up":{"uv":[5.125,10.625,6.125,10.5],"texture":"#hellishvisio"},"down":{"uv":[5.125,10.5,6.125,10.625],"texture":"#hellishvisio"}}},{"name":"Box3","from":[5.25,5.625,8.0625],"to":[5.875,5.875,8.1875],"faces":{"north":{"uv":[5.875,10.125,5.25,10.375],"texture":"#hellishvisio"},"east":{"uv":[5.875,10.375,5.75,10.125],"rotation":180,"texture":"#hellishvisio"},"south":{"uv":[5.25,10.125,5.875,10.375],"texture":"#hellishvisio"},"west":{"uv":[5.25,10.125,5.375,10.375],"texture":"#hellishvisio"},"up":{"uv":[5.25,10.25,5.875,10.125],"texture":"#hellishvisio"},"down":{"uv":[5.25,10.25,5.875,10.375],"texture":"#hellishvisio"}}},{"name":"Box4","from":[5.25,5.25,8.0625],"to":[5.375,5.375,8.1875],"faces":{"north":{"uv":[5.375,10.625,5.25,10.75],"texture":"#hellishvisio"},"east":{"uv":[5.375,10.75,5.25,10.625],"rotation":180,"texture":"#hellishvisio"},"south":{"uv":[5.25,10.625,5.375,10.75],"texture":"#hellishvisio"},"west":{"uv":[5.25,10.625,5.375,10.75],"texture":"#hellishvisio"},"up":{"uv":[5.25,10.75,5.375,10.625],"texture":"#hellishvisio"},"down":{"uv":[5.25,10.625,5.375,10.75],"texture":"#hellishvisio"}}},{"name":"Box5","from":[5.375,5.5,8.0625],"to":[5.625,6,8.1875],"faces":{"north":{"uv":[5.625,10,5.375,10.5],"texture":"#hellishvisio"},"east":{"uv":[5.625,10.5,5.5,10],"rotation":180,"texture":"#hellishvisio"},"south":{"uv":[5.375,10,5.625,10.5],"texture":"#hellishvisio"},"west":{"uv":[5.375,10,5.5,10.5],"texture":"#hellishvisio"},"up":{"uv":[5.375,10.125,5.625,10],"texture":"#hellishvisio"},"down":{"uv":[5.375,10.375,5.625,10.5],"texture":"#hellishvisio"}}},{"name":"Box6","from":[5.5,5.25,8.0625],"to":[6.125,5.375,8.1875],"faces":{"north":{"uv":[6.125,10.625,5.5,10.75],"texture":"#hellishvisio"},"east":{"uv":[6.125,10.75,6,10.625],"rotation":180,"texture":"#hellishvisio"},"south":{"uv":[5.5,10.625,6.125,10.75],"texture":"#hellishvisio"},"west":{"uv":[5.5,10.625,5.625,10.75],"texture":"#hellishvisio"},"up":{"uv":[5.5,10.75,6.125,10.625],"texture":"#hellishvisio"},"down":{"uv":[5.5,10.625,6.125,10.75],"texture":"#hellishvisio"}}},{"name":"Box7","from":[5.625,5.5,8.0625],"to":[6,5.625,8.1875],"faces":{"north":{"uv":[6,10.375,5.625,10.5],"texture":"#hellishvisio"},"east":{"uv":[6,10.5,5.875,10.375],"rotation":180,"texture":"#hellishvisio"},"south":{"uv":[5.625,10.375,6,10.5],"texture":"#hellishvisio"},"west":{"uv":[5.625,10.375,5.75,10.5],"texture":"#hellishvisio"},"up":{"uv":[5.625,10.5,6,10.375],"texture":"#hellishvisio"},"down":{"uv":[5.625,10.375,6,10.5],"texture":"#hellishvisio"}}},{"name":"Box8","from":[5.75,5.125,8.0625],"to":[5.875,6.125,8.1875],"faces":{"north":{"uv":[5.875,9.875,5.75,10.875],"texture":"#hellishvisio"},"east":{"uv":[5.875,10.875,5.75,9.875],"rotation":180,"texture":"#hellishvisio"},"south":{"uv":[5.75,9.875,5.875,10.875],"texture":"#hellishvisio"},"west":{"uv":[5.75,9.875,5.875,10.875],"texture":"#hellishvisio"},"up":{"uv":[5.75,10,5.875,9.875],"texture":"#hellishvisio"},"down":{"uv":[5.75,10.75,5.875,10.875],"texture":"#hellishvisio"}}},{"name":"Box9","from":[5.875,5.875,8.0625],"to":[6,6,8.1875],"faces":{"north":{"uv":[6,10,5.875,10.125],"texture":"#hellishvisio"},"east":{"uv":[6,10.125,5.875,10],"rotation":180,"texture":"#hellishvisio"},"south":{"uv":[5.875,10,6,10.125],"texture":"#hellishvisio"},"west":{"uv":[5.875,10,6,10.125],"texture":"#hellishvisio"},"up":{"uv":[5.875,10.125,6,10],"texture":"#hellishvisio"},"down":{"uv":[5.875,10,6,10.125],"texture":"#hellishvisio"}}},{"name":"Box10","from":[5.875,5.125,8.0625],"to":[6,5.75,8.1875],"faces":{"north":{"uv":[6,10.25,5.875,10.875],"texture":"#hellishvisio"},"east":{"uv":[6,10.875,5.875,10.25],"rotation":180,"texture":"#hellishvisio"},"south":{"uv":[5.875,10.25,6,10.875],"texture":"#hellishvisio"},"west":{"uv":[5.875,10.25,6,10.875],"texture":"#hellishvisio"},"up":{"uv":[5.875,10.375,6,10.25],"texture":"#hellishvisio"},"down":{"uv":[5.875,10.75,6,10.875],"texture":"#hellishvisio"}}},{"name":"Box11","from":[5.875,4.625,8.0625],"to":[6.125,4.875,8.1875],"faces":{"north":{"uv":[6.125,11.125,5.875,11.375],"texture":"#hellishvisio"},"east":{"uv":[6.125,11.375,6,11.125],"rotation":180,"texture":"#hellishvisio"},"south":{"uv":[5.875,11.125,6.125,11.375],"texture":"#hellishvisio"},"west":{"uv":[5.875,11.125,6,11.375],"texture":"#hellishvisio"},"up":{"uv":[5.875,11.25,6.125,11.125],"texture":"#hellishvisio"},"down":{"uv":[5.875,11.25,6.125,11.375],"texture":"#hellishvisio"}}},{"name":"Box12","from":[5.875,3.875,8],"to":[6.375,4,8.25],"faces":{"north":{"uv":[6.375,12,5.875,12.125],"texture":"#hellishvisio"},"east":{"uv":[6.375,12.125,6.25,12],"rotation":180,"texture":"#hellishvisio"},"south":{"uv":[5.875,12,6.375,12.125],"texture":"#hellishvisio"},"west":{"uv":[5.875,12,6,12.125],"texture":"#hellishvisio"},"up":{"uv":[5.875,12.125,6.375,12],"texture":"#hellishvisio"},"down":{"uv":[5.875,12,6.375,12.125],"texture":"#hellishvisio"}}},{"name":"Box13","from":[6,5.125,8.0625],"to":[6.125,5.25,8.1875],"faces":{"north":{"uv":[6.125,10.75,6,10.875],"texture":"#hellishvisio"},"east":{"uv":[6.125,10.875,6,10.75],"rotation":180,"texture":"#hellishvisio"},"south":{"uv":[6,10.75,6.125,10.875],"texture":"#hellishvisio"},"west":{"uv":[6,10.75,6.125,10.875],"texture":"#hellishvisio"},"up":{"uv":[6,10.875,6.125,10.75],"texture":"#hellishvisio"},"down":{"uv":[6,10.75,6.125,10.875],"texture":"#hellishvisio"}}},{"name":"Box14","from":[6,4.375,8.0625],"to":[6.625,4.625,8.1875],"faces":{"north":{"uv":[6.625,11.375,6,11.625],"texture":"#hellishvisio"},"east":{"uv":[6.625,11.625,6.5,11.375],"rotation":180,"texture":"#hellishvisio"},"south":{"uv":[6,11.375,6.625,11.625],"texture":"#hellishvisio"},"west":{"uv":[6,11.375,6.125,11.625],"texture":"#hellishvisio"},"up":{"uv":[6,11.5,6.625,11.375],"texture":"#hellishvisio"},"down":{"uv":[6,11.5,6.625,11.625],"texture":"#hellishvisio"}}},{"name":"Box15","from":[6,3.75,8],"to":[6.25,3.875,8.25],"faces":{"north":{"uv":[6.25,12.125,6,12.25],"texture":"#hellishvisio"},"east":{"uv":[6.25,12.25,6.125,12.125],"rotation":180,"texture":"#hellishvisio"},"south":{"uv":[6,12.125,6.25,12.25],"texture":"#hellishvisio"},"west":{"uv":[6,12.125,6.125,12.25],"texture":"#hellishvisio"},"up":{"uv":[6,12.25,6.25,12.125],"texture":"#hellishvisio"},"down":{"uv":[6,12.125,6.25,12.25],"texture":"#hellishvisio"}}},{"name":"Box16","from":[6.125,4.625,8.0625],"to":[6.75,4.75,8.1875],"faces":{"north":{"uv":[6.75,11.25,6.125,11.375],"texture":"#hellishvisio"},"east":{"uv":[6.75,11.375,6.625,11.25],"rotation":180,"texture":"#hellishvisio"},"south":{"uv":[6.125,11.25,6.75,11.375],"texture":"#hellishvisio"},"west":{"uv":[6.125,11.25,6.25,11.375],"texture":"#hellishvisio"},"up":{"uv":[6.125,11.375,6.75,11.25],"texture":"#hellishvisio"},"down":{"uv":[6.125,11.25,6.75,11.375],"texture":"#hellishvisio"}}},{"name":"Box17","from":[6.125,4,8],"to":[6.5,4.125,8.25],"faces":{"north":{"uv":[6.5,11.875,6.125,12],"texture":"#hellishvisio"},"east":{"uv":[6.5,12,6.375,11.875],"rotation":180,"texture":"#hellishvisio"},"south":{"uv":[6.125,11.875,6.5,12],"texture":"#hellishvisio"},"west":{"uv":[6.125,11.875,6.25,12],"texture":"#hellishvisio"},"up":{"uv":[6.125,12,6.5,11.875],"texture":"#hellishvisio"},"down":{"uv":[6.125,11.875,6.5,12],"texture":"#hellishvisio"}}},{"name":"Box18","from":[6.25,5.625,8.0625],"to":[6.5,5.875,8.1875],"faces":{"north":{"uv":[6.5,10.125,6.25,10.375],"texture":"#hellishvisio"},"east":{"uv":[6.5,10.375,6.375,10.125],"rotation":180,"texture":"#hellishvisio"},"south":{"uv":[6.25,10.125,6.5,10.375],"texture":"#hellishvisio"},"west":{"uv":[6.25,10.125,6.375,10.375],"texture":"#hellishvisio"},"up":{"uv":[6.25,10.25,6.5,10.125],"texture":"#hellishvisio"},"down":{"uv":[6.25,10.25,6.5,10.375],"texture":"#hellishvisio"}}},{"name":"Box19","from":[6.25,4.25,8],"to":[6.625,4.375,8.25],"faces":{"north":{"uv":[6.625,11.625,6.25,11.75],"texture":"#hellishvisio"},"east":{"uv":[6.625,11.75,6.5,11.625],"rotation":180,"texture":"#hellishvisio"},"south":{"uv":[6.25,11.625,6.625,11.75],"texture":"#hellishvisio"},"west":{"uv":[6.25,11.625,6.375,11.75],"texture":"#hellishvisio"},"up":{"uv":[6.25,11.75,6.625,11.625],"texture":"#hellishvisio"},"down":{"uv":[6.25,11.625,6.625,11.75],"texture":"#hellishvisio"}}},{"name":"Box20","from":[6.25,4.125,8],"to":[6.5,4.25,8.25],"faces":{"north":{"uv":[6.5,11.75,6.25,11.875],"texture":"#hellishvisio"},"east":{"uv":[6.5,11.875,6.375,11.75],"rotation":180,"texture":"#hellishvisio"},"south":{"uv":[6.25,11.75,6.5,11.875],"texture":"#hellishvisio"},"west":{"uv":[6.25,11.75,6.375,11.875],"texture":"#hellishvisio"},"up":{"uv":[6.25,11.875,6.5,11.75],"texture":"#hellishvisio"},"down":{"uv":[6.25,11.75,6.5,11.875],"texture":"#hellishvisio"}}},{"name":"Box21","from":[8.25,6.75,7.9375],"to":[9.625,6.875,8.3125],"faces":{"north":{"uv":[9.625,9.125,8.25,9.25],"texture":"#hellishvisio"},"east":{"uv":[9.625,9.125,9.5,9.25],"texture":"#hellishvisio"},"south":{"uv":[8.25,9.125,9.625,9.25],"texture":"#hellishvisio"},"west":{"uv":[8.25,9.125,8.375,9.25],"texture":"#hellishvisio"},"up":{"uv":[8.25,9.25,9.625,9.125],"texture":"#hellishvisio"},"down":{"uv":[8.25,9.125,9.625,9.25],"texture":"#hellishvisio"}}},{"name":"Box22","from":[6.375,5.5,8.0625],"to":[7.25,5.625,8.1875],"faces":{"north":{"uv":[7.25,10.375,6.375,10.5],"texture":"#hellishvisio"},"east":{"uv":[7.25,10.5,7.125,10.375],"rotation":180,"texture":"#hellishvisio"},"south":{"uv":[6.375,10.375,7.25,10.5],"texture":"#hellishvisio"},"west":{"uv":[6.375,10.375,6.5,10.5],"texture":"#hellishvisio"},"up":{"uv":[6.375,10.5,7.25,10.375],"texture":"#hellishvisio"},"down":{"uv":[6.375,10.375,7.25,10.5],"texture":"#hellishvisio"}}},{"name":"Box23","from":[6.375,5.375,8.0625],"to":[7.125,5.5,8.1875],"faces":{"north":{"uv":[7.125,10.5,6.375,10.625],"texture":"#hellishvisio"},"east":{"uv":[7.125,10.625,7,10.5],"rotation":180,"texture":"#hellishvisio"},"south":{"uv":[6.375,10.5,7.125,10.625],"texture":"#hellishvisio"},"west":{"uv":[6.375,10.5,6.5,10.625],"texture":"#hellishvisio"},"up":{"uv":[6.375,10.625,7.125,10.5],"texture":"#hellishvisio"},"down":{"uv":[6.375,10.5,7.125,10.625],"texture":"#hellishvisio"}}},{"name":"Box24","from":[6.375,4.75,8],"to":[7.125,5,8.25],"faces":{"north":{"uv":[7.125,11,6.375,11.25],"texture":"#hellishvisio"},"east":{"uv":[7.125,11.25,7,11],"rotation":180,"texture":"#hellishvisio"},"south":{"uv":[6.375,11,7.125,11.25],"texture":"#hellishvisio"},"west":{"uv":[6.375,11,6.5,11.25],"texture":"#hellishvisio"},"up":{"uv":[6.375,11.125,7.125,11],"texture":"#hellishvisio"},"down":{"uv":[6.375,11.125,7.125,11.25],"texture":"#hellishvisio"}}},{"name":"Box25","from":[8.125,6.625,7.9375],"to":[9.5,6.75,8.3125],"faces":{"north":{"uv":[9.5,9.25,8.125,9.375],"texture":"#hellishvisio"},"east":{"uv":[9.5,9.25,9.375,9.375],"texture":"#hellishvisio"},"south":{"uv":[8.125,9.25,9.5,9.375],"texture":"#hellishvisio"},"west":{"uv":[8.125,9.25,8.25,9.375],"texture":"#hellishvisio"},"up":{"uv":[8.125,9.375,9.5,9.25],"texture":"#hellishvisio"},"down":{"uv":[8.125,9.25,9.5,9.375],"texture":"#hellishvisio"}}},{"name":"Box26","from":[6.5,5.625,8.0625],"to":[6.75,5.75,8.1875],"faces":{"north":{"uv":[6.75,10.25,6.5,10.375],"texture":"#hellishvisio"},"east":{"uv":[6.75,10.375,6.625,10.25],"rotation":180,"texture":"#hellishvisio"},"south":{"uv":[6.5,10.25,6.75,10.375],"texture":"#hellishvisio"},"west":{"uv":[6.5,10.25,6.625,10.375],"texture":"#hellishvisio"},"up":{"uv":[6.5,10.375,6.75,10.25],"texture":"#hellishvisio"},"down":{"uv":[6.5,10.25,6.75,10.375],"texture":"#hellishvisio"}}},{"name":"Box27","from":[6.5,5.125,8],"to":[9.5,5.25,8.25],"faces":{"north":{"uv":[9.5,10.75,6.5,10.875],"texture":"#hellishvisio"},"east":{"uv":[9.5,10.875,9.375,10.75],"rotation":180,"texture":"#hellishvisio"},"south":{"uv":[6.5,10.75,9.5,10.875],"texture":"#hellishvisio"},"west":{"uv":[6.5,10.75,6.625,10.875],"texture":"#hellishvisio"},"up":{"uv":[6.5,10.875,9.5,10.75],"texture":"#hellishvisio"},"down":{"uv":[6.5,10.75,9.5,10.875],"texture":"#hellishvisio"}}},{"name":"Box28","from":[6.5,5,8],"to":[6.875,5.125,8.25],"faces":{"north":{"uv":[6.875,10.875,6.5,11],"texture":"#hellishvisio"},"east":{"uv":[6.875,11,6.75,10.875],"rotation":180,"texture":"#hellishvisio"},"south":{"uv":[6.5,10.875,6.875,11],"texture":"#hellishvisio"},"west":{"uv":[6.5,10.875,6.625,11],"texture":"#hellishvisio"},"up":{"uv":[6.5,11,6.875,10.875],"texture":"#hellishvisio"},"down":{"uv":[6.5,10.875,6.875,11],"texture":"#hellishvisio"}}},{"name":"Box29","from":[6.625,7.875,7.9375],"to":[7.625,8,8.3125],"faces":{"north":{"uv":[7.625,8,6.625,8.125],"texture":"#hellishvisio"},"east":{"uv":[7.625,8,7.5,8.125],"texture":"#hellishvisio"},"south":{"uv":[6.625,8,7.625,8.125],"texture":"#hellishvisio"},"west":{"uv":[6.625,8,6.75,8.125],"texture":"#hellishvisio"},"up":{"uv":[6.625,8.125,7.625,8],"texture":"#hellishvisio"},"down":{"uv":[6.625,8,7.625,8.125],"texture":"#hellishvisio"}}},{"name":"Box30","from":[8.25,6.875,7.9375],"to":[9.375,7,8.3125],"faces":{"north":{"uv":[9.375,9,8.25,9.125],"texture":"#hellishvisio"},"east":{"uv":[9.375,9,9.25,9.125],"texture":"#hellishvisio"},"south":{"uv":[8.25,9,9.375,9.125],"texture":"#hellishvisio"},"west":{"uv":[8.25,9,8.375,9.125],"texture":"#hellishvisio"},"up":{"uv":[8.25,9.125,9.375,9],"texture":"#hellishvisio"},"down":{"uv":[8.25,9,9.375,9.125],"texture":"#hellishvisio"}}},{"name":"Box31","from":[6.625,5.25,8],"to":[7.375,5.375,8.25],"faces":{"north":{"uv":[7.375,10.625,6.625,10.75],"texture":"#hellishvisio"},"east":{"uv":[7.375,10.75,7.25,10.625],"rotation":180,"texture":"#hellishvisio"},"south":{"uv":[6.625,10.625,7.375,10.75],"texture":"#hellishvisio"},"west":{"uv":[6.625,10.625,6.75,10.75],"texture":"#hellishvisio"},"up":{"uv":[6.625,10.75,7.375,10.625],"texture":"#hellishvisio"},"down":{"uv":[6.625,10.625,7.375,10.75],"texture":"#hellishvisio"}}},{"name":"Box32","from":[6.75,7.75,7.9375],"to":[7.625,7.875,8.3125],"faces":{"north":{"uv":[7.625,8.125,6.75,8.25],"texture":"#hellishvisio"},"east":{"uv":[7.625,8.125,7.5,8.25],"texture":"#hellishvisio"},"south":{"uv":[6.75,8.125,7.625,8.25],"texture":"#hellishvisio"},"west":{"uv":[6.75,8.125,6.875,8.25],"texture":"#hellishvisio"},"up":{"uv":[6.75,8.25,7.625,8.125],"texture":"#hellishvisio"},"down":{"uv":[6.75,8.125,7.625,8.25],"texture":"#hellishvisio"}}},{"name":"Box33","from":[6.75,6.375,7.9375],"to":[9.25,6.625,8.3125],"faces":{"north":{"uv":[9.25,9.375,6.75,9.625],"texture":"#hellishvisio"},"east":{"uv":[9.25,9.375,9.125,9.625],"texture":"#hellishvisio"},"south":{"uv":[6.75,9.375,9.25,9.625],"texture":"#hellishvisio"},"west":{"uv":[6.75,9.375,6.875,9.625],"texture":"#hellishvisio"},"up":{"uv":[6.75,9.5,9.25,9.375],"texture":"#hellishvisio"},"down":{"uv":[6.75,9.5,9.25,9.625],"texture":"#hellishvisio"}}},{"name":"Box34","from":[6.75,6.25,7.9375],"to":[7.125,6.375,8.3125],"faces":{"north":{"uv":[7.125,9.625,6.75,9.75],"texture":"#hellishvisio"},"east":{"uv":[7.125,9.75,7,9.625],"rotation":180,"texture":"#hellishvisio"},"south":{"uv":[6.75,9.625,7.125,9.75],"texture":"#hellishvisio"},"west":{"uv":[6.75,9.625,6.875,9.75],"texture":"#hellishvisio"},"up":{"uv":[6.75,9.75,7.125,9.625],"texture":"#hellishvisio"},"down":{"uv":[6.75,9.625,7.125,9.75],"texture":"#hellishvisio"}}},{"name":"Box35","from":[6.75,6.125,7.9375],"to":[7,6.25,8.3125],"faces":{"north":{"uv":[7,9.75,6.75,9.875],"texture":"#hellishvisio"},"east":{"uv":[7,9.875,6.875,9.75],"rotation":180,"texture":"#hellishvisio"},"south":{"uv":[6.75,9.75,7,9.875],"texture":"#hellishvisio"},"west":{"uv":[6.75,9.75,6.875,9.875],"texture":"#hellishvisio"},"up":{"uv":[6.75,9.875,7,9.75],"texture":"#hellishvisio"},"down":{"uv":[6.75,9.75,7,9.875],"texture":"#hellishvisio"}}},{"name":"Box36","from":[6.875,8,7.9375],"to":[7.625,8.125,8.3125],"faces":{"north":{"uv":[7.625,7.875,6.875,8],"texture":"#hellishvisio"},"east":{"uv":[7.625,7.875,7.5,8],"texture":"#hellishvisio"},"south":{"uv":[6.875,7.875,7.625,8],"texture":"#hellishvisio"},"west":{"uv":[6.875,7.875,7,8],"texture":"#hellishvisio"},"up":{"uv":[6.875,8,7.625,7.875],"texture":"#hellishvisio"},"down":{"uv":[6.875,7.875,7.625,8],"texture":"#hellishvisio"}}},{"name":"Box37","from":[8.375,7,7.9375],"to":[9.125,7.25,8.3125],"faces":{"north":{"uv":[9.125,8.75,8.375,9],"texture":"#hellishvisio"},"east":{"uv":[9.125,8.75,9,9],"texture":"#hellishvisio"},"south":{"uv":[8.375,8.75,9.125,9],"texture":"#hellishvisio"},"west":{"uv":[8.375,8.75,8.5,9],"texture":"#hellishvisio"},"up":{"uv":[8.375,8.875,9.125,8.75],"texture":"#hellishvisio"},"down":{"uv":[8.375,8.875,9.125,9],"texture":"#hellishvisio"}}},{"name":"Box38","from":[6.875,5.625,8],"to":[7.375,5.75,8.25],"faces":{"north":{"uv":[7.375,10.25,6.875,10.375],"texture":"#hellishvisio"},"east":{"uv":[7.375,10.375,7.25,10.25],"rotation":180,"texture":"#hellishvisio"},"south":{"uv":[6.875,10.25,7.375,10.375],"texture":"#hellishvisio"},"west":{"uv":[6.875,10.25,7,10.375],"texture":"#hellishvisio"},"up":{"uv":[6.875,10.375,7.375,10.25],"texture":"#hellishvisio"},"down":{"uv":[6.875,10.25,7.375,10.375],"texture":"#hellishvisio"}}},{"name":"Box39","from":[6.875,3.75,8],"to":[7.25,3.875,8.25],"faces":{"north":{"uv":[7.25,12.125,6.875,12.25],"texture":"#hellishvisio"},"east":{"uv":[7.25,12.25,7.125,12.125],"rotation":180,"texture":"#hellishvisio"},"south":{"uv":[6.875,12.125,7.25,12.25],"texture":"#hellishvisio"},"west":{"uv":[6.875,12.125,7,12.25],"texture":"#hellishvisio"},"up":{"uv":[6.875,12.25,7.25,12.125],"texture":"#hellishvisio"},"down":{"uv":[6.875,12.125,7.25,12.25],"texture":"#hellishvisio"}}},{"name":"Box40","from":[6.875,3.5,8],"to":[7.125,3.75,8.25],"faces":{"north":{"uv":[7.125,12.25,6.875,12.5],"texture":"#hellishvisio"},"east":{"uv":[7.125,12.5,7,12.25],"rotation":180,"texture":"#hellishvisio"},"south":{"uv":[6.875,12.25,7.125,12.5],"texture":"#hellishvisio"},"west":{"uv":[6.875,12.25,7,12.5],"texture":"#hellishvisio"},"up":{"uv":[6.875,12.375,7.125,12.25],"texture":"#hellishvisio"},"down":{"uv":[6.875,12.375,7.125,12.5],"texture":"#hellishvisio"}}},{"name":"Box41","from":[6.875,3.25,8],"to":[7,3.5,8.25],"faces":{"north":{"uv":[7,12.5,6.875,12.75],"texture":"#hellishvisio"},"east":{"uv":[7,12.75,6.875,12.5],"rotation":180,"texture":"#hellishvisio"},"south":{"uv":[6.875,12.5,7,12.75],"texture":"#hellishvisio"},"west":{"uv":[6.875,12.5,7,12.75],"texture":"#hellishvisio"},"up":{"uv":[6.875,12.625,7,12.5],"texture":"#hellishvisio"},"down":{"uv":[6.875,12.625,7,12.75],"texture":"#hellishvisio"}}},{"name":"Box42","from":[7,7.25,7.9375],"to":[7.625,7.75,8.3125],"faces":{"north":{"uv":[7.625,8.25,7,8.75],"texture":"#hellishvisio"},"east":{"uv":[7.625,8.25,7.5,8.75],"texture":"#hellishvisio"},"south":{"uv":[7,8.25,7.625,8.75],"texture":"#hellishvisio"},"west":{"uv":[7,8.25,7.125,8.75],"texture":"#hellishvisio"},"up":{"uv":[7,8.375,7.625,8.25],"texture":"#hellishvisio"},"down":{"uv":[7,8.625,7.625,8.75],"texture":"#hellishvisio"}}},{"name":"Box43","from":[7,5.75,8],"to":[7.5,5.875,8.25],"faces":{"north":{"uv":[7.5,10.125,7,10.25],"texture":"#hellishvisio"},"east":{"uv":[7.5,10.25,7.375,10.125],"rotation":180,"texture":"#hellishvisio"},"south":{"uv":[7,10.125,7.5,10.25],"texture":"#hellishvisio"},"west":{"uv":[7,10.125,7.125,10.25],"texture":"#hellishvisio"},"up":{"uv":[7,10.25,7.5,10.125],"texture":"#hellishvisio"},"down":{"uv":[7,10.125,7.5,10.25],"texture":"#hellishvisio"}}},{"name":"Box44","from":[7,4.625,8],"to":[9,4.75,8.25],"faces":{"north":{"uv":[9,11.25,7,11.375],"texture":"#hellishvisio"},"east":{"uv":[9,11.375,8.875,11.25],"rotation":180,"texture":"#hellishvisio"},"south":{"uv":[7,11.25,9,11.375],"texture":"#hellishvisio"},"west":{"uv":[7,11.25,7.125,11.375],"texture":"#hellishvisio"},"up":{"uv":[7,11.375,9,11.25],"texture":"#hellishvisio"},"down":{"uv":[7,11.25,9,11.375],"texture":"#hellishvisio"}}},{"name":"Box45","from":[7,4,8],"to":[9,4.125,8.25],"faces":{"north":{"uv":[9,11.875,7,12],"texture":"#hellishvisio"},"east":{"uv":[9,12,8.875,11.875],"rotation":180,"texture":"#hellishvisio"},"south":{"uv":[7,11.875,9,12],"texture":"#hellishvisio"},"west":{"uv":[7,11.875,7.125,12],"texture":"#hellishvisio"},"up":{"uv":[7,12,9,11.875],"texture":"#hellishvisio"},"down":{"uv":[7,11.875,9,12],"texture":"#hellishvisio"}}},{"name":"Box46","from":[7,3.875,8],"to":[7.375,4,8.25],"faces":{"north":{"uv":[7.375,12,7,12.125],"texture":"#hellishvisio"},"east":{"uv":[7.375,12.125,7.25,12],"rotation":180,"texture":"#hellishvisio"},"south":{"uv":[7,12,7.375,12.125],"texture":"#hellishvisio"},"west":{"uv":[7,12,7.125,12.125],"texture":"#hellishvisio"},"up":{"uv":[7,12.125,7.375,12],"texture":"#hellishvisio"},"down":{"uv":[7,12,7.375,12.125],"texture":"#hellishvisio"}}},{"name":"Box47","from":[7,1.25,8],"to":[9,1.375,8.25],"faces":{"north":{"uv":[9,14.625,7,14.75],"texture":"#hellishvisio"},"east":{"uv":[9,14.75,8.875,14.625],"rotation":180,"texture":"#hellishvisio"},"south":{"uv":[7,14.625,9,14.75],"texture":"#hellishvisio"},"west":{"uv":[7,14.625,7.125,14.75],"texture":"#hellishvisio"},"up":{"uv":[7,14.75,9,14.625],"texture":"#hellishvisio"},"down":{"uv":[7,14.625,9,14.75],"texture":"#hellishvisio"}}},{"name":"Box48","from":[7.125,8.125,7.9375],"to":[7.625,8.375,8.3125],"faces":{"north":{"uv":[7.625,7.625,7.125,7.875],"texture":"#hellishvisio"},"east":{"uv":[7.625,7.625,7.5,7.875],"texture":"#hellishvisio"},"south":{"uv":[7.125,7.625,7.625,7.875],"texture":"#hellishvisio"},"west":{"uv":[7.125,7.625,7.25,7.875],"texture":"#hellishvisio"},"up":{"uv":[7.125,7.75,7.625,7.625],"texture":"#hellishvisio"},"down":{"uv":[7.125,7.75,7.625,7.875],"texture":"#hellishvisio"}}},{"name":"Box49","from":[7.125,5.875,8],"to":[7.5,6,8.25],"faces":{"north":{"uv":[7.5,10,7.125,10.125],"texture":"#hellishvisio"},"east":{"uv":[7.5,10.125,7.375,10],"rotation":180,"texture":"#hellishvisio"},"south":{"uv":[7.125,10,7.5,10.125],"texture":"#hellishvisio"},"west":{"uv":[7.125,10,7.25,10.125],"texture":"#hellishvisio"},"up":{"uv":[7.125,10.125,7.5,10],"texture":"#hellishvisio"},"down":{"uv":[7.125,10,7.5,10.125],"texture":"#hellishvisio"}}},{"name":"Box50","from":[7.125,5,8],"to":[8.875,5.125,8.25],"faces":{"north":{"uv":[8.875,10.875,7.125,11],"texture":"#hellishvisio"},"east":{"uv":[8.875,11,8.75,10.875],"rotation":180,"texture":"#hellishvisio"},"south":{"uv":[7.125,10.875,8.875,11],"texture":"#hellishvisio"},"west":{"uv":[7.125,10.875,7.25,11],"texture":"#hellishvisio"},"up":{"uv":[7.125,11,8.875,10.875],"texture":"#hellishvisio"},"down":{"uv":[7.125,10.875,8.875,11],"texture":"#hellishvisio"}}},{"name":"Box51","from":[7.125,4.75,8],"to":[7.375,4.875,8.25],"faces":{"north":{"uv":[7.375,11.125,7.125,11.25],"texture":"#hellishvisio"},"east":{"uv":[7.375,11.25,7.25,11.125],"rotation":180,"texture":"#hellishvisio"},"south":{"uv":[7.125,11.125,7.375,11.25],"texture":"#hellishvisio"},"west":{"uv":[7.125,11.125,7.25,11.25],"texture":"#hellishvisio"},"up":{"uv":[7.125,11.25,7.375,11.125],"texture":"#hellishvisio"},"down":{"uv":[7.125,11.125,7.375,11.25],"texture":"#hellishvisio"}}},{"name":"Box52","from":[7.125,4.125,8],"to":[8.875,4.25,8.25],"faces":{"north":{"uv":[8.875,11.75,7.125,11.875],"texture":"#hellishvisio"},"east":{"uv":[8.875,11.875,8.75,11.75],"rotation":180,"texture":"#hellishvisio"},"south":{"uv":[7.125,11.75,8.875,11.875],"texture":"#hellishvisio"},"west":{"uv":[7.125,11.75,7.25,11.875],"texture":"#hellishvisio"},"up":{"uv":[7.125,11.875,8.875,11.75],"texture":"#hellishvisio"},"down":{"uv":[7.125,11.75,8.875,11.875],"texture":"#hellishvisio"}}},{"name":"Box53","from":[7.25,12.875,8.0781],"to":[8.75,13.25,8.17185],"faces":{"north":{"uv":[8.75,2.75,7.25,3.125],"texture":"#hellishvisio"},"east":{"uv":[8.75,3.125,8.625,2.75],"rotation":180,"texture":"#hellishvisio"},"south":{"uv":[7.25,2.75,8.75,3.125],"texture":"#hellishvisio"},"west":{"uv":[7.25,2.75,7.375,3.125],"texture":"#hellishvisio"},"up":{"uv":[7.25,2.875,8.75,2.75],"texture":"#hellishvisio"},"down":{"uv":[7.25,3,8.75,3.125],"texture":"#hellishvisio"}}},{"name":"Box54","from":[7.25,8.375,7.9375],"to":[7.625,9.25,8.3125],"faces":{"north":{"uv":[7.625,6.75,7.25,7.625],"texture":"#hellishvisio"},"east":{"uv":[7.625,6.75,7.5,7.625],"texture":"#hellishvisio"},"south":{"uv":[7.25,6.75,7.625,7.625],"texture":"#hellishvisio"},"west":{"uv":[7.25,6.75,7.375,7.625],"texture":"#hellishvisio"},"up":{"uv":[7.25,6.875,7.625,6.75],"texture":"#hellishvisio"},"down":{"uv":[7.25,7.5,7.625,7.625],"texture":"#hellishvisio"}}},{"name":"Box55","from":[7.25,6,8],"to":[7.5,6.125,8.25],"faces":{"north":{"uv":[7.5,9.875,7.25,10],"texture":"#hellishvisio"},"east":{"uv":[7.5,10,7.375,9.875],"rotation":180,"texture":"#hellishvisio"},"south":{"uv":[7.25,9.875,7.5,10],"texture":"#hellishvisio"},"west":{"uv":[7.25,9.875,7.375,10],"texture":"#hellishvisio"},"up":{"uv":[7.25,10,7.5,9.875],"texture":"#hellishvisio"},"down":{"uv":[7.25,9.875,7.5,10],"texture":"#hellishvisio"}}},{"name":"Box56","from":[7.25,4.5,8],"to":[8.75,4.625,8.25],"faces":{"north":{"uv":[8.75,11.375,7.25,11.5],"texture":"#hellishvisio"},"east":{"uv":[8.75,11.5,8.625,11.375],"rotation":180,"texture":"#hellishvisio"},"south":{"uv":[7.25,11.375,8.75,11.5],"texture":"#hellishvisio"},"west":{"uv":[7.25,11.375,7.375,11.5],"texture":"#hellishvisio"},"up":{"uv":[7.25,11.5,8.75,11.375],"texture":"#hellishvisio"},"down":{"uv":[7.25,11.375,8.75,11.5],"texture":"#hellishvisio"}}},{"name":"Box57","from":[7.25,4.25,8],"to":[8.75,4.375,8.25],"faces":{"north":{"uv":[8.75,11.625,7.25,11.75],"texture":"#hellishvisio"},"east":{"uv":[8.75,11.75,8.625,11.625],"rotation":180,"texture":"#hellishvisio"},"south":{"uv":[7.25,11.625,8.75,11.75],"texture":"#hellishvisio"},"west":{"uv":[7.25,11.625,7.375,11.75],"texture":"#hellishvisio"},"up":{"uv":[7.25,11.75,8.75,11.625],"texture":"#hellishvisio"},"down":{"uv":[7.25,11.625,8.75,11.75],"texture":"#hellishvisio"}}},{"name":"Box58","from":[7.25,1.75,8],"to":[8.75,2,8.25],"faces":{"north":{"uv":[8.75,14,7.25,14.25],"texture":"#hellishvisio"},"east":{"uv":[8.75,14.25,8.625,14],"rotation":180,"texture":"#hellishvisio"},"south":{"uv":[7.25,14,8.75,14.25],"texture":"#hellishvisio"},"west":{"uv":[7.25,14,7.375,14.25],"texture":"#hellishvisio"},"up":{"uv":[7.25,14.125,8.75,14],"texture":"#hellishvisio"},"down":{"uv":[7.25,14.125,8.75,14.25],"texture":"#hellishvisio"}}},{"name":"Box59","from":[7.25,1.125,8],"to":[8.75,1.25,8.25],"faces":{"north":{"uv":[8.75,14.75,7.25,14.875],"texture":"#hellishvisio"},"east":{"uv":[8.75,14.875,8.625,14.75],"rotation":180,"texture":"#hellishvisio"},"south":{"uv":[7.25,14.75,8.75,14.875],"texture":"#hellishvisio"},"west":{"uv":[7.25,14.75,7.375,14.875],"texture":"#hellishvisio"},"up":{"uv":[7.25,14.875,8.75,14.75],"texture":"#hellishvisio"},"down":{"uv":[7.25,14.75,8.75,14.875],"texture":"#hellishvisio"}}},{"name":"Box60","from":[7.375,12.125,8.0781],"to":[8.625,13.5,8.17185],"faces":{"north":{"uv":[8.625,2.5,7.375,3.875],"texture":"#hellishvisio"},"east":{"uv":[8.625,3.875,8.5,2.5],"rotation":180,"texture":"#hellishvisio"},"south":{"uv":[7.375,2.5,8.625,3.875],"texture":"#hellishvisio"},"west":{"uv":[7.375,2.5,7.5,3.875],"texture":"#hellishvisio"},"up":{"uv":[7.375,2.625,8.625,2.5],"texture":"#hellishvisio"},"down":{"uv":[7.375,3.75,8.625,3.875],"texture":"#hellishvisio"}}},{"name":"Box61","from":[7.375,9.25,7.9375],"to":[7.625,9.375,8.3125],"faces":{"north":{"uv":[7.625,6.625,7.375,6.75],"texture":"#hellishvisio"},"east":{"uv":[7.625,6.625,7.5,6.75],"texture":"#hellishvisio"},"south":{"uv":[7.375,6.625,7.625,6.75],"texture":"#hellishvisio"},"west":{"uv":[7.375,6.625,7.5,6.75],"texture":"#hellishvisio"},"up":{"uv":[7.375,6.75,7.625,6.625],"texture":"#hellishvisio"},"down":{"uv":[7.375,6.625,7.625,6.75],"texture":"#hellishvisio"}}},{"name":"Box62","from":[7.375,4.875,8],"to":[8.625,5,8.25],"faces":{"north":{"uv":[8.625,11,7.375,11.125],"texture":"#hellishvisio"},"east":{"uv":[8.625,11.125,8.5,11],"rotation":180,"texture":"#hellishvisio"},"south":{"uv":[7.375,11,8.625,11.125],"texture":"#hellishvisio"},"west":{"uv":[7.375,11,7.5,11.125],"texture":"#hellishvisio"},"up":{"uv":[7.375,11.125,8.625,11],"texture":"#hellishvisio"},"down":{"uv":[7.375,11,8.625,11.125],"texture":"#hellishvisio"}}},{"name":"Box63","from":[7.375,4.375,8],"to":[8.625,4.5,8.25],"faces":{"north":{"uv":[8.625,11.5,7.375,11.625],"texture":"#hellishvisio"},"east":{"uv":[8.625,11.625,8.5,11.5],"rotation":180,"texture":"#hellishvisio"},"south":{"uv":[7.375,11.5,8.625,11.625],"texture":"#hellishvisio"},"west":{"uv":[7.375,11.5,7.5,11.625],"texture":"#hellishvisio"},"up":{"uv":[7.375,11.625,8.625,11.5],"texture":"#hellishvisio"},"down":{"uv":[7.375,11.5,8.625,11.625],"texture":"#hellishvisio"}}},{"name":"Box64","from":[7.375,1.625,8],"to":[7.625,2.375,8.25],"faces":{"north":{"uv":[7.625,13.625,7.375,14.375],"texture":"#hellishvisio"},"east":{"uv":[7.625,14.375,7.5,13.625],"rotation":180,"texture":"#hellishvisio"},"south":{"uv":[7.375,13.625,7.625,14.375],"texture":"#hellishvisio"},"west":{"uv":[7.375,13.625,7.5,14.375],"texture":"#hellishvisio"},"up":{"uv":[7.375,13.75,7.625,13.625],"texture":"#hellishvisio"},"down":{"uv":[7.375,14.25,7.625,14.375],"texture":"#hellishvisio"}}},{"name":"Box65","from":[7.5,6.25,8.0781],"to":[8.5,13.875,8.17185],"faces":{"north":{"uv":[8.5,2.125,7.5,9.75],"texture":"#hellishvisio"},"east":{"uv":[8.5,9.75,8.375,2.125],"rotation":180,"texture":"#hellishvisio"},"south":{"uv":[7.5,2.125,8.5,9.75],"texture":"#hellishvisio"},"west":{"uv":[7.5,2.125,7.625,9.75],"texture":"#hellishvisio"},"up":{"uv":[7.5,2.25,8.5,2.125],"texture":"#hellishvisio"},"down":{"uv":[7.5,9.625,8.5,9.75],"texture":"#hellishvisio"}}},{"name":"Box66","from":[7.5,4.75,8],"to":[8.5,5.375,8.25],"faces":{"north":{"uv":[8.5,10.625,7.5,11.25],"texture":"#hellishvisio"},"east":{"uv":[8.5,11.25,8.375,10.625],"rotation":180,"texture":"#hellishvisio"},"south":{"uv":[7.5,10.625,8.5,11.25],"texture":"#hellishvisio"},"west":{"uv":[7.5,10.625,7.625,11.25],"texture":"#hellishvisio"},"up":{"uv":[7.5,10.75,8.5,10.625],"texture":"#hellishvisio"},"down":{"uv":[7.5,11.125,8.5,11.25],"texture":"#hellishvisio"}}},{"name":"Box67","from":[7.5,1,8],"to":[7.625,2.75,8.25],"faces":{"north":{"uv":[7.625,13.25,7.5,15],"texture":"#hellishvisio"},"east":{"uv":[7.625,15,7.5,13.25],"rotation":180,"texture":"#hellishvisio"},"south":{"uv":[7.5,13.25,7.625,15],"texture":"#hellishvisio"},"west":{"uv":[7.5,13.25,7.625,15],"texture":"#hellishvisio"},"up":{"uv":[7.5,13.375,7.625,13.25],"texture":"#hellishvisio"},"down":{"uv":[7.5,14.875,7.625,15],"texture":"#hellishvisio"}}},{"name":"Box68","from":[7.625,13.875,8.0781],"to":[8.375,14.125,8.17185],"faces":{"north":{"uv":[8.375,1.875,7.625,2.125],"texture":"#hellishvisio"},"east":{"uv":[8.375,2.125,8.25,1.875],"rotation":180,"texture":"#hellishvisio"},"south":{"uv":[7.625,1.875,8.375,2.125],"texture":"#hellishvisio"},"west":{"uv":[7.625,1.875,7.75,2.125],"texture":"#hellishvisio"},"up":{"uv":[7.625,2,8.375,1.875],"texture":"#hellishvisio"},"down":{"uv":[7.625,2,8.375,2.125],"texture":"#hellishvisio"}}},{"name":"Box69","from":[7.625,6.125,7.9375],"to":[7.875,6.25,8.3125],"faces":{"north":{"uv":[7.875,9.75,7.625,9.875],"texture":"#hellishvisio"},"east":{"uv":[7.875,9.875,7.75,9.75],"rotation":180,"texture":"#hellishvisio"},"south":{"uv":[7.625,9.75,7.875,9.875],"texture":"#hellishvisio"},"west":{"uv":[7.625,9.75,7.75,9.875],"texture":"#hellishvisio"},"up":{"uv":[7.625,9.875,7.875,9.75],"texture":"#hellishvisio"},"down":{"uv":[7.625,9.75,7.875,9.875],"texture":"#hellishvisio"}}},{"name":"Box70","from":[7.625,3.75,8],"to":[8.375,5.625,8.25],"faces":{"north":{"uv":[8.375,10.375,7.625,12.25],"texture":"#hellishvisio"},"east":{"uv":[8.375,12.25,8.25,10.375],"rotation":180,"texture":"#hellishvisio"},"south":{"uv":[7.625,10.375,8.375,12.25],"texture":"#hellishvisio"},"west":{"uv":[7.625,10.375,7.75,12.25],"texture":"#hellishvisio"},"up":{"uv":[7.625,10.5,8.375,10.375],"texture":"#hellishvisio"},"down":{"uv":[7.625,12.125,8.375,12.25],"texture":"#hellishvisio"}}},{"name":"Box71","from":[7.625,1.625,8],"to":[8.625,2.125,8.25],"faces":{"north":{"uv":[8.625,13.875,7.625,14.375],"texture":"#hellishvisio"},"east":{"uv":[8.625,14.375,8.5,13.875],"rotation":180,"texture":"#hellishvisio"},"south":{"uv":[7.625,13.875,8.625,14.375],"texture":"#hellishvisio"},"west":{"uv":[7.625,13.875,7.75,14.375],"texture":"#hellishvisio"},"up":{"uv":[7.625,14,8.625,13.875],"texture":"#hellishvisio"},"down":{"uv":[7.625,14.25,8.625,14.375],"texture":"#hellishvisio"}}},{"name":"Box72","from":[7.625,1.375,8],"to":[8.5,1.625,8.25],"faces":{"north":{"uv":[8.5,14.375,7.625,14.625],"texture":"#hellishvisio"},"east":{"uv":[8.5,14.625,8.375,14.375],"rotation":180,"texture":"#hellishvisio"},"south":{"uv":[7.625,14.375,8.5,14.625],"texture":"#hellishvisio"},"west":{"uv":[7.625,14.375,7.75,14.625],"texture":"#hellishvisio"},"up":{"uv":[7.625,14.5,8.5,14.375],"texture":"#hellishvisio"},"down":{"uv":[7.625,14.5,8.5,14.625],"texture":"#hellishvisio"}}},{"name":"Box73","from":[7.75,14.125,8.0781],"to":[8.25,14.25,8.17185],"faces":{"north":{"uv":[8.25,1.75,7.75,1.875],"texture":"#hellishvisio"},"east":{"uv":[8.25,1.875,8.125,1.75],"rotation":180,"texture":"#hellishvisio"},"south":{"uv":[7.75,1.75,8.25,1.875],"texture":"#hellishvisio"},"west":{"uv":[7.75,1.75,7.875,1.875],"texture":"#hellishvisio"},"up":{"uv":[7.75,1.875,8.25,1.75],"texture":"#hellishvisio"},"down":{"uv":[7.75,1.75,8.25,1.875],"texture":"#hellishvisio"}}},{"name":"Box74","from":[7.75,6,7.9375],"to":[7.875,6.125,8.3125],"faces":{"north":{"uv":[7.875,9.875,7.75,10],"texture":"#hellishvisio"},"east":{"uv":[7.875,10,7.75,9.875],"rotation":180,"texture":"#hellishvisio"},"south":{"uv":[7.75,9.875,7.875,10],"texture":"#hellishvisio"},"west":{"uv":[7.75,9.875,7.875,10],"texture":"#hellishvisio"},"up":{"uv":[7.75,10,7.875,9.875],"texture":"#hellishvisio"},"down":{"uv":[7.75,9.875,7.875,10],"texture":"#hellishvisio"}}},{"name":"Box75","from":[7.75,2.375,8],"to":[8.25,5.75,8.25],"faces":{"north":{"uv":[8.25,10.25,7.75,13.625],"texture":"#hellishvisio"},"east":{"uv":[8.25,13.625,8.125,10.25],"rotation":180,"texture":"#hellishvisio"},"south":{"uv":[7.75,10.25,8.25,13.625],"texture":"#hellishvisio"},"west":{"uv":[7.75,10.25,7.875,13.625],"texture":"#hellishvisio"},"up":{"uv":[7.75,10.375,8.25,10.25],"texture":"#hellishvisio"},"down":{"uv":[7.75,13.5,8.25,13.625],"texture":"#hellishvisio"}}},{"name":"Box76","from":[7.75,1,8],"to":[7.875,2.25,8.25],"faces":{"north":{"uv":[7.875,13.75,7.75,15],"texture":"#hellishvisio"},"east":{"uv":[7.875,15,7.75,13.75],"rotation":180,"texture":"#hellishvisio"},"south":{"uv":[7.75,13.75,7.875,15],"texture":"#hellishvisio"},"west":{"uv":[7.75,13.75,7.875,15],"texture":"#hellishvisio"},"up":{"uv":[7.75,13.875,7.875,13.75],"texture":"#hellishvisio"},"down":{"uv":[7.75,14.875,7.875,15],"texture":"#hellishvisio"}}},{"name":"Box77","from":[7.875,14.25,8.0781],"to":[8.125,14.5,8.17185],"faces":{"north":{"uv":[8.125,1.5,7.875,1.75],"texture":"#hellishvisio"},"east":{"uv":[8.125,1.75,8,1.5],"rotation":180,"texture":"#hellishvisio"},"south":{"uv":[7.875,1.5,8.125,1.75],"texture":"#hellishvisio"},"west":{"uv":[7.875,1.5,8,1.75],"texture":"#hellishvisio"},"up":{"uv":[7.875,1.625,8.125,1.5],"texture":"#hellishvisio"},"down":{"uv":[7.875,1.625,8.125,1.75],"texture":"#hellishvisio"}}},{"name":"Box78","from":[7.875,2.25,8],"to":[8.125,5.875,8.25],"faces":{"north":{"uv":[8.125,10.125,7.875,13.75],"texture":"#hellishvisio"},"east":{"uv":[8.125,13.75,8,10.125],"rotation":180,"texture":"#hellishvisio"},"south":{"uv":[7.875,10.125,8.125,13.75],"texture":"#hellishvisio"},"west":{"uv":[7.875,10.125,8,13.75],"texture":"#hellishvisio"},"up":{"uv":[7.875,10.25,8.125,10.125],"texture":"#hellishvisio"},"down":{"uv":[7.875,13.625,8.125,13.75],"texture":"#hellishvisio"}}},{"name":"Box79","from":[7.875,1,8],"to":[8.25,1.125,8.25],"faces":{"north":{"uv":[8.25,14.875,7.875,15],"texture":"#hellishvisio"},"east":{"uv":[8.25,15,8.125,14.875],"rotation":180,"texture":"#hellishvisio"},"south":{"uv":[7.875,14.875,8.25,15],"texture":"#hellishvisio"},"west":{"uv":[7.875,14.875,8,15],"texture":"#hellishvisio"},"up":{"uv":[7.875,15,8.25,14.875],"texture":"#hellishvisio"},"down":{"uv":[7.875,14.875,8.25,15],"texture":"#hellishvisio"}}},{"name":"Box80","from":[7.875,0.875,8],"to":[8.125,1,8.25],"faces":{"north":{"uv":[8.125,15,7.875,15.125],"texture":"#hellishvisio"},"east":{"uv":[8.125,15.125,8,15],"rotation":180,"texture":"#hellishvisio"},"south":{"uv":[7.875,15,8.125,15.125],"texture":"#hellishvisio"},"west":{"uv":[7.875,15,8,15.125],"texture":"#hellishvisio"},"up":{"uv":[7.875,15.125,8.125,15],"texture":"#hellishvisio"},"down":{"uv":[7.875,15,8.125,15.125],"texture":"#hellishvisio"}}},{"name":"Box81","from":[8.125,6.125,7.9375],"to":[8.375,6.25,8.3125],"faces":{"north":{"uv":[8.375,9.75,8.125,9.875],"texture":"#hellishvisio"},"east":{"uv":[8.375,9.875,8.25,9.75],"rotation":180,"texture":"#hellishvisio"},"south":{"uv":[8.125,9.75,8.375,9.875],"texture":"#hellishvisio"},"west":{"uv":[8.125,9.75,8.25,9.875],"texture":"#hellishvisio"},"up":{"uv":[8.125,9.875,8.375,9.75],"texture":"#hellishvisio"},"down":{"uv":[8.125,9.75,8.375,9.875],"texture":"#hellishvisio"}}},{"name":"Box82","from":[8.125,6,7.9375],"to":[8.25,6.125,8.3125],"faces":{"north":{"uv":[8.25,9.875,8.125,10],"texture":"#hellishvisio"},"east":{"uv":[8.25,10,8.125,9.875],"rotation":180,"texture":"#hellishvisio"},"south":{"uv":[8.125,9.875,8.25,10],"texture":"#hellishvisio"},"west":{"uv":[8.125,9.875,8.25,10],"texture":"#hellishvisio"},"up":{"uv":[8.125,10,8.25,9.875],"texture":"#hellishvisio"},"down":{"uv":[8.125,9.875,8.25,10],"texture":"#hellishvisio"}}},{"name":"Box83","from":[8.125,2.125,8],"to":[8.25,2.25,8.25],"faces":{"north":{"uv":[8.25,13.75,8.125,13.875],"texture":"#hellishvisio"},"east":{"uv":[8.25,13.875,8.125,13.75],"rotation":180,"texture":"#hellishvisio"},"south":{"uv":[8.125,13.75,8.25,13.875],"texture":"#hellishvisio"},"west":{"uv":[8.125,13.75,8.25,13.875],"texture":"#hellishvisio"},"up":{"uv":[8.125,13.875,8.25,13.75],"texture":"#hellishvisio"},"down":{"uv":[8.125,13.75,8.25,13.875],"texture":"#hellishvisio"}}},{"name":"Box84","from":[8.375,1,8],"to":[8.5,2.75,8.25],"faces":{"north":{"uv":[8.5,13.25,8.375,15],"texture":"#hellishvisio"},"east":{"uv":[8.5,15,8.375,13.25],"rotation":180,"texture":"#hellishvisio"},"south":{"uv":[8.375,13.25,8.5,15],"texture":"#hellishvisio"},"west":{"uv":[8.375,13.25,8.5,15],"texture":"#hellishvisio"},"up":{"uv":[8.375,13.375,8.5,13.25],"texture":"#hellishvisio"},"down":{"uv":[8.375,14.875,8.5,15],"texture":"#hellishvisio"}}},{"name":"Box85","from":[8.5,5.75,8],"to":[8.75,6.125,8.25],"faces":{"north":{"uv":[8.75,9.875,8.5,10.25],"texture":"#hellishvisio"},"east":{"uv":[8.75,10.25,8.625,9.875],"rotation":180,"texture":"#hellishvisio"},"south":{"uv":[8.5,9.875,8.75,10.25],"texture":"#hellishvisio"},"west":{"uv":[8.5,9.875,8.625,10.25],"texture":"#hellishvisio"},"up":{"uv":[8.5,10,8.75,9.875],"texture":"#hellishvisio"},"down":{"uv":[8.5,10.125,8.75,10.25],"texture":"#hellishvisio"}}},{"name":"Box86","from":[8.5,2.125,8],"to":[8.625,2.375,8.25],"faces":{"north":{"uv":[8.625,13.625,8.5,13.875],"texture":"#hellishvisio"},"east":{"uv":[8.625,13.875,8.5,13.625],"rotation":180,"texture":"#hellishvisio"},"south":{"uv":[8.5,13.625,8.625,13.875],"texture":"#hellishvisio"},"west":{"uv":[8.5,13.625,8.625,13.875],"texture":"#hellishvisio"},"up":{"uv":[8.5,13.75,8.625,13.625],"texture":"#hellishvisio"},"down":{"uv":[8.5,13.75,8.625,13.875],"texture":"#hellishvisio"}}},{"name":"Box87","from":[8.625,5.625,8],"to":[9.125,5.75,8.25],"faces":{"north":{"uv":[9.125,10.25,8.625,10.375],"texture":"#hellishvisio"},"east":{"uv":[9.125,10.375,9,10.25],"rotation":180,"texture":"#hellishvisio"},"south":{"uv":[8.625,10.25,9.125,10.375],"texture":"#hellishvisio"},"west":{"uv":[8.625,10.25,8.75,10.375],"texture":"#hellishvisio"},"up":{"uv":[8.625,10.375,9.125,10.25],"texture":"#hellishvisio"},"down":{"uv":[8.625,10.25,9.125,10.375],"texture":"#hellishvisio"}}},{"name":"Box88","from":[8.625,5.25,8],"to":[9.375,5.375,8.25],"faces":{"north":{"uv":[9.375,10.625,8.625,10.75],"texture":"#hellishvisio"},"east":{"uv":[9.375,10.75,9.25,10.625],"rotation":180,"texture":"#hellishvisio"},"south":{"uv":[8.625,10.625,9.375,10.75],"texture":"#hellishvisio"},"west":{"uv":[8.625,10.625,8.75,10.75],"texture":"#hellishvisio"},"up":{"uv":[8.625,10.75,9.375,10.625],"texture":"#hellishvisio"},"down":{"uv":[8.625,10.625,9.375,10.75],"texture":"#hellishvisio"}}},{"name":"Box89","from":[8.625,4.75,8],"to":[9.625,4.875,8.25],"faces":{"north":{"uv":[9.625,11.125,8.625,11.25],"texture":"#hellishvisio"},"east":{"uv":[9.625,11.25,9.5,11.125],"rotation":180,"texture":"#hellishvisio"},"south":{"uv":[8.625,11.125,9.625,11.25],"texture":"#hellishvisio"},"west":{"uv":[8.625,11.125,8.75,11.25],"texture":"#hellishvisio"},"up":{"uv":[8.625,11.25,9.625,11.125],"texture":"#hellishvisio"},"down":{"uv":[8.625,11.125,9.625,11.25],"texture":"#hellishvisio"}}},{"name":"Box90","from":[8.625,3.875,8],"to":[9,4,8.25],"faces":{"north":{"uv":[9,12,8.625,12.125],"texture":"#hellishvisio"},"east":{"uv":[9,12.125,8.875,12],"rotation":180,"texture":"#hellishvisio"},"south":{"uv":[8.625,12,9,12.125],"texture":"#hellishvisio"},"west":{"uv":[8.625,12,8.75,12.125],"texture":"#hellishvisio"},"up":{"uv":[8.625,12.125,9,12],"texture":"#hellishvisio"},"down":{"uv":[8.625,12,9,12.125],"texture":"#hellishvisio"}}},{"name":"Box91","from":[8.75,5.5,8],"to":[8.875,6,8.25],"faces":{"north":{"uv":[8.875,10,8.75,10.5],"texture":"#hellishvisio"},"east":{"uv":[8.875,10.5,8.75,10],"rotation":180,"texture":"#hellishvisio"},"south":{"uv":[8.75,10,8.875,10.5],"texture":"#hellishvisio"},"west":{"uv":[8.75,10,8.875,10.5],"texture":"#hellishvisio"},"up":{"uv":[8.75,10.125,8.875,10],"texture":"#hellishvisio"},"down":{"uv":[8.75,10.375,8.875,10.5],"texture":"#hellishvisio"}}},{"name":"Box92","from":[8.75,3.75,8],"to":[9.125,3.875,8.25],"faces":{"north":{"uv":[9.125,12.125,8.75,12.25],"texture":"#hellishvisio"},"east":{"uv":[9.125,12.25,9,12.125],"rotation":180,"texture":"#hellishvisio"},"south":{"uv":[8.75,12.125,9.125,12.25],"texture":"#hellishvisio"},"west":{"uv":[8.75,12.125,8.875,12.25],"texture":"#hellishvisio"},"up":{"uv":[8.75,12.25,9.125,12.125],"texture":"#hellishvisio"},"down":{"uv":[8.75,12.125,9.125,12.25],"texture":"#hellishvisio"}}},{"name":"Box93","from":[8.875,6.25,7.9375],"to":[9.25,6.375,8.3125],"faces":{"north":{"uv":[9.25,9.625,8.875,9.75],"texture":"#hellishvisio"},"east":{"uv":[9.25,9.75,9.125,9.625],"rotation":180,"texture":"#hellishvisio"},"south":{"uv":[8.875,9.625,9.25,9.75],"texture":"#hellishvisio"},"west":{"uv":[8.875,9.625,9,9.75],"texture":"#hellishvisio"},"up":{"uv":[8.875,9.75,9.25,9.625],"texture":"#hellishvisio"},"down":{"uv":[8.875,9.625,9.25,9.75],"texture":"#hellishvisio"}}},{"name":"Box94","from":[8.875,5.375,8],"to":[9,5.875,8.25],"faces":{"north":{"uv":[9,10.125,8.875,10.625],"texture":"#hellishvisio"},"east":{"uv":[9,10.625,8.875,10.125],"rotation":180,"texture":"#hellishvisio"},"south":{"uv":[8.875,10.125,9,10.625],"texture":"#hellishvisio"},"west":{"uv":[8.875,10.125,9,10.625],"texture":"#hellishvisio"},"up":{"uv":[8.875,10.25,9,10.125],"texture":"#hellishvisio"},"down":{"uv":[8.875,10.5,9,10.625],"texture":"#hellishvisio"}}},{"name":"Box95","from":[8.875,4.875,8],"to":[9.625,5,8.25],"faces":{"north":{"uv":[9.625,11,8.875,11.125],"texture":"#hellishvisio"},"east":{"uv":[9.625,11.125,9.5,11],"rotation":180,"texture":"#hellishvisio"},"south":{"uv":[8.875,11,9.625,11.125],"texture":"#hellishvisio"},"west":{"uv":[8.875,11,9,11.125],"texture":"#hellishvisio"},"up":{"uv":[8.875,11.125,9.625,11],"texture":"#hellishvisio"},"down":{"uv":[8.875,11,9.625,11.125],"texture":"#hellishvisio"}}},{"name":"Box96","from":[8.875,3.5,8],"to":[9.125,3.75,8.25],"faces":{"north":{"uv":[9.125,12.25,8.875,12.5],"texture":"#hellishvisio"},"east":{"uv":[9.125,12.5,9,12.25],"rotation":180,"texture":"#hellishvisio"},"south":{"uv":[8.875,12.25,9.125,12.5],"texture":"#hellishvisio"},"west":{"uv":[8.875,12.25,9,12.5],"texture":"#hellishvisio"},"up":{"uv":[8.875,12.375,9.125,12.25],"texture":"#hellishvisio"},"down":{"uv":[8.875,12.375,9.125,12.5],"texture":"#hellishvisio"}}},{"name":"Box97","from":[9,6.125,7.9375],"to":[9.25,6.25,8.3125],"faces":{"north":{"uv":[9.25,9.75,9,9.875],"texture":"#hellishvisio"},"east":{"uv":[9.25,9.875,9.125,9.75],"rotation":180,"texture":"#hellishvisio"},"south":{"uv":[9,9.75,9.25,9.875],"texture":"#hellishvisio"},"west":{"uv":[9,9.75,9.125,9.875],"texture":"#hellishvisio"},"up":{"uv":[9,9.875,9.25,9.75],"texture":"#hellishvisio"},"down":{"uv":[9,9.75,9.25,9.875],"texture":"#hellishvisio"}}},{"name":"Box98","from":[9,5.375,8.0625],"to":[9.625,5.625,8.1875],"faces":{"north":{"uv":[9.625,10.375,9,10.625],"texture":"#hellishvisio"},"east":{"uv":[9.625,10.625,9.5,10.375],"rotation":180,"texture":"#hellishvisio"},"south":{"uv":[9,10.375,9.625,10.625],"texture":"#hellishvisio"},"west":{"uv":[9,10.375,9.125,10.625],"texture":"#hellishvisio"},"up":{"uv":[9,10.5,9.625,10.375],"texture":"#hellishvisio"},"down":{"uv":[9,10.5,9.625,10.625],"texture":"#hellishvisio"}}},{"name":"Box99","from":[9,3.25,8],"to":[9.125,3.5,8.25],"faces":{"north":{"uv":[9.125,12.5,9,12.75],"texture":"#hellishvisio"},"east":{"uv":[9.125,12.75,9,12.5],"rotation":180,"texture":"#hellishvisio"},"south":{"uv":[9,12.5,9.125,12.75],"texture":"#hellishvisio"},"west":{"uv":[9,12.5,9.125,12.75],"texture":"#hellishvisio"},"up":{"uv":[9,12.625,9.125,12.5],"texture":"#hellishvisio"},"down":{"uv":[9,12.625,9.125,12.75],"texture":"#hellishvisio"}}},{"name":"Box100","from":[9.125,5,8],"to":[9.5,5.125,8.25],"faces":{"north":{"uv":[9.5,10.875,9.125,11],"texture":"#hellishvisio"},"east":{"uv":[9.5,11,9.375,10.875],"rotation":180,"texture":"#hellishvisio"},"south":{"uv":[9.125,10.875,9.5,11],"texture":"#hellishvisio"},"west":{"uv":[9.125,10.875,9.25,11],"texture":"#hellishvisio"},"up":{"uv":[9.125,11,9.5,10.875],"texture":"#hellishvisio"},"down":{"uv":[9.125,10.875,9.5,11],"texture":"#hellishvisio"}}},{"name":"Box101","from":[9.25,5.625,8.0625],"to":[9.75,5.75,8.1875],"faces":{"north":{"uv":[9.75,10.25,9.25,10.375],"texture":"#hellishvisio"},"east":{"uv":[9.75,10.375,9.625,10.25],"rotation":180,"texture":"#hellishvisio"},"south":{"uv":[9.25,10.25,9.75,10.375],"texture":"#hellishvisio"},"west":{"uv":[9.25,10.25,9.375,10.375],"texture":"#hellishvisio"},"up":{"uv":[9.25,10.375,9.75,10.25],"texture":"#hellishvisio"},"down":{"uv":[9.25,10.25,9.75,10.375],"texture":"#hellishvisio"}}},{"name":"Box102","from":[9.25,4.625,8.0625],"to":[10.125,4.75,8.1875],"faces":{"north":{"uv":[10.125,11.25,9.25,11.375],"texture":"#hellishvisio"},"east":{"uv":[10.125,11.375,10,11.25],"rotation":180,"texture":"#hellishvisio"},"south":{"uv":[9.25,11.25,10.125,11.375],"texture":"#hellishvisio"},"west":{"uv":[9.25,11.25,9.375,11.375],"texture":"#hellishvisio"},"up":{"uv":[9.25,11.375,10.125,11.25],"texture":"#hellishvisio"},"down":{"uv":[9.25,11.25,10.125,11.375],"texture":"#hellishvisio"}}},{"name":"Box103","from":[9.375,4.375,8.0625],"to":[10,4.625,8.1875],"faces":{"north":{"uv":[10,11.375,9.375,11.625],"texture":"#hellishvisio"},"east":{"uv":[10,11.625,9.875,11.375],"rotation":180,"texture":"#hellishvisio"},"south":{"uv":[9.375,11.375,10,11.625],"texture":"#hellishvisio"},"west":{"uv":[9.375,11.375,9.5,11.625],"texture":"#hellishvisio"},"up":{"uv":[9.375,11.5,10,11.375],"texture":"#hellishvisio"},"down":{"uv":[9.375,11.5,10,11.625],"texture":"#hellishvisio"}}},{"name":"Box104","from":[9.375,4.25,8],"to":[9.75,4.375,8.25],"faces":{"north":{"uv":[9.75,11.625,9.375,11.75],"texture":"#hellishvisio"},"east":{"uv":[9.75,11.75,9.625,11.625],"rotation":180,"texture":"#hellishvisio"},"south":{"uv":[9.375,11.625,9.75,11.75],"texture":"#hellishvisio"},"west":{"uv":[9.375,11.625,9.5,11.75],"texture":"#hellishvisio"},"up":{"uv":[9.375,11.75,9.75,11.625],"texture":"#hellishvisio"},"down":{"uv":[9.375,11.625,9.75,11.75],"texture":"#hellishvisio"}}},{"name":"Box105","from":[9.5,5.75,8.0625],"to":[9.75,5.875,8.1875],"faces":{"north":{"uv":[9.75,10.125,9.5,10.25],"texture":"#hellishvisio"},"east":{"uv":[9.75,10.25,9.625,10.125],"rotation":180,"texture":"#hellishvisio"},"south":{"uv":[9.5,10.125,9.75,10.25],"texture":"#hellishvisio"},"west":{"uv":[9.5,10.125,9.625,10.25],"texture":"#hellishvisio"},"up":{"uv":[9.5,10.25,9.75,10.125],"texture":"#hellishvisio"},"down":{"uv":[9.5,10.125,9.75,10.25],"texture":"#hellishvisio"}}},{"name":"Box106","from":[9.5,4,8],"to":[9.75,4.25,8.25],"faces":{"north":{"uv":[9.75,11.75,9.5,12],"texture":"#hellishvisio"},"east":{"uv":[9.75,12,9.625,11.75],"rotation":180,"texture":"#hellishvisio"},"south":{"uv":[9.5,11.75,9.75,12],"texture":"#hellishvisio"},"west":{"uv":[9.5,11.75,9.625,12],"texture":"#hellishvisio"},"up":{"uv":[9.5,11.875,9.75,11.75],"texture":"#hellishvisio"},"down":{"uv":[9.5,11.875,9.75,12],"texture":"#hellishvisio"}}},{"name":"Box107","from":[9.625,3.875,8],"to":[10.125,4,8.25],"faces":{"north":{"uv":[10.125,12,9.625,12.125],"texture":"#hellishvisio"},"east":{"uv":[10.125,12.125,10,12],"rotation":180,"texture":"#hellishvisio"},"south":{"uv":[9.625,12,10.125,12.125],"texture":"#hellishvisio"},"west":{"uv":[9.625,12,9.75,12.125],"texture":"#hellishvisio"},"up":{"uv":[9.625,12.125,10.125,12],"texture":"#hellishvisio"},"down":{"uv":[9.625,12,10.125,12.125],"texture":"#hellishvisio"}}},{"name":"Box108","from":[9.75,3.75,8],"to":[9.875,4.125,8.25],"faces":{"north":{"uv":[9.875,11.875,9.75,12.25],"texture":"#hellishvisio"},"east":{"uv":[9.875,12.25,9.75,11.875],"rotation":180,"texture":"#hellishvisio"},"south":{"uv":[9.75,11.875,9.875,12.25],"texture":"#hellishvisio"},"west":{"uv":[9.75,11.875,9.875,12.25],"texture":"#hellishvisio"},"up":{"uv":[9.75,12,9.875,11.875],"texture":"#hellishvisio"},"down":{"uv":[9.75,12.125,9.875,12.25],"texture":"#hellishvisio"}}},{"name":"Box109","from":[9.875,5.375,8.0625],"to":[10.875,5.5,8.1875],"faces":{"north":{"uv":[10.875,10.5,9.875,10.625],"texture":"#hellishvisio"},"east":{"uv":[10.875,10.625,10.75,10.5],"rotation":180,"texture":"#hellishvisio"},"south":{"uv":[9.875,10.5,10.875,10.625],"texture":"#hellishvisio"},"west":{"uv":[9.875,10.5,10,10.625],"texture":"#hellishvisio"},"up":{"uv":[9.875,10.625,10.875,10.5],"texture":"#hellishvisio"},"down":{"uv":[9.875,10.5,10.875,10.625],"texture":"#hellishvisio"}}},{"name":"Box110","from":[9.875,5.25,8.0625],"to":[10.5,5.375,8.1875],"faces":{"north":{"uv":[10.5,10.625,9.875,10.75],"texture":"#hellishvisio"},"east":{"uv":[10.5,10.75,10.375,10.625],"rotation":180,"texture":"#hellishvisio"},"south":{"uv":[9.875,10.625,10.5,10.75],"texture":"#hellishvisio"},"west":{"uv":[9.875,10.625,10,10.75],"texture":"#hellishvisio"},"up":{"uv":[9.875,10.75,10.5,10.625],"texture":"#hellishvisio"},"down":{"uv":[9.875,10.625,10.5,10.75],"texture":"#hellishvisio"}}},{"name":"Box111","from":[9.875,5.125,8.0625],"to":[10.25,5.25,8.1875],"faces":{"north":{"uv":[10.25,10.75,9.875,10.875],"texture":"#hellishvisio"},"east":{"uv":[10.25,10.875,10.125,10.75],"rotation":180,"texture":"#hellishvisio"},"south":{"uv":[9.875,10.75,10.25,10.875],"texture":"#hellishvisio"},"west":{"uv":[9.875,10.75,10,10.875],"texture":"#hellishvisio"},"up":{"uv":[9.875,10.875,10.25,10.75],"texture":"#hellishvisio"},"down":{"uv":[9.875,10.75,10.25,10.875],"texture":"#hellishvisio"}}},{"name":"Box112","from":[9.875,4.75,8.0625],"to":[10.125,4.875,8.1875],"faces":{"north":{"uv":[10.125,11.125,9.875,11.25],"texture":"#hellishvisio"},"east":{"uv":[10.125,11.25,10,11.125],"rotation":180,"texture":"#hellishvisio"},"south":{"uv":[9.875,11.125,10.125,11.25],"texture":"#hellishvisio"},"west":{"uv":[9.875,11.125,10,11.25],"texture":"#hellishvisio"},"up":{"uv":[9.875,11.25,10.125,11.125],"texture":"#hellishvisio"},"down":{"uv":[9.875,11.125,10.125,11.25],"texture":"#hellishvisio"}}},{"name":"Box113","from":[9.875,3.75,8],"to":[10,3.875,8.25],"faces":{"north":{"uv":[10,12.125,9.875,12.25],"texture":"#hellishvisio"},"east":{"uv":[10,12.25,9.875,12.125],"rotation":180,"texture":"#hellishvisio"},"south":{"uv":[9.875,12.125,10,12.25],"texture":"#hellishvisio"},"west":{"uv":[9.875,12.125,10,12.25],"texture":"#hellishvisio"},"up":{"uv":[9.875,12.25,10,12.125],"texture":"#hellishvisio"},"down":{"uv":[9.875,12.125,10,12.25],"texture":"#hellishvisio"}}},{"name":"Box114","from":[10,5.875,8.0625],"to":[10.25,6,8.1875],"faces":{"north":{"uv":[10.25,10,10,10.125],"texture":"#hellishvisio"},"east":{"uv":[10.25,10.125,10.125,10],"rotation":180,"texture":"#hellishvisio"},"south":{"uv":[10,10,10.25,10.125],"texture":"#hellishvisio"},"west":{"uv":[10,10,10.125,10.125],"texture":"#hellishvisio"},"up":{"uv":[10,10.125,10.25,10],"texture":"#hellishvisio"},"down":{"uv":[10,10,10.25,10.125],"texture":"#hellishvisio"}}},{"name":"Box115","from":[10,5.625,8.0625],"to":[10.75,5.75,8.1875],"faces":{"north":{"uv":[10.75,10.25,10,10.375],"texture":"#hellishvisio"},"east":{"uv":[10.75,10.375,10.625,10.25],"rotation":180,"texture":"#hellishvisio"},"south":{"uv":[10,10.25,10.75,10.375],"texture":"#hellishvisio"},"west":{"uv":[10,10.25,10.125,10.375],"texture":"#hellishvisio"},"up":{"uv":[10,10.375,10.75,10.25],"texture":"#hellishvisio"},"down":{"uv":[10,10.25,10.75,10.375],"texture":"#hellishvisio"}}},{"name":"Box116","from":[10,5.5,8.0625],"to":[10.625,5.625,8.1875],"faces":{"north":{"uv":[10.625,10.375,10,10.5],"texture":"#hellishvisio"},"east":{"uv":[10.625,10.5,10.5,10.375],"rotation":180,"texture":"#hellishvisio"},"south":{"uv":[10,10.375,10.625,10.5],"texture":"#hellishvisio"},"west":{"uv":[10,10.375,10.125,10.5],"texture":"#hellishvisio"},"up":{"uv":[10,10.5,10.625,10.375],"texture":"#hellishvisio"},"down":{"uv":[10,10.375,10.625,10.5],"texture":"#hellishvisio"}}},{"name":"Box117","from":[10.125,5.75,8.0625],"to":[10.25,6.125,8.1875],"faces":{"north":{"uv":[10.25,9.875,10.125,10.25],"texture":"#hellishvisio"},"east":{"uv":[10.25,10.25,10.125,9.875],"rotation":180,"texture":"#hellishvisio"},"south":{"uv":[10.125,9.875,10.25,10.25],"texture":"#hellishvisio"},"west":{"uv":[10.125,9.875,10.25,10.25],"texture":"#hellishvisio"},"up":{"uv":[10.125,10,10.25,9.875],"texture":"#hellishvisio"},"down":{"uv":[10.125,10.125,10.25,10.25],"texture":"#hellishvisio"}}},{"name":"Box118","from":[10.25,5.75,8.0625],"to":[10.75,5.875,8.1875],"faces":{"north":{"uv":[10.75,10.125,10.25,10.25],"texture":"#hellishvisio"},"east":{"uv":[10.75,10.25,10.625,10.125],"rotation":180,"texture":"#hellishvisio"},"south":{"uv":[10.25,10.125,10.75,10.25],"texture":"#hellishvisio"},"west":{"uv":[10.25,10.125,10.375,10.25],"texture":"#hellishvisio"},"up":{"uv":[10.25,10.25,10.75,10.125],"texture":"#hellishvisio"},"down":{"uv":[10.25,10.125,10.75,10.25],"texture":"#hellishvisio"}}},{"name":"Box119","from":[10.375,5.875,8.0625],"to":[10.875,6,8.1875],"faces":{"north":{"uv":[10.875,10,10.375,10.125],"texture":"#hellishvisio"},"east":{"uv":[10.875,10.125,10.75,10],"rotation":180,"texture":"#hellishvisio"},"south":{"uv":[10.375,10,10.875,10.125],"texture":"#hellishvisio"},"west":{"uv":[10.375,10,10.5,10.125],"texture":"#hellishvisio"},"up":{"uv":[10.375,10.125,10.875,10],"texture":"#hellishvisio"},"down":{"uv":[10.375,10,10.875,10.125],"texture":"#hellishvisio"}}},{"name":"Box120","from":[10.625,6,8.0625],"to":[10.875,6.125,8.1875],"faces":{"north":{"uv":[10.875,9.875,10.625,10],"texture":"#hellishvisio"},"east":{"uv":[10.875,10,10.75,9.875],"rotation":180,"texture":"#hellishvisio"},"south":{"uv":[10.625,9.875,10.875,10],"texture":"#hellishvisio"},"west":{"uv":[10.625,9.875,10.75,10],"texture":"#hellishvisio"},"up":{"uv":[10.625,10,10.875,9.875],"texture":"#hellishvisio"},"down":{"uv":[10.625,9.875,10.875,10],"texture":"#hellishvisio"}}},{"name":"Box121","from":[10.625,5.25,8.0625],"to":[10.75,5.375,8.1875],"faces":{"north":{"uv":[10.75,10.625,10.625,10.75],"texture":"#hellishvisio"},"east":{"uv":[10.75,10.75,10.625,10.625],"rotation":180,"texture":"#hellishvisio"},"south":{"uv":[10.625,10.625,10.75,10.75],"texture":"#hellishvisio"},"west":{"uv":[10.625,10.625,10.75,10.75],"texture":"#hellishvisio"},"up":{"uv":[10.625,10.75,10.75,10.625],"texture":"#hellishvisio"},"down":{"uv":[10.625,10.625,10.75,10.75],"texture":"#hellishvisio"}}},{"name":"Box42","from":[8.375,7.25,7.9375],"to":[9,7.75,8.3125],"faces":{"north":{"uv":[9,8.25,8.375,8.75],"texture":"#hellishvisio"},"east":{"uv":[9,8.25,8.875,8.75],"texture":"#hellishvisio"},"south":{"uv":[8.375,8.25,9,8.75],"texture":"#hellishvisio"},"west":{"uv":[8.375,8.25,8.5,8.75],"texture":"#hellishvisio"},"up":{"uv":[8.375,8.375,9,8.25],"texture":"#hellishvisio"},"down":{"uv":[8.375,8.625,9,8.75],"texture":"#hellishvisio"}}},{"name":"Box32","from":[8.375,7.75,7.9375],"to":[9.25,7.875,8.3125],"faces":{"north":{"uv":[9.25,8.125,8.375,8.25],"texture":"#hellishvisio"},"east":{"uv":[9.25,8.125,9.125,8.25],"texture":"#hellishvisio"},"south":{"uv":[8.375,8.125,9.25,8.25],"texture":"#hellishvisio"},"west":{"uv":[8.375,8.125,8.5,8.25],"texture":"#hellishvisio"},"up":{"uv":[8.375,8.25,9.25,8.125],"texture":"#hellishvisio"},"down":{"uv":[8.375,8.125,9.25,8.25],"texture":"#hellishvisio"}}},{"name":"Box29","from":[8.375,7.875,7.9375],"to":[9.375,8,8.3125],"faces":{"north":{"uv":[9.375,8,8.375,8.125],"texture":"#hellishvisio"},"east":{"uv":[9.375,8,9.25,8.125],"texture":"#hellishvisio"},"south":{"uv":[8.375,8,9.375,8.125],"texture":"#hellishvisio"},"west":{"uv":[8.375,8,8.5,8.125],"texture":"#hellishvisio"},"up":{"uv":[8.375,8.125,9.375,8],"texture":"#hellishvisio"},"down":{"uv":[8.375,8,9.375,8.125],"texture":"#hellishvisio"}}},{"name":"Box36","from":[8.375,8,7.9375],"to":[9.125,8.125,8.3125],"faces":{"north":{"uv":[9.125,7.875,8.375,8],"texture":"#hellishvisio"},"east":{"uv":[9.125,7.875,9,8],"texture":"#hellishvisio"},"south":{"uv":[8.375,7.875,9.125,8],"texture":"#hellishvisio"},"west":{"uv":[8.375,7.875,8.5,8],"texture":"#hellishvisio"},"up":{"uv":[8.375,8,9.125,7.875],"texture":"#hellishvisio"},"down":{"uv":[8.375,7.875,9.125,8],"texture":"#hellishvisio"}}},{"name":"Box48","from":[8.375,8.125,7.9375],"to":[8.875,8.375,8.3125],"faces":{"north":{"uv":[8.875,7.625,8.375,7.875],"texture":"#hellishvisio"},"east":{"uv":[8.875,7.625,8.75,7.875],"texture":"#hellishvisio"},"south":{"uv":[8.375,7.625,8.875,7.875],"texture":"#hellishvisio"},"west":{"uv":[8.375,7.625,8.5,7.875],"texture":"#hellishvisio"},"up":{"uv":[8.375,7.75,8.875,7.625],"texture":"#hellishvisio"},"down":{"uv":[8.375,7.75,8.875,7.875],"texture":"#hellishvisio"}}},{"name":"Box54","from":[8.375,8.375,7.9375],"to":[8.75,9.25,8.3125],"faces":{"north":{"uv":[8.75,6.75,8.375,7.625],"texture":"#hellishvisio"},"east":{"uv":[8.75,6.75,8.625,7.625],"texture":"#hellishvisio"},"south":{"uv":[8.375,6.75,8.75,7.625],"texture":"#hellishvisio"},"west":{"uv":[8.375,6.75,8.5,7.625],"texture":"#hellishvisio"},"up":{"uv":[8.375,6.875,8.75,6.75],"texture":"#hellishvisio"},"down":{"uv":[8.375,7.5,8.75,7.625],"texture":"#hellishvisio"}}},{"name":"Box61","from":[8.375,9.25,7.9375],"to":[8.625,9.375,8.3125],"faces":{"north":{"uv":[8.625,6.625,8.375,6.75],"texture":"#hellishvisio"},"east":{"uv":[8.625,6.625,8.5,6.75],"texture":"#hellishvisio"},"south":{"uv":[8.375,6.625,8.625,6.75],"texture":"#hellishvisio"},"west":{"uv":[8.375,6.625,8.5,6.75],"texture":"#hellishvisio"},"up":{"uv":[8.375,6.75,8.625,6.625],"texture":"#hellishvisio"},"down":{"uv":[8.375,6.625,8.625,6.75],"texture":"#hellishvisio"}}},{"name":"Box37","from":[6.875,7,7.9375],"to":[7.625,7.25,8.3125],"faces":{"north":{"uv":[7.625,8.75,6.875,9],"texture":"#hellishvisio"},"east":{"uv":[7.625,8.75,7.5,9],"texture":"#hellishvisio"},"south":{"uv":[6.875,8.75,7.625,9],"texture":"#hellishvisio"},"west":{"uv":[6.875,8.75,7,9],"texture":"#hellishvisio"},"up":{"uv":[6.875,8.875,7.625,8.75],"texture":"#hellishvisio"},"down":{"uv":[6.875,8.875,7.625,9],"texture":"#hellishvisio"}}},{"name":"Box25","from":[6.375,6.625,7.9375],"to":[7.75,6.75,8.3125],"faces":{"north":{"uv":[7.75,9.25,6.375,9.375],"texture":"#hellishvisio"},"east":{"uv":[7.75,9.25,7.625,9.375],"texture":"#hellishvisio"},"south":{"uv":[6.375,9.25,7.75,9.375],"texture":"#hellishvisio"},"west":{"uv":[6.375,9.25,6.5,9.375],"texture":"#hellishvisio"},"up":{"uv":[6.375,9.375,7.75,9.25],"texture":"#hellishvisio"},"down":{"uv":[6.375,9.25,7.75,9.375],"texture":"#hellishvisio"}}},{"name":"Box21","from":[6.375,6.75,7.9375],"to":[7.75,6.875,8.3125],"faces":{"north":{"uv":[7.75,9.125,6.375,9.25],"texture":"#hellishvisio"},"east":{"uv":[7.75,9.125,7.625,9.25],"texture":"#hellishvisio"},"south":{"uv":[6.375,9.125,7.75,9.25],"texture":"#hellishvisio"},"west":{"uv":[6.375,9.125,6.5,9.25],"texture":"#hellishvisio"},"up":{"uv":[6.375,9.25,7.75,9.125],"texture":"#hellishvisio"},"down":{"uv":[6.375,9.125,7.75,9.25],"texture":"#hellishvisio"}}},{"name":"Box30","from":[6.625,6.875,7.9375],"to":[7.75,7,8.3125],"faces":{"north":{"uv":[7.75,9,6.625,9.125],"texture":"#hellishvisio"},"east":{"uv":[7.75,9,7.625,9.125],"texture":"#hellishvisio"},"south":{"uv":[6.625,9,7.75,9.125],"texture":"#hellishvisio"},"west":{"uv":[6.625,9,6.75,9.125],"texture":"#hellishvisio"},"up":{"uv":[6.625,9.125,7.75,9],"texture":"#hellishvisio"},"down":{"uv":[6.625,9,7.75,9.125],"texture":"#hellishvisio"}}},{"name":"Box65","from":[7.75,6.25,7.9844],"to":[8.25,13.875,8.26565],"faces":{"north":{"uv":[8.25,2.125,7.75,9.75],"texture":"#hellishvisio"},"east":{"uv":[8.25,2.125,8.125,9.75],"texture":"#hellishvisio"},"south":{"uv":[7.75,2.125,8.25,9.75],"texture":"#hellishvisio"},"west":{"uv":[7.75,2.125,7.875,9.75],"texture":"#hellishvisio"},"up":{"uv":[7.75,2.25,8.25,2.125],"texture":"#hellishvisio"},"down":{"uv":[7.75,9.625,8.25,9.75],"texture":"#hellishvisio"}}},{"name":"Box65","from":[7.625,12.375,7.9844],"to":[8.375,13.375,8.26565],"faces":{"north":{"uv":[8.375,2.625,7.625,3.625],"texture":"#hellishvisio"},"east":{"uv":[8.375,2.625,8.25,3.625],"texture":"#hellishvisio"},"south":{"uv":[7.625,2.625,8.375,3.625],"texture":"#hellishvisio"},"west":{"uv":[7.625,2.625,7.75,3.625],"texture":"#hellishvisio"},"up":{"uv":[7.625,2.75,8.375,2.625],"texture":"#hellishvisio"},"down":{"uv":[7.625,3.5,8.375,3.625],"texture":"#hellishvisio"}}},{"name":"Box65","from":[7.875,13.875,7.9844],"to":[8.125,14.125,8.26565],"faces":{"north":{"uv":[8.125,1.875,7.875,2.125],"texture":"#hellishvisio"},"east":{"uv":[8.125,1.875,8,2.125],"texture":"#hellishvisio"},"south":{"uv":[7.875,1.875,8.125,2.125],"texture":"#hellishvisio"},"west":{"uv":[7.875,1.875,8,2.125],"texture":"#hellishvisio"},"up":{"uv":[7.875,2,8.125,1.875],"texture":"#hellishvisio"},"down":{"uv":[7.875,2,8.125,2.125],"texture":"#hellishvisio"}}},{"name":"Box65","from":[7.625,6.375,8.0312],"to":[8.375,13.875,8.2187],"faces":{"north":{"uv":[8.375,2.125,7.625,9.75],"texture":"#hellishvisio"},"east":{"uv":[8.375,2.125,8.25,9.75],"texture":"#hellishvisio"},"south":{"uv":[7.625,2.125,8.375,9.75],"texture":"#hellishvisio"},"west":{"uv":[7.625,2.125,7.75,9.75],"texture":"#hellishvisio"},"up":{"uv":[7.625,2.25,8.375,2.125],"texture":"#hellishvisio"},"down":{"uv":[7.625,9.625,8.375,9.75],"texture":"#hellishvisio"}}},{"name":"Box65","from":[7.75,13.875,8.0312],"to":[8.25,14.125,8.2187],"faces":{"north":{"uv":[8.25,1.875,7.75,2.125],"texture":"#hellishvisio"},"east":{"uv":[8.25,1.875,8.125,2.125],"texture":"#hellishvisio"},"south":{"uv":[7.75,1.875,8.25,2.125],"texture":"#hellishvisio"},"west":{"uv":[7.75,1.875,7.875,2.125],"texture":"#hellishvisio"},"up":{"uv":[7.75,2,8.25,1.875],"texture":"#hellishvisio"},"down":{"uv":[7.75,2,8.25,2.125],"texture":"#hellishvisio"}}},{"name":"Box65","from":[7.875,14.125,8.0312],"to":[8.125,14.25,8.2187],"faces":{"north":{"uv":[8.125,1.75,7.875,1.875],"texture":"#hellishvisio"},"east":{"uv":[8.125,1.75,8,1.875],"texture":"#hellishvisio"},"south":{"uv":[7.875,1.75,8.125,1.875],"texture":"#hellishvisio"},"west":{"uv":[7.875,1.75,8,1.875],"texture":"#hellishvisio"},"up":{"uv":[7.875,1.875,8.125,1.75],"texture":"#hellishvisio"},"down":{"uv":[7.875,1.75,8.125,1.875],"texture":"#hellishvisio"}}},{"name":"Box65","from":[7.375,12.875,8.0312],"to":[8.625,13.25,8.2187],"faces":{"north":{"uv":[8.625,2.75,7.375,3.125],"texture":"#hellishvisio"},"east":{"uv":[8.625,2.75,8.5,3.125],"texture":"#hellishvisio"},"south":{"uv":[7.375,2.75,8.625,3.125],"texture":"#hellishvisio"},"west":{"uv":[7.375,2.75,7.5,3.125],"texture":"#hellishvisio"},"up":{"uv":[7.375,2.875,8.625,2.75],"texture":"#hellishvisio"},"down":{"uv":[7.375,3,8.625,3.125],"texture":"#hellishvisio"}}},{"name":"Box33","from":[7.5,6.25,7.9375],"to":[8.5,6.375,8.3125],"faces":{"north":{"uv":[8.5,9.625,7.5,9.75],"texture":"#hellishvisio"},"east":{"uv":[8.5,9.625,8.375,9.75],"texture":"#hellishvisio"},"south":{"uv":[7.5,9.625,8.5,9.75],"texture":"#hellishvisio"},"west":{"uv":[7.5,9.625,7.625,9.75],"texture":"#hellishvisio"},"up":{"uv":[7.5,9.75,8.5,9.625],"texture":"#hellishvisio"},"down":{"uv":[7.5,9.625,8.5,9.75],"texture":"#hellishvisio"}}},{"name":"Box33","from":[7.75,6.25,7.8438],"to":[8.25,6.625,8.4063],"faces":{"north":{"uv":[8.25,9.375,7.75,9.75],"texture":"#hellishvisio"},"east":{"uv":[8.25,9.375,8.125,9.75],"texture":"#hellishvisio"},"south":{"uv":[7.75,9.375,8.25,9.75],"texture":"#hellishvisio"},"west":{"uv":[7.75,9.375,7.875,9.75],"texture":"#hellishvisio"},"up":{"uv":[7.75,9.5,8.25,9.375],"texture":"#hellishvisio"},"down":{"uv":[7.75,9.625,8.25,9.75],"texture":"#hellishvisio"}}},{"name":"Box33","from":[7.125,6.5,7.8438],"to":[7.625,6.625,8.4063],"faces":{"north":{"uv":[7.625,9.375,7.125,9.5],"texture":"#hellishvisio"},"east":{"uv":[7.625,9.375,7.5,9.5],"texture":"#hellishvisio"},"south":{"uv":[7.125,9.375,7.625,9.5],"texture":"#hellishvisio"},"west":{"uv":[7.125,9.375,7.25,9.5],"texture":"#hellishvisio"},"up":{"uv":[7.125,9.5,7.625,9.375],"texture":"#hellishvisio"},"down":{"uv":[7.125,9.375,7.625,9.5],"texture":"#hellishvisio"}}},{"name":"Box33","from":[7.25,6.625,7.8438],"to":[7.75,6.75,8.4063],"faces":{"north":{"uv":[7.75,9.25,7.25,9.375],"texture":"#hellishvisio"},"east":{"uv":[7.75,9.25,7.625,9.375],"texture":"#hellishvisio"},"south":{"uv":[7.25,9.25,7.75,9.375],"texture":"#hellishvisio"},"west":{"uv":[7.25,9.25,7.375,9.375],"texture":"#hellishvisio"},"up":{"uv":[7.25,9.375,7.75,9.25],"texture":"#hellishvisio"},"down":{"uv":[7.25,9.25,7.75,9.375],"texture":"#hellishvisio"}}},{"name":"Box33","from":[7.25,6.75,7.8438],"to":[7.625,6.875,8.4063],"faces":{"north":{"uv":[7.625,9.125,7.25,9.25],"texture":"#hellishvisio"},"east":{"uv":[7.625,9.125,7.5,9.25],"texture":"#hellishvisio"},"south":{"uv":[7.25,9.125,7.625,9.25],"texture":"#hellishvisio"},"west":{"uv":[7.25,9.125,7.375,9.25],"texture":"#hellishvisio"},"up":{"uv":[7.25,9.25,7.625,9.125],"texture":"#hellishvisio"},"down":{"uv":[7.25,9.125,7.625,9.25],"texture":"#hellishvisio"}}},{"name":"Box33","from":[7.375,6.875,7.8438],"to":[7.5,7.125,8.4063],"faces":{"north":{"uv":[7.5,8.875,7.375,9.125],"texture":"#hellishvisio"},"east":{"uv":[7.5,8.875,7.375,9.125],"texture":"#hellishvisio"},"south":{"uv":[7.375,8.875,7.5,9.125],"texture":"#hellishvisio"},"west":{"uv":[7.375,8.875,7.5,9.125],"texture":"#hellishvisio"},"up":{"uv":[7.375,9,7.5,8.875],"texture":"#hellishvisio"},"down":{"uv":[7.375,9,7.5,9.125],"texture":"#hellishvisio"}}},{"name":"Box33","from":[8.375,6.5,7.8438],"to":[8.875,6.625,8.4063],"faces":{"north":{"uv":[8.875,9.375,8.375,9.5],"texture":"#hellishvisio"},"east":{"uv":[8.875,9.375,8.75,9.5],"texture":"#hellishvisio"},"south":{"uv":[8.375,9.375,8.875,9.5],"texture":"#hellishvisio"},"west":{"uv":[8.375,9.375,8.5,9.5],"texture":"#hellishvisio"},"up":{"uv":[8.375,9.5,8.875,9.375],"texture":"#hellishvisio"},"down":{"uv":[8.375,9.375,8.875,9.5],"texture":"#hellishvisio"}}},{"name":"Box33","from":[8.25,6.625,7.8438],"to":[8.75,6.75,8.4063],"faces":{"north":{"uv":[8.75,9.25,8.25,9.375],"texture":"#hellishvisio"},"east":{"uv":[8.75,9.25,8.625,9.375],"texture":"#hellishvisio"},"south":{"uv":[8.25,9.25,8.75,9.375],"texture":"#hellishvisio"},"west":{"uv":[8.25,9.25,8.375,9.375],"texture":"#hellishvisio"},"up":{"uv":[8.25,9.375,8.75,9.25],"texture":"#hellishvisio"},"down":{"uv":[8.25,9.25,8.75,9.375],"texture":"#hellishvisio"}}},{"name":"Box33","from":[8.375,6.75,7.8438],"to":[8.75,6.875,8.4063],"faces":{"north":{"uv":[8.75,9.125,8.375,9.25],"texture":"#hellishvisio"},"east":{"uv":[8.75,9.125,8.625,9.25],"texture":"#hellishvisio"},"south":{"uv":[8.375,9.125,8.75,9.25],"texture":"#hellishvisio"},"west":{"uv":[8.375,9.125,8.5,9.25],"texture":"#hellishvisio"},"up":{"uv":[8.375,9.25,8.75,9.125],"texture":"#hellishvisio"},"down":{"uv":[8.375,9.125,8.75,9.25],"texture":"#hellishvisio"}}},{"name":"Box33","from":[8.5,6.875,7.8438],"to":[8.625,7.125,8.4063],"faces":{"north":{"uv":[8.625,8.875,8.5,9.125],"texture":"#hellishvisio"},"east":{"uv":[8.625,8.875,8.5,9.125],"texture":"#hellishvisio"},"south":{"uv":[8.5,8.875,8.625,9.125],"texture":"#hellishvisio"},"west":{"uv":[8.5,8.875,8.625,9.125],"texture":"#hellishvisio"},"up":{"uv":[8.5,9,8.625,8.875],"texture":"#hellishvisio"},"down":{"uv":[8.5,9,8.625,9.125],"texture":"#hellishvisio"}}},{"name":"Box65","from":[7.5,12.25,8.0312],"to":[8.5,13.5,8.2187],"faces":{"north":{"uv":[8.5,2.5,7.5,3.75],"texture":"#hellishvisio"},"east":{"uv":[8.5,2.5,8.375,3.75],"texture":"#hellishvisio"},"south":{"uv":[7.5,2.5,8.5,3.75],"texture":"#hellishvisio"},"west":{"uv":[7.5,2.5,7.625,3.75],"texture":"#hellishvisio"},"up":{"uv":[7.5,2.625,8.5,2.5],"texture":"#hellishvisio"},"down":{"uv":[7.5,3.625,8.5,3.75],"texture":"#hellishvisio"}}},{"name":"Box38","from":[6.75,5.5,8],"to":[7.25,5.625,8.25],"faces":{"north":{"uv":[7.25,10.375,6.75,10.5],"texture":"#hellishvisio"},"east":{"uv":[7.25,10.375,7.125,10.5],"texture":"#hellishvisio"},"south":{"uv":[6.75,10.375,7.25,10.5],"texture":"#hellishvisio"},"west":{"uv":[6.75,10.375,6.875,10.5],"texture":"#hellishvisio"},"up":{"uv":[6.75,10.5,7.25,10.375],"texture":"#hellishvisio"},"down":{"uv":[6.75,10.375,7.25,10.5],"texture":"#hellishvisio"}}},{"name":"Box38","from":[6.625,5.375,8],"to":[7.125,5.5,8.25],"faces":{"north":{"uv":[7.125,10.5,6.625,10.625],"texture":"#hellishvisio"},"east":{"uv":[7.125,10.5,7,10.625],"texture":"#hellishvisio"},"south":{"uv":[6.625,10.5,7.125,10.625],"texture":"#hellishvisio"},"west":{"uv":[6.625,10.5,6.75,10.625],"texture":"#hellishvisio"},"up":{"uv":[6.625,10.625,7.125,10.5],"texture":"#hellishvisio"},"down":{"uv":[6.625,10.5,7.125,10.625],"texture":"#hellishvisio"}}},{"name":"Box87","from":[8.75,5.5,8],"to":[9.25,5.625,8.25],"faces":{"north":{"uv":[9.25,10.375,8.75,10.5],"texture":"#hellishvisio"},"east":{"uv":[9.25,10.375,9.125,10.5],"texture":"#hellishvisio"},"south":{"uv":[8.75,10.375,9.25,10.5],"texture":"#hellishvisio"},"west":{"uv":[8.75,10.375,8.875,10.5],"texture":"#hellishvisio"},"up":{"uv":[8.75,10.5,9.25,10.375],"texture":"#hellishvisio"},"down":{"uv":[8.75,10.375,9.25,10.5],"texture":"#hellishvisio"}}},{"name":"Box87","from":[8.875,5.375,8],"to":[9.375,5.5,8.25],"faces":{"north":{"uv":[9.375,10.5,8.875,10.625],"texture":"#hellishvisio"},"east":{"uv":[9.375,10.5,9.25,10.625],"texture":"#hellishvisio"},"south":{"uv":[8.875,10.5,9.375,10.625],"texture":"#hellishvisio"},"west":{"uv":[8.875,10.5,9,10.625],"texture":"#hellishvisio"},"up":{"uv":[8.875,10.625,9.375,10.5],"texture":"#hellishvisio"},"down":{"uv":[8.875,10.5,9.375,10.625],"texture":"#hellishvisio"}}},{"name":"Box87","from":[9.375,4.375,8],"to":[9.75,4.75,8.25],"faces":{"north":{"uv":[9.75,11.25,9.375,11.625],"texture":"#hellishvisio"},"east":{"uv":[9.75,11.25,9.625,11.625],"texture":"#hellishvisio"},"south":{"uv":[9.375,11.25,9.75,11.625],"texture":"#hellishvisio"},"west":{"uv":[9.375,11.25,9.5,11.625],"texture":"#hellishvisio"},"up":{"uv":[9.375,11.375,9.75,11.25],"texture":"#hellishvisio"},"down":{"uv":[9.375,11.5,9.75,11.625],"texture":"#hellishvisio"}}},{"name":"Box87","from":[6.25,4.375,8],"to":[6.625,4.75,8.25],"faces":{"north":{"uv":[6.625,11.25,6.25,11.625],"texture":"#hellishvisio"},"east":{"uv":[6.625,11.25,6.5,11.625],"texture":"#hellishvisio"},"south":{"uv":[6.25,11.25,6.625,11.625],"texture":"#hellishvisio"},"west":{"uv":[6.25,11.25,6.375,11.625],"texture":"#hellishvisio"},"up":{"uv":[6.25,11.375,6.625,11.25],"texture":"#hellishvisio"},"down":{"uv":[6.25,11.5,6.625,11.625],"texture":"#hellishvisio"}}},{"name":"Box44","from":[7.875,4,7.9375],"to":[8.125,5.375,8.3125],"faces":{"north":{"uv":[8.125,10.625,7.875,12],"texture":"#hellishvisio"},"east":{"uv":[8.125,10.625,8,12],"texture":"#hellishvisio"},"south":{"uv":[7.875,10.625,8.125,12],"texture":"#hellishvisio"},"west":{"uv":[7.875,10.625,8,12],"texture":"#hellishvisio"},"up":{"uv":[7.875,10.75,8.125,10.625],"texture":"#hellishvisio"},"down":{"uv":[7.875,11.875,8.125,12],"texture":"#hellishvisio"}}},{"name":"Box44","from":[7.75,4.125,7.9375],"to":[8.25,5.25,8.3125],"faces":{"north":{"uv":[8.25,10.75,7.75,11.875],"texture":"#hellishvisio"},"east":{"uv":[8.25,10.75,8.125,11.875],"texture":"#hellishvisio"},"south":{"uv":[7.75,10.75,8.25,11.875],"texture":"#hellishvisio"},"west":{"uv":[7.75,10.75,7.875,11.875],"texture":"#hellishvisio"},"up":{"uv":[7.75,10.875,8.25,10.75],"texture":"#hellishvisio"},"down":{"uv":[7.75,11.75,8.25,11.875],"texture":"#hellishvisio"}}},{"name":"Box44","from":[7.625,4.375,7.9375],"to":[8.375,5,8.3125],"faces":{"north":{"uv":[8.375,11,7.625,11.625],"texture":"#hellishvisio"},"east":{"uv":[8.375,11,8.25,11.625],"texture":"#hellishvisio"},"south":{"uv":[7.625,11,8.375,11.625],"texture":"#hellishvisio"},"west":{"uv":[7.625,11,7.75,11.625],"texture":"#hellishvisio"},"up":{"uv":[7.625,11.125,8.375,11],"texture":"#hellishvisio"},"down":{"uv":[7.625,11.5,8.375,11.625],"texture":"#hellishvisio"}}},{"name":"Box44","from":[7.75,4.25,7.875],"to":[8.25,5.125,8.375],"faces":{"north":{"uv":[8.25,10.875,7.75,11.75],"texture":"#hellishvisio"},"east":{"uv":[8.25,10.875,8.125,11.75],"texture":"#hellishvisio"},"south":{"uv":[7.75,10.875,8.25,11.75],"texture":"#hellishvisio"},"west":{"uv":[7.75,10.875,7.875,11.75],"texture":"#hellishvisio"},"up":{"uv":[7.75,11,8.25,10.875],"texture":"#hellishvisio"},"down":{"uv":[7.75,11.625,8.25,11.75],"texture":"#hellishvisio"}}},{"name":"Box44","from":[7.875,4.125,7.875],"to":[8.125,5.25,8.375],"faces":{"north":{"uv":[8.125,10.75,7.875,11.875],"texture":"#hellishvisio"},"east":{"uv":[8.125,10.75,8,11.875],"texture":"#hellishvisio"},"south":{"uv":[7.875,10.75,8.125,11.875],"texture":"#hellishvisio"},"west":{"uv":[7.875,10.75,8,11.875],"texture":"#hellishvisio"},"up":{"uv":[7.875,10.875,8.125,10.75],"texture":"#hellishvisio"},"down":{"uv":[7.875,11.75,8.125,11.875],"texture":"#hellishvisio"}}},{"name":"Box72","from":[7.875,1.125,7.9375],"to":[8.125,2,8.3125],"faces":{"north":{"uv":[8.125,14,7.875,14.875],"texture":"#hellishvisio"},"east":{"uv":[8.125,14,8,14.875],"texture":"#hellishvisio"},"south":{"uv":[7.875,14,8.125,14.875],"texture":"#hellishvisio"},"west":{"uv":[7.875,14,8,14.875],"texture":"#hellishvisio"},"up":{"uv":[7.875,14.125,8.125,14],"texture":"#hellishvisio"},"down":{"uv":[7.875,14.75,8.125,14.875],"texture":"#hellishvisio"}}},{"name":"Box72","from":[7.75,1.375,7.9375],"to":[8.25,1.625,8.3125],"faces":{"north":{"uv":[8.25,14.375,7.75,14.625],"texture":"#hellishvisio"},"east":{"uv":[8.25,14.375,8.125,14.625],"texture":"#hellishvisio"},"south":{"uv":[7.75,14.375,8.25,14.625],"texture":"#hellishvisio"},"west":{"uv":[7.75,14.375,7.875,14.625],"texture":"#hellishvisio"},"up":{"uv":[7.75,14.5,8.25,14.375],"texture":"#hellishvisio"},"down":{"uv":[7.75,14.5,8.25,14.625],"texture":"#hellishvisio"}}}],"gui_light":"front","display":{"thirdperson_righthand":{"rotation":[0,-90,0],"translation":[0.5,10.5,1.5],"scale":[2.4,2.4,2.4]},"thirdperson_lefthand":{"rotation":[0,90,0],"translation":[-0.5,10.5,1.5],"scale":[2.4,2.4,2.4]},"firstperson_righthand":{"rotation":[17,-90,0],"translation":[2.6,5,-0.008],"scale":[1.6,1.6,1.6]},"firstperson_lefthand":{"rotation":[17,90,0],"translation":[2.6,5,-0.008],"scale":[1.6,1.6,1.6]},"ground":{"rotation":[0,0,45],"translation":[0,1.5,0]},"gui":{"rotation":[0,0,-45],"translation":[0.5,0.5,0],"scale":[1.6,1.6,1.6]},"head":{"rotation":[0,0,45],"translation":[0,19,0],"scale":[2,2,2]},"fixed":{"rotation":[0,0,90],"translation":[2,-0.75,-2],"scale":[4,4,4]}}}