{"textures":{"0":"fantasy_weapons:item/emerald_greatcleaver","particle":"fantasy_weapons:item/emerald_greatcleaver"},"elements":[{"name":"emerald_greatcleaver_0","from":[7.25,15.125,7.875],"to":[8.75,15.25,8],"faces":{"north":{"uv":[11,0,9.5,0.125],"texture":"#0"},"east":{"uv":[10.875,0,11,0.125],"texture":"#0"},"south":{"uv":[9.5,0,11,0.125],"texture":"#0"},"west":{"uv":[9.5,0,9.625,0.125],"texture":"#0"},"up":{"uv":[9.5,0,11,0.125],"texture":"#0"},"down":{"uv":[9.5,0,11,0.125],"texture":"#0"}}},{"name":"emerald_greatcleaver_1","from":[7.375,15,7.8125],"to":[8.625,15.125,8.0625],"faces":{"north":{"uv":[8.125,0.125,6.875,0.25],"texture":"#0"},"east":{"uv":[8,0.125,8.125,0.25],"texture":"#0"},"south":{"uv":[6.875,0.125,8.125,0.25],"texture":"#0"},"west":{"uv":[6.875,0.125,7,0.25],"texture":"#0"},"up":{"uv":[6.875,0.125,8.125,0.25],"texture":"#0"},"down":{"uv":[6.875,0.125,8.125,0.25],"texture":"#0"}}},{"name":"emerald_greatcleaver_2","from":[6.875,15,7.875],"to":[7.375,15.125,8],"faces":{"north":{"uv":[9.625,0.125,9.125,0.25],"texture":"#0"},"east":{"uv":[9.5,0.125,9.625,0.25],"texture":"#0"},"south":{"uv":[9.125,0.125,9.625,0.25],"texture":"#0"},"west":{"uv":[9.125,0.125,9.25,0.25],"texture":"#0"},"up":{"uv":[9.125,0.125,9.625,0.25],"texture":"#0"},"down":{"uv":[9.125,0.125,9.625,0.25],"texture":"#0"}}},{"name":"emerald_greatcleaver_3","from":[8.625,15,7.875],"to":[9.125,15.125,8],"faces":{"north":{"uv":[11.375,0.125,10.875,0.25],"texture":"#0"},"east":{"uv":[11.25,0.125,11.375,0.25],"texture":"#0"},"south":{"uv":[10.875,0.125,11.375,0.25],"texture":"#0"},"west":{"uv":[10.875,0.125,11,0.25],"texture":"#0"},"up":{"uv":[10.875,0.125,11.375,0.25],"texture":"#0"},"down":{"uv":[10.875,0.125,11.375,0.25],"texture":"#0"}}},{"name":"emerald_greatcleaver_4","from":[7.375,12.25,7.75],"to":[8.625,15,8.125],"faces":{"north":{"uv":[3.375,0.25,2.125,3],"texture":"#0"},"east":{"uv":[3.25,0.25,3.375,3],"texture":"#0"},"south":{"uv":[2.125,0.25,3.375,3],"texture":"#0"},"west":{"uv":[2.125,0.25,2.25,3],"texture":"#0"},"up":{"uv":[2.125,0.25,3.375,0.375],"texture":"#0"},"down":{"uv":[2.125,2.875,3.375,3],"texture":"#0"}}},{"name":"emerald_greatcleaver_5","from":[7,14.875,7.8125],"to":[7.375,15,8.0625],"faces":{"north":{"uv":[6.875,0.25,6.5,0.375],"texture":"#0"},"east":{"uv":[6.75,0.25,6.875,0.375],"texture":"#0"},"south":{"uv":[6.5,0.25,6.875,0.375],"texture":"#0"},"west":{"uv":[6.5,0.25,6.625,0.375],"texture":"#0"},"up":{"uv":[6.5,0.25,6.875,0.375],"texture":"#0"},"down":{"uv":[6.5,0.25,6.875,0.375],"texture":"#0"}}},{"name":"emerald_greatcleaver_6","from":[8.625,14.875,7.8125],"to":[9,15,8.0625],"faces":{"north":{"uv":[8.5,0.25,8.125,0.375],"texture":"#0"},"east":{"uv":[8.375,0.25,8.5,0.375],"texture":"#0"},"south":{"uv":[8.125,0.25,8.5,0.375],"texture":"#0"},"west":{"uv":[8.125,0.25,8.25,0.375],"texture":"#0"},"up":{"uv":[8.125,0.25,8.5,0.375],"texture":"#0"},"down":{"uv":[8.125,0.25,8.5,0.375],"texture":"#0"}}},{"name":"emerald_greatcleaver_7","from":[6.625,14.75,7.875],"to":[6.875,15,8],"faces":{"north":{"uv":[9.125,0.25,8.875,0.5],"texture":"#0"},"east":{"uv":[9,0.25,9.125,0.5],"texture":"#0"},"south":{"uv":[8.875,0.25,9.125,0.5],"texture":"#0"},"west":{"uv":[8.875,0.25,9,0.5],"texture":"#0"},"up":{"uv":[8.875,0.25,9.125,0.375],"texture":"#0"},"down":{"uv":[8.875,0.375,9.125,0.5],"texture":"#0"}}},{"name":"emerald_greatcleaver_8","from":[6.875,14.875,7.875],"to":[7,15,8],"faces":{"north":{"uv":[9.25,0.25,9.125,0.375],"texture":"#0"},"east":{"uv":[9.125,0.25,9.25,0.375],"texture":"#0"},"south":{"uv":[9.125,0.25,9.25,0.375],"texture":"#0"},"west":{"uv":[9.125,0.25,9.25,0.375],"texture":"#0"},"up":{"uv":[9.125,0.25,9.25,0.375],"texture":"#0"},"down":{"uv":[9.125,0.25,9.25,0.375],"texture":"#0"}}},{"name":"emerald_greatcleaver_9","from":[9,14.875,7.875],"to":[9.375,15,8],"faces":{"north":{"uv":[11.625,0.25,11.25,0.375],"texture":"#0"},"east":{"uv":[11.5,0.25,11.625,0.375],"texture":"#0"},"south":{"uv":[11.25,0.25,11.625,0.375],"texture":"#0"},"west":{"uv":[11.25,0.25,11.375,0.375],"texture":"#0"},"up":{"uv":[11.25,0.25,11.625,0.375],"texture":"#0"},"down":{"uv":[11.25,0.25,11.625,0.375],"texture":"#0"}}},{"name":"emerald_greatcleaver_10","from":[7,14.75,7.75],"to":[7.375,14.875,8.125],"faces":{"north":{"uv":[2.125,0.375,1.75,0.5],"texture":"#0"},"east":{"uv":[2,0.375,2.125,0.5],"texture":"#0"},"south":{"uv":[1.75,0.375,2.125,0.5],"texture":"#0"},"west":{"uv":[1.75,0.375,1.875,0.5],"texture":"#0"},"up":{"uv":[1.75,0.375,2.125,0.5],"texture":"#0"},"down":{"uv":[1.75,0.375,2.125,0.5],"texture":"#0"}}},{"name":"emerald_greatcleaver_11","from":[8.625,14.5,7.75],"to":[8.875,14.875,8.125],"faces":{"north":{"uv":[3.625,0.375,3.375,0.75],"texture":"#0"},"east":{"uv":[3.5,0.375,3.625,0.75],"texture":"#0"},"south":{"uv":[3.375,0.375,3.625,0.75],"texture":"#0"},"west":{"uv":[3.375,0.375,3.5,0.75],"texture":"#0"},"up":{"uv":[3.375,0.375,3.625,0.5],"texture":"#0"},"down":{"uv":[3.375,0.625,3.625,0.75],"texture":"#0"}}},{"name":"emerald_greatcleaver_12","from":[8.875,14.75,7.75],"to":[9,14.875,8.125],"faces":{"north":{"uv":[3.75,0.375,3.625,0.5],"texture":"#0"},"east":{"uv":[3.625,0.375,3.75,0.5],"texture":"#0"},"south":{"uv":[3.625,0.375,3.75,0.5],"texture":"#0"},"west":{"uv":[3.625,0.375,3.75,0.5],"texture":"#0"},"up":{"uv":[3.625,0.375,3.75,0.5],"texture":"#0"},"down":{"uv":[3.625,0.375,3.75,0.5],"texture":"#0"}}},{"name":"emerald_greatcleaver_13","from":[6.875,14.75,7.8125],"to":[7,14.875,8.0625],"faces":{"north":{"uv":[6.5,0.375,6.375,0.5],"texture":"#0"},"east":{"uv":[6.375,0.375,6.5,0.5],"texture":"#0"},"south":{"uv":[6.375,0.375,6.5,0.5],"texture":"#0"},"west":{"uv":[6.375,0.375,6.5,0.5],"texture":"#0"},"up":{"uv":[6.375,0.375,6.5,0.5],"texture":"#0"},"down":{"uv":[6.375,0.375,6.5,0.5],"texture":"#0"}}},{"name":"emerald_greatcleaver_14","from":[9,14.75,7.8125],"to":[9.125,14.875,8.0625],"faces":{"north":{"uv":[8.625,0.375,8.5,0.5],"texture":"#0"},"east":{"uv":[8.5,0.375,8.625,0.5],"texture":"#0"},"south":{"uv":[8.5,0.375,8.625,0.5],"texture":"#0"},"west":{"uv":[8.5,0.375,8.625,0.5],"texture":"#0"},"up":{"uv":[8.5,0.375,8.625,0.5],"texture":"#0"},"down":{"uv":[8.5,0.375,8.625,0.5],"texture":"#0"}}},{"name":"emerald_greatcleaver_15","from":[9.125,14.75,7.875],"to":[9.375,14.875,8],"faces":{"north":{"uv":[11.625,0.375,11.375,0.5],"texture":"#0"},"east":{"uv":[11.5,0.375,11.625,0.5],"texture":"#0"},"south":{"uv":[11.375,0.375,11.625,0.5],"texture":"#0"},"west":{"uv":[11.375,0.375,11.5,0.5],"texture":"#0"},"up":{"uv":[11.375,0.375,11.625,0.5],"texture":"#0"},"down":{"uv":[11.375,0.375,11.625,0.5],"texture":"#0"}}},{"name":"emerald_greatcleaver_16","from":[7.125,14.5,7.75],"to":[7.375,14.75,8.125],"faces":{"north":{"uv":[2.125,0.5,1.875,0.75],"texture":"#0"},"east":{"uv":[2,0.5,2.125,0.75],"texture":"#0"},"south":{"uv":[1.875,0.5,2.125,0.75],"texture":"#0"},"west":{"uv":[1.875,0.5,2,0.75],"texture":"#0"},"up":{"uv":[1.875,0.5,2.125,0.625],"texture":"#0"},"down":{"uv":[1.875,0.625,2.125,0.75],"texture":"#0"}}},{"name":"emerald_greatcleaver_17","from":[7,14.5,7.8125],"to":[7.125,14.75,8.0625],"faces":{"north":{"uv":[6.625,0.5,6.5,0.75],"texture":"#0"},"east":{"uv":[6.5,0.5,6.625,0.75],"texture":"#0"},"south":{"uv":[6.5,0.5,6.625,0.75],"texture":"#0"},"west":{"uv":[6.5,0.5,6.625,0.75],"texture":"#0"},"up":{"uv":[6.5,0.5,6.625,0.625],"texture":"#0"},"down":{"uv":[6.5,0.625,6.625,0.75],"texture":"#0"}}},{"name":"emerald_greatcleaver_18","from":[8.875,14.5,7.8125],"to":[9,14.75,8.0625],"faces":{"north":{"uv":[8.5,0.5,8.375,0.75],"texture":"#0"},"east":{"uv":[8.375,0.5,8.5,0.75],"texture":"#0"},"south":{"uv":[8.375,0.5,8.5,0.75],"texture":"#0"},"west":{"uv":[8.375,0.5,8.5,0.75],"texture":"#0"},"up":{"uv":[8.375,0.5,8.5,0.625],"texture":"#0"},"down":{"uv":[8.375,0.625,8.5,0.75],"texture":"#0"}}},{"name":"emerald_greatcleaver_19","from":[6.75,14.625,7.875],"to":[7,14.75,8],"faces":{"north":{"uv":[9.25,0.5,9,0.625],"texture":"#0"},"east":{"uv":[9.125,0.5,9.25,0.625],"texture":"#0"},"south":{"uv":[9,0.5,9.25,0.625],"texture":"#0"},"west":{"uv":[9,0.5,9.125,0.625],"texture":"#0"},"up":{"uv":[9,0.5,9.25,0.625],"texture":"#0"},"down":{"uv":[9,0.5,9.25,0.625],"texture":"#0"}}},{"name":"emerald_greatcleaver_20","from":[9,14.625,7.875],"to":[9.25,14.75,8],"faces":{"north":{"uv":[11.5,0.5,11.25,0.625],"texture":"#0"},"east":{"uv":[11.375,0.5,11.5,0.625],"texture":"#0"},"south":{"uv":[11.25,0.5,11.5,0.625],"texture":"#0"},"west":{"uv":[11.25,0.5,11.375,0.625],"texture":"#0"},"up":{"uv":[11.25,0.5,11.5,0.625],"texture":"#0"},"down":{"uv":[11.25,0.5,11.5,0.625],"texture":"#0"}}},{"name":"emerald_greatcleaver_21","from":[6.875,14.375,7.875],"to":[7,14.625,8],"faces":{"north":{"uv":[9.25,0.625,9.125,0.875],"texture":"#0"},"east":{"uv":[9.125,0.625,9.25,0.875],"texture":"#0"},"south":{"uv":[9.125,0.625,9.25,0.875],"texture":"#0"},"west":{"uv":[9.125,0.625,9.25,0.875],"texture":"#0"},"up":{"uv":[9.125,0.625,9.25,0.75],"texture":"#0"},"down":{"uv":[9.125,0.75,9.25,0.875],"texture":"#0"}}},{"name":"emerald_greatcleaver_22","from":[9,14.375,7.875],"to":[9.125,14.625,8],"faces":{"north":{"uv":[11.375,0.625,11.25,0.875],"texture":"#0"},"east":{"uv":[11.25,0.625,11.375,0.875],"texture":"#0"},"south":{"uv":[11.25,0.625,11.375,0.875],"texture":"#0"},"west":{"uv":[11.25,0.625,11.375,0.875],"texture":"#0"},"up":{"uv":[11.25,0.625,11.375,0.75],"texture":"#0"},"down":{"uv":[11.25,0.75,11.375,0.875],"texture":"#0"}}},{"name":"emerald_greatcleaver_23","from":[7.25,14.25,7.75],"to":[7.375,14.5,8.125],"faces":{"north":{"uv":[2.125,0.75,2,1],"texture":"#0"},"east":{"uv":[2,0.75,2.125,1],"texture":"#0"},"south":{"uv":[2,0.75,2.125,1],"texture":"#0"},"west":{"uv":[2,0.75,2.125,1],"texture":"#0"},"up":{"uv":[2,0.75,2.125,0.875],"texture":"#0"},"down":{"uv":[2,0.875,2.125,1],"texture":"#0"}}},{"name":"emerald_greatcleaver_24","from":[8.625,14.25,7.75],"to":[8.75,14.5,8.125],"faces":{"north":{"uv":[3.5,0.75,3.375,1],"texture":"#0"},"east":{"uv":[3.375,0.75,3.5,1],"texture":"#0"},"south":{"uv":[3.375,0.75,3.5,1],"texture":"#0"},"west":{"uv":[3.375,0.75,3.5,1],"texture":"#0"},"up":{"uv":[3.375,0.75,3.5,0.875],"texture":"#0"},"down":{"uv":[3.375,0.875,3.5,1],"texture":"#0"}}},{"name":"emerald_greatcleaver_25","from":[7.125,14.125,7.8125],"to":[7.25,14.5,8.0625],"faces":{"north":{"uv":[6.75,0.75,6.625,1.125],"texture":"#0"},"east":{"uv":[6.625,0.75,6.75,1.125],"texture":"#0"},"south":{"uv":[6.625,0.75,6.75,1.125],"texture":"#0"},"west":{"uv":[6.625,0.75,6.75,1.125],"texture":"#0"},"up":{"uv":[6.625,0.75,6.75,0.875],"texture":"#0"},"down":{"uv":[6.625,1,6.75,1.125],"texture":"#0"}}},{"name":"emerald_greatcleaver_26","from":[8.75,14.125,7.8125],"to":[8.875,14.5,8.0625],"faces":{"north":{"uv":[8.375,0.75,8.25,1.125],"texture":"#0"},"east":{"uv":[8.25,0.75,8.375,1.125],"texture":"#0"},"south":{"uv":[8.25,0.75,8.375,1.125],"texture":"#0"},"west":{"uv":[8.25,0.75,8.375,1.125],"texture":"#0"},"up":{"uv":[8.25,0.75,8.375,0.875],"texture":"#0"},"down":{"uv":[8.25,1,8.375,1.125],"texture":"#0"}}},{"name":"emerald_greatcleaver_27","from":[7,14,7.875],"to":[7.125,14.5,8],"faces":{"north":{"uv":[9.375,0.75,9.25,1.25],"texture":"#0"},"east":{"uv":[9.25,0.75,9.375,1.25],"texture":"#0"},"south":{"uv":[9.25,0.75,9.375,1.25],"texture":"#0"},"west":{"uv":[9.25,0.75,9.375,1.25],"texture":"#0"},"up":{"uv":[9.25,0.75,9.375,0.875],"texture":"#0"},"down":{"uv":[9.25,1.125,9.375,1.25],"texture":"#0"}}},{"name":"emerald_greatcleaver_28","from":[8.875,14,7.875],"to":[9,14.5,8],"faces":{"north":{"uv":[11.25,0.75,11.125,1.25],"texture":"#0"},"east":{"uv":[11.125,0.75,11.25,1.25],"texture":"#0"},"south":{"uv":[11.125,0.75,11.25,1.25],"texture":"#0"},"west":{"uv":[11.125,0.75,11.25,1.25],"texture":"#0"},"up":{"uv":[11.125,0.75,11.25,0.875],"texture":"#0"},"down":{"uv":[11.125,1.125,11.25,1.25],"texture":"#0"}}},{"name":"emerald_greatcleaver_29","from":[7.25,12.125,7.8125],"to":[7.375,14.25,8.0625],"faces":{"north":{"uv":[6.875,1,6.75,3.125],"texture":"#0"},"east":{"uv":[6.75,1,6.875,3.125],"texture":"#0"},"south":{"uv":[6.75,1,6.875,3.125],"texture":"#0"},"west":{"uv":[6.75,1,6.875,3.125],"texture":"#0"},"up":{"uv":[6.75,1,6.875,1.125],"texture":"#0"},"down":{"uv":[6.75,3,6.875,3.125],"texture":"#0"}}},{"name":"emerald_greatcleaver_30","from":[8.625,12.125,7.8125],"to":[8.75,14.25,8.0625],"faces":{"north":{"uv":[8.25,1,8.125,3.125],"texture":"#0"},"east":{"uv":[8.125,1,8.25,3.125],"texture":"#0"},"south":{"uv":[8.125,1,8.25,3.125],"texture":"#0"},"west":{"uv":[8.125,1,8.25,3.125],"texture":"#0"},"up":{"uv":[8.125,1,8.25,1.125],"texture":"#0"},"down":{"uv":[8.125,3,8.25,3.125],"texture":"#0"}}},{"name":"emerald_greatcleaver_31","from":[7.125,12,7.875],"to":[7.25,14.125,8],"faces":{"north":{"uv":[9.5,1.125,9.375,3.25],"texture":"#0"},"east":{"uv":[9.375,1.125,9.5,3.25],"texture":"#0"},"south":{"uv":[9.375,1.125,9.5,3.25],"texture":"#0"},"west":{"uv":[9.375,1.125,9.5,3.25],"texture":"#0"},"up":{"uv":[9.375,1.125,9.5,1.25],"texture":"#0"},"down":{"uv":[9.375,3.125,9.5,3.25],"texture":"#0"}}},{"name":"emerald_greatcleaver_32","from":[8.75,12,7.875],"to":[8.875,14.125,8],"faces":{"north":{"uv":[11.125,1.125,11,3.25],"texture":"#0"},"east":{"uv":[11,1.125,11.125,3.25],"texture":"#0"},"south":{"uv":[11,1.125,11.125,3.25],"texture":"#0"},"west":{"uv":[11,1.125,11.125,3.25],"texture":"#0"},"up":{"uv":[11,1.125,11.125,1.25],"texture":"#0"},"down":{"uv":[11,3.125,11.125,3.25],"texture":"#0"}}},{"name":"emerald_greatcleaver_33","from":[7.5,9,7.75],"to":[8.5,12.25,8.125],"faces":{"north":{"uv":[3.25,3,2.25,6.25],"texture":"#0"},"east":{"uv":[3.125,3,3.25,6.25],"texture":"#0"},"south":{"uv":[2.25,3,3.25,6.25],"texture":"#0"},"west":{"uv":[2.25,3,2.375,6.25],"texture":"#0"},"up":{"uv":[2.25,3,3.25,3.125],"texture":"#0"},"down":{"uv":[2.25,6.125,3.25,6.25],"texture":"#0"}}},{"name":"emerald_greatcleaver_34","from":[7.375,7.875,7.8125],"to":[7.5,12.25,8.0625],"faces":{"north":{"uv":[7,3,6.875,7.375],"texture":"#0"},"east":{"uv":[6.875,3,7,7.375],"texture":"#0"},"south":{"uv":[6.875,3,7,7.375],"texture":"#0"},"west":{"uv":[6.875,3,7,7.375],"texture":"#0"},"up":{"uv":[6.875,3,7,3.125],"texture":"#0"},"down":{"uv":[6.875,7.25,7,7.375],"texture":"#0"}}},{"name":"emerald_greatcleaver_35","from":[8.5,7.875,7.8125],"to":[8.625,12.25,8.0625],"faces":{"north":{"uv":[8.125,3,8,7.375],"texture":"#0"},"east":{"uv":[8,3,8.125,7.375],"texture":"#0"},"south":{"uv":[8,3,8.125,7.375],"texture":"#0"},"west":{"uv":[8,3,8.125,7.375],"texture":"#0"},"up":{"uv":[8,3,8.125,3.125],"texture":"#0"},"down":{"uv":[8,7.25,8.125,7.375],"texture":"#0"}}},{"name":"emerald_greatcleaver_36","from":[7.25,8,7.875],"to":[7.375,12.125,8],"faces":{"north":{"uv":[9.625,3.125,9.5,7.25],"texture":"#0"},"east":{"uv":[9.5,3.125,9.625,7.25],"texture":"#0"},"south":{"uv":[9.5,3.125,9.625,7.25],"texture":"#0"},"west":{"uv":[9.5,3.125,9.625,7.25],"texture":"#0"},"up":{"uv":[9.5,3.125,9.625,3.25],"texture":"#0"},"down":{"uv":[9.5,7.125,9.625,7.25],"texture":"#0"}}},{"name":"emerald_greatcleaver_37","from":[8.625,8,7.875],"to":[8.75,12.125,8],"faces":{"north":{"uv":[11,3.125,10.875,7.25],"texture":"#0"},"east":{"uv":[10.875,3.125,11,7.25],"texture":"#0"},"south":{"uv":[10.875,3.125,11,7.25],"texture":"#0"},"west":{"uv":[10.875,3.125,11,7.25],"texture":"#0"},"up":{"uv":[10.875,3.125,11,3.25],"texture":"#0"},"down":{"uv":[10.875,7.125,11,7.25],"texture":"#0"}}},{"name":"emerald_greatcleaver_38","from":[7.5,8.875,7.75],"to":[7.75,9,8.125],"faces":{"north":{"uv":[2.5,6.25,2.25,6.375],"texture":"#0"},"east":{"uv":[2.375,6.25,2.5,6.375],"texture":"#0"},"south":{"uv":[2.25,6.25,2.5,6.375],"texture":"#0"},"west":{"uv":[2.25,6.25,2.375,6.375],"texture":"#0"},"up":{"uv":[2.25,6.25,2.5,6.375],"texture":"#0"},"down":{"uv":[2.25,6.25,2.5,6.375],"texture":"#0"}}},{"name":"emerald_greatcleaver_39","from":[8.25,8.875,7.75],"to":[8.5,9,8.125],"faces":{"north":{"uv":[3.25,6.25,3,6.375],"texture":"#0"},"east":{"uv":[3.125,6.25,3.25,6.375],"texture":"#0"},"south":{"uv":[3,6.25,3.25,6.375],"texture":"#0"},"west":{"uv":[3,6.25,3.125,6.375],"texture":"#0"},"up":{"uv":[3,6.25,3.25,6.375],"texture":"#0"},"down":{"uv":[3,6.25,3.25,6.375],"texture":"#0"}}},{"name":"emerald_greatcleaver_40","from":[7.75,5.25,7.6875],"to":[8.25,9,8.1875],"faces":{"north":{"uv":[4.5,6.25,4,10],"texture":"#0"},"east":{"uv":[4.375,6.25,4.5,10],"texture":"#0"},"south":{"uv":[4,6.25,4.5,10],"texture":"#0"},"west":{"uv":[4,6.25,4.125,10],"texture":"#0"},"up":{"uv":[4,6.25,4.5,6.375],"texture":"#0"},"down":{"uv":[4,9.875,4.5,10],"texture":"#0"}}},{"name":"emerald_greatcleaver_41","from":[7.5,8.75,7.75],"to":[7.625,8.875,8.125],"faces":{"north":{"uv":[2.375,6.375,2.25,6.5],"texture":"#0"},"east":{"uv":[2.25,6.375,2.375,6.5],"texture":"#0"},"south":{"uv":[2.25,6.375,2.375,6.5],"texture":"#0"},"west":{"uv":[2.25,6.375,2.375,6.5],"texture":"#0"},"up":{"uv":[2.25,6.375,2.375,6.5],"texture":"#0"},"down":{"uv":[2.25,6.375,2.375,6.5],"texture":"#0"}}},{"name":"emerald_greatcleaver_42","from":[8.375,8.75,7.75],"to":[8.5,8.875,8.125],"faces":{"north":{"uv":[3.25,6.375,3.125,6.5],"texture":"#0"},"east":{"uv":[3.125,6.375,3.25,6.5],"texture":"#0"},"south":{"uv":[3.125,6.375,3.25,6.5],"texture":"#0"},"west":{"uv":[3.125,6.375,3.25,6.5],"texture":"#0"},"up":{"uv":[3.125,6.375,3.25,6.5],"texture":"#0"},"down":{"uv":[3.125,6.375,3.25,6.5],"texture":"#0"}}},{"name":"emerald_greatcleaver_43","from":[7.625,5,7.6875],"to":[7.75,8.875,8.1875],"faces":{"north":{"uv":[4,6.375,3.875,10.25],"texture":"#0"},"east":{"uv":[3.875,6.375,4,10.25],"texture":"#0"},"south":{"uv":[3.875,6.375,4,10.25],"texture":"#0"},"west":{"uv":[3.875,6.375,4,10.25],"texture":"#0"},"up":{"uv":[3.875,6.375,4,6.5],"texture":"#0"},"down":{"uv":[3.875,10.125,4,10.25],"texture":"#0"}}},{"name":"emerald_greatcleaver_44","from":[8.25,5,7.6875],"to":[8.375,8.875,8.1875],"faces":{"north":{"uv":[4.625,6.375,4.5,10.25],"texture":"#0"},"east":{"uv":[4.5,6.375,4.625,10.25],"texture":"#0"},"south":{"uv":[4.5,6.375,4.625,10.25],"texture":"#0"},"west":{"uv":[4.5,6.375,4.625,10.25],"texture":"#0"},"up":{"uv":[4.5,6.375,4.625,6.5],"texture":"#0"},"down":{"uv":[4.5,10.125,4.625,10.25],"texture":"#0"}}},{"name":"emerald_greatcleaver_45","from":[7.5,4.875,7.6875],"to":[7.625,8.75,8.1875],"faces":{"north":{"uv":[3.875,6.5,3.75,10.375],"texture":"#0"},"east":{"uv":[3.75,6.5,3.875,10.375],"texture":"#0"},"south":{"uv":[3.75,6.5,3.875,10.375],"texture":"#0"},"west":{"uv":[3.75,6.5,3.875,10.375],"texture":"#0"},"up":{"uv":[3.75,6.5,3.875,6.625],"texture":"#0"},"down":{"uv":[3.75,10.25,3.875,10.375],"texture":"#0"}}},{"name":"emerald_greatcleaver_46","from":[8.375,4.875,7.6875],"to":[8.5,8.75,8.1875],"faces":{"north":{"uv":[4.75,6.5,4.625,10.375],"texture":"#0"},"east":{"uv":[4.625,6.5,4.75,10.375],"texture":"#0"},"south":{"uv":[4.625,6.5,4.75,10.375],"texture":"#0"},"west":{"uv":[4.625,6.5,4.75,10.375],"texture":"#0"},"up":{"uv":[4.625,6.5,4.75,6.625],"texture":"#0"},"down":{"uv":[4.625,10.25,4.75,10.375],"texture":"#0"}}},{"name":"emerald_greatcleaver_47","from":[7.125,5.5,7.875],"to":[7.25,8.125,8],"faces":{"north":{"uv":[9.5,7.125,9.375,9.75],"texture":"#0"},"east":{"uv":[9.375,7.125,9.5,9.75],"texture":"#0"},"south":{"uv":[9.375,7.125,9.5,9.75],"texture":"#0"},"west":{"uv":[9.375,7.125,9.5,9.75],"texture":"#0"},"up":{"uv":[9.375,7.125,9.5,7.25],"texture":"#0"},"down":{"uv":[9.375,9.625,9.5,9.75],"texture":"#0"}}},{"name":"emerald_greatcleaver_48","from":[8.75,5.5,7.875],"to":[8.875,8.125,8],"faces":{"north":{"uv":[11.125,7.125,11,9.75],"texture":"#0"},"east":{"uv":[11,7.125,11.125,9.75],"texture":"#0"},"south":{"uv":[11,7.125,11.125,9.75],"texture":"#0"},"west":{"uv":[11,7.125,11.125,9.75],"texture":"#0"},"up":{"uv":[11,7.125,11.125,7.25],"texture":"#0"},"down":{"uv":[11,9.625,11.125,9.75],"texture":"#0"}}},{"name":"emerald_greatcleaver_49","from":[7.25,5.375,7.8125],"to":[7.375,8,8.0625],"faces":{"north":{"uv":[6.875,7.25,6.75,9.875],"texture":"#0"},"east":{"uv":[6.75,7.25,6.875,9.875],"texture":"#0"},"south":{"uv":[6.75,7.25,6.875,9.875],"texture":"#0"},"west":{"uv":[6.75,7.25,6.875,9.875],"texture":"#0"},"up":{"uv":[6.75,7.25,6.875,7.375],"texture":"#0"},"down":{"uv":[6.75,9.75,6.875,9.875],"texture":"#0"}}},{"name":"emerald_greatcleaver_50","from":[8.625,5.375,7.8125],"to":[8.75,8,8.0625],"faces":{"north":{"uv":[8.25,7.25,8.125,9.875],"texture":"#0"},"east":{"uv":[8.125,7.25,8.25,9.875],"texture":"#0"},"south":{"uv":[8.125,7.25,8.25,9.875],"texture":"#0"},"west":{"uv":[8.125,7.25,8.25,9.875],"texture":"#0"},"up":{"uv":[8.125,7.25,8.25,7.375],"texture":"#0"},"down":{"uv":[8.125,9.75,8.25,9.875],"texture":"#0"}}},{"name":"emerald_greatcleaver_51","from":[7.375,4.75,7.6875],"to":[7.5,7.875,8.1875],"faces":{"north":{"uv":[3.75,7.375,3.625,10.5],"texture":"#0"},"east":{"uv":[3.625,7.375,3.75,10.5],"texture":"#0"},"south":{"uv":[3.625,7.375,3.75,10.5],"texture":"#0"},"west":{"uv":[3.625,7.375,3.75,10.5],"texture":"#0"},"up":{"uv":[3.625,7.375,3.75,7.5],"texture":"#0"},"down":{"uv":[3.625,10.375,3.75,10.5],"texture":"#0"}}},{"name":"emerald_greatcleaver_52","from":[8.5,4.75,7.6875],"to":[8.625,7.875,8.1875],"faces":{"north":{"uv":[4.875,7.375,4.75,10.5],"texture":"#0"},"east":{"uv":[4.75,7.375,4.875,10.5],"texture":"#0"},"south":{"uv":[4.75,7.375,4.875,10.5],"texture":"#0"},"west":{"uv":[4.75,7.375,4.875,10.5],"texture":"#0"},"up":{"uv":[4.75,7.375,4.875,7.5],"texture":"#0"},"down":{"uv":[4.75,10.375,4.875,10.5],"texture":"#0"}}},{"name":"emerald_greatcleaver_53","from":[7,4.75,7.875],"to":[7.125,5.625,8],"faces":{"north":{"uv":[9.375,9.625,9.25,10.5],"texture":"#0"},"east":{"uv":[9.25,9.625,9.375,10.5],"texture":"#0"},"south":{"uv":[9.25,9.625,9.375,10.5],"texture":"#0"},"west":{"uv":[9.25,9.625,9.375,10.5],"texture":"#0"},"up":{"uv":[9.25,9.625,9.375,9.75],"texture":"#0"},"down":{"uv":[9.25,10.375,9.375,10.5],"texture":"#0"}}},{"name":"emerald_greatcleaver_54","from":[8.875,4.75,7.875],"to":[9,5.625,8],"faces":{"north":{"uv":[11.25,9.625,11.125,10.5],"texture":"#0"},"east":{"uv":[11.125,9.625,11.25,10.5],"texture":"#0"},"south":{"uv":[11.125,9.625,11.25,10.5],"texture":"#0"},"west":{"uv":[11.125,9.625,11.25,10.5],"texture":"#0"},"up":{"uv":[11.125,9.625,11.25,9.75],"texture":"#0"},"down":{"uv":[11.125,10.375,11.25,10.5],"texture":"#0"}}},{"name":"emerald_greatcleaver_55","from":[7.125,4.375,7.8125],"to":[7.25,5.5,8.0625],"faces":{"north":{"uv":[6.75,9.75,6.625,10.875],"texture":"#0"},"east":{"uv":[6.625,9.75,6.75,10.875],"texture":"#0"},"south":{"uv":[6.625,9.75,6.75,10.875],"texture":"#0"},"west":{"uv":[6.625,9.75,6.75,10.875],"texture":"#0"},"up":{"uv":[6.625,9.75,6.75,9.875],"texture":"#0"},"down":{"uv":[6.625,10.75,6.75,10.875],"texture":"#0"}}},{"name":"emerald_greatcleaver_56","from":[8.75,4.375,7.8125],"to":[8.875,5.5,8.0625],"faces":{"north":{"uv":[8.375,9.75,8.25,10.875],"texture":"#0"},"east":{"uv":[8.25,9.75,8.375,10.875],"texture":"#0"},"south":{"uv":[8.25,9.75,8.375,10.875],"texture":"#0"},"west":{"uv":[8.25,9.75,8.375,10.875],"texture":"#0"},"up":{"uv":[8.25,9.75,8.375,9.875],"texture":"#0"},"down":{"uv":[8.25,10.75,8.375,10.875],"texture":"#0"}}},{"name":"emerald_greatcleaver_57","from":[7.25,4.25,7.6875],"to":[7.375,5.375,8.1875],"faces":{"north":{"uv":[3.625,9.875,3.5,11],"texture":"#0"},"east":{"uv":[3.5,9.875,3.625,11],"texture":"#0"},"south":{"uv":[3.5,9.875,3.625,11],"texture":"#0"},"west":{"uv":[3.5,9.875,3.625,11],"texture":"#0"},"up":{"uv":[3.5,9.875,3.625,10],"texture":"#0"},"down":{"uv":[3.5,10.875,3.625,11],"texture":"#0"}}},{"name":"emerald_greatcleaver_58","from":[8.625,4.25,7.6875],"to":[8.75,5.375,8.1875],"faces":{"north":{"uv":[5,9.875,4.875,11],"texture":"#0"},"east":{"uv":[4.875,9.875,5,11],"texture":"#0"},"south":{"uv":[4.875,9.875,5,11],"texture":"#0"},"west":{"uv":[4.875,9.875,5,11],"texture":"#0"},"up":{"uv":[4.875,9.875,5,10],"texture":"#0"},"down":{"uv":[4.875,10.875,5,11],"texture":"#0"}}},{"name":"emerald_greatcleaver_59","from":[7.75,5.125,7.6875],"to":[7.875,5.25,8.1875],"faces":{"north":{"uv":[4.125,10,4,10.125],"texture":"#0"},"east":{"uv":[4,10,4.125,10.125],"texture":"#0"},"south":{"uv":[4,10,4.125,10.125],"texture":"#0"},"west":{"uv":[4,10,4.125,10.125],"texture":"#0"},"up":{"uv":[4,10,4.125,10.125],"texture":"#0"},"down":{"uv":[4,10,4.125,10.125],"texture":"#0"}}},{"name":"emerald_greatcleaver_60","from":[8.125,5.125,7.6875],"to":[8.25,5.25,8.1875],"faces":{"north":{"uv":[4.5,10,4.375,10.125],"texture":"#0"},"east":{"uv":[4.375,10,4.5,10.125],"texture":"#0"},"south":{"uv":[4.375,10,4.5,10.125],"texture":"#0"},"west":{"uv":[4.375,10,4.5,10.125],"texture":"#0"},"up":{"uv":[4.375,10,4.5,10.125],"texture":"#0"},"down":{"uv":[4.375,10,4.5,10.125],"texture":"#0"}}},{"name":"emerald_greatcleaver_61","from":[6.875,4.5,7.875],"to":[7,4.875,8],"faces":{"north":{"uv":[9.25,10.375,9.125,10.75],"texture":"#0"},"east":{"uv":[9.125,10.375,9.25,10.75],"texture":"#0"},"south":{"uv":[9.125,10.375,9.25,10.75],"texture":"#0"},"west":{"uv":[9.125,10.375,9.25,10.75],"texture":"#0"},"up":{"uv":[9.125,10.375,9.25,10.5],"texture":"#0"},"down":{"uv":[9.125,10.625,9.25,10.75],"texture":"#0"}}},{"name":"emerald_greatcleaver_62","from":[9,4.5,7.875],"to":[9.125,4.875,8],"faces":{"north":{"uv":[11.375,10.375,11.25,10.75],"texture":"#0"},"east":{"uv":[11.25,10.375,11.375,10.75],"texture":"#0"},"south":{"uv":[11.25,10.375,11.375,10.75],"texture":"#0"},"west":{"uv":[11.25,10.375,11.375,10.75],"texture":"#0"},"up":{"uv":[11.25,10.375,11.375,10.5],"texture":"#0"},"down":{"uv":[11.25,10.625,11.375,10.75],"texture":"#0"}}},{"name":"emerald_greatcleaver_63","from":[7,4.5,7.8125],"to":[7.125,4.75,8.0625],"faces":{"north":{"uv":[6.625,10.5,6.5,10.75],"texture":"#0"},"east":{"uv":[6.5,10.5,6.625,10.75],"texture":"#0"},"south":{"uv":[6.5,10.5,6.625,10.75],"texture":"#0"},"west":{"uv":[6.5,10.5,6.625,10.75],"texture":"#0"},"up":{"uv":[6.5,10.5,6.625,10.625],"texture":"#0"},"down":{"uv":[6.5,10.625,6.625,10.75],"texture":"#0"}}},{"name":"emerald_greatcleaver_64","from":[8.875,4.5,7.8125],"to":[9,4.75,8.0625],"faces":{"north":{"uv":[8.5,10.5,8.375,10.75],"texture":"#0"},"east":{"uv":[8.375,10.5,8.5,10.75],"texture":"#0"},"south":{"uv":[8.375,10.5,8.5,10.75],"texture":"#0"},"west":{"uv":[8.375,10.5,8.5,10.75],"texture":"#0"},"up":{"uv":[8.375,10.5,8.5,10.625],"texture":"#0"},"down":{"uv":[8.375,10.625,8.5,10.75],"texture":"#0"}}},{"name":"emerald_greatcleaver_65","from":[7.75,3.75,7.5],"to":[8.25,4.75,8.375],"faces":{"north":{"uv":[15.75,10.5,15.25,11.5],"texture":"#0"},"east":{"uv":[15.625,10.5,15.75,11.5],"texture":"#0"},"south":{"uv":[15.25,10.5,15.75,11.5],"texture":"#0"},"west":{"uv":[15.25,10.5,15.375,11.5],"texture":"#0"},"up":{"uv":[15.25,10.5,15.75,10.625],"texture":"#0"},"down":{"uv":[15.25,11.375,15.75,11.5],"texture":"#0"}}},{"name":"emerald_greatcleaver_66","from":[6.75,4.5,7.875],"to":[6.875,4.625,8],"faces":{"north":{"uv":[9.125,10.625,9,10.75],"texture":"#0"},"east":{"uv":[9,10.625,9.125,10.75],"texture":"#0"},"south":{"uv":[9,10.625,9.125,10.75],"texture":"#0"},"west":{"uv":[9,10.625,9.125,10.75],"texture":"#0"},"up":{"uv":[9,10.625,9.125,10.75],"texture":"#0"},"down":{"uv":[9,10.625,9.125,10.75],"texture":"#0"}}},{"name":"emerald_greatcleaver_67","from":[9.125,4.5,7.875],"to":[9.25,4.625,8],"faces":{"north":{"uv":[11.5,10.625,11.375,10.75],"texture":"#0"},"east":{"uv":[11.375,10.625,11.5,10.75],"texture":"#0"},"south":{"uv":[11.375,10.625,11.5,10.75],"texture":"#0"},"west":{"uv":[11.375,10.625,11.5,10.75],"texture":"#0"},"up":{"uv":[11.375,10.625,11.5,10.75],"texture":"#0"},"down":{"uv":[11.375,10.625,11.5,10.75],"texture":"#0"}}},{"name":"emerald_greatcleaver_68","from":[7.875,4.75,7.75],"to":[8.125,5.25,8.125],"faces":{"north":{"uv":[4.375,11.25,4.125,11.75],"texture":"#0"},"east":{"uv":[4.25,11.25,4.375,11.75],"texture":"#0"},"south":{"uv":[4.125,11.25,4.375,11.75],"texture":"#0"},"west":{"uv":[4.125,11.25,4.25,11.75],"texture":"#0"},"up":{"uv":[4.125,11.25,4.375,11.375],"texture":"#0"},"down":{"uv":[4.125,11.625,4.375,11.75],"texture":"#0"}}},{"name":"emerald_greatcleaver_69","from":[7.75,4.75,7.75],"to":[7.875,5.125,8.125],"faces":{"north":{"uv":[4.125,11.375,4,11.75],"texture":"#0"},"east":{"uv":[4,11.375,4.125,11.75],"texture":"#0"},"south":{"uv":[4,11.375,4.125,11.75],"texture":"#0"},"west":{"uv":[4,11.375,4.125,11.75],"texture":"#0"},"up":{"uv":[4,11.375,4.125,11.5],"texture":"#0"},"down":{"uv":[4,11.625,4.125,11.75],"texture":"#0"}}},{"name":"emerald_greatcleaver_70","from":[8.125,4.75,7.75],"to":[8.25,5.125,8.125],"faces":{"north":{"uv":[4.5,11.375,4.375,11.75],"texture":"#0"},"east":{"uv":[4.375,11.375,4.5,11.75],"texture":"#0"},"south":{"uv":[4.375,11.375,4.5,11.75],"texture":"#0"},"west":{"uv":[4.375,11.375,4.5,11.75],"texture":"#0"},"up":{"uv":[4.375,11.375,4.5,11.5],"texture":"#0"},"down":{"uv":[4.375,11.625,4.5,11.75],"texture":"#0"}}},{"name":"emerald_greatcleaver_71","from":[7.625,2.625,7.5625],"to":[7.75,3.875,8.3125],"faces":{"north":{"uv":[14,11.375,13.875,12.625],"texture":"#0"},"east":{"uv":[13.875,11.375,14,12.625],"texture":"#0"},"south":{"uv":[13.875,11.375,14,12.625],"texture":"#0"},"west":{"uv":[13.875,11.375,14,12.625],"texture":"#0"},"up":{"uv":[13.875,11.375,14,11.5],"texture":"#0"},"down":{"uv":[13.875,12.5,14,12.625],"texture":"#0"}}},{"name":"emerald_greatcleaver_72","from":[8.25,2.625,7.5625],"to":[8.375,3.875,8.3125],"faces":{"north":{"uv":[14.625,11.375,14.5,12.625],"texture":"#0"},"east":{"uv":[14.5,11.375,14.625,12.625],"texture":"#0"},"south":{"uv":[14.5,11.375,14.625,12.625],"texture":"#0"},"west":{"uv":[14.5,11.375,14.625,12.625],"texture":"#0"},"up":{"uv":[14.5,11.375,14.625,11.5],"texture":"#0"},"down":{"uv":[14.5,12.5,14.625,12.625],"texture":"#0"}}},{"name":"emerald_greatcleaver_73","from":[7.625,4.25,7.75],"to":[7.75,5,8.125],"faces":{"north":{"uv":[4,11.5,3.875,12.25],"texture":"#0"},"east":{"uv":[3.875,11.5,4,12.25],"texture":"#0"},"south":{"uv":[3.875,11.5,4,12.25],"texture":"#0"},"west":{"uv":[3.875,11.5,4,12.25],"texture":"#0"},"up":{"uv":[3.875,11.5,4,11.625],"texture":"#0"},"down":{"uv":[3.875,12.125,4,12.25],"texture":"#0"}}},{"name":"emerald_greatcleaver_74","from":[8.25,4.25,7.75],"to":[8.375,5,8.125],"faces":{"north":{"uv":[4.625,11.5,4.5,12.25],"texture":"#0"},"east":{"uv":[4.5,11.5,4.625,12.25],"texture":"#0"},"south":{"uv":[4.5,11.5,4.625,12.25],"texture":"#0"},"west":{"uv":[4.5,11.5,4.625,12.25],"texture":"#0"},"up":{"uv":[4.5,11.5,4.625,11.625],"texture":"#0"},"down":{"uv":[4.5,12.125,4.625,12.25],"texture":"#0"}}},{"name":"emerald_greatcleaver_75","from":[6.5,4.25,7.625],"to":[7.125,4.5,8.25],"faces":{"north":{"uv":[10,11.5,9.375,11.75],"texture":"#0"},"east":{"uv":[9.875,11.5,10,11.75],"texture":"#0"},"south":{"uv":[9.375,11.5,10,11.75],"texture":"#0"},"west":{"uv":[9.375,11.5,9.5,11.75],"texture":"#0"},"up":{"uv":[9.375,11.5,10,11.625],"texture":"#0"},"down":{"uv":[9.375,11.625,10,11.75],"texture":"#0"}}},{"name":"emerald_greatcleaver_76","from":[8.875,4.25,7.625],"to":[9.5,4.5,8.25],"faces":{"north":{"uv":[12.375,11.5,11.75,11.75],"texture":"#0"},"east":{"uv":[12.25,11.5,12.375,11.75],"texture":"#0"},"south":{"uv":[11.75,11.5,12.375,11.75],"texture":"#0"},"west":{"uv":[11.75,11.5,11.875,11.75],"texture":"#0"},"up":{"uv":[11.75,11.5,12.375,11.625],"texture":"#0"},"down":{"uv":[11.75,11.625,12.375,11.75],"texture":"#0"}}},{"name":"emerald_greatcleaver_77","from":[7.5,2.75,7.5625],"to":[7.625,3.75,8.3125],"faces":{"north":{"uv":[13.875,11.5,13.75,12.5],"texture":"#0"},"east":{"uv":[13.75,11.5,13.875,12.5],"texture":"#0"},"south":{"uv":[13.75,11.5,13.875,12.5],"texture":"#0"},"west":{"uv":[13.75,11.5,13.875,12.5],"texture":"#0"},"up":{"uv":[13.75,11.5,13.875,11.625],"texture":"#0"},"down":{"uv":[13.75,12.375,13.875,12.5],"texture":"#0"}}},{"name":"emerald_greatcleaver_78","from":[7.75,3.375,7.5625],"to":[7.875,3.75,8.3125],"faces":{"north":{"uv":[14.125,11.5,14,11.875],"texture":"#0"},"east":{"uv":[14,11.5,14.125,11.875],"texture":"#0"},"south":{"uv":[14,11.5,14.125,11.875],"texture":"#0"},"west":{"uv":[14,11.5,14.125,11.875],"texture":"#0"},"up":{"uv":[14,11.5,14.125,11.625],"texture":"#0"},"down":{"uv":[14,11.75,14.125,11.875],"texture":"#0"}}},{"name":"emerald_greatcleaver_79","from":[8.125,3.375,7.5625],"to":[8.25,3.75,8.3125],"faces":{"north":{"uv":[14.5,11.5,14.375,11.875],"texture":"#0"},"east":{"uv":[14.375,11.5,14.5,11.875],"texture":"#0"},"south":{"uv":[14.375,11.5,14.5,11.875],"texture":"#0"},"west":{"uv":[14.375,11.5,14.5,11.875],"texture":"#0"},"up":{"uv":[14.375,11.5,14.5,11.625],"texture":"#0"},"down":{"uv":[14.375,11.75,14.5,11.875],"texture":"#0"}}},{"name":"emerald_greatcleaver_80","from":[8.375,2.75,7.5625],"to":[8.5,3.75,8.3125],"faces":{"north":{"uv":[14.75,11.5,14.625,12.5],"texture":"#0"},"east":{"uv":[14.625,11.5,14.75,12.5],"texture":"#0"},"south":{"uv":[14.625,11.5,14.75,12.5],"texture":"#0"},"west":{"uv":[14.625,11.5,14.75,12.5],"texture":"#0"},"up":{"uv":[14.625,11.5,14.75,11.625],"texture":"#0"},"down":{"uv":[14.625,12.375,14.75,12.5],"texture":"#0"}}},{"name":"emerald_greatcleaver_81","from":[7.875,3.625,7.5],"to":[8.125,3.75,8.375],"faces":{"north":{"uv":[15.625,11.5,15.375,11.625],"texture":"#0"},"east":{"uv":[15.5,11.5,15.625,11.625],"texture":"#0"},"south":{"uv":[15.375,11.5,15.625,11.625],"texture":"#0"},"west":{"uv":[15.375,11.5,15.5,11.625],"texture":"#0"},"up":{"uv":[15.375,11.5,15.625,11.625],"texture":"#0"},"down":{"uv":[15.375,11.5,15.625,11.625],"texture":"#0"}}},{"name":"emerald_greatcleaver_82","from":[7.5,4.25,7.75],"to":[7.625,4.875,8.125],"faces":{"north":{"uv":[3.875,11.625,3.75,12.25],"texture":"#0"},"east":{"uv":[3.75,11.625,3.875,12.25],"texture":"#0"},"south":{"uv":[3.75,11.625,3.875,12.25],"texture":"#0"},"west":{"uv":[3.75,11.625,3.875,12.25],"texture":"#0"},"up":{"uv":[3.75,11.625,3.875,11.75],"texture":"#0"},"down":{"uv":[3.75,12.125,3.875,12.25],"texture":"#0"}}},{"name":"emerald_greatcleaver_83","from":[8.375,4.25,7.75],"to":[8.5,4.875,8.125],"faces":{"north":{"uv":[4.75,11.625,4.625,12.25],"texture":"#0"},"east":{"uv":[4.625,11.625,4.75,12.25],"texture":"#0"},"south":{"uv":[4.625,11.625,4.75,12.25],"texture":"#0"},"west":{"uv":[4.625,11.625,4.75,12.25],"texture":"#0"},"up":{"uv":[4.625,11.625,4.75,11.75],"texture":"#0"},"down":{"uv":[4.625,12.125,4.75,12.25],"texture":"#0"}}},{"name":"emerald_greatcleaver_84","from":[7.125,4,7.625],"to":[7.25,4.375,8.25],"faces":{"north":{"uv":[10.125,11.625,10,12],"texture":"#0"},"east":{"uv":[10,11.625,10.125,12],"texture":"#0"},"south":{"uv":[10,11.625,10.125,12],"texture":"#0"},"west":{"uv":[10,11.625,10.125,12],"texture":"#0"},"up":{"uv":[10,11.625,10.125,11.75],"texture":"#0"},"down":{"uv":[10,11.875,10.125,12],"texture":"#0"}}},{"name":"emerald_greatcleaver_85","from":[8.75,4,7.625],"to":[8.875,4.375,8.25],"faces":{"north":{"uv":[11.75,11.625,11.625,12],"texture":"#0"},"east":{"uv":[11.625,11.625,11.75,12],"texture":"#0"},"south":{"uv":[11.625,11.625,11.75,12],"texture":"#0"},"west":{"uv":[11.625,11.625,11.75,12],"texture":"#0"},"up":{"uv":[11.625,11.625,11.75,11.75],"texture":"#0"},"down":{"uv":[11.625,11.875,11.75,12],"texture":"#0"}}},{"name":"emerald_greatcleaver_86","from":[7.375,2.875,7.5625],"to":[7.5,3.625,8.3125],"faces":{"north":{"uv":[13.75,11.625,13.625,12.375],"texture":"#0"},"east":{"uv":[13.625,11.625,13.75,12.375],"texture":"#0"},"south":{"uv":[13.625,11.625,13.75,12.375],"texture":"#0"},"west":{"uv":[13.625,11.625,13.75,12.375],"texture":"#0"},"up":{"uv":[13.625,11.625,13.75,11.75],"texture":"#0"},"down":{"uv":[13.625,12.25,13.75,12.375],"texture":"#0"}}},{"name":"emerald_greatcleaver_87","from":[7.875,3.5,7.5625],"to":[8.125,3.625,8.3125],"faces":{"north":{"uv":[14.375,11.625,14.125,11.75],"texture":"#0"},"east":{"uv":[14.25,11.625,14.375,11.75],"texture":"#0"},"south":{"uv":[14.125,11.625,14.375,11.75],"texture":"#0"},"west":{"uv":[14.125,11.625,14.25,11.75],"texture":"#0"},"up":{"uv":[14.125,11.625,14.375,11.75],"texture":"#0"},"down":{"uv":[14.125,11.625,14.375,11.75],"texture":"#0"}}},{"name":"emerald_greatcleaver_88","from":[8.5,2.875,7.5625],"to":[8.625,3.625,8.3125],"faces":{"north":{"uv":[14.875,11.625,14.75,12.375],"texture":"#0"},"east":{"uv":[14.75,11.625,14.875,12.375],"texture":"#0"},"south":{"uv":[14.75,11.625,14.875,12.375],"texture":"#0"},"west":{"uv":[14.75,11.625,14.875,12.375],"texture":"#0"},"up":{"uv":[14.75,11.625,14.875,11.75],"texture":"#0"},"down":{"uv":[14.75,12.25,14.875,12.375],"texture":"#0"}}},{"name":"emerald_greatcleaver_89","from":[7.375,4.25,7.75],"to":[7.5,4.75,8.125],"faces":{"north":{"uv":[3.75,11.75,3.625,12.25],"texture":"#0"},"east":{"uv":[3.625,11.75,3.75,12.25],"texture":"#0"},"south":{"uv":[3.625,11.75,3.75,12.25],"texture":"#0"},"west":{"uv":[3.625,11.75,3.75,12.25],"texture":"#0"},"up":{"uv":[3.625,11.75,3.75,11.875],"texture":"#0"},"down":{"uv":[3.625,12.125,3.75,12.25],"texture":"#0"}}},{"name":"emerald_greatcleaver_90","from":[8.5,4.25,7.75],"to":[8.625,4.75,8.125],"faces":{"north":{"uv":[4.875,11.75,4.75,12.25],"texture":"#0"},"east":{"uv":[4.75,11.75,4.875,12.25],"texture":"#0"},"south":{"uv":[4.75,11.75,4.875,12.25],"texture":"#0"},"west":{"uv":[4.75,11.75,4.875,12.25],"texture":"#0"},"up":{"uv":[4.75,11.75,4.875,11.875],"texture":"#0"},"down":{"uv":[4.75,12.125,4.875,12.25],"texture":"#0"}}},{"name":"emerald_greatcleaver_91","from":[6.875,4.125,7.625],"to":[7.125,4.25,8.25],"faces":{"north":{"uv":[10,11.75,9.75,11.875],"texture":"#0"},"east":{"uv":[9.875,11.75,10,11.875],"texture":"#0"},"south":{"uv":[9.75,11.75,10,11.875],"texture":"#0"},"west":{"uv":[9.75,11.75,9.875,11.875],"texture":"#0"},"up":{"uv":[9.75,11.75,10,11.875],"texture":"#0"},"down":{"uv":[9.75,11.75,10,11.875],"texture":"#0"}}},{"name":"emerald_greatcleaver_92","from":[7.25,3.875,7.625],"to":[7.75,4.25,8.25],"faces":{"north":{"uv":[10.625,11.75,10.125,12.125],"texture":"#0"},"east":{"uv":[10.5,11.75,10.625,12.125],"texture":"#0"},"south":{"uv":[10.125,11.75,10.625,12.125],"texture":"#0"},"west":{"uv":[10.125,11.75,10.25,12.125],"texture":"#0"},"up":{"uv":[10.125,11.75,10.625,11.875],"texture":"#0"},"down":{"uv":[10.125,12,10.625,12.125],"texture":"#0"}}},{"name":"emerald_greatcleaver_93","from":[8.25,3.875,7.625],"to":[8.75,4.25,8.25],"faces":{"north":{"uv":[11.625,11.75,11.125,12.125],"texture":"#0"},"east":{"uv":[11.5,11.75,11.625,12.125],"texture":"#0"},"south":{"uv":[11.125,11.75,11.625,12.125],"texture":"#0"},"west":{"uv":[11.125,11.75,11.25,12.125],"texture":"#0"},"up":{"uv":[11.125,11.75,11.625,11.875],"texture":"#0"},"down":{"uv":[11.125,12,11.625,12.125],"texture":"#0"}}},{"name":"emerald_greatcleaver_94","from":[8.875,4.125,7.625],"to":[9.125,4.25,8.25],"faces":{"north":{"uv":[12,11.75,11.75,11.875],"texture":"#0"},"east":{"uv":[11.875,11.75,12,11.875],"texture":"#0"},"south":{"uv":[11.75,11.75,12,11.875],"texture":"#0"},"west":{"uv":[11.75,11.75,11.875,11.875],"texture":"#0"},"up":{"uv":[11.75,11.75,12,11.875],"texture":"#0"},"down":{"uv":[11.75,11.75,12,11.875],"texture":"#0"}}},{"name":"emerald_greatcleaver_95","from":[7,4,7.625],"to":[7.125,4.125,8.25],"faces":{"north":{"uv":[10,11.875,9.875,12],"texture":"#0"},"east":{"uv":[9.875,11.875,10,12],"texture":"#0"},"south":{"uv":[9.875,11.875,10,12],"texture":"#0"},"west":{"uv":[9.875,11.875,10,12],"texture":"#0"},"up":{"uv":[9.875,11.875,10,12],"texture":"#0"},"down":{"uv":[9.875,11.875,10,12],"texture":"#0"}}},{"name":"emerald_greatcleaver_96","from":[8.875,4,7.625],"to":[9,4.125,8.25],"faces":{"north":{"uv":[11.875,11.875,11.75,12],"texture":"#0"},"east":{"uv":[11.75,11.875,11.875,12],"texture":"#0"},"south":{"uv":[11.75,11.875,11.875,12],"texture":"#0"},"west":{"uv":[11.75,11.875,11.875,12],"texture":"#0"},"up":{"uv":[11.75,11.875,11.875,12],"texture":"#0"},"down":{"uv":[11.75,11.875,11.875,12],"texture":"#0"}}},{"name":"emerald_greatcleaver_97","from":[7.75,2.625,7.5625],"to":[7.875,3.125,8.3125],"faces":{"north":{"uv":[14.125,12.125,14,12.625],"texture":"#0"},"east":{"uv":[14,12.125,14.125,12.625],"texture":"#0"},"south":{"uv":[14,12.125,14.125,12.625],"texture":"#0"},"west":{"uv":[14,12.125,14.125,12.625],"texture":"#0"},"up":{"uv":[14,12.125,14.125,12.25],"texture":"#0"},"down":{"uv":[14,12.5,14.125,12.625],"texture":"#0"}}},{"name":"emerald_greatcleaver_98","from":[8.125,2.625,7.5625],"to":[8.25,3.125,8.3125],"faces":{"north":{"uv":[14.5,12.125,14.375,12.625],"texture":"#0"},"east":{"uv":[14.375,12.125,14.5,12.625],"texture":"#0"},"south":{"uv":[14.375,12.125,14.5,12.625],"texture":"#0"},"west":{"uv":[14.375,12.125,14.5,12.625],"texture":"#0"},"up":{"uv":[14.375,12.125,14.5,12.25],"texture":"#0"},"down":{"uv":[14.375,12.5,14.5,12.625],"texture":"#0"}}},{"name":"emerald_greatcleaver_99","from":[7.875,2.625,7.5625],"to":[8.125,3,8.3125],"faces":{"north":{"uv":[14.375,12.25,14.125,12.625],"texture":"#0"},"east":{"uv":[14.25,12.25,14.375,12.625],"texture":"#0"},"south":{"uv":[14.125,12.25,14.375,12.625],"texture":"#0"},"west":{"uv":[14.125,12.25,14.25,12.625],"texture":"#0"},"up":{"uv":[14.125,12.25,14.375,12.375],"texture":"#0"},"down":{"uv":[14.125,12.5,14.375,12.625],"texture":"#0"}}},{"name":"emerald_greatcleaver_100","from":[6.25,3,7.75],"to":[7.375,3.375,8.125],"faces":{"north":{"uv":[10.25,12.625,9.125,13],"texture":"#0"},"east":{"uv":[10.125,12.625,10.25,13],"texture":"#0"},"south":{"uv":[9.125,12.625,10.25,13],"texture":"#0"},"west":{"uv":[9.125,12.625,9.25,13],"texture":"#0"},"up":{"uv":[9.125,12.625,10.25,12.75],"texture":"#0"},"down":{"uv":[9.125,12.875,10.25,13],"texture":"#0"}}},{"name":"emerald_greatcleaver_101","from":[8.625,3,7.75],"to":[9.75,3.375,8.125],"faces":{"north":{"uv":[12.625,12.625,11.5,13],"texture":"#0"},"east":{"uv":[12.5,12.625,12.625,13],"texture":"#0"},"south":{"uv":[11.5,12.625,12.625,13],"texture":"#0"},"west":{"uv":[11.5,12.625,11.625,13],"texture":"#0"},"up":{"uv":[11.5,12.625,12.625,12.75],"texture":"#0"},"down":{"uv":[11.5,12.875,12.625,13],"texture":"#0"}}},{"name":"emerald_greatcleaver_102","from":[7.75,0,7.75],"to":[8.25,2.625,8.125],"faces":{"north":{"uv":[11.125,13.375,10.625,16],"texture":"#0"},"east":{"uv":[11,13.375,11.125,16],"texture":"#0"},"south":{"uv":[10.625,13.375,11.125,16],"texture":"#0"},"west":{"uv":[10.625,13.375,10.75,16],"texture":"#0"},"up":{"uv":[10.625,13.375,11.125,13.5],"texture":"#0"},"down":{"uv":[10.625,15.875,11.125,16],"texture":"#0"}}},{"name":"emerald_greatcleaver_103","from":[6,2.625,7.875],"to":[6.125,3.75,8],"faces":{"north":{"uv":[9,13.5,8.875,14.625],"texture":"#0"},"east":{"uv":[8.875,13.5,9,14.625],"texture":"#0"},"south":{"uv":[8.875,13.5,9,14.625],"texture":"#0"},"west":{"uv":[8.875,13.5,9,14.625],"texture":"#0"},"up":{"uv":[8.875,13.5,9,13.625],"texture":"#0"},"down":{"uv":[8.875,14.5,9,14.625],"texture":"#0"}}},{"name":"emerald_greatcleaver_104","from":[9.875,2.625,7.875],"to":[10,3.75,8],"faces":{"north":{"uv":[12.875,13.5,12.75,14.625],"texture":"#0"},"east":{"uv":[12.75,13.5,12.875,14.625],"texture":"#0"},"south":{"uv":[12.75,13.5,12.875,14.625],"texture":"#0"},"west":{"uv":[12.75,13.5,12.875,14.625],"texture":"#0"},"up":{"uv":[12.75,13.5,12.875,13.625],"texture":"#0"},"down":{"uv":[12.75,14.5,12.875,14.625],"texture":"#0"}}},{"name":"emerald_greatcleaver_105","from":[5.875,2.75,7.875],"to":[6,3.625,8],"faces":{"north":{"uv":[8.875,13.625,8.75,14.5],"texture":"#0"},"east":{"uv":[8.75,13.625,8.875,14.5],"texture":"#0"},"south":{"uv":[8.75,13.625,8.875,14.5],"texture":"#0"},"west":{"uv":[8.75,13.625,8.875,14.5],"texture":"#0"},"up":{"uv":[8.75,13.625,8.875,13.75],"texture":"#0"},"down":{"uv":[8.75,14.375,8.875,14.5],"texture":"#0"}}},{"name":"emerald_greatcleaver_106","from":[10,2.75,7.875],"to":[10.125,3.625,8],"faces":{"north":{"uv":[13,13.625,12.875,14.5],"texture":"#0"},"east":{"uv":[12.875,13.625,13,14.5],"texture":"#0"},"south":{"uv":[12.875,13.625,13,14.5],"texture":"#0"},"west":{"uv":[12.875,13.625,13,14.5],"texture":"#0"},"up":{"uv":[12.875,13.625,13,13.75],"texture":"#0"},"down":{"uv":[12.875,14.375,13,14.5],"texture":"#0"}}},{"name":"emerald_greatcleaver_107","from":[5.75,2.875,7.875],"to":[5.875,3.5,8],"faces":{"north":{"uv":[8.75,13.75,8.625,14.375],"texture":"#0"},"east":{"uv":[8.625,13.75,8.75,14.375],"texture":"#0"},"south":{"uv":[8.625,13.75,8.75,14.375],"texture":"#0"},"west":{"uv":[8.625,13.75,8.75,14.375],"texture":"#0"},"up":{"uv":[8.625,13.75,8.75,13.875],"texture":"#0"},"down":{"uv":[8.625,14.25,8.75,14.375],"texture":"#0"}}},{"name":"emerald_greatcleaver_108","from":[6.125,3.375,7.8125],"to":[6.375,3.5,8.0625],"faces":{"north":{"uv":[9.25,13.75,9,13.875],"texture":"#0"},"east":{"uv":[9.125,13.75,9.25,13.875],"texture":"#0"},"south":{"uv":[9,13.75,9.25,13.875],"texture":"#0"},"west":{"uv":[9,13.75,9.125,13.875],"texture":"#0"},"up":{"uv":[9,13.75,9.25,13.875],"texture":"#0"},"down":{"uv":[9,13.75,9.25,13.875],"texture":"#0"}}},{"name":"emerald_greatcleaver_109","from":[9.625,3.375,7.8125],"to":[9.875,3.5,8.0625],"faces":{"north":{"uv":[12.75,13.75,12.5,13.875],"texture":"#0"},"east":{"uv":[12.625,13.75,12.75,13.875],"texture":"#0"},"south":{"uv":[12.5,13.75,12.75,13.875],"texture":"#0"},"west":{"uv":[12.5,13.75,12.625,13.875],"texture":"#0"},"up":{"uv":[12.5,13.75,12.75,13.875],"texture":"#0"},"down":{"uv":[12.5,13.75,12.75,13.875],"texture":"#0"}}},{"name":"emerald_greatcleaver_110","from":[10.125,2.875,7.875],"to":[10.25,3.5,8],"faces":{"north":{"uv":[13.125,13.75,13,14.375],"texture":"#0"},"east":{"uv":[13,13.75,13.125,14.375],"texture":"#0"},"south":{"uv":[13,13.75,13.125,14.375],"texture":"#0"},"west":{"uv":[13,13.75,13.125,14.375],"texture":"#0"},"up":{"uv":[13,13.75,13.125,13.875],"texture":"#0"},"down":{"uv":[13,14.25,13.125,14.375],"texture":"#0"}}},{"name":"emerald_greatcleaver_111","from":[6.125,2.875,7.8125],"to":[6.25,3.375,8.0625],"faces":{"north":{"uv":[9.125,13.875,9,14.375],"texture":"#0"},"east":{"uv":[9,13.875,9.125,14.375],"texture":"#0"},"south":{"uv":[9,13.875,9.125,14.375],"texture":"#0"},"west":{"uv":[9,13.875,9.125,14.375],"texture":"#0"},"up":{"uv":[9,13.875,9.125,14],"texture":"#0"},"down":{"uv":[9,14.25,9.125,14.375],"texture":"#0"}}},{"name":"emerald_greatcleaver_112","from":[9.75,2.875,7.8125],"to":[9.875,3.375,8.0625],"faces":{"north":{"uv":[12.75,13.875,12.625,14.375],"texture":"#0"},"east":{"uv":[12.625,13.875,12.75,14.375],"texture":"#0"},"south":{"uv":[12.625,13.875,12.75,14.375],"texture":"#0"},"west":{"uv":[12.625,13.875,12.75,14.375],"texture":"#0"},"up":{"uv":[12.625,13.875,12.75,14],"texture":"#0"},"down":{"uv":[12.625,14.25,12.75,14.375],"texture":"#0"}}},{"name":"emerald_greatcleaver_113","from":[6.25,2.875,7.8125],"to":[6.375,3,8.0625],"faces":{"north":{"uv":[9.25,14.25,9.125,14.375],"texture":"#0"},"east":{"uv":[9.125,14.25,9.25,14.375],"texture":"#0"},"south":{"uv":[9.125,14.25,9.25,14.375],"texture":"#0"},"west":{"uv":[9.125,14.25,9.25,14.375],"texture":"#0"},"up":{"uv":[9.125,14.25,9.25,14.375],"texture":"#0"},"down":{"uv":[9.125,14.25,9.25,14.375],"texture":"#0"}}},{"name":"emerald_greatcleaver_114","from":[9.625,2.875,7.8125],"to":[9.75,3,8.0625],"faces":{"north":{"uv":[12.625,14.25,12.5,14.375],"texture":"#0"},"east":{"uv":[12.5,14.25,12.625,14.375],"texture":"#0"},"south":{"uv":[12.5,14.25,12.625,14.375],"texture":"#0"},"west":{"uv":[12.5,14.25,12.625,14.375],"texture":"#0"},"up":{"uv":[12.5,14.25,12.625,14.375],"texture":"#0"},"down":{"uv":[12.5,14.25,12.625,14.375],"texture":"#0"}}},{"name":"emerald_greatcleaver_115","from":[7.75,-0.25,7.625],"to":[8.25,0,8.25],"faces":{"north":{"uv":[14.375,15.25,13.875,15.5],"texture":"#0"},"east":{"uv":[14.25,15.25,14.375,15.5],"texture":"#0"},"south":{"uv":[13.875,15.25,14.375,15.5],"texture":"#0"},"west":{"uv":[13.875,15.25,14,15.5],"texture":"#0"},"up":{"uv":[13.875,15.25,14.375,15.375],"texture":"#0"},"down":{"uv":[13.875,15.375,14.375,15.5],"texture":"#0"}}},{"name":"emerald_greatcleaver_116","from":[7.625,-0.625,7.625],"to":[7.75,-0.125,8.25],"faces":{"north":{"uv":[13.875,15.375,13.75,15.875],"texture":"#0"},"east":{"uv":[13.75,15.375,13.875,15.875],"texture":"#0"},"south":{"uv":[13.75,15.375,13.875,15.875],"texture":"#0"},"west":{"uv":[13.75,15.375,13.875,15.875],"texture":"#0"},"up":{"uv":[13.75,15.375,13.875,15.5],"texture":"#0"},"down":{"uv":[13.75,15.75,13.875,15.875],"texture":"#0"}}},{"name":"emerald_greatcleaver_117","from":[8.25,-0.625,7.625],"to":[8.375,-0.125,8.25],"faces":{"north":{"uv":[14.5,15.375,14.375,15.875],"texture":"#0"},"east":{"uv":[14.375,15.375,14.5,15.875],"texture":"#0"},"south":{"uv":[14.375,15.375,14.5,15.875],"texture":"#0"},"west":{"uv":[14.375,15.375,14.5,15.875],"texture":"#0"},"up":{"uv":[14.375,15.375,14.5,15.5],"texture":"#0"},"down":{"uv":[14.375,15.75,14.5,15.875],"texture":"#0"}}},{"name":"emerald_greatcleaver_118","from":[7.75,-0.75,7.625],"to":[7.875,-0.25,8.25],"faces":{"north":{"uv":[14,15.5,13.875,16],"texture":"#0"},"east":{"uv":[13.875,15.5,14,16],"texture":"#0"},"south":{"uv":[13.875,15.5,14,16],"texture":"#0"},"west":{"uv":[13.875,15.5,14,16],"texture":"#0"},"up":{"uv":[13.875,15.5,14,15.625],"texture":"#0"},"down":{"uv":[13.875,15.875,14,16],"texture":"#0"}}},{"name":"emerald_greatcleaver_119","from":[8.125,-0.75,7.625],"to":[8.25,-0.25,8.25],"faces":{"north":{"uv":[14.375,15.5,14.25,16],"texture":"#0"},"east":{"uv":[14.25,15.5,14.375,16],"texture":"#0"},"south":{"uv":[14.25,15.5,14.375,16],"texture":"#0"},"west":{"uv":[14.25,15.5,14.375,16],"texture":"#0"},"up":{"uv":[14.25,15.5,14.375,15.625],"texture":"#0"},"down":{"uv":[14.25,15.875,14.375,16],"texture":"#0"}}},{"name":"emerald_greatcleaver_120","from":[7.875,-0.75,7.625],"to":[8.125,-0.5,8.25],"faces":{"north":{"uv":[14.25,15.75,14,16],"texture":"#0"},"east":{"uv":[14.125,15.75,14.25,16],"texture":"#0"},"south":{"uv":[14,15.75,14.25,16],"texture":"#0"},"west":{"uv":[14,15.75,14.125,16],"texture":"#0"},"up":{"uv":[14,15.75,14.25,15.875],"texture":"#0"},"down":{"uv":[14,15.875,14.25,16],"texture":"#0"}}}],"gui_light":"front","display":{"thirdperson_righthand":{"rotation":[0,-90,0],"translation":[0,13.5,1.5],"scale":[2.4,2.4,2.4]},"thirdperson_lefthand":{"rotation":[0,-90,0],"translation":[0,13.5,1.5],"scale":[2.4,2.4,2.4]},"firstperson_righthand":{"rotation":[10,-90,0],"translation":[-1.5,9.75,4.5],"scale":[1.4,1.4,1.4]},"firstperson_lefthand":{"rotation":[10,-90,0],"translation":[-1.5,9.75,4.5],"scale":[1.4,1.4,1.4]},"ground":{"rotation":[0,0,45],"translation":[0,1.5,0.25]},"gui":{"rotation":[0,0,-45],"translation":[0.25,0.25,0],"scale":[1.4,1.4,1]},"head":{"rotation":[0,0,45],"translation":[1.25,17.75,0],"scale":[2,2,2]},"fixed":{"rotation":[0,0,90],"translation":[-1.75,-0.25,-0.5],"scale":[4,4,4]}}}