{"textures":{"1":"fantasy_weapons:item/gloomsteel_greataxe","particle":"fantasy_weapons:item/gloomsteel_greataxe"},"elements":[{"name":"black_iron_greataxe_0","from":[8.4375,17.625,7.8125],"to":[8.5625,18.875,8.1875],"rotation":{"angle":0,"axis":"y","origin":[0.5625,0,7.9375]},"faces":{"north":{"uv":[8,0.25,7.875,1.5],"texture":"#1"},"east":{"uv":[7.875,0.25,8,1.5],"texture":"#1"},"south":{"uv":[7.875,0.25,8,1.5],"texture":"#1"},"west":{"uv":[7.875,0.25,8,1.5],"texture":"#1"},"up":{"uv":[7.875,0.25,8,0.375],"texture":"#1"},"down":{"uv":[7.875,1.375,8,1.5],"texture":"#1"}}},{"name":"black_iron_greataxe_1","from":[8.3125,17.625,7.8125],"to":[8.4375,18.125,8.1875],"rotation":{"angle":0,"axis":"y","origin":[0.5625,0,7.9375]},"faces":{"north":{"uv":[7.875,1,7.75,1.5],"texture":"#1"},"east":{"uv":[7.75,1,7.875,1.5],"texture":"#1"},"south":{"uv":[7.75,1,7.875,1.5],"texture":"#1"},"west":{"uv":[7.75,1,7.875,1.5],"texture":"#1"},"up":{"uv":[7.75,1,7.875,1.125],"texture":"#1"},"down":{"uv":[7.75,1.375,7.875,1.5],"texture":"#1"}}},{"name":"black_iron_greataxe_2","from":[8.5625,17.625,7.8125],"to":[8.6875,18.125,8.1875],"rotation":{"angle":0,"axis":"y","origin":[0.5625,0,7.9375]},"faces":{"north":{"uv":[8.125,1,8,1.5],"texture":"#1"},"east":{"uv":[8,1,8.125,1.5],"texture":"#1"},"south":{"uv":[8,1,8.125,1.5],"texture":"#1"},"west":{"uv":[8,1,8.125,1.5],"texture":"#1"},"up":{"uv":[8,1,8.125,1.125],"texture":"#1"},"down":{"uv":[8,1.375,8.125,1.5],"texture":"#1"}}},{"name":"black_iron_greataxe_8","from":[8.3125,17.375,7.6875],"to":[8.6875,17.625,8.3125],"rotation":{"angle":0,"axis":"y","origin":[0.5625,0,7.9375]},"faces":{"north":{"uv":[6.625,1.5,6.25,1.75],"texture":"#1"},"east":{"uv":[6.5,1.5,6.625,1.75],"texture":"#1"},"south":{"uv":[6.25,1.5,6.625,1.75],"texture":"#1"},"west":{"uv":[6.25,1.5,6.375,1.75],"texture":"#1"},"up":{"uv":[6.25,1.5,6.625,1.625],"texture":"#1"},"down":{"uv":[6.25,1.625,6.625,1.75],"texture":"#1"}}},{"name":"black_iron_greataxe_9","from":[7.9375,17.5,7.8125],"to":[8.3125,17.625,8.1875],"rotation":{"angle":0,"axis":"y","origin":[0.5625,0,7.9375]},"faces":{"north":{"uv":[7.75,1.5,7.375,1.625],"texture":"#1"},"east":{"uv":[7.625,1.5,7.75,1.625],"texture":"#1"},"south":{"uv":[7.375,1.5,7.75,1.625],"texture":"#1"},"west":{"uv":[7.375,1.5,7.5,1.625],"texture":"#1"},"up":{"uv":[7.375,1.5,7.75,1.625],"texture":"#1"},"down":{"uv":[7.375,1.5,7.75,1.625],"texture":"#1"}}},{"name":"black_iron_greataxe_10","from":[8.6875,17.5,7.8125],"to":[9.0625,17.625,8.1875],"rotation":{"angle":0,"axis":"y","origin":[0.5625,0,7.9375]},"faces":{"north":{"uv":[8.5,1.5,8.125,1.625],"texture":"#1"},"east":{"uv":[8.375,1.5,8.5,1.625],"texture":"#1"},"south":{"uv":[8.125,1.5,8.5,1.625],"texture":"#1"},"west":{"uv":[8.125,1.5,8.25,1.625],"texture":"#1"},"up":{"uv":[8.125,1.5,8.5,1.625],"texture":"#1"},"down":{"uv":[8.125,1.5,8.5,1.625],"texture":"#1"}}},{"name":"black_iron_greataxe_15","from":[8.1875,17.375,7.8125],"to":[8.3125,17.5,8.1875],"rotation":{"angle":0,"axis":"y","origin":[0.5625,0,7.9375]},"faces":{"north":{"uv":[7.75,1.625,7.625,1.75],"texture":"#1"},"east":{"uv":[7.625,1.625,7.75,1.75],"texture":"#1"},"south":{"uv":[7.625,1.625,7.75,1.75],"texture":"#1"},"west":{"uv":[7.625,1.625,7.75,1.75],"texture":"#1"},"up":{"uv":[7.625,1.625,7.75,1.75],"texture":"#1"},"down":{"uv":[7.625,1.625,7.75,1.75],"texture":"#1"}}},{"name":"black_iron_greataxe_16","from":[8.6875,17.375,7.8125],"to":[8.8125,17.5,8.1875],"rotation":{"angle":0,"axis":"y","origin":[0.5625,0,7.9375]},"faces":{"north":{"uv":[8.25,1.625,8.125,1.75],"texture":"#1"},"east":{"uv":[8.125,1.625,8.25,1.75],"texture":"#1"},"south":{"uv":[8.125,1.625,8.25,1.75],"texture":"#1"},"west":{"uv":[8.125,1.625,8.25,1.75],"texture":"#1"},"up":{"uv":[8.125,1.625,8.25,1.75],"texture":"#1"},"down":{"uv":[8.125,1.625,8.25,1.75],"texture":"#1"}}},{"name":"black_iron_greataxe_61","from":[8.3125,14.75,7.6875],"to":[8.6875,14.875,8.3125],"rotation":{"angle":0,"axis":"y","origin":[0.5625,0,7.9375]},"faces":{"north":{"uv":[6.625,3.75,6.25,3.875],"texture":"#1"},"east":{"uv":[6.5,3.75,6.625,3.875],"texture":"#1"},"south":{"uv":[6.25,3.75,6.625,3.875],"texture":"#1"},"west":{"uv":[6.25,3.75,6.375,3.875],"texture":"#1"},"up":{"uv":[6.25,3.75,6.625,3.875],"texture":"#1"},"down":{"uv":[6.25,3.75,6.625,3.875],"texture":"#1"}}},{"name":"black_iron_greataxe_62","from":[8.1875,14.75,7.8125],"to":[8.3125,14.875,8.1875],"rotation":{"angle":0,"axis":"y","origin":[0.5625,0,7.9375]},"faces":{"north":{"uv":[7.75,3.75,7.625,3.875],"texture":"#1"},"east":{"uv":[7.625,3.75,7.75,3.875],"texture":"#1"},"south":{"uv":[7.625,3.75,7.75,3.875],"texture":"#1"},"west":{"uv":[7.625,3.75,7.75,3.875],"texture":"#1"},"up":{"uv":[7.625,3.75,7.75,3.875],"texture":"#1"},"down":{"uv":[7.625,3.75,7.75,3.875],"texture":"#1"}}},{"name":"black_iron_greataxe_63","from":[8.6875,14.75,7.8125],"to":[8.8125,14.875,8.1875],"rotation":{"angle":0,"axis":"y","origin":[0.5625,0,7.9375]},"faces":{"north":{"uv":[8.25,3.75,8.125,3.875],"texture":"#1"},"east":{"uv":[8.125,3.75,8.25,3.875],"texture":"#1"},"south":{"uv":[8.125,3.75,8.25,3.875],"texture":"#1"},"west":{"uv":[8.125,3.75,8.25,3.875],"texture":"#1"},"up":{"uv":[8.125,3.75,8.25,3.875],"texture":"#1"},"down":{"uv":[8.125,3.75,8.25,3.875],"texture":"#1"}}},{"name":"black_iron_greataxe_64","from":[8.3125,14.375,7.8125],"to":[8.6875,14.75,8.1875],"rotation":{"angle":0,"axis":"y","origin":[0.5625,0,7.9375]},"faces":{"north":{"uv":[8.125,3.875,7.75,4.25],"texture":"#1"},"east":{"uv":[8,3.875,8.125,4.25],"texture":"#1"},"south":{"uv":[7.75,3.875,8.125,4.25],"texture":"#1"},"west":{"uv":[7.75,3.875,7.875,4.25],"texture":"#1"},"up":{"uv":[7.75,3.875,8.125,4],"texture":"#1"},"down":{"uv":[7.75,4.125,8.125,4.25],"texture":"#1"}}},{"name":"black_iron_greataxe_64","from":[8.3125,17,7.8125],"to":[8.6875,17.375,8.1875],"rotation":{"angle":0,"axis":"y","origin":[0.5625,0,7.9375]},"faces":{"north":{"uv":[8.125,3.875,7.75,4.25],"texture":"#1"},"east":{"uv":[8,3.875,8.125,4.25],"texture":"#1"},"south":{"uv":[7.75,3.875,8.125,4.25],"texture":"#1"},"west":{"uv":[7.75,3.875,7.875,4.25],"texture":"#1"},"up":{"uv":[7.75,3.875,8.125,4],"texture":"#1"},"down":{"uv":[7.75,4.125,8.125,4.25],"texture":"#1"}}},{"name":"black_iron_greataxe_67","from":[8.3125,14.25,7.6875],"to":[8.6875,14.375,8.3125],"rotation":{"angle":0,"axis":"y","origin":[0.5625,0,7.9375]},"faces":{"north":{"uv":[6.625,4.25,6.25,4.375],"texture":"#1"},"east":{"uv":[6.5,4.25,6.625,4.375],"texture":"#1"},"south":{"uv":[6.25,4.25,6.625,4.375],"texture":"#1"},"west":{"uv":[6.25,4.25,6.375,4.375],"texture":"#1"},"up":{"uv":[6.25,4.25,6.625,4.375],"texture":"#1"},"down":{"uv":[6.25,4.25,6.625,4.375],"texture":"#1"}}},{"name":"black_iron_greataxe_68","from":[8.1875,14.25,7.8125],"to":[8.3125,14.375,8.1875],"rotation":{"angle":0,"axis":"y","origin":[0.5625,0,7.9375]},"faces":{"north":{"uv":[7.75,4.25,7.625,4.375],"texture":"#1"},"east":{"uv":[7.625,4.25,7.75,4.375],"texture":"#1"},"south":{"uv":[7.625,4.25,7.75,4.375],"texture":"#1"},"west":{"uv":[7.625,4.25,7.75,4.375],"texture":"#1"},"up":{"uv":[7.625,4.25,7.75,4.375],"texture":"#1"},"down":{"uv":[7.625,4.25,7.75,4.375],"texture":"#1"}}},{"name":"black_iron_greataxe_69","from":[8.6875,14.25,7.8125],"to":[8.8125,14.375,8.1875],"rotation":{"angle":0,"axis":"y","origin":[0.5625,0,7.9375]},"faces":{"north":{"uv":[8.25,4.25,8.125,4.375],"texture":"#1"},"east":{"uv":[8.125,4.25,8.25,4.375],"texture":"#1"},"south":{"uv":[8.125,4.25,8.25,4.375],"texture":"#1"},"west":{"uv":[8.125,4.25,8.25,4.375],"texture":"#1"},"up":{"uv":[8.125,4.25,8.25,4.375],"texture":"#1"},"down":{"uv":[8.125,4.25,8.25,4.375],"texture":"#1"}}},{"name":"black_iron_greataxe_72","from":[8.3125,9.75,7.8125],"to":[8.6875,14.25,8.1875],"rotation":{"angle":0,"axis":"y","origin":[0.5625,0,7.9375]},"faces":{"north":{"uv":[8.125,4.375,7.75,8.875],"texture":"#1"},"east":{"uv":[8,4.375,8.125,8.875],"texture":"#1"},"south":{"uv":[7.75,4.375,8.125,8.875],"texture":"#1"},"west":{"uv":[7.75,4.375,7.875,8.875],"texture":"#1"},"up":{"uv":[7.75,4.375,8.125,4.5],"texture":"#1"},"down":{"uv":[7.75,8.75,8.125,8.875],"texture":"#1"}}},{"name":"black_iron_greataxe_82","from":[8.3125,5.5,7.8125],"to":[8.6875,9.75,8.1875],"rotation":{"angle":0,"axis":"y","origin":[0.5625,0,7.9375]},"faces":{"north":{"uv":[8.75,6.25,8.375,10.5],"texture":"#1"},"east":{"uv":[8.625,6.25,8.75,10.5],"texture":"#1"},"south":{"uv":[8.375,6.25,8.75,10.5],"texture":"#1"},"west":{"uv":[8.375,6.25,8.5,10.5],"texture":"#1"},"up":{"uv":[8.375,6.25,8.75,6.375],"texture":"#1"},"down":{"uv":[8.375,10.375,8.75,10.5],"texture":"#1"}}},{"name":"black_iron_greataxe_131","from":[8.3125,3.625,7.8125],"to":[8.6875,5.5,8.1875],"rotation":{"angle":0,"axis":"y","origin":[0.5625,0,7.9375]},"faces":{"north":{"uv":[8.125,10.5,7.75,12.375],"texture":"#1"},"east":{"uv":[8,10.5,8.125,12.375],"texture":"#1"},"south":{"uv":[7.75,10.5,8.125,12.375],"texture":"#1"},"west":{"uv":[7.75,10.5,7.875,12.375],"texture":"#1"},"up":{"uv":[7.75,10.5,8.125,10.625],"texture":"#1"},"down":{"uv":[7.75,12.25,8.125,12.375],"texture":"#1"}}},{"name":"black_iron_greataxe_137","from":[8.3125,3.5,7.6875],"to":[8.6875,3.625,8.3125],"rotation":{"angle":0,"axis":"y","origin":[0.5625,0,7.9375]},"faces":{"north":{"uv":[6.625,12.375,6.25,12.5],"texture":"#1"},"east":{"uv":[6.5,12.375,6.625,12.5],"texture":"#1"},"south":{"uv":[6.25,12.375,6.625,12.5],"texture":"#1"},"west":{"uv":[6.25,12.375,6.375,12.5],"texture":"#1"},"up":{"uv":[6.25,12.375,6.625,12.5],"texture":"#1"},"down":{"uv":[6.25,12.375,6.625,12.5],"texture":"#1"}}},{"name":"black_iron_greataxe_138","from":[8.1875,3.5,7.8125],"to":[8.3125,3.625,8.1875],"rotation":{"angle":0,"axis":"y","origin":[0.5625,0,7.9375]},"faces":{"north":{"uv":[7.75,12.375,7.625,12.5],"texture":"#1"},"east":{"uv":[7.625,12.375,7.75,12.5],"texture":"#1"},"south":{"uv":[7.625,12.375,7.75,12.5],"texture":"#1"},"west":{"uv":[7.625,12.375,7.75,12.5],"texture":"#1"},"up":{"uv":[7.625,12.375,7.75,12.5],"texture":"#1"},"down":{"uv":[7.625,12.375,7.75,12.5],"texture":"#1"}}},{"name":"black_iron_greataxe_139","from":[8.6875,3.5,7.8125],"to":[8.8125,3.625,8.1875],"rotation":{"angle":0,"axis":"y","origin":[0.5625,0,7.9375]},"faces":{"north":{"uv":[8.25,12.375,8.125,12.5],"texture":"#1"},"east":{"uv":[8.125,12.375,8.25,12.5],"texture":"#1"},"south":{"uv":[8.125,12.375,8.25,12.5],"texture":"#1"},"west":{"uv":[8.125,12.375,8.25,12.5],"texture":"#1"},"up":{"uv":[8.125,12.375,8.25,12.5],"texture":"#1"},"down":{"uv":[8.125,12.375,8.25,12.5],"texture":"#1"}}},{"name":"black_iron_greataxe_141","from":[8.3125,3.125,7.8125],"to":[8.6875,3.5,8.1875],"rotation":{"angle":0,"axis":"y","origin":[0.5625,0,7.9375]},"faces":{"north":{"uv":[8.125,12.5,7.75,12.875],"texture":"#1"},"east":{"uv":[8,12.5,8.125,12.875],"texture":"#1"},"south":{"uv":[7.75,12.5,8.125,12.875],"texture":"#1"},"west":{"uv":[7.75,12.5,7.875,12.875],"texture":"#1"},"up":{"uv":[7.75,12.5,8.125,12.625],"texture":"#1"},"down":{"uv":[7.75,12.75,8.125,12.875],"texture":"#1"}}},{"name":"black_iron_greataxe_142","from":[8.3125,3,7.6875],"to":[8.6875,3.125,8.3125],"rotation":{"angle":0,"axis":"y","origin":[0.5625,0,7.9375]},"faces":{"north":{"uv":[6.625,12.875,6.25,13],"texture":"#1"},"east":{"uv":[6.5,12.875,6.625,13],"texture":"#1"},"south":{"uv":[6.25,12.875,6.625,13],"texture":"#1"},"west":{"uv":[6.25,12.875,6.375,13],"texture":"#1"},"up":{"uv":[6.25,12.875,6.625,13],"texture":"#1"},"down":{"uv":[6.25,12.875,6.625,13],"texture":"#1"}}},{"name":"black_iron_greataxe_143","from":[8.1875,3,7.8125],"to":[8.3125,3.125,8.1875],"rotation":{"angle":0,"axis":"y","origin":[0.5625,0,7.9375]},"faces":{"north":{"uv":[7.75,12.875,7.625,13],"texture":"#1"},"east":{"uv":[7.625,12.875,7.75,13],"texture":"#1"},"south":{"uv":[7.625,12.875,7.75,13],"texture":"#1"},"west":{"uv":[7.625,12.875,7.75,13],"texture":"#1"},"up":{"uv":[7.625,12.875,7.75,13],"texture":"#1"},"down":{"uv":[7.625,12.875,7.75,13],"texture":"#1"}}},{"name":"black_iron_greataxe_144","from":[8.6875,3,7.8125],"to":[8.8125,3.125,8.1875],"rotation":{"angle":0,"axis":"y","origin":[0.5625,0,7.9375]},"faces":{"north":{"uv":[8.25,12.875,8.125,13],"texture":"#1"},"east":{"uv":[8.125,12.875,8.25,13],"texture":"#1"},"south":{"uv":[8.125,12.875,8.25,13],"texture":"#1"},"west":{"uv":[8.125,12.875,8.25,13],"texture":"#1"},"up":{"uv":[8.125,12.875,8.25,13],"texture":"#1"},"down":{"uv":[8.125,12.875,8.25,13],"texture":"#1"}}},{"name":"black_iron_greataxe_145","from":[8.3125,2,7.8125],"to":[8.6875,3,8.1875],"rotation":{"angle":0,"axis":"y","origin":[0.5625,0,7.9375]},"faces":{"north":{"uv":[8.125,13,7.75,14],"texture":"#1"},"east":{"uv":[8,13,8.125,14],"texture":"#1"},"south":{"uv":[7.75,13,8.125,14],"texture":"#1"},"west":{"uv":[7.75,13,7.875,14],"texture":"#1"},"up":{"uv":[7.75,13,8.125,13.125],"texture":"#1"},"down":{"uv":[7.75,13.875,8.125,14],"texture":"#1"}}},{"name":"black_iron_greataxe_146","from":[8.1875,1.5,7.6875],"to":[8.8125,2,8.3125],"rotation":{"angle":0,"axis":"y","origin":[0.5625,0,7.9375]},"faces":{"north":{"uv":[6.75,14,6.125,14.5],"texture":"#1"},"east":{"uv":[6.625,14,6.75,14.5],"texture":"#1"},"south":{"uv":[6.125,14,6.75,14.5],"texture":"#1"},"west":{"uv":[6.125,14,6.25,14.5],"texture":"#1"},"up":{"uv":[6.125,14,6.75,14.125],"texture":"#1"},"down":{"uv":[6.125,14.375,6.75,14.5],"texture":"#1"}}},{"name":"black_iron_greataxe_147","from":[7.9375,1.625,7.8125],"to":[8.1875,1.75,8.1875],"rotation":{"angle":0,"axis":"y","origin":[0.5625,0,7.9375]},"faces":{"north":{"uv":[7.625,14.25,7.375,14.375],"texture":"#1"},"east":{"uv":[7.5,14.25,7.625,14.375],"texture":"#1"},"south":{"uv":[7.375,14.25,7.625,14.375],"texture":"#1"},"west":{"uv":[7.375,14.25,7.5,14.375],"texture":"#1"},"up":{"uv":[7.375,14.25,7.625,14.375],"texture":"#1"},"down":{"uv":[7.375,14.25,7.625,14.375],"texture":"#1"}}},{"name":"black_iron_greataxe_148","from":[8.8125,1.625,7.8125],"to":[9.0625,1.75,8.1875],"rotation":{"angle":0,"axis":"y","origin":[0.5625,0,7.9375]},"faces":{"north":{"uv":[8.5,14.25,8.25,14.375],"texture":"#1"},"east":{"uv":[8.375,14.25,8.5,14.375],"texture":"#1"},"south":{"uv":[8.25,14.25,8.5,14.375],"texture":"#1"},"west":{"uv":[8.25,14.25,8.375,14.375],"texture":"#1"},"up":{"uv":[8.25,14.25,8.5,14.375],"texture":"#1"},"down":{"uv":[8.25,14.25,8.5,14.375],"texture":"#1"}}},{"name":"black_iron_greataxe_149","from":[8.3125,1.375,7.8125],"to":[8.6875,1.5,8.1875],"rotation":{"angle":0,"axis":"y","origin":[0.5625,0,7.9375]},"faces":{"north":{"uv":[8.125,14.5,7.75,14.625],"texture":"#1"},"east":{"uv":[8,14.5,8.125,14.625],"texture":"#1"},"south":{"uv":[7.75,14.5,8.125,14.625],"texture":"#1"},"west":{"uv":[7.75,14.5,7.875,14.625],"texture":"#1"},"up":{"uv":[7.75,14.5,8.125,14.625],"texture":"#1"},"down":{"uv":[7.75,14.5,8.125,14.625],"texture":"#1"}}},{"name":"black_iron_greataxe_150","from":[8.1875,0.875,7.6875],"to":[8.8125,1.375,8.3125],"rotation":{"angle":0,"axis":"y","origin":[0.5625,0,7.9375]},"faces":{"north":{"uv":[6.75,14.625,6.125,15.125],"texture":"#1"},"east":{"uv":[6.625,14.625,6.75,15.125],"texture":"#1"},"south":{"uv":[6.125,14.625,6.75,15.125],"texture":"#1"},"west":{"uv":[6.125,14.625,6.25,15.125],"texture":"#1"},"up":{"uv":[6.125,14.625,6.75,14.75],"texture":"#1"},"down":{"uv":[6.125,15,6.75,15.125],"texture":"#1"}}},{"name":"black_iron_greataxe_151","from":[7.9375,1,7.8125],"to":[8.1875,1.125,8.1875],"rotation":{"angle":0,"axis":"y","origin":[0.5625,0,7.9375]},"faces":{"north":{"uv":[7.625,14.875,7.375,15],"texture":"#1"},"east":{"uv":[7.5,14.875,7.625,15],"texture":"#1"},"south":{"uv":[7.375,14.875,7.625,15],"texture":"#1"},"west":{"uv":[7.375,14.875,7.5,15],"texture":"#1"},"up":{"uv":[7.375,14.875,7.625,15],"texture":"#1"},"down":{"uv":[7.375,14.875,7.625,15],"texture":"#1"}}},{"name":"black_iron_greataxe_152","from":[8.8125,1,7.8125],"to":[9.0625,1.125,8.1875],"rotation":{"angle":0,"axis":"y","origin":[0.5625,0,7.9375]},"faces":{"north":{"uv":[8.5,14.875,8.25,15],"texture":"#1"},"east":{"uv":[8.375,14.875,8.5,15],"texture":"#1"},"south":{"uv":[8.25,14.875,8.5,15],"texture":"#1"},"west":{"uv":[8.25,14.875,8.375,15],"texture":"#1"},"up":{"uv":[8.25,14.875,8.5,15],"texture":"#1"},"down":{"uv":[8.25,14.875,8.5,15],"texture":"#1"}}},{"name":"black_iron_greataxe_153","from":[8.3125,0.375,7.8125],"to":[8.6875,0.875,8.1875],"rotation":{"angle":0,"axis":"y","origin":[0.5625,0,7.9375]},"faces":{"north":{"uv":[8.125,15.125,7.75,15.625],"texture":"#1"},"east":{"uv":[8,15.125,8.125,15.625],"texture":"#1"},"south":{"uv":[7.75,15.125,8.125,15.625],"texture":"#1"},"west":{"uv":[7.75,15.125,7.875,15.625],"texture":"#1"},"up":{"uv":[7.75,15.125,8.125,15.25],"texture":"#1"},"down":{"uv":[7.75,15.5,8.125,15.625],"texture":"#1"}}},{"name":"black_iron_greataxe_154","from":[8.4375,0,7.8125],"to":[8.5625,0.375,8.1875],"rotation":{"angle":0,"axis":"y","origin":[0.5625,0,7.9375]},"faces":{"north":{"uv":[8,15.625,7.875,16],"texture":"#1"},"east":{"uv":[7.875,15.625,8,16],"texture":"#1"},"south":{"uv":[7.875,15.625,8,16],"texture":"#1"},"west":{"uv":[7.875,15.625,8,16],"texture":"#1"},"up":{"uv":[7.875,15.625,8,15.75],"texture":"#1"},"down":{"uv":[7.875,15.875,8,16],"texture":"#1"}}},{"name":"black_iron_greataxe_1","from":[7.5625,16.125,7.78125],"to":[7.6875,17.125,8.21875],"faces":{"north":{"uv":[13,0.25,12.875,1.25],"texture":"#1"},"east":{"uv":[12.875,0.25,13,1.25],"texture":"#1"},"south":{"uv":[12.875,0.25,13,1.25],"texture":"#1"},"west":{"uv":[12.875,0.25,13,1.25],"texture":"#1"},"up":{"uv":[12.875,0.25,13,0.375],"texture":"#1"},"down":{"uv":[12.875,1.125,13,1.25],"texture":"#1"}}},{"name":"black_iron_greataxe_2","from":[7.6875,16,7.78125],"to":[7.8125,17,8.21875],"faces":{"north":{"uv":[13.125,0.375,13,1.375],"texture":"#1"},"east":{"uv":[13,0.375,13.125,1.375],"texture":"#1"},"south":{"uv":[13,0.375,13.125,1.375],"texture":"#1"},"west":{"uv":[13,0.375,13.125,1.375],"texture":"#1"},"up":{"uv":[13,0.375,13.125,0.5],"texture":"#1"},"down":{"uv":[13,1.25,13.125,1.375],"texture":"#1"}}},{"name":"black_iron_greataxe_3","from":[8.3125,14.875,7.78125],"to":[8.6875,17,8.21875],"faces":{"north":{"uv":[14,0.375,13.625,2.5],"texture":"#1"},"east":{"uv":[13.875,0.375,14,2.5],"texture":"#1"},"south":{"uv":[13.625,0.375,14,2.5],"texture":"#1"},"west":{"uv":[13.625,0.375,13.75,2.5],"texture":"#1"},"up":{"uv":[13.625,0.375,14,0.5],"texture":"#1"},"down":{"uv":[13.625,2.375,14,2.5],"texture":"#1"}}},{"name":"black_iron_greataxe_4","from":[9.1875,16.125,7.78125],"to":[9.4375,17,8.21875],"faces":{"north":{"uv":[14.75,0.375,14.5,1.25],"texture":"#1"},"east":{"uv":[14.625,0.375,14.75,1.25],"texture":"#1"},"south":{"uv":[14.5,0.375,14.75,1.25],"texture":"#1"},"west":{"uv":[14.5,0.375,14.625,1.25],"texture":"#1"},"up":{"uv":[14.5,0.375,14.75,0.5],"texture":"#1"},"down":{"uv":[14.5,1.125,14.75,1.25],"texture":"#1"}}},{"name":"black_iron_greataxe_5","from":[7.8125,15.25,7.78125],"to":[8.3125,16.875,8.21875],"faces":{"north":{"uv":[13.625,0.5,13.125,2.125],"texture":"#1"},"east":{"uv":[13.5,0.5,13.625,2.125],"texture":"#1"},"south":{"uv":[13.125,0.5,13.625,2.125],"texture":"#1"},"west":{"uv":[13.125,0.5,13.25,2.125],"texture":"#1"},"up":{"uv":[13.125,0.5,13.625,0.625],"texture":"#1"},"down":{"uv":[13.125,2,13.625,2.125],"texture":"#1"}}},{"name":"black_iron_greataxe_6","from":[8.6875,15.375,7.78125],"to":[9.1875,16.875,8.21875],"faces":{"north":{"uv":[14.5,0.5,14,2],"texture":"#1"},"east":{"uv":[14.375,0.5,14.5,2],"texture":"#1"},"south":{"uv":[14,0.5,14.5,2],"texture":"#1"},"west":{"uv":[14,0.5,14.125,2],"texture":"#1"},"up":{"uv":[14,0.5,14.5,0.625],"texture":"#1"},"down":{"uv":[14,1.875,14.5,2],"texture":"#1"}}},{"name":"black_iron_greataxe_7","from":[7.8125,19.25,7.96875],"to":[7.9375,19.625,8.03125],"faces":{"north":{"uv":[3.125,1,3,1.375],"texture":"#1"},"east":{"uv":[3,1,3.125,1.375],"texture":"#1"},"south":{"uv":[3,1,3.125,1.375],"texture":"#1"},"west":{"uv":[3,1,3.125,1.375],"texture":"#1"},"up":{"uv":[3,1,3.125,1.125],"texture":"#1"},"down":{"uv":[3,1.25,3.125,1.375],"texture":"#1"}}},{"name":"black_iron_greataxe_10","from":[7.6875,18.875,7.96875],"to":[7.8125,19.5,8.03125],"faces":{"north":{"uv":[3,1.125,2.875,1.75],"texture":"#1"},"east":{"uv":[2.875,1.125,3,1.75],"texture":"#1"},"south":{"uv":[2.875,1.125,3,1.75],"texture":"#1"},"west":{"uv":[2.875,1.125,3,1.75],"texture":"#1"},"up":{"uv":[2.875,1.125,3,1.25],"texture":"#1"},"down":{"uv":[2.875,1.625,3,1.75],"texture":"#1"}}},{"name":"black_iron_greataxe_11","from":[7.5625,18.75,7.96875],"to":[7.6875,19.375,8.03125],"faces":{"north":{"uv":[2.875,1.25,2.75,1.875],"texture":"#1"},"east":{"uv":[2.75,1.25,2.875,1.875],"texture":"#1"},"south":{"uv":[2.75,1.25,2.875,1.875],"texture":"#1"},"west":{"uv":[2.75,1.25,2.875,1.875],"texture":"#1"},"up":{"uv":[2.75,1.25,2.875,1.375],"texture":"#1"},"down":{"uv":[2.75,1.75,2.875,1.875],"texture":"#1"}}},{"name":"black_iron_greataxe_12","from":[9.1875,16,7.78125],"to":[9.3125,16.125,8.21875],"faces":{"north":{"uv":[14.625,1.25,14.5,1.375],"texture":"#1"},"east":{"uv":[14.5,1.25,14.625,1.375],"texture":"#1"},"south":{"uv":[14.5,1.25,14.625,1.375],"texture":"#1"},"west":{"uv":[14.5,1.25,14.625,1.375],"texture":"#1"},"up":{"uv":[14.5,1.25,14.625,1.375],"texture":"#1"},"down":{"uv":[14.5,1.25,14.625,1.375],"texture":"#1"}}},{"name":"black_iron_greataxe_16","from":[7.4375,18.625,7.96875],"to":[7.5625,19,8.03125],"faces":{"north":{"uv":[2.75,1.625,2.625,2],"texture":"#1"},"east":{"uv":[2.625,1.625,2.75,2],"texture":"#1"},"south":{"uv":[2.625,1.625,2.75,2],"texture":"#1"},"west":{"uv":[2.625,1.625,2.75,2],"texture":"#1"},"up":{"uv":[2.625,1.625,2.75,1.75],"texture":"#1"},"down":{"uv":[2.625,1.875,2.75,2],"texture":"#1"}}},{"name":"black_iron_greataxe_17","from":[9.1875,18.375,7.96875],"to":[9.3125,19,8.03125],"faces":{"north":{"uv":[4.5,1.625,4.375,2.25],"texture":"#1"},"east":{"uv":[4.375,1.625,4.5,2.25],"texture":"#1"},"south":{"uv":[4.375,1.625,4.5,2.25],"texture":"#1"},"west":{"uv":[4.375,1.625,4.5,2.25],"texture":"#1"},"up":{"uv":[4.375,1.625,4.5,1.75],"texture":"#1"},"down":{"uv":[4.375,2.125,4.5,2.25],"texture":"#1"}}},{"name":"black_iron_greataxe_20","from":[7.3125,18.5,7.96875],"to":[7.4375,18.875,8.03125],"faces":{"north":{"uv":[2.625,1.75,2.5,2.125],"texture":"#1"},"east":{"uv":[2.5,1.75,2.625,2.125],"texture":"#1"},"south":{"uv":[2.5,1.75,2.625,2.125],"texture":"#1"},"west":{"uv":[2.5,1.75,2.625,2.125],"texture":"#1"},"up":{"uv":[2.5,1.75,2.625,1.875],"texture":"#1"},"down":{"uv":[2.5,2,2.625,2.125],"texture":"#1"}}},{"name":"black_iron_greataxe_21","from":[7.1875,18.375,7.96875],"to":[7.3125,18.75,8.03125],"faces":{"north":{"uv":[2.5,1.875,2.375,2.25],"texture":"#1"},"east":{"uv":[2.375,1.875,2.5,2.25],"texture":"#1"},"south":{"uv":[2.375,1.875,2.5,2.25],"texture":"#1"},"west":{"uv":[2.375,1.875,2.5,2.25],"texture":"#1"},"up":{"uv":[2.375,1.875,2.5,2],"texture":"#1"},"down":{"uv":[2.375,2.125,2.5,2.25],"texture":"#1"}}},{"name":"black_iron_greataxe_22","from":[9.3125,18.25,7.96875],"to":[9.4375,18.75,8.03125],"faces":{"north":{"uv":[4.625,1.875,4.5,2.375],"texture":"#1"},"east":{"uv":[4.5,1.875,4.625,2.375],"texture":"#1"},"south":{"uv":[4.5,1.875,4.625,2.375],"texture":"#1"},"west":{"uv":[4.5,1.875,4.625,2.375],"texture":"#1"},"up":{"uv":[4.5,1.875,4.625,2],"texture":"#1"},"down":{"uv":[4.5,2.25,4.625,2.375],"texture":"#1"}}},{"name":"black_iron_greataxe_23","from":[7.0625,18.25,7.96875],"to":[7.1875,18.625,8.03125],"faces":{"north":{"uv":[2.375,2,2.25,2.375],"texture":"#1"},"east":{"uv":[2.25,2,2.375,2.375],"texture":"#1"},"south":{"uv":[2.25,2,2.375,2.375],"texture":"#1"},"west":{"uv":[2.25,2,2.375,2.375],"texture":"#1"},"up":{"uv":[2.25,2,2.375,2.125],"texture":"#1"},"down":{"uv":[2.25,2.25,2.375,2.375],"texture":"#1"}}},{"name":"black_iron_greataxe_24","from":[8.6875,15.125,7.78125],"to":[8.9375,15.375,8.21875],"faces":{"north":{"uv":[14.25,2,14,2.25],"texture":"#1"},"east":{"uv":[14.125,2,14.25,2.25],"texture":"#1"},"south":{"uv":[14,2,14.25,2.25],"texture":"#1"},"west":{"uv":[14,2,14.125,2.25],"texture":"#1"},"up":{"uv":[14,2,14.25,2.125],"texture":"#1"},"down":{"uv":[14,2.125,14.25,2.25],"texture":"#1"}}},{"name":"black_iron_greataxe_25","from":[8.9375,15.25,7.78125],"to":[9.0625,15.375,8.21875],"faces":{"north":{"uv":[14.375,2,14.25,2.125],"texture":"#1"},"east":{"uv":[14.25,2,14.375,2.125],"texture":"#1"},"south":{"uv":[14.25,2,14.375,2.125],"texture":"#1"},"west":{"uv":[14.25,2,14.375,2.125],"texture":"#1"},"up":{"uv":[14.25,2,14.375,2.125],"texture":"#1"},"down":{"uv":[14.25,2,14.375,2.125],"texture":"#1"}}},{"name":"black_iron_greataxe_26","from":[6.9375,18.125,7.96875],"to":[7.0625,18.5,8.03125],"faces":{"north":{"uv":[2.25,2.125,2.125,2.5],"texture":"#1"},"east":{"uv":[2.125,2.125,2.25,2.5],"texture":"#1"},"south":{"uv":[2.125,2.125,2.25,2.5],"texture":"#1"},"west":{"uv":[2.125,2.125,2.25,2.5],"texture":"#1"},"up":{"uv":[2.125,2.125,2.25,2.25],"texture":"#1"},"down":{"uv":[2.125,2.375,2.25,2.5],"texture":"#1"}}},{"name":"black_iron_greataxe_27","from":[9.4375,18.125,7.96875],"to":[9.5625,18.5,8.03125],"faces":{"north":{"uv":[4.75,2.125,4.625,2.5],"texture":"#1"},"east":{"uv":[4.625,2.125,4.75,2.5],"texture":"#1"},"south":{"uv":[4.625,2.125,4.75,2.5],"texture":"#1"},"west":{"uv":[4.625,2.125,4.75,2.5],"texture":"#1"},"up":{"uv":[4.625,2.125,4.75,2.25],"texture":"#1"},"down":{"uv":[4.625,2.375,4.75,2.5],"texture":"#1"}}},{"name":"black_iron_greataxe_28","from":[7.8125,17.75,7.84375],"to":[7.9375,18.5,8.15625],"faces":{"north":{"uv":[12.5,2.125,12.375,2.875],"texture":"#1"},"east":{"uv":[12.375,2.125,12.5,2.875],"texture":"#1"},"south":{"uv":[12.375,2.125,12.5,2.875],"texture":"#1"},"west":{"uv":[12.375,2.125,12.5,2.875],"texture":"#1"},"up":{"uv":[12.375,2.125,12.5,2.25],"texture":"#1"},"down":{"uv":[12.375,2.75,12.5,2.875],"texture":"#1"}}},{"name":"black_iron_greataxe_29","from":[8.0625,15.125,7.78125],"to":[8.3125,15.25,8.21875],"faces":{"north":{"uv":[13.625,2.125,13.375,2.25],"texture":"#1"},"east":{"uv":[13.5,2.125,13.625,2.25],"texture":"#1"},"south":{"uv":[13.375,2.125,13.625,2.25],"texture":"#1"},"west":{"uv":[13.375,2.125,13.5,2.25],"texture":"#1"},"up":{"uv":[13.375,2.125,13.625,2.25],"texture":"#1"},"down":{"uv":[13.375,2.125,13.625,2.25],"texture":"#1"}}},{"name":"black_iron_greataxe_30","from":[6.6875,18.125,7.96875],"to":[6.9375,18.375,8.03125],"faces":{"north":{"uv":[2.125,2.25,1.875,2.5],"texture":"#1"},"east":{"uv":[2,2.25,2.125,2.5],"texture":"#1"},"south":{"uv":[1.875,2.25,2.125,2.5],"texture":"#1"},"west":{"uv":[1.875,2.25,2,2.5],"texture":"#1"},"up":{"uv":[1.875,2.25,2.125,2.375],"texture":"#1"},"down":{"uv":[1.875,2.375,2.125,2.5],"texture":"#1"}}},{"name":"black_iron_greataxe_31","from":[9.5625,18,7.96875],"to":[9.6875,18.375,8.03125],"faces":{"north":{"uv":[4.875,2.25,4.75,2.625],"texture":"#1"},"east":{"uv":[4.75,2.25,4.875,2.625],"texture":"#1"},"south":{"uv":[4.75,2.25,4.875,2.625],"texture":"#1"},"west":{"uv":[4.75,2.25,4.875,2.625],"texture":"#1"},"up":{"uv":[4.75,2.25,4.875,2.375],"texture":"#1"},"down":{"uv":[4.75,2.5,4.875,2.625],"texture":"#1"}}},{"name":"black_iron_greataxe_32","from":[8.1875,14.875,7.78125],"to":[8.3125,15.125,8.21875],"faces":{"north":{"uv":[13.625,2.25,13.5,2.5],"texture":"#1"},"east":{"uv":[13.5,2.25,13.625,2.5],"texture":"#1"},"south":{"uv":[13.5,2.25,13.625,2.5],"texture":"#1"},"west":{"uv":[13.5,2.25,13.625,2.5],"texture":"#1"},"up":{"uv":[13.5,2.25,13.625,2.375],"texture":"#1"},"down":{"uv":[13.5,2.375,13.625,2.5],"texture":"#1"}}},{"name":"black_iron_greataxe_33","from":[8.6875,14.875,7.78125],"to":[8.8125,15.125,8.21875],"faces":{"north":{"uv":[14.125,2.25,14,2.5],"texture":"#1"},"east":{"uv":[14,2.25,14.125,2.5],"texture":"#1"},"south":{"uv":[14,2.25,14.125,2.5],"texture":"#1"},"west":{"uv":[14,2.25,14.125,2.5],"texture":"#1"},"up":{"uv":[14,2.25,14.125,2.375],"texture":"#1"},"down":{"uv":[14,2.375,14.125,2.5],"texture":"#1"}}},{"name":"black_iron_greataxe_34","from":[6.4375,18,7.96875],"to":[6.6875,18.25,8.03125],"faces":{"north":{"uv":[1.875,2.375,1.625,2.625],"texture":"#1"},"east":{"uv":[1.75,2.375,1.875,2.625],"texture":"#1"},"south":{"uv":[1.625,2.375,1.875,2.625],"texture":"#1"},"west":{"uv":[1.625,2.375,1.75,2.625],"texture":"#1"},"up":{"uv":[1.625,2.375,1.875,2.5],"texture":"#1"},"down":{"uv":[1.625,2.5,1.875,2.625],"texture":"#1"}}},{"name":"black_iron_greataxe_35","from":[9.6875,17.875,7.96875],"to":[9.8125,18.25,8.03125],"faces":{"north":{"uv":[5,2.375,4.875,2.75],"texture":"#1"},"east":{"uv":[4.875,2.375,5,2.75],"texture":"#1"},"south":{"uv":[4.875,2.375,5,2.75],"texture":"#1"},"west":{"uv":[4.875,2.375,5,2.75],"texture":"#1"},"up":{"uv":[4.875,2.375,5,2.5],"texture":"#1"},"down":{"uv":[4.875,2.625,5,2.75],"texture":"#1"}}},{"name":"black_iron_greataxe_36","from":[7.6875,17.625,7.84375],"to":[7.8125,18.25,8.15625],"faces":{"north":{"uv":[12.375,2.375,12.25,3],"texture":"#1"},"east":{"uv":[12.25,2.375,12.375,3],"texture":"#1"},"south":{"uv":[12.25,2.375,12.375,3],"texture":"#1"},"west":{"uv":[12.25,2.375,12.375,3],"texture":"#1"},"up":{"uv":[12.25,2.375,12.375,2.5],"texture":"#1"},"down":{"uv":[12.25,2.875,12.375,3],"texture":"#1"}}},{"name":"black_iron_greataxe_37","from":[6.1875,17.875,7.96875],"to":[6.4375,18.125,8.03125],"faces":{"north":{"uv":[1.625,2.5,1.375,2.75],"texture":"#1"},"east":{"uv":[1.5,2.5,1.625,2.75],"texture":"#1"},"south":{"uv":[1.375,2.5,1.625,2.75],"texture":"#1"},"west":{"uv":[1.375,2.5,1.5,2.75],"texture":"#1"},"up":{"uv":[1.375,2.5,1.625,2.625],"texture":"#1"},"down":{"uv":[1.375,2.625,1.625,2.75],"texture":"#1"}}},{"name":"black_iron_greataxe_38","from":[6.6875,18,7.96875],"to":[6.8125,18.125,8.03125],"faces":{"north":{"uv":[2,2.5,1.875,2.625],"texture":"#1"},"east":{"uv":[1.875,2.5,2,2.625],"texture":"#1"},"south":{"uv":[1.875,2.5,2,2.625],"texture":"#1"},"west":{"uv":[1.875,2.5,2,2.625],"texture":"#1"},"up":{"uv":[1.875,2.5,2,2.625],"texture":"#1"},"down":{"uv":[1.875,2.5,2,2.625],"texture":"#1"}}},{"name":"black_iron_greataxe_39","from":[9.8125,17.75,7.96875],"to":[9.9375,18.125,8.03125],"faces":{"north":{"uv":[5.125,2.5,5,2.875],"texture":"#1"},"east":{"uv":[5,2.5,5.125,2.875],"texture":"#1"},"south":{"uv":[5,2.5,5.125,2.875],"texture":"#1"},"west":{"uv":[5,2.5,5.125,2.875],"texture":"#1"},"up":{"uv":[5,2.5,5.125,2.625],"texture":"#1"},"down":{"uv":[5,2.75,5.125,2.875],"texture":"#1"}}},{"name":"black_iron_greataxe_40","from":[7.5625,17.5,7.84375],"to":[7.6875,18.125,8.15625],"faces":{"north":{"uv":[12.25,2.5,12.125,3.125],"texture":"#1"},"east":{"uv":[12.125,2.5,12.25,3.125],"texture":"#1"},"south":{"uv":[12.125,2.5,12.25,3.125],"texture":"#1"},"west":{"uv":[12.125,2.5,12.25,3.125],"texture":"#1"},"up":{"uv":[12.125,2.5,12.25,2.625],"texture":"#1"},"down":{"uv":[12.125,3,12.25,3.125],"texture":"#1"}}},{"name":"black_iron_greataxe_41","from":[6.0625,17.625,7.96875],"to":[6.1875,18,8.03125],"faces":{"north":{"uv":[1.375,2.625,1.25,3],"texture":"#1"},"east":{"uv":[1.25,2.625,1.375,3],"texture":"#1"},"south":{"uv":[1.25,2.625,1.375,3],"texture":"#1"},"west":{"uv":[1.25,2.625,1.375,3],"texture":"#1"},"up":{"uv":[1.25,2.625,1.375,2.75],"texture":"#1"},"down":{"uv":[1.25,2.875,1.375,3],"texture":"#1"}}},{"name":"black_iron_greataxe_42","from":[6.4375,17.875,7.96875],"to":[6.5625,18,8.03125],"faces":{"north":{"uv":[1.75,2.625,1.625,2.75],"texture":"#1"},"east":{"uv":[1.625,2.625,1.75,2.75],"texture":"#1"},"south":{"uv":[1.625,2.625,1.75,2.75],"texture":"#1"},"west":{"uv":[1.625,2.625,1.75,2.75],"texture":"#1"},"up":{"uv":[1.625,2.625,1.75,2.75],"texture":"#1"},"down":{"uv":[1.625,2.625,1.75,2.75],"texture":"#1"}}},{"name":"black_iron_greataxe_43","from":[9.9375,17.625,7.96875],"to":[10.0625,18,8.03125],"faces":{"north":{"uv":[5.25,2.625,5.125,3],"texture":"#1"},"east":{"uv":[5.125,2.625,5.25,3],"texture":"#1"},"south":{"uv":[5.125,2.625,5.25,3],"texture":"#1"},"west":{"uv":[5.125,2.625,5.25,3],"texture":"#1"},"up":{"uv":[5.125,2.625,5.25,2.75],"texture":"#1"},"down":{"uv":[5.125,2.875,5.25,3],"texture":"#1"}}},{"name":"black_iron_greataxe_44","from":[7.4375,15.125,7.84375],"to":[7.5625,18,8.15625],"faces":{"north":{"uv":[12.125,2.625,12,5.5],"texture":"#1"},"east":{"uv":[12,2.625,12.125,5.5],"texture":"#1"},"south":{"uv":[12,2.625,12.125,5.5],"texture":"#1"},"west":{"uv":[12,2.625,12.125,5.5],"texture":"#1"},"up":{"uv":[12,2.625,12.125,2.75],"texture":"#1"},"down":{"uv":[12,5.375,12.125,5.5],"texture":"#1"}}},{"name":"black_iron_greataxe_45","from":[5.9375,17.5,7.96875],"to":[6.0625,17.875,8.03125],"faces":{"north":{"uv":[1.25,2.75,1.125,3.125],"texture":"#1"},"east":{"uv":[1.125,2.75,1.25,3.125],"texture":"#1"},"south":{"uv":[1.125,2.75,1.25,3.125],"texture":"#1"},"west":{"uv":[1.125,2.75,1.25,3.125],"texture":"#1"},"up":{"uv":[1.125,2.75,1.25,2.875],"texture":"#1"},"down":{"uv":[1.125,3,1.25,3.125],"texture":"#1"}}},{"name":"black_iron_greataxe_46","from":[6.1875,17.75,7.96875],"to":[6.3125,17.875,8.03125],"faces":{"north":{"uv":[1.5,2.75,1.375,2.875],"texture":"#1"},"east":{"uv":[1.375,2.75,1.5,2.875],"texture":"#1"},"south":{"uv":[1.375,2.75,1.5,2.875],"texture":"#1"},"west":{"uv":[1.375,2.75,1.5,2.875],"texture":"#1"},"up":{"uv":[1.375,2.75,1.5,2.875],"texture":"#1"},"down":{"uv":[1.375,2.75,1.5,2.875],"texture":"#1"}}},{"name":"black_iron_greataxe_47","from":[10.0625,17.5,7.96875],"to":[10.1875,17.875,8.03125],"faces":{"north":{"uv":[5.375,2.75,5.25,3.125],"texture":"#1"},"east":{"uv":[5.25,2.75,5.375,3.125],"texture":"#1"},"south":{"uv":[5.25,2.75,5.375,3.125],"texture":"#1"},"west":{"uv":[5.25,2.75,5.375,3.125],"texture":"#1"},"up":{"uv":[5.25,2.75,5.375,2.875],"texture":"#1"},"down":{"uv":[5.25,3,5.375,3.125],"texture":"#1"}}},{"name":"black_iron_greataxe_48","from":[7.3125,15,7.84375],"to":[7.4375,17.875,8.15625],"faces":{"north":{"uv":[12,2.75,11.875,5.625],"texture":"#1"},"east":{"uv":[11.875,2.75,12,5.625],"texture":"#1"},"south":{"uv":[11.875,2.75,12,5.625],"texture":"#1"},"west":{"uv":[11.875,2.75,12,5.625],"texture":"#1"},"up":{"uv":[11.875,2.75,12,2.875],"texture":"#1"},"down":{"uv":[11.875,5.5,12,5.625],"texture":"#1"}}},{"name":"black_iron_greataxe_49","from":[5.8125,17.375,7.96875],"to":[5.9375,17.75,8.03125],"faces":{"north":{"uv":[1.125,2.875,1,3.25],"texture":"#1"},"east":{"uv":[1,2.875,1.125,3.25],"texture":"#1"},"south":{"uv":[1,2.875,1.125,3.25],"texture":"#1"},"west":{"uv":[1,2.875,1.125,3.25],"texture":"#1"},"up":{"uv":[1,2.875,1.125,3],"texture":"#1"},"down":{"uv":[1,3.125,1.125,3.25],"texture":"#1"}}},{"name":"black_iron_greataxe_50","from":[10.1875,17.375,7.96875],"to":[10.3125,17.75,8.03125],"faces":{"north":{"uv":[5.5,2.875,5.375,3.25],"texture":"#1"},"east":{"uv":[5.375,2.875,5.5,3.25],"texture":"#1"},"south":{"uv":[5.375,2.875,5.5,3.25],"texture":"#1"},"west":{"uv":[5.375,2.875,5.5,3.25],"texture":"#1"},"up":{"uv":[5.375,2.875,5.5,3],"texture":"#1"},"down":{"uv":[5.375,3.125,5.5,3.25],"texture":"#1"}}},{"name":"black_iron_greataxe_51","from":[7.1875,13,7.84375],"to":[7.3125,17.75,8.15625],"faces":{"north":{"uv":[11.875,2.875,11.75,7.625],"texture":"#1"},"east":{"uv":[11.75,2.875,11.875,7.625],"texture":"#1"},"south":{"uv":[11.75,2.875,11.875,7.625],"texture":"#1"},"west":{"uv":[11.75,2.875,11.875,7.625],"texture":"#1"},"up":{"uv":[11.75,2.875,11.875,3],"texture":"#1"},"down":{"uv":[11.75,7.5,11.875,7.625],"texture":"#1"}}},{"name":"black_iron_greataxe_52","from":[5.6875,17.25,7.96875],"to":[5.8125,17.625,8.03125],"faces":{"north":{"uv":[1,3,0.875,3.375],"texture":"#1"},"east":{"uv":[0.875,3,1,3.375],"texture":"#1"},"south":{"uv":[0.875,3,1,3.375],"texture":"#1"},"west":{"uv":[0.875,3,1,3.375],"texture":"#1"},"up":{"uv":[0.875,3,1,3.125],"texture":"#1"},"down":{"uv":[0.875,3.25,1,3.375],"texture":"#1"}}},{"name":"black_iron_greataxe_53","from":[10.3125,17,7.96875],"to":[10.4375,17.625,8.03125],"faces":{"north":{"uv":[5.625,3,5.5,3.625],"texture":"#1"},"east":{"uv":[5.5,3,5.625,3.625],"texture":"#1"},"south":{"uv":[5.5,3,5.625,3.625],"texture":"#1"},"west":{"uv":[5.5,3,5.625,3.625],"texture":"#1"},"up":{"uv":[5.5,3,5.625,3.125],"texture":"#1"},"down":{"uv":[5.5,3.5,5.625,3.625],"texture":"#1"}}},{"name":"black_iron_greataxe_54","from":[7.0625,12.75,7.84375],"to":[7.1875,17.625,8.15625],"faces":{"north":{"uv":[11.75,3,11.625,7.875],"texture":"#1"},"east":{"uv":[11.625,3,11.75,7.875],"texture":"#1"},"south":{"uv":[11.625,3,11.75,7.875],"texture":"#1"},"west":{"uv":[11.625,3,11.75,7.875],"texture":"#1"},"up":{"uv":[11.625,3,11.75,3.125],"texture":"#1"},"down":{"uv":[11.625,7.75,11.75,7.875],"texture":"#1"}}},{"name":"black_iron_greataxe_55","from":[5.5625,17,7.96875],"to":[5.6875,17.5,8.03125],"faces":{"north":{"uv":[0.875,3.125,0.75,3.625],"texture":"#1"},"east":{"uv":[0.75,3.125,0.875,3.625],"texture":"#1"},"south":{"uv":[0.75,3.125,0.875,3.625],"texture":"#1"},"west":{"uv":[0.75,3.125,0.875,3.625],"texture":"#1"},"up":{"uv":[0.75,3.125,0.875,3.25],"texture":"#1"},"down":{"uv":[0.75,3.5,0.875,3.625],"texture":"#1"}}},{"name":"black_iron_greataxe_56","from":[10.4375,17,7.96875],"to":[10.5625,17.5,8.03125],"faces":{"north":{"uv":[5.75,3.125,5.625,3.625],"texture":"#1"},"east":{"uv":[5.625,3.125,5.75,3.625],"texture":"#1"},"south":{"uv":[5.625,3.125,5.75,3.625],"texture":"#1"},"west":{"uv":[5.625,3.125,5.75,3.625],"texture":"#1"},"up":{"uv":[5.625,3.125,5.75,3.25],"texture":"#1"},"down":{"uv":[5.625,3.5,5.75,3.625],"texture":"#1"}}},{"name":"black_iron_greataxe_57","from":[6.9375,12.5,7.84375],"to":[7.0625,17.5,8.15625],"faces":{"north":{"uv":[11.625,3.125,11.5,8.125],"texture":"#1"},"east":{"uv":[11.5,3.125,11.625,8.125],"texture":"#1"},"south":{"uv":[11.5,3.125,11.625,8.125],"texture":"#1"},"west":{"uv":[11.5,3.125,11.625,8.125],"texture":"#1"},"up":{"uv":[11.5,3.125,11.625,3.25],"texture":"#1"},"down":{"uv":[11.5,8,11.625,8.125],"texture":"#1"}}},{"name":"black_iron_greataxe_58","from":[5.4375,16.625,7.96875],"to":[5.5625,17.375,8.03125],"faces":{"north":{"uv":[0.75,3.25,0.625,4],"texture":"#1"},"east":{"uv":[0.625,3.25,0.75,4],"texture":"#1"},"south":{"uv":[0.625,3.25,0.75,4],"texture":"#1"},"west":{"uv":[0.625,3.25,0.75,4],"texture":"#1"},"up":{"uv":[0.625,3.25,0.75,3.375],"texture":"#1"},"down":{"uv":[0.625,3.875,0.75,4],"texture":"#1"}}},{"name":"black_iron_greataxe_59","from":[10.5625,17,7.96875],"to":[10.8125,17.375,8.03125],"faces":{"north":{"uv":[6,3.25,5.75,3.625],"texture":"#1"},"east":{"uv":[5.875,3.25,6,3.625],"texture":"#1"},"south":{"uv":[5.75,3.25,6,3.625],"texture":"#1"},"west":{"uv":[5.75,3.25,5.875,3.625],"texture":"#1"},"up":{"uv":[5.75,3.25,6,3.375],"texture":"#1"},"down":{"uv":[5.75,3.5,6,3.625],"texture":"#1"}}},{"name":"black_iron_greataxe_60","from":[6.6875,15.25,7.84375],"to":[6.9375,17.375,8.15625],"faces":{"north":{"uv":[11.5,3.25,11.25,5.375],"texture":"#1"},"east":{"uv":[11.375,3.25,11.5,5.375],"texture":"#1"},"south":{"uv":[11.25,3.25,11.5,5.375],"texture":"#1"},"west":{"uv":[11.25,3.25,11.375,5.375],"texture":"#1"},"up":{"uv":[11.25,3.25,11.5,3.375],"texture":"#1"},"down":{"uv":[11.25,5.25,11.5,5.375],"texture":"#1"}}},{"name":"black_iron_greataxe_61","from":[10.0625,17,7.96875],"to":[10.3125,17.25,8.03125],"faces":{"north":{"uv":[5.5,3.375,5.25,3.625],"texture":"#1"},"east":{"uv":[5.375,3.375,5.5,3.625],"texture":"#1"},"south":{"uv":[5.25,3.375,5.5,3.625],"texture":"#1"},"west":{"uv":[5.25,3.375,5.375,3.625],"texture":"#1"},"up":{"uv":[5.25,3.375,5.5,3.5],"texture":"#1"},"down":{"uv":[5.25,3.5,5.5,3.625],"texture":"#1"}}},{"name":"black_iron_greataxe_62","from":[6.5625,15.375,7.84375],"to":[6.6875,17.25,8.15625],"faces":{"north":{"uv":[11.25,3.375,11.125,5.25],"texture":"#1"},"east":{"uv":[11.125,3.375,11.25,5.25],"texture":"#1"},"south":{"uv":[11.125,3.375,11.25,5.25],"texture":"#1"},"west":{"uv":[11.125,3.375,11.25,5.25],"texture":"#1"},"up":{"uv":[11.125,3.375,11.25,3.5],"texture":"#1"},"down":{"uv":[11.125,5.125,11.25,5.25],"texture":"#1"}}},{"name":"black_iron_greataxe_63","from":[5.3125,16.25,7.96875],"to":[5.4375,17.125,8.03125],"faces":{"north":{"uv":[0.625,3.5,0.5,4.375],"texture":"#1"},"east":{"uv":[0.5,3.5,0.625,4.375],"texture":"#1"},"south":{"uv":[0.5,3.5,0.625,4.375],"texture":"#1"},"west":{"uv":[0.5,3.5,0.625,4.375],"texture":"#1"},"up":{"uv":[0.5,3.5,0.625,3.625],"texture":"#1"},"down":{"uv":[0.5,4.25,0.625,4.375],"texture":"#1"}}},{"name":"black_iron_greataxe_64","from":[9.9375,16.25,7.96875],"to":[10.0625,17.125,8.03125],"faces":{"north":{"uv":[5.25,3.5,5.125,4.375],"texture":"#1"},"east":{"uv":[5.125,3.5,5.25,4.375],"texture":"#1"},"south":{"uv":[5.125,3.5,5.25,4.375],"texture":"#1"},"west":{"uv":[5.125,3.5,5.25,4.375],"texture":"#1"},"up":{"uv":[5.125,3.5,5.25,3.625],"texture":"#1"},"down":{"uv":[5.125,4.25,5.25,4.375],"texture":"#1"}}},{"name":"black_iron_greataxe_65","from":[6.4375,15.5,7.84375],"to":[6.5625,17.125,8.15625],"faces":{"north":{"uv":[11.125,3.5,11,5.125],"texture":"#1"},"east":{"uv":[11,3.5,11.125,5.125],"texture":"#1"},"south":{"uv":[11,3.5,11.125,5.125],"texture":"#1"},"west":{"uv":[11,3.5,11.125,5.125],"texture":"#1"},"up":{"uv":[11,3.5,11.125,3.625],"texture":"#1"},"down":{"uv":[11,5,11.125,5.125],"texture":"#1"}}},{"name":"black_iron_greataxe_66","from":[9.8125,16.375,7.96875],"to":[9.9375,17,8.03125],"faces":{"north":{"uv":[5.125,3.625,5,4.25],"texture":"#1"},"east":{"uv":[5,3.625,5.125,4.25],"texture":"#1"},"south":{"uv":[5,3.625,5.125,4.25],"texture":"#1"},"west":{"uv":[5,3.625,5.125,4.25],"texture":"#1"},"up":{"uv":[5,3.625,5.125,3.75],"texture":"#1"},"down":{"uv":[5,4.125,5.125,4.25],"texture":"#1"}}},{"name":"black_iron_greataxe_67","from":[10.0625,16.875,7.96875],"to":[10.1875,17,8.03125],"faces":{"north":{"uv":[5.375,3.625,5.25,3.75],"texture":"#1"},"east":{"uv":[5.25,3.625,5.375,3.75],"texture":"#1"},"south":{"uv":[5.25,3.625,5.375,3.75],"texture":"#1"},"west":{"uv":[5.25,3.625,5.375,3.75],"texture":"#1"},"up":{"uv":[5.25,3.625,5.375,3.75],"texture":"#1"},"down":{"uv":[5.25,3.625,5.375,3.75],"texture":"#1"}}},{"name":"black_iron_greataxe_71","from":[5.1875,14.875,7.96875],"to":[5.3125,16.75,8.03125],"faces":{"north":{"uv":[0.5,3.875,0.375,5.75],"texture":"#1"},"east":{"uv":[0.375,3.875,0.5,5.75],"texture":"#1"},"south":{"uv":[0.375,3.875,0.5,5.75],"texture":"#1"},"west":{"uv":[0.375,3.875,0.5,5.75],"texture":"#1"},"up":{"uv":[0.375,3.875,0.5,4],"texture":"#1"},"down":{"uv":[0.375,5.625,0.5,5.75],"texture":"#1"}}},{"name":"black_iron_greataxe_73","from":[10.0625,16.125,7.96875],"to":[10.1875,16.5,8.03125],"faces":{"north":{"uv":[5.375,4.125,5.25,4.5],"texture":"#1"},"east":{"uv":[5.25,4.125,5.375,4.5],"texture":"#1"},"south":{"uv":[5.25,4.125,5.375,4.5],"texture":"#1"},"west":{"uv":[5.25,4.125,5.375,4.5],"texture":"#1"},"up":{"uv":[5.25,4.125,5.375,4.25],"texture":"#1"},"down":{"uv":[5.25,4.375,5.375,4.5],"texture":"#1"}}},{"name":"black_iron_greataxe_74","from":[5.0625,14.875,7.96875],"to":[5.1875,16.375,8.03125],"faces":{"north":{"uv":[0.375,4.25,0.25,5.75],"texture":"#1"},"east":{"uv":[0.25,4.25,0.375,5.75],"texture":"#1"},"south":{"uv":[0.25,4.25,0.375,5.75],"texture":"#1"},"west":{"uv":[0.25,4.25,0.375,5.75],"texture":"#1"},"up":{"uv":[0.25,4.25,0.375,4.375],"texture":"#1"},"down":{"uv":[0.25,5.625,0.375,5.75],"texture":"#1"}}},{"name":"black_iron_greataxe_75","from":[10.1875,16.125,7.96875],"to":[10.8125,16.375,8.03125],"faces":{"north":{"uv":[6,4.25,5.375,4.5],"texture":"#1"},"east":{"uv":[5.875,4.25,6,4.5],"texture":"#1"},"south":{"uv":[5.375,4.25,6,4.5],"texture":"#1"},"west":{"uv":[5.375,4.25,5.5,4.5],"texture":"#1"},"up":{"uv":[5.375,4.25,6,4.375],"texture":"#1"},"down":{"uv":[5.375,4.375,6,4.5],"texture":"#1"}}},{"name":"black_iron_greataxe_79","from":[6.3125,15.625,7.84375],"to":[6.4375,16.375,8.15625],"faces":{"north":{"uv":[11,4.25,10.875,5],"texture":"#1"},"east":{"uv":[10.875,4.25,11,5],"texture":"#1"},"south":{"uv":[10.875,4.25,11,5],"texture":"#1"},"west":{"uv":[10.875,4.25,11,5],"texture":"#1"},"up":{"uv":[10.875,4.25,11,4.375],"texture":"#1"},"down":{"uv":[10.875,4.875,11,5],"texture":"#1"}}},{"name":"black_iron_greataxe_81","from":[6.1875,15.75,7.84375],"to":[6.3125,16.25,8.15625],"faces":{"north":{"uv":[10.875,4.375,10.75,4.875],"texture":"#1"},"east":{"uv":[10.75,4.375,10.875,4.875],"texture":"#1"},"south":{"uv":[10.75,4.375,10.875,4.875],"texture":"#1"},"west":{"uv":[10.75,4.375,10.875,4.875],"texture":"#1"},"up":{"uv":[10.75,4.375,10.875,4.5],"texture":"#1"},"down":{"uv":[10.75,4.75,10.875,4.875],"texture":"#1"}}},{"name":"black_iron_greataxe_82","from":[10.5625,15.25,7.96875],"to":[10.8125,16.125,8.03125],"faces":{"north":{"uv":[6,4.5,5.75,5.375],"texture":"#1"},"east":{"uv":[5.875,4.5,6,5.375],"texture":"#1"},"south":{"uv":[5.75,4.5,6,5.375],"texture":"#1"},"west":{"uv":[5.75,4.5,5.875,5.375],"texture":"#1"},"up":{"uv":[5.75,4.5,6,4.625],"texture":"#1"},"down":{"uv":[5.75,5.25,6,5.375],"texture":"#1"}}},{"name":"black_iron_greataxe_83","from":[7.5625,15.25,7.84375],"to":[7.6875,16.125,8.15625],"faces":{"north":{"uv":[12.25,4.5,12.125,5.375],"texture":"#1"},"east":{"uv":[12.125,4.5,12.25,5.375],"texture":"#1"},"south":{"uv":[12.125,4.5,12.25,5.375],"texture":"#1"},"west":{"uv":[12.125,4.5,12.25,5.375],"texture":"#1"},"up":{"uv":[12.125,4.5,12.25,4.625],"texture":"#1"},"down":{"uv":[12.125,5.25,12.25,5.375],"texture":"#1"}}},{"name":"black_iron_greataxe_84","from":[9.3125,15.5,7.84375],"to":[9.5625,16.125,8.15625],"faces":{"north":{"uv":[14.125,4.5,13.875,5.125],"texture":"#1"},"east":{"uv":[14,4.5,14.125,5.125],"texture":"#1"},"south":{"uv":[13.875,4.5,14.125,5.125],"texture":"#1"},"west":{"uv":[13.875,4.5,14,5.125],"texture":"#1"},"up":{"uv":[13.875,4.5,14.125,4.625],"texture":"#1"},"down":{"uv":[13.875,5,14.125,5.125],"texture":"#1"}}},{"name":"black_iron_greataxe_85","from":[6.0625,15.75,7.84375],"to":[6.1875,16,8.15625],"faces":{"north":{"uv":[10.75,4.625,10.625,4.875],"texture":"#1"},"east":{"uv":[10.625,4.625,10.75,4.875],"texture":"#1"},"south":{"uv":[10.625,4.625,10.75,4.875],"texture":"#1"},"west":{"uv":[10.625,4.625,10.75,4.875],"texture":"#1"},"up":{"uv":[10.625,4.625,10.75,4.75],"texture":"#1"},"down":{"uv":[10.625,4.75,10.75,4.875],"texture":"#1"}}},{"name":"black_iron_greataxe_86","from":[7.6875,15.25,7.84375],"to":[7.8125,16,8.15625],"faces":{"north":{"uv":[12.375,4.625,12.25,5.375],"texture":"#1"},"east":{"uv":[12.25,4.625,12.375,5.375],"texture":"#1"},"south":{"uv":[12.25,4.625,12.375,5.375],"texture":"#1"},"west":{"uv":[12.25,4.625,12.375,5.375],"texture":"#1"},"up":{"uv":[12.25,4.625,12.375,4.75],"texture":"#1"},"down":{"uv":[12.25,5.25,12.375,5.375],"texture":"#1"}}},{"name":"black_iron_greataxe_87","from":[9.1875,15.5,7.84375],"to":[9.3125,16,8.15625],"faces":{"north":{"uv":[13.875,4.625,13.75,5.125],"texture":"#1"},"east":{"uv":[13.75,4.625,13.875,5.125],"texture":"#1"},"south":{"uv":[13.75,4.625,13.875,5.125],"texture":"#1"},"west":{"uv":[13.75,4.625,13.875,5.125],"texture":"#1"},"up":{"uv":[13.75,4.625,13.875,4.75],"texture":"#1"},"down":{"uv":[13.75,5,13.875,5.125],"texture":"#1"}}},{"name":"black_iron_greataxe_88","from":[9.5625,15.125,7.84375],"to":[9.6875,16,8.15625],"faces":{"north":{"uv":[14.25,4.625,14.125,5.5],"texture":"#1"},"east":{"uv":[14.125,4.625,14.25,5.5],"texture":"#1"},"south":{"uv":[14.125,4.625,14.25,5.5],"texture":"#1"},"west":{"uv":[14.125,4.625,14.25,5.5],"texture":"#1"},"up":{"uv":[14.125,4.625,14.25,4.75],"texture":"#1"},"down":{"uv":[14.125,5.375,14.25,5.5],"texture":"#1"}}},{"name":"black_iron_greataxe_89","from":[9.6875,15.25,7.84375],"to":[9.8125,15.875,8.15625],"faces":{"north":{"uv":[14.375,4.75,14.25,5.375],"texture":"#1"},"east":{"uv":[14.25,4.75,14.375,5.375],"texture":"#1"},"south":{"uv":[14.25,4.75,14.375,5.375],"texture":"#1"},"west":{"uv":[14.25,4.75,14.375,5.375],"texture":"#1"},"up":{"uv":[14.25,4.75,14.375,4.875],"texture":"#1"},"down":{"uv":[14.25,5.25,14.375,5.375],"texture":"#1"}}},{"name":"black_iron_greataxe_90","from":[9.8125,15.5,7.84375],"to":[10.0625,15.75,8.15625],"faces":{"north":{"uv":[14.625,4.875,14.375,5.125],"texture":"#1"},"east":{"uv":[14.5,4.875,14.625,5.125],"texture":"#1"},"south":{"uv":[14.375,4.875,14.625,5.125],"texture":"#1"},"west":{"uv":[14.375,4.875,14.5,5.125],"texture":"#1"},"up":{"uv":[14.375,4.875,14.625,5],"texture":"#1"},"down":{"uv":[14.375,5,14.625,5.125],"texture":"#1"}}},{"name":"black_iron_greataxe_91","from":[10.0625,15.625,7.84375],"to":[10.1875,15.75,8.15625],"faces":{"north":{"uv":[14.75,4.875,14.625,5],"texture":"#1"},"east":{"uv":[14.625,4.875,14.75,5],"texture":"#1"},"south":{"uv":[14.625,4.875,14.75,5],"texture":"#1"},"west":{"uv":[14.625,4.875,14.75,5],"texture":"#1"},"up":{"uv":[14.625,4.875,14.75,5],"texture":"#1"},"down":{"uv":[14.625,4.875,14.75,5],"texture":"#1"}}},{"name":"black_iron_greataxe_92","from":[9.8125,15.375,7.84375],"to":[9.9375,15.5,8.15625],"faces":{"north":{"uv":[14.5,5.125,14.375,5.25],"texture":"#1"},"east":{"uv":[14.375,5.125,14.5,5.25],"texture":"#1"},"south":{"uv":[14.375,5.125,14.5,5.25],"texture":"#1"},"west":{"uv":[14.375,5.125,14.5,5.25],"texture":"#1"},"up":{"uv":[14.375,5.125,14.5,5.25],"texture":"#1"},"down":{"uv":[14.375,5.125,14.5,5.25],"texture":"#1"}}},{"name":"black_iron_greataxe_93","from":[5.4375,15.125,7.96875],"to":[6.0625,15.375,8.03125],"faces":{"north":{"uv":[1.25,5.25,0.625,5.5],"texture":"#1"},"east":{"uv":[1.125,5.25,1.25,5.5],"texture":"#1"},"south":{"uv":[0.625,5.25,1.25,5.5],"texture":"#1"},"west":{"uv":[0.625,5.25,0.75,5.5],"texture":"#1"},"up":{"uv":[0.625,5.25,1.25,5.375],"texture":"#1"},"down":{"uv":[0.625,5.375,1.25,5.5],"texture":"#1"}}},{"name":"black_iron_greataxe_94","from":[10.4375,15,7.96875],"to":[10.5625,15.375,8.03125],"faces":{"north":{"uv":[5.75,5.25,5.625,5.625],"texture":"#1"},"east":{"uv":[5.625,5.25,5.75,5.625],"texture":"#1"},"south":{"uv":[5.625,5.25,5.75,5.625],"texture":"#1"},"west":{"uv":[5.625,5.25,5.75,5.625],"texture":"#1"},"up":{"uv":[5.625,5.25,5.75,5.375],"texture":"#1"},"down":{"uv":[5.625,5.5,5.75,5.625],"texture":"#1"}}},{"name":"black_iron_greataxe_95","from":[5.3125,15,7.96875],"to":[5.4375,15.25,8.03125],"faces":{"north":{"uv":[0.625,5.375,0.5,5.625],"texture":"#1"},"east":{"uv":[0.5,5.375,0.625,5.625],"texture":"#1"},"south":{"uv":[0.5,5.375,0.625,5.625],"texture":"#1"},"west":{"uv":[0.5,5.375,0.625,5.625],"texture":"#1"},"up":{"uv":[0.5,5.375,0.625,5.5],"texture":"#1"},"down":{"uv":[0.5,5.5,0.625,5.625],"texture":"#1"}}},{"name":"black_iron_greataxe_96","from":[6.0625,14.875,7.96875],"to":[6.1875,15.25,8.03125],"faces":{"north":{"uv":[1.375,5.375,1.25,5.75],"texture":"#1"},"east":{"uv":[1.25,5.375,1.375,5.75],"texture":"#1"},"south":{"uv":[1.25,5.375,1.375,5.75],"texture":"#1"},"west":{"uv":[1.25,5.375,1.375,5.75],"texture":"#1"},"up":{"uv":[1.25,5.375,1.375,5.5],"texture":"#1"},"down":{"uv":[1.25,5.625,1.375,5.75],"texture":"#1"}}},{"name":"black_iron_greataxe_97","from":[10.3125,14.875,7.96875],"to":[10.4375,15.25,8.03125],"faces":{"north":{"uv":[5.625,5.375,5.5,5.75],"texture":"#1"},"east":{"uv":[5.5,5.375,5.625,5.75],"texture":"#1"},"south":{"uv":[5.5,5.375,5.625,5.75],"texture":"#1"},"west":{"uv":[5.5,5.375,5.625,5.75],"texture":"#1"},"up":{"uv":[5.5,5.375,5.625,5.5],"texture":"#1"},"down":{"uv":[5.5,5.625,5.625,5.75],"texture":"#1"}}},{"name":"black_iron_greataxe_98","from":[10.5625,15.125,7.96875],"to":[10.6875,15.25,8.03125],"faces":{"north":{"uv":[5.875,5.375,5.75,5.5],"texture":"#1"},"east":{"uv":[5.75,5.375,5.875,5.5],"texture":"#1"},"south":{"uv":[5.75,5.375,5.875,5.5],"texture":"#1"},"west":{"uv":[5.75,5.375,5.875,5.5],"texture":"#1"},"up":{"uv":[5.75,5.375,5.875,5.5],"texture":"#1"},"down":{"uv":[5.75,5.375,5.875,5.5],"texture":"#1"}}},{"name":"black_iron_greataxe_99","from":[6.8125,12.25,7.84375],"to":[6.9375,15.25,8.15625],"faces":{"north":{"uv":[11.5,5.375,11.375,8.375],"texture":"#1"},"east":{"uv":[11.375,5.375,11.5,8.375],"texture":"#1"},"south":{"uv":[11.375,5.375,11.5,8.375],"texture":"#1"},"west":{"uv":[11.375,5.375,11.5,8.375],"texture":"#1"},"up":{"uv":[11.375,5.375,11.5,5.5],"texture":"#1"},"down":{"uv":[11.375,8.25,11.5,8.375],"texture":"#1"}}},{"name":"black_iron_greataxe_100","from":[5.4375,15,7.96875],"to":[5.5625,15.125,8.03125],"faces":{"north":{"uv":[0.75,5.5,0.625,5.625],"texture":"#1"},"east":{"uv":[0.625,5.5,0.75,5.625],"texture":"#1"},"south":{"uv":[0.625,5.5,0.75,5.625],"texture":"#1"},"west":{"uv":[0.625,5.5,0.75,5.625],"texture":"#1"},"up":{"uv":[0.625,5.5,0.75,5.625],"texture":"#1"},"down":{"uv":[0.625,5.5,0.75,5.625],"texture":"#1"}}},{"name":"black_iron_greataxe_101","from":[5.9375,15,7.96875],"to":[6.0625,15.125,8.03125],"faces":{"north":{"uv":[1.25,5.5,1.125,5.625],"texture":"#1"},"east":{"uv":[1.125,5.5,1.25,5.625],"texture":"#1"},"south":{"uv":[1.125,5.5,1.25,5.625],"texture":"#1"},"west":{"uv":[1.125,5.5,1.25,5.625],"texture":"#1"},"up":{"uv":[1.125,5.5,1.25,5.625],"texture":"#1"},"down":{"uv":[1.125,5.5,1.25,5.625],"texture":"#1"}}},{"name":"black_iron_greataxe_102","from":[6.1875,14.375,7.96875],"to":[6.3125,15.125,8.03125],"faces":{"north":{"uv":[1.5,5.5,1.375,6.25],"texture":"#1"},"east":{"uv":[1.375,5.5,1.5,6.25],"texture":"#1"},"south":{"uv":[1.375,5.5,1.5,6.25],"texture":"#1"},"west":{"uv":[1.375,5.5,1.5,6.25],"texture":"#1"},"up":{"uv":[1.375,5.5,1.5,5.625],"texture":"#1"},"down":{"uv":[1.375,6.125,1.5,6.25],"texture":"#1"}}},{"name":"black_iron_greataxe_103","from":[10.1875,14.75,7.96875],"to":[10.3125,15.125,8.03125],"faces":{"north":{"uv":[5.5,5.5,5.375,5.875],"texture":"#1"},"east":{"uv":[5.375,5.5,5.5,5.875],"texture":"#1"},"south":{"uv":[5.375,5.5,5.5,5.875],"texture":"#1"},"west":{"uv":[5.375,5.5,5.5,5.875],"texture":"#1"},"up":{"uv":[5.375,5.5,5.5,5.625],"texture":"#1"},"down":{"uv":[5.375,5.75,5.5,5.875],"texture":"#1"}}},{"name":"black_iron_greataxe_104","from":[6.3125,14.5,7.96875],"to":[6.4375,15,8.03125],"faces":{"north":{"uv":[1.625,5.625,1.5,6.125],"texture":"#1"},"east":{"uv":[1.5,5.625,1.625,6.125],"texture":"#1"},"south":{"uv":[1.5,5.625,1.625,6.125],"texture":"#1"},"west":{"uv":[1.5,5.625,1.625,6.125],"texture":"#1"},"up":{"uv":[1.5,5.625,1.625,5.75],"texture":"#1"},"down":{"uv":[1.5,6,1.625,6.125],"texture":"#1"}}},{"name":"black_iron_greataxe_105","from":[10.0625,14.625,7.96875],"to":[10.1875,15,8.03125],"faces":{"north":{"uv":[5.375,5.625,5.25,6],"texture":"#1"},"east":{"uv":[5.25,5.625,5.375,6],"texture":"#1"},"south":{"uv":[5.25,5.625,5.375,6],"texture":"#1"},"west":{"uv":[5.25,5.625,5.375,6],"texture":"#1"},"up":{"uv":[5.25,5.625,5.375,5.75],"texture":"#1"},"down":{"uv":[5.25,5.875,5.375,6],"texture":"#1"}}},{"name":"black_iron_greataxe_106","from":[6.6875,12,7.84375],"to":[6.8125,15,8.15625],"faces":{"north":{"uv":[11.375,5.625,11.25,8.625],"texture":"#1"},"east":{"uv":[11.25,5.625,11.375,8.625],"texture":"#1"},"south":{"uv":[11.25,5.625,11.375,8.625],"texture":"#1"},"west":{"uv":[11.25,5.625,11.375,8.625],"texture":"#1"},"up":{"uv":[11.25,5.625,11.375,5.75],"texture":"#1"},"down":{"uv":[11.25,8.5,11.375,8.625],"texture":"#1"}}},{"name":"black_iron_greataxe_107","from":[9.9375,14.5,7.96875],"to":[10.0625,14.875,8.03125],"faces":{"north":{"uv":[5.25,5.75,5.125,6.125],"texture":"#1"},"east":{"uv":[5.125,5.75,5.25,6.125],"texture":"#1"},"south":{"uv":[5.125,5.75,5.25,6.125],"texture":"#1"},"west":{"uv":[5.125,5.75,5.25,6.125],"texture":"#1"},"up":{"uv":[5.125,5.75,5.25,5.875],"texture":"#1"},"down":{"uv":[5.125,6,5.25,6.125],"texture":"#1"}}},{"name":"black_iron_greataxe_108","from":[9.8125,14.375,7.96875],"to":[9.9375,14.75,8.03125],"faces":{"north":{"uv":[5.125,5.875,5,6.25],"texture":"#1"},"east":{"uv":[5,5.875,5.125,6.25],"texture":"#1"},"south":{"uv":[5,5.875,5.125,6.25],"texture":"#1"},"west":{"uv":[5,5.875,5.125,6.25],"texture":"#1"},"up":{"uv":[5,5.875,5.125,6],"texture":"#1"},"down":{"uv":[5,6.125,5.125,6.25],"texture":"#1"}}},{"name":"black_iron_greataxe_109","from":[6.0625,14.25,7.96875],"to":[6.1875,14.625,8.03125],"faces":{"north":{"uv":[1.375,6,1.25,6.375],"texture":"#1"},"east":{"uv":[1.25,6,1.375,6.375],"texture":"#1"},"south":{"uv":[1.25,6,1.375,6.375],"texture":"#1"},"west":{"uv":[1.25,6,1.375,6.375],"texture":"#1"},"up":{"uv":[1.25,6,1.375,6.125],"texture":"#1"},"down":{"uv":[1.25,6.25,1.375,6.375],"texture":"#1"}}},{"name":"black_iron_greataxe_110","from":[9.6875,14.25,7.96875],"to":[9.8125,14.625,8.03125],"faces":{"north":{"uv":[5,6,4.875,6.375],"texture":"#1"},"east":{"uv":[4.875,6,5,6.375],"texture":"#1"},"south":{"uv":[4.875,6,5,6.375],"texture":"#1"},"west":{"uv":[4.875,6,5,6.375],"texture":"#1"},"up":{"uv":[4.875,6,5,6.125],"texture":"#1"},"down":{"uv":[4.875,6.25,5,6.375],"texture":"#1"}}},{"name":"black_iron_greataxe_111","from":[5.9375,13.875,7.96875],"to":[6.0625,14.5,8.03125],"faces":{"north":{"uv":[1.25,6.125,1.125,6.75],"texture":"#1"},"east":{"uv":[1.125,6.125,1.25,6.75],"texture":"#1"},"south":{"uv":[1.125,6.125,1.25,6.75],"texture":"#1"},"west":{"uv":[1.125,6.125,1.25,6.75],"texture":"#1"},"up":{"uv":[1.125,6.125,1.25,6.25],"texture":"#1"},"down":{"uv":[1.125,6.625,1.25,6.75],"texture":"#1"}}},{"name":"black_iron_greataxe_112","from":[9.5625,14.125,7.96875],"to":[9.6875,14.5,8.03125],"faces":{"north":{"uv":[4.875,6.125,4.75,6.5],"texture":"#1"},"east":{"uv":[4.75,6.125,4.875,6.5],"texture":"#1"},"south":{"uv":[4.75,6.125,4.875,6.5],"texture":"#1"},"west":{"uv":[4.75,6.125,4.875,6.5],"texture":"#1"},"up":{"uv":[4.75,6.125,4.875,6.25],"texture":"#1"},"down":{"uv":[4.75,6.375,4.875,6.5],"texture":"#1"}}},{"name":"black_iron_greataxe_113","from":[5.5625,14.25,7.96875],"to":[5.9375,14.375,8.03125],"faces":{"north":{"uv":[1.125,6.25,0.75,6.375],"texture":"#1"},"east":{"uv":[1,6.25,1.125,6.375],"texture":"#1"},"south":{"uv":[0.75,6.25,1.125,6.375],"texture":"#1"},"west":{"uv":[0.75,6.25,0.875,6.375],"texture":"#1"},"up":{"uv":[0.75,6.25,1.125,6.375],"texture":"#1"},"down":{"uv":[0.75,6.25,1.125,6.375],"texture":"#1"}}},{"name":"black_iron_greataxe_114","from":[9.4375,14,7.96875],"to":[9.5625,14.375,8.03125],"faces":{"north":{"uv":[4.75,6.25,4.625,6.625],"texture":"#1"},"east":{"uv":[4.625,6.25,4.75,6.625],"texture":"#1"},"south":{"uv":[4.625,6.25,4.75,6.625],"texture":"#1"},"west":{"uv":[4.625,6.25,4.75,6.625],"texture":"#1"},"up":{"uv":[4.625,6.25,4.75,6.375],"texture":"#1"},"down":{"uv":[4.625,6.5,4.75,6.625],"texture":"#1"}}},{"name":"black_iron_greataxe_116","from":[6.5625,13.375,7.84375],"to":[6.6875,14.375,8.15625],"faces":{"north":{"uv":[11.25,6.25,11.125,7.25],"texture":"#1"},"east":{"uv":[11.125,6.25,11.25,7.25],"texture":"#1"},"south":{"uv":[11.125,6.25,11.25,7.25],"texture":"#1"},"west":{"uv":[11.125,6.25,11.25,7.25],"texture":"#1"},"up":{"uv":[11.125,6.25,11.25,6.375],"texture":"#1"},"down":{"uv":[11.125,7.125,11.25,7.25],"texture":"#1"}}},{"name":"black_iron_greataxe_117","from":[5.6875,14.125,7.96875],"to":[5.9375,14.25,8.03125],"faces":{"north":{"uv":[1.125,6.375,0.875,6.5],"texture":"#1"},"east":{"uv":[1,6.375,1.125,6.5],"texture":"#1"},"south":{"uv":[0.875,6.375,1.125,6.5],"texture":"#1"},"west":{"uv":[0.875,6.375,1,6.5],"texture":"#1"},"up":{"uv":[0.875,6.375,1.125,6.5],"texture":"#1"},"down":{"uv":[0.875,6.375,1.125,6.5],"texture":"#1"}}},{"name":"black_iron_greataxe_118","from":[9.3125,13.75,7.96875],"to":[9.4375,14.25,8.03125],"faces":{"north":{"uv":[4.625,6.375,4.5,6.875],"texture":"#1"},"east":{"uv":[4.5,6.375,4.625,6.875],"texture":"#1"},"south":{"uv":[4.5,6.375,4.625,6.875],"texture":"#1"},"west":{"uv":[4.5,6.375,4.625,6.875],"texture":"#1"},"up":{"uv":[4.5,6.375,4.625,6.5],"texture":"#1"},"down":{"uv":[4.5,6.75,4.625,6.875],"texture":"#1"}}},{"name":"black_iron_greataxe_119","from":[6.3125,14,7.84375],"to":[6.5625,14.25,8.15625],"faces":{"north":{"uv":[11.125,6.375,10.875,6.625],"texture":"#1"},"east":{"uv":[11,6.375,11.125,6.625],"texture":"#1"},"south":{"uv":[10.875,6.375,11.125,6.625],"texture":"#1"},"west":{"uv":[10.875,6.375,11,6.625],"texture":"#1"},"up":{"uv":[10.875,6.375,11.125,6.5],"texture":"#1"},"down":{"uv":[10.875,6.5,11.125,6.625],"texture":"#1"}}},{"name":"black_iron_greataxe_120","from":[5.8125,14,7.96875],"to":[5.9375,14.125,8.03125],"faces":{"north":{"uv":[1.125,6.5,1,6.625],"texture":"#1"},"east":{"uv":[1,6.5,1.125,6.625],"texture":"#1"},"south":{"uv":[1,6.5,1.125,6.625],"texture":"#1"},"west":{"uv":[1,6.5,1.125,6.625],"texture":"#1"},"up":{"uv":[1,6.5,1.125,6.625],"texture":"#1"},"down":{"uv":[1,6.5,1.125,6.625],"texture":"#1"}}},{"name":"black_iron_greataxe_121","from":[6.0625,13.5,7.96875],"to":[6.1875,14.125,8.03125],"faces":{"north":{"uv":[1.375,6.5,1.25,7.125],"texture":"#1"},"east":{"uv":[1.25,6.5,1.375,7.125],"texture":"#1"},"south":{"uv":[1.25,6.5,1.375,7.125],"texture":"#1"},"west":{"uv":[1.25,6.5,1.375,7.125],"texture":"#1"},"up":{"uv":[1.25,6.5,1.375,6.625],"texture":"#1"},"down":{"uv":[1.25,7,1.375,7.125],"texture":"#1"}}},{"name":"black_iron_greataxe_122","from":[9.1875,13.5,7.96875],"to":[9.3125,14.125,8.03125],"faces":{"north":{"uv":[4.5,6.5,4.375,7.125],"texture":"#1"},"east":{"uv":[4.375,6.5,4.5,7.125],"texture":"#1"},"south":{"uv":[4.375,6.5,4.5,7.125],"texture":"#1"},"west":{"uv":[4.375,6.5,4.5,7.125],"texture":"#1"},"up":{"uv":[4.375,6.5,4.5,6.625],"texture":"#1"},"down":{"uv":[4.375,7,4.5,7.125],"texture":"#1"}}},{"name":"black_iron_greataxe_123","from":[6.1875,13.25,7.96875],"to":[6.3125,14,8.03125],"faces":{"north":{"uv":[1.5,6.625,1.375,7.375],"texture":"#1"},"east":{"uv":[1.375,6.625,1.5,7.375],"texture":"#1"},"south":{"uv":[1.375,6.625,1.5,7.375],"texture":"#1"},"west":{"uv":[1.375,6.625,1.5,7.375],"texture":"#1"},"up":{"uv":[1.375,6.625,1.5,6.75],"texture":"#1"},"down":{"uv":[1.375,7.25,1.5,7.375],"texture":"#1"}}},{"name":"black_iron_greataxe_124","from":[6.4375,13.75,7.84375],"to":[6.5625,14,8.15625],"faces":{"north":{"uv":[11.125,6.625,11,6.875],"texture":"#1"},"east":{"uv":[11,6.625,11.125,6.875],"texture":"#1"},"south":{"uv":[11,6.625,11.125,6.875],"texture":"#1"},"west":{"uv":[11,6.625,11.125,6.875],"texture":"#1"},"up":{"uv":[11,6.625,11.125,6.75],"texture":"#1"},"down":{"uv":[11,6.75,11.125,6.875],"texture":"#1"}}},{"name":"black_iron_greataxe_125","from":[7.3125,13.25,7.84375],"to":[7.4375,14,8.15625],"faces":{"north":{"uv":[12,6.625,11.875,7.375],"texture":"#1"},"east":{"uv":[11.875,6.625,12,7.375],"texture":"#1"},"south":{"uv":[11.875,6.625,12,7.375],"texture":"#1"},"west":{"uv":[11.875,6.625,12,7.375],"texture":"#1"},"up":{"uv":[11.875,6.625,12,6.75],"texture":"#1"},"down":{"uv":[11.875,7.25,12,7.375],"texture":"#1"}}},{"name":"black_iron_greataxe_126","from":[9.0625,13.25,7.96875],"to":[9.1875,13.875,8.03125],"faces":{"north":{"uv":[4.375,6.75,4.25,7.375],"texture":"#1"},"east":{"uv":[4.25,6.75,4.375,7.375],"texture":"#1"},"south":{"uv":[4.25,6.75,4.375,7.375],"texture":"#1"},"west":{"uv":[4.25,6.75,4.375,7.375],"texture":"#1"},"up":{"uv":[4.25,6.75,4.375,6.875],"texture":"#1"},"down":{"uv":[4.25,7.25,4.375,7.375],"texture":"#1"}}},{"name":"black_iron_greataxe_127","from":[7.4375,13.375,7.84375],"to":[7.5625,13.875,8.15625],"faces":{"north":{"uv":[12.125,6.75,12,7.25],"texture":"#1"},"east":{"uv":[12,6.75,12.125,7.25],"texture":"#1"},"south":{"uv":[12,6.75,12.125,7.25],"texture":"#1"},"west":{"uv":[12,6.75,12.125,7.25],"texture":"#1"},"up":{"uv":[12,6.75,12.125,6.875],"texture":"#1"},"down":{"uv":[12,7.125,12.125,7.25],"texture":"#1"}}},{"name":"black_iron_greataxe_128","from":[7.5625,13.625,7.84375],"to":[7.8125,13.75,8.15625],"faces":{"north":{"uv":[12.375,6.875,12.125,7],"texture":"#1"},"east":{"uv":[12.25,6.875,12.375,7],"texture":"#1"},"south":{"uv":[12.125,6.875,12.375,7],"texture":"#1"},"west":{"uv":[12.125,6.875,12.25,7],"texture":"#1"},"up":{"uv":[12.125,6.875,12.375,7],"texture":"#1"},"down":{"uv":[12.125,6.875,12.375,7],"texture":"#1"}}},{"name":"black_iron_greataxe_129","from":[6.3125,12.875,7.96875],"to":[6.4375,13.625,8.03125],"faces":{"north":{"uv":[1.625,7,1.5,7.75],"texture":"#1"},"east":{"uv":[1.5,7,1.625,7.75],"texture":"#1"},"south":{"uv":[1.5,7,1.625,7.75],"texture":"#1"},"west":{"uv":[1.5,7,1.625,7.75],"texture":"#1"},"up":{"uv":[1.5,7,1.625,7.125],"texture":"#1"},"down":{"uv":[1.5,7.625,1.625,7.75],"texture":"#1"}}},{"name":"black_iron_greataxe_130","from":[7.5625,13.5,7.84375],"to":[7.6875,13.625,8.15625],"faces":{"north":{"uv":[12.25,7,12.125,7.125],"texture":"#1"},"east":{"uv":[12.125,7,12.25,7.125],"texture":"#1"},"south":{"uv":[12.125,7,12.25,7.125],"texture":"#1"},"west":{"uv":[12.125,7,12.25,7.125],"texture":"#1"},"up":{"uv":[12.125,7,12.25,7.125],"texture":"#1"},"down":{"uv":[12.125,7,12.25,7.125],"texture":"#1"}}},{"name":"black_iron_greataxe_131","from":[6.4375,11.5,7.96875],"to":[6.5625,13.375,8.03125],"faces":{"north":{"uv":[1.75,7.25,1.625,9.125],"texture":"#1"},"east":{"uv":[1.625,7.25,1.75,9.125],"texture":"#1"},"south":{"uv":[1.625,7.25,1.75,9.125],"texture":"#1"},"west":{"uv":[1.625,7.25,1.75,9.125],"texture":"#1"},"up":{"uv":[1.625,7.25,1.75,7.375],"texture":"#1"},"down":{"uv":[1.625,9,1.75,9.125],"texture":"#1"}}},{"name":"black_iron_greataxe_132","from":[6.5625,11.75,7.96875],"to":[6.6875,13,8.03125],"faces":{"north":{"uv":[1.875,7.625,1.75,8.875],"texture":"#1"},"east":{"uv":[1.75,7.625,1.875,8.875],"texture":"#1"},"south":{"uv":[1.75,7.625,1.875,8.875],"texture":"#1"},"west":{"uv":[1.75,7.625,1.875,8.875],"texture":"#1"},"up":{"uv":[1.75,7.625,1.875,7.75],"texture":"#1"},"down":{"uv":[1.75,8.75,1.875,8.875],"texture":"#1"}}},{"name":"black_iron_greataxe_133","from":[6.3125,11.25,7.96875],"to":[6.4375,12,8.03125],"faces":{"north":{"uv":[1.625,8.625,1.5,9.375],"texture":"#1"},"east":{"uv":[1.5,8.625,1.625,9.375],"texture":"#1"},"south":{"uv":[1.5,8.625,1.625,9.375],"texture":"#1"},"west":{"uv":[1.5,8.625,1.625,9.375],"texture":"#1"},"up":{"uv":[1.5,8.625,1.625,8.75],"texture":"#1"},"down":{"uv":[1.5,9.25,1.625,9.375],"texture":"#1"}}},{"name":"black_iron_greataxe_134","from":[7.8125,18.5,7.90625],"to":[7.9375,19.25,8.09375],"faces":{"north":{"uv":[12.5,8.875,12.375,9.625],"texture":"#1"},"east":{"uv":[12.375,8.875,12.5,9.625],"texture":"#1"},"south":{"uv":[12.375,8.875,12.5,9.625],"texture":"#1"},"west":{"uv":[12.375,8.875,12.5,9.625],"texture":"#1"},"up":{"uv":[12.375,8.875,12.5,9],"texture":"#1"},"down":{"uv":[12.375,9.5,12.5,9.625],"texture":"#1"}}},{"name":"black_iron_greataxe_135","from":[7.6875,18.25,7.90625],"to":[7.8125,18.875,8.09375],"faces":{"north":{"uv":[12.375,9.25,12.25,9.875],"texture":"#1"},"east":{"uv":[12.25,9.25,12.375,9.875],"texture":"#1"},"south":{"uv":[12.25,9.25,12.375,9.875],"texture":"#1"},"west":{"uv":[12.25,9.25,12.375,9.875],"texture":"#1"},"up":{"uv":[12.25,9.25,12.375,9.375],"texture":"#1"},"down":{"uv":[12.25,9.75,12.375,9.875],"texture":"#1"}}},{"name":"black_iron_greataxe_136","from":[7.5625,18.125,7.90625],"to":[7.6875,18.75,8.09375],"faces":{"north":{"uv":[12.25,9.375,12.125,10],"texture":"#1"},"east":{"uv":[12.125,9.375,12.25,10],"texture":"#1"},"south":{"uv":[12.125,9.375,12.25,10],"texture":"#1"},"west":{"uv":[12.125,9.375,12.25,10],"texture":"#1"},"up":{"uv":[12.125,9.375,12.25,9.5],"texture":"#1"},"down":{"uv":[12.125,9.875,12.25,10],"texture":"#1"}}},{"name":"black_iron_greataxe_137","from":[7.4375,18,7.90625],"to":[7.5625,18.625,8.09375],"faces":{"north":{"uv":[12.125,9.5,12,10.125],"texture":"#1"},"east":{"uv":[12,9.5,12.125,10.125],"texture":"#1"},"south":{"uv":[12,9.5,12.125,10.125],"texture":"#1"},"west":{"uv":[12,9.5,12.125,10.125],"texture":"#1"},"up":{"uv":[12,9.5,12.125,9.625],"texture":"#1"},"down":{"uv":[12,10,12.125,10.125],"texture":"#1"}}},{"name":"black_iron_greataxe_138","from":[7.3125,17.875,7.90625],"to":[7.4375,18.5,8.09375],"faces":{"north":{"uv":[12,9.625,11.875,10.25],"texture":"#1"},"east":{"uv":[11.875,9.625,12,10.25],"texture":"#1"},"south":{"uv":[11.875,9.625,12,10.25],"texture":"#1"},"west":{"uv":[11.875,9.625,12,10.25],"texture":"#1"},"up":{"uv":[11.875,9.625,12,9.75],"texture":"#1"},"down":{"uv":[11.875,10.125,12,10.25],"texture":"#1"}}},{"name":"black_iron_greataxe_139","from":[7.1875,17.75,7.90625],"to":[7.3125,18.375,8.09375],"faces":{"north":{"uv":[11.875,9.75,11.75,10.375],"texture":"#1"},"east":{"uv":[11.75,9.75,11.875,10.375],"texture":"#1"},"south":{"uv":[11.75,9.75,11.875,10.375],"texture":"#1"},"west":{"uv":[11.75,9.75,11.875,10.375],"texture":"#1"},"up":{"uv":[11.75,9.75,11.875,9.875],"texture":"#1"},"down":{"uv":[11.75,10.25,11.875,10.375],"texture":"#1"}}},{"name":"black_iron_greataxe_140","from":[9.1875,18.125,7.90625],"to":[9.3125,18.375,8.09375],"faces":{"north":{"uv":[13.875,9.75,13.75,10],"texture":"#1"},"east":{"uv":[13.75,9.75,13.875,10],"texture":"#1"},"south":{"uv":[13.75,9.75,13.875,10],"texture":"#1"},"west":{"uv":[13.75,9.75,13.875,10],"texture":"#1"},"up":{"uv":[13.75,9.75,13.875,9.875],"texture":"#1"},"down":{"uv":[13.75,9.875,13.875,10],"texture":"#1"}}},{"name":"black_iron_greataxe_141","from":[7.0625,17.625,7.90625],"to":[7.1875,18.25,8.09375],"faces":{"north":{"uv":[11.75,9.875,11.625,10.5],"texture":"#1"},"east":{"uv":[11.625,9.875,11.75,10.5],"texture":"#1"},"south":{"uv":[11.625,9.875,11.75,10.5],"texture":"#1"},"west":{"uv":[11.625,9.875,11.75,10.5],"texture":"#1"},"up":{"uv":[11.625,9.875,11.75,10],"texture":"#1"},"down":{"uv":[11.625,10.375,11.75,10.5],"texture":"#1"}}},{"name":"black_iron_greataxe_142","from":[9.3125,17.875,7.90625],"to":[9.4375,18.25,8.09375],"faces":{"north":{"uv":[14,9.875,13.875,10.25],"texture":"#1"},"east":{"uv":[13.875,9.875,14,10.25],"texture":"#1"},"south":{"uv":[13.875,9.875,14,10.25],"texture":"#1"},"west":{"uv":[13.875,9.875,14,10.25],"texture":"#1"},"up":{"uv":[13.875,9.875,14,10],"texture":"#1"},"down":{"uv":[13.875,10.125,14,10.25],"texture":"#1"}}},{"name":"black_iron_greataxe_143","from":[6.8125,17.5,7.90625],"to":[7.0625,18.125,8.09375],"faces":{"north":{"uv":[11.625,10,11.375,10.625],"texture":"#1"},"east":{"uv":[11.5,10,11.625,10.625],"texture":"#1"},"south":{"uv":[11.375,10,11.625,10.625],"texture":"#1"},"west":{"uv":[11.375,10,11.5,10.625],"texture":"#1"},"up":{"uv":[11.375,10,11.625,10.125],"texture":"#1"},"down":{"uv":[11.375,10.5,11.625,10.625],"texture":"#1"}}},{"name":"black_iron_greataxe_144","from":[9.4375,17.75,7.90625],"to":[9.5625,18.125,8.09375],"faces":{"north":{"uv":[14.125,10,14,10.375],"texture":"#1"},"east":{"uv":[14,10,14.125,10.375],"texture":"#1"},"south":{"uv":[14,10,14.125,10.375],"texture":"#1"},"west":{"uv":[14,10,14.125,10.375],"texture":"#1"},"up":{"uv":[14,10,14.125,10.125],"texture":"#1"},"down":{"uv":[14,10.25,14.125,10.375],"texture":"#1"}}},{"name":"black_iron_greataxe_145","from":[6.5625,17.375,7.90625],"to":[6.8125,18,8.09375],"faces":{"north":{"uv":[11.375,10.125,11.125,10.75],"texture":"#1"},"east":{"uv":[11.25,10.125,11.375,10.75],"texture":"#1"},"south":{"uv":[11.125,10.125,11.375,10.75],"texture":"#1"},"west":{"uv":[11.125,10.125,11.25,10.75],"texture":"#1"},"up":{"uv":[11.125,10.125,11.375,10.25],"texture":"#1"},"down":{"uv":[11.125,10.625,11.375,10.75],"texture":"#1"}}},{"name":"black_iron_greataxe_146","from":[9.5625,17.625,7.90625],"to":[9.6875,18,8.09375],"faces":{"north":{"uv":[14.25,10.125,14.125,10.5],"texture":"#1"},"east":{"uv":[14.125,10.125,14.25,10.5],"texture":"#1"},"south":{"uv":[14.125,10.125,14.25,10.5],"texture":"#1"},"west":{"uv":[14.125,10.125,14.25,10.5],"texture":"#1"},"up":{"uv":[14.125,10.125,14.25,10.25],"texture":"#1"},"down":{"uv":[14.125,10.375,14.25,10.5],"texture":"#1"}}},{"name":"black_iron_greataxe_147","from":[6.3125,17.125,7.90625],"to":[6.5625,17.875,8.09375],"faces":{"north":{"uv":[11.125,10.25,10.875,11],"texture":"#1"},"east":{"uv":[11,10.25,11.125,11],"texture":"#1"},"south":{"uv":[10.875,10.25,11.125,11],"texture":"#1"},"west":{"uv":[10.875,10.25,11,11],"texture":"#1"},"up":{"uv":[10.875,10.25,11.125,10.375],"texture":"#1"},"down":{"uv":[10.875,10.875,11.125,11],"texture":"#1"}}},{"name":"black_iron_greataxe_148","from":[9.6875,15.875,7.90625],"to":[9.8125,17.875,8.09375],"faces":{"north":{"uv":[14.375,10.25,14.25,12.25],"texture":"#1"},"east":{"uv":[14.25,10.25,14.375,12.25],"texture":"#1"},"south":{"uv":[14.25,10.25,14.375,12.25],"texture":"#1"},"west":{"uv":[14.25,10.25,14.375,12.25],"texture":"#1"},"up":{"uv":[14.25,10.25,14.375,10.375],"texture":"#1"},"down":{"uv":[14.25,12.125,14.375,12.25],"texture":"#1"}}},{"name":"black_iron_greataxe_149","from":[6.1875,16.25,7.90625],"to":[6.3125,17.75,8.09375],"faces":{"north":{"uv":[10.875,10.375,10.75,11.875],"texture":"#1"},"east":{"uv":[10.75,10.375,10.875,11.875],"texture":"#1"},"south":{"uv":[10.75,10.375,10.875,11.875],"texture":"#1"},"west":{"uv":[10.75,10.375,10.875,11.875],"texture":"#1"},"up":{"uv":[10.75,10.375,10.875,10.5],"texture":"#1"},"down":{"uv":[10.75,11.75,10.875,11.875],"texture":"#1"}}},{"name":"black_iron_greataxe_150","from":[9.8125,17,7.90625],"to":[9.9375,17.75,8.09375],"faces":{"north":{"uv":[14.5,10.375,14.375,11.125],"texture":"#1"},"east":{"uv":[14.375,10.375,14.5,11.125],"texture":"#1"},"south":{"uv":[14.375,10.375,14.5,11.125],"texture":"#1"},"west":{"uv":[14.375,10.375,14.5,11.125],"texture":"#1"},"up":{"uv":[14.375,10.375,14.5,10.5],"texture":"#1"},"down":{"uv":[14.375,11,14.5,11.125],"texture":"#1"}}},{"name":"black_iron_greataxe_152","from":[6.0625,16,7.90625],"to":[6.1875,17.625,8.09375],"faces":{"north":{"uv":[10.75,10.5,10.625,12.125],"texture":"#1"},"east":{"uv":[10.625,10.5,10.75,12.125],"texture":"#1"},"south":{"uv":[10.625,10.5,10.75,12.125],"texture":"#1"},"west":{"uv":[10.625,10.5,10.75,12.125],"texture":"#1"},"up":{"uv":[10.625,10.5,10.75,10.625],"texture":"#1"},"down":{"uv":[10.625,12,10.75,12.125],"texture":"#1"}}},{"name":"black_iron_greataxe_153","from":[9.9375,17.125,7.90625],"to":[10.0625,17.625,8.09375],"faces":{"north":{"uv":[14.625,10.5,14.5,11],"texture":"#1"},"east":{"uv":[14.5,10.5,14.625,11],"texture":"#1"},"south":{"uv":[14.5,10.5,14.625,11],"texture":"#1"},"west":{"uv":[14.5,10.5,14.625,11],"texture":"#1"},"up":{"uv":[14.5,10.5,14.625,10.625],"texture":"#1"},"down":{"uv":[14.5,10.875,14.625,11],"texture":"#1"}}},{"name":"black_iron_greataxe_154","from":[5.9375,15.375,7.90625],"to":[6.0625,17.5,8.09375],"faces":{"north":{"uv":[10.625,10.625,10.5,12.75],"texture":"#1"},"east":{"uv":[10.5,10.625,10.625,12.75],"texture":"#1"},"south":{"uv":[10.5,10.625,10.625,12.75],"texture":"#1"},"west":{"uv":[10.5,10.625,10.625,12.75],"texture":"#1"},"up":{"uv":[10.5,10.625,10.625,10.75],"texture":"#1"},"down":{"uv":[10.5,12.625,10.625,12.75],"texture":"#1"}}},{"name":"black_iron_greataxe_155","from":[6.8125,17.375,7.90625],"to":[6.9375,17.5,8.09375],"faces":{"north":{"uv":[11.5,10.625,11.375,10.75],"texture":"#1"},"east":{"uv":[11.375,10.625,11.5,10.75],"texture":"#1"},"south":{"uv":[11.375,10.625,11.5,10.75],"texture":"#1"},"west":{"uv":[11.375,10.625,11.5,10.75],"texture":"#1"},"up":{"uv":[11.375,10.625,11.5,10.75],"texture":"#1"},"down":{"uv":[11.375,10.625,11.5,10.75],"texture":"#1"}}},{"name":"black_iron_greataxe_156","from":[10.0625,17.25,7.90625],"to":[10.1875,17.5,8.09375],"faces":{"north":{"uv":[14.75,10.625,14.625,10.875],"texture":"#1"},"east":{"uv":[14.625,10.625,14.75,10.875],"texture":"#1"},"south":{"uv":[14.625,10.625,14.75,10.875],"texture":"#1"},"west":{"uv":[14.625,10.625,14.75,10.875],"texture":"#1"},"up":{"uv":[14.625,10.625,14.75,10.75],"texture":"#1"},"down":{"uv":[14.625,10.75,14.75,10.875],"texture":"#1"}}},{"name":"black_iron_greataxe_157","from":[5.8125,15.375,7.90625],"to":[5.9375,17.375,8.09375],"faces":{"north":{"uv":[10.5,10.75,10.375,12.75],"texture":"#1"},"east":{"uv":[10.375,10.75,10.5,12.75],"texture":"#1"},"south":{"uv":[10.375,10.75,10.5,12.75],"texture":"#1"},"west":{"uv":[10.375,10.75,10.5,12.75],"texture":"#1"},"up":{"uv":[10.375,10.75,10.5,10.875],"texture":"#1"},"down":{"uv":[10.375,12.625,10.5,12.75],"texture":"#1"}}},{"name":"black_iron_greataxe_158","from":[6.5625,17.25,7.90625],"to":[6.6875,17.375,8.09375],"faces":{"north":{"uv":[11.25,10.75,11.125,10.875],"texture":"#1"},"east":{"uv":[11.125,10.75,11.25,10.875],"texture":"#1"},"south":{"uv":[11.125,10.75,11.25,10.875],"texture":"#1"},"west":{"uv":[11.125,10.75,11.25,10.875],"texture":"#1"},"up":{"uv":[11.125,10.75,11.25,10.875],"texture":"#1"},"down":{"uv":[11.125,10.75,11.25,10.875],"texture":"#1"}}},{"name":"black_iron_greataxe_159","from":[10.1875,17.25,7.90625],"to":[10.3125,17.375,8.09375],"faces":{"north":{"uv":[14.875,10.75,14.75,10.875],"texture":"#1"},"east":{"uv":[14.75,10.75,14.875,10.875],"texture":"#1"},"south":{"uv":[14.75,10.75,14.875,10.875],"texture":"#1"},"west":{"uv":[14.75,10.75,14.875,10.875],"texture":"#1"},"up":{"uv":[14.75,10.75,14.875,10.875],"texture":"#1"},"down":{"uv":[14.75,10.75,14.875,10.875],"texture":"#1"}}},{"name":"black_iron_greataxe_160","from":[5.6875,15.375,7.90625],"to":[5.8125,17.25,8.09375],"faces":{"north":{"uv":[10.375,10.875,10.25,12.75],"texture":"#1"},"east":{"uv":[10.25,10.875,10.375,12.75],"texture":"#1"},"south":{"uv":[10.25,10.875,10.375,12.75],"texture":"#1"},"west":{"uv":[10.25,10.875,10.375,12.75],"texture":"#1"},"up":{"uv":[10.25,10.875,10.375,11],"texture":"#1"},"down":{"uv":[10.25,12.625,10.375,12.75],"texture":"#1"}}},{"name":"black_iron_greataxe_161","from":[9.5625,16,7.90625],"to":[9.6875,17.25,8.09375],"faces":{"north":{"uv":[14.25,10.875,14.125,12.125],"texture":"#1"},"east":{"uv":[14.125,10.875,14.25,12.125],"texture":"#1"},"south":{"uv":[14.125,10.875,14.25,12.125],"texture":"#1"},"west":{"uv":[14.125,10.875,14.25,12.125],"texture":"#1"},"up":{"uv":[14.125,10.875,14.25,11],"texture":"#1"},"down":{"uv":[14.125,12,14.25,12.125],"texture":"#1"}}},{"name":"black_iron_greataxe_162","from":[6.3125,16.375,7.90625],"to":[6.4375,17.125,8.09375],"faces":{"north":{"uv":[11,11,10.875,11.75],"texture":"#1"},"east":{"uv":[10.875,11,11,11.75],"texture":"#1"},"south":{"uv":[10.875,11,11,11.75],"texture":"#1"},"west":{"uv":[10.875,11,11,11.75],"texture":"#1"},"up":{"uv":[10.875,11,11,11.125],"texture":"#1"},"down":{"uv":[10.875,11.625,11,11.75],"texture":"#1"}}},{"name":"black_iron_greataxe_163","from":[9.4375,16.125,7.90625],"to":[9.5625,17.125,8.09375],"faces":{"north":{"uv":[14.125,11,14,12],"texture":"#1"},"east":{"uv":[14,11,14.125,12],"texture":"#1"},"south":{"uv":[14,11,14.125,12],"texture":"#1"},"west":{"uv":[14,11,14.125,12],"texture":"#1"},"up":{"uv":[14,11,14.125,11.125],"texture":"#1"},"down":{"uv":[14,11.875,14.125,12],"texture":"#1"}}},{"name":"black_iron_greataxe_164","from":[5.5625,15.375,7.90625],"to":[5.6875,17,8.09375],"faces":{"north":{"uv":[10.25,11.125,10.125,12.75],"texture":"#1"},"east":{"uv":[10.125,11.125,10.25,12.75],"texture":"#1"},"south":{"uv":[10.125,11.125,10.25,12.75],"texture":"#1"},"west":{"uv":[10.125,11.125,10.25,12.75],"texture":"#1"},"up":{"uv":[10.125,11.125,10.25,11.25],"texture":"#1"},"down":{"uv":[10.125,12.625,10.25,12.75],"texture":"#1"}}},{"name":"black_iron_greataxe_165","from":[5.4375,15.375,7.90625],"to":[5.5625,16.625,8.09375],"faces":{"north":{"uv":[10.125,11.5,10,12.75],"texture":"#1"},"east":{"uv":[10,11.5,10.125,12.75],"texture":"#1"},"south":{"uv":[10,11.5,10.125,12.75],"texture":"#1"},"west":{"uv":[10,11.5,10.125,12.75],"texture":"#1"},"up":{"uv":[10,11.5,10.125,11.625],"texture":"#1"},"down":{"uv":[10,12.625,10.125,12.75],"texture":"#1"}}},{"name":"black_iron_greataxe_166","from":[9.8125,15.75,7.90625],"to":[9.9375,16.375,8.09375],"faces":{"north":{"uv":[14.5,11.75,14.375,12.375],"texture":"#1"},"east":{"uv":[14.375,11.75,14.5,12.375],"texture":"#1"},"south":{"uv":[14.375,11.75,14.5,12.375],"texture":"#1"},"west":{"uv":[14.375,11.75,14.5,12.375],"texture":"#1"},"up":{"uv":[14.375,11.75,14.5,11.875],"texture":"#1"},"down":{"uv":[14.375,12.25,14.5,12.375],"texture":"#1"}}},{"name":"black_iron_greataxe_167","from":[5.3125,15.25,7.90625],"to":[5.4375,16.25,8.09375],"faces":{"north":{"uv":[10,11.875,9.875,12.875],"texture":"#1"},"east":{"uv":[9.875,11.875,10,12.875],"texture":"#1"},"south":{"uv":[9.875,11.875,10,12.875],"texture":"#1"},"west":{"uv":[9.875,11.875,10,12.875],"texture":"#1"},"up":{"uv":[9.875,11.875,10,12],"texture":"#1"},"down":{"uv":[9.875,12.75,10,12.875],"texture":"#1"}}},{"name":"black_iron_greataxe_168","from":[9.9375,15.75,7.90625],"to":[10.0625,16.25,8.09375],"faces":{"north":{"uv":[14.625,11.875,14.5,12.375],"texture":"#1"},"east":{"uv":[14.5,11.875,14.625,12.375],"texture":"#1"},"south":{"uv":[14.5,11.875,14.625,12.375],"texture":"#1"},"west":{"uv":[14.5,11.875,14.625,12.375],"texture":"#1"},"up":{"uv":[14.5,11.875,14.625,12],"texture":"#1"},"down":{"uv":[14.5,12.25,14.625,12.375],"texture":"#1"}}},{"name":"black_iron_greataxe_169","from":[10.0625,15.75,7.90625],"to":[10.5625,16.125,8.09375],"faces":{"north":{"uv":[15.125,12,14.625,12.375],"texture":"#1"},"east":{"uv":[15,12,15.125,12.375],"texture":"#1"},"south":{"uv":[14.625,12,15.125,12.375],"texture":"#1"},"west":{"uv":[14.625,12,14.75,12.375],"texture":"#1"},"up":{"uv":[14.625,12,15.125,12.125],"texture":"#1"},"down":{"uv":[14.625,12.25,15.125,12.375],"texture":"#1"}}},{"name":"black_iron_greataxe_173","from":[6.0625,15.25,7.90625],"to":[6.3125,15.75,8.09375],"faces":{"north":{"uv":[10.875,12.375,10.625,12.875],"texture":"#1"},"east":{"uv":[10.75,12.375,10.875,12.875],"texture":"#1"},"south":{"uv":[10.625,12.375,10.875,12.875],"texture":"#1"},"west":{"uv":[10.625,12.375,10.75,12.875],"texture":"#1"},"up":{"uv":[10.625,12.375,10.875,12.5],"texture":"#1"},"down":{"uv":[10.625,12.75,10.875,12.875],"texture":"#1"}}},{"name":"black_iron_greataxe_174","from":[10.1875,15.375,7.90625],"to":[10.5625,15.75,8.09375],"faces":{"north":{"uv":[15.125,12.375,14.75,12.75],"texture":"#1"},"east":{"uv":[15,12.375,15.125,12.75],"texture":"#1"},"south":{"uv":[14.75,12.375,15.125,12.75],"texture":"#1"},"west":{"uv":[14.75,12.375,14.875,12.75],"texture":"#1"},"up":{"uv":[14.75,12.375,15.125,12.5],"texture":"#1"},"down":{"uv":[14.75,12.625,15.125,12.75],"texture":"#1"}}},{"name":"black_iron_greataxe_176","from":[6.3125,15,7.90625],"to":[6.4375,15.625,8.09375],"faces":{"north":{"uv":[11,12.5,10.875,13.125],"texture":"#1"},"east":{"uv":[10.875,12.5,11,13.125],"texture":"#1"},"south":{"uv":[10.875,12.5,11,13.125],"texture":"#1"},"west":{"uv":[10.875,12.5,11,13.125],"texture":"#1"},"up":{"uv":[10.875,12.5,11,12.625],"texture":"#1"},"down":{"uv":[10.875,13,11,13.125],"texture":"#1"}}},{"name":"black_iron_greataxe_177","from":[10.0625,15,7.90625],"to":[10.1875,15.625,8.09375],"faces":{"north":{"uv":[14.75,12.5,14.625,13.125],"texture":"#1"},"east":{"uv":[14.625,12.5,14.75,13.125],"texture":"#1"},"south":{"uv":[14.625,12.5,14.75,13.125],"texture":"#1"},"west":{"uv":[14.625,12.5,14.75,13.125],"texture":"#1"},"up":{"uv":[14.625,12.5,14.75,12.625],"texture":"#1"},"down":{"uv":[14.625,13,14.75,13.125],"texture":"#1"}}},{"name":"black_iron_greataxe_178","from":[6.4375,14.25,7.90625],"to":[6.5625,15.5,8.09375],"faces":{"north":{"uv":[11.125,12.625,11,13.875],"texture":"#1"},"east":{"uv":[11,12.625,11.125,13.875],"texture":"#1"},"south":{"uv":[11,12.625,11.125,13.875],"texture":"#1"},"west":{"uv":[11,12.625,11.125,13.875],"texture":"#1"},"up":{"uv":[11,12.625,11.125,12.75],"texture":"#1"},"down":{"uv":[11,13.75,11.125,13.875],"texture":"#1"}}},{"name":"black_iron_greataxe_179","from":[9.9375,14.875,7.90625],"to":[10.0625,15.5,8.09375],"faces":{"north":{"uv":[14.625,12.625,14.5,13.25],"texture":"#1"},"east":{"uv":[14.5,12.625,14.625,13.25],"texture":"#1"},"south":{"uv":[14.5,12.625,14.625,13.25],"texture":"#1"},"west":{"uv":[14.5,12.625,14.625,13.25],"texture":"#1"},"up":{"uv":[14.5,12.625,14.625,12.75],"texture":"#1"},"down":{"uv":[14.5,13.125,14.625,13.25],"texture":"#1"}}},{"name":"black_iron_greataxe_180","from":[6.5625,14.375,7.90625],"to":[6.6875,15.375,8.09375],"faces":{"north":{"uv":[11.25,12.75,11.125,13.75],"texture":"#1"},"east":{"uv":[11.125,12.75,11.25,13.75],"texture":"#1"},"south":{"uv":[11.125,12.75,11.25,13.75],"texture":"#1"},"west":{"uv":[11.125,12.75,11.25,13.75],"texture":"#1"},"up":{"uv":[11.125,12.75,11.25,12.875],"texture":"#1"},"down":{"uv":[11.125,13.625,11.25,13.75],"texture":"#1"}}},{"name":"black_iron_greataxe_181","from":[9.8125,14.75,7.90625],"to":[9.9375,15.375,8.09375],"faces":{"north":{"uv":[14.5,12.75,14.375,13.375],"texture":"#1"},"east":{"uv":[14.375,12.75,14.5,13.375],"texture":"#1"},"south":{"uv":[14.375,12.75,14.5,13.375],"texture":"#1"},"west":{"uv":[14.375,12.75,14.5,13.375],"texture":"#1"},"up":{"uv":[14.375,12.75,14.5,12.875],"texture":"#1"},"down":{"uv":[14.375,13.25,14.5,13.375],"texture":"#1"}}},{"name":"black_iron_greataxe_182","from":[10.1875,15.25,7.90625],"to":[10.4375,15.375,8.09375],"faces":{"north":{"uv":[15,12.75,14.75,12.875],"texture":"#1"},"east":{"uv":[14.875,12.75,15,12.875],"texture":"#1"},"south":{"uv":[14.75,12.75,15,12.875],"texture":"#1"},"west":{"uv":[14.75,12.75,14.875,12.875],"texture":"#1"},"up":{"uv":[14.75,12.75,15,12.875],"texture":"#1"},"down":{"uv":[14.75,12.75,15,12.875],"texture":"#1"}}},{"name":"black_iron_greataxe_186","from":[6.1875,15.125,7.90625],"to":[6.3125,15.25,8.09375],"faces":{"north":{"uv":[10.875,12.875,10.75,13],"texture":"#1"},"east":{"uv":[10.75,12.875,10.875,13],"texture":"#1"},"south":{"uv":[10.75,12.875,10.875,13],"texture":"#1"},"west":{"uv":[10.75,12.875,10.875,13],"texture":"#1"},"up":{"uv":[10.75,12.875,10.875,13],"texture":"#1"},"down":{"uv":[10.75,12.875,10.875,13],"texture":"#1"}}},{"name":"black_iron_greataxe_187","from":[6.6875,15,7.90625],"to":[6.8125,15.25,8.09375],"faces":{"north":{"uv":[11.375,12.875,11.25,13.125],"texture":"#1"},"east":{"uv":[11.25,12.875,11.375,13.125],"texture":"#1"},"south":{"uv":[11.25,12.875,11.375,13.125],"texture":"#1"},"west":{"uv":[11.25,12.875,11.375,13.125],"texture":"#1"},"up":{"uv":[11.25,12.875,11.375,13],"texture":"#1"},"down":{"uv":[11.25,13,11.375,13.125],"texture":"#1"}}},{"name":"black_iron_greataxe_188","from":[9.6875,14.625,7.90625],"to":[9.8125,15.25,8.09375],"faces":{"north":{"uv":[14.375,12.875,14.25,13.5],"texture":"#1"},"east":{"uv":[14.25,12.875,14.375,13.5],"texture":"#1"},"south":{"uv":[14.25,12.875,14.375,13.5],"texture":"#1"},"west":{"uv":[14.25,12.875,14.375,13.5],"texture":"#1"},"up":{"uv":[14.25,12.875,14.375,13],"texture":"#1"},"down":{"uv":[14.25,13.375,14.375,13.5],"texture":"#1"}}},{"name":"black_iron_greataxe_189","from":[10.1875,15.125,7.90625],"to":[10.3125,15.25,8.09375],"faces":{"north":{"uv":[14.875,12.875,14.75,13],"texture":"#1"},"east":{"uv":[14.75,12.875,14.875,13],"texture":"#1"},"south":{"uv":[14.75,12.875,14.875,13],"texture":"#1"},"west":{"uv":[14.75,12.875,14.875,13],"texture":"#1"},"up":{"uv":[14.75,12.875,14.875,13],"texture":"#1"},"down":{"uv":[14.75,12.875,14.875,13],"texture":"#1"}}},{"name":"black_iron_greataxe_191","from":[9.5625,14.5,7.90625],"to":[9.6875,15.125,8.09375],"faces":{"north":{"uv":[14.25,13,14.125,13.625],"texture":"#1"},"east":{"uv":[14.125,13,14.25,13.625],"texture":"#1"},"south":{"uv":[14.125,13,14.25,13.625],"texture":"#1"},"west":{"uv":[14.125,13,14.25,13.625],"texture":"#1"},"up":{"uv":[14.125,13,14.25,13.125],"texture":"#1"},"down":{"uv":[14.125,13.5,14.25,13.625],"texture":"#1"}}},{"name":"black_iron_greataxe_192","from":[9.4375,14.375,7.90625],"to":[9.5625,15,8.09375],"faces":{"north":{"uv":[14.125,13.125,14,13.75],"texture":"#1"},"east":{"uv":[14,13.125,14.125,13.75],"texture":"#1"},"south":{"uv":[14,13.125,14.125,13.75],"texture":"#1"},"west":{"uv":[14,13.125,14.125,13.75],"texture":"#1"},"up":{"uv":[14,13.125,14.125,13.25],"texture":"#1"},"down":{"uv":[14,13.625,14.125,13.75],"texture":"#1"}}},{"name":"black_iron_greataxe_193","from":[9.3125,14.25,7.90625],"to":[9.4375,14.875,8.09375],"faces":{"north":{"uv":[14,13.25,13.875,13.875],"texture":"#1"},"east":{"uv":[13.875,13.25,14,13.875],"texture":"#1"},"south":{"uv":[13.875,13.25,14,13.875],"texture":"#1"},"west":{"uv":[13.875,13.25,14,13.875],"texture":"#1"},"up":{"uv":[13.875,13.25,14,13.375],"texture":"#1"},"down":{"uv":[13.875,13.75,14,13.875],"texture":"#1"}}},{"name":"black_iron_greataxe_194","from":[9.1875,14.125,7.90625],"to":[9.3125,14.75,8.09375],"faces":{"north":{"uv":[13.875,13.375,13.75,14],"texture":"#1"},"east":{"uv":[13.75,13.375,13.875,14],"texture":"#1"},"south":{"uv":[13.75,13.375,13.875,14],"texture":"#1"},"west":{"uv":[13.75,13.375,13.875,14],"texture":"#1"},"up":{"uv":[13.75,13.375,13.875,13.5],"texture":"#1"},"down":{"uv":[13.75,13.875,13.875,14],"texture":"#1"}}},{"name":"black_iron_greataxe_195","from":[9.0625,13.875,7.90625],"to":[9.1875,14.625,8.09375],"faces":{"north":{"uv":[13.75,13.5,13.625,14.25],"texture":"#1"},"east":{"uv":[13.625,13.5,13.75,14.25],"texture":"#1"},"south":{"uv":[13.625,13.5,13.75,14.25],"texture":"#1"},"west":{"uv":[13.625,13.5,13.75,14.25],"texture":"#1"},"up":{"uv":[13.625,13.5,13.75,13.625],"texture":"#1"},"down":{"uv":[13.625,14.125,13.75,14.25],"texture":"#1"}}},{"name":"black_iron_greataxe_196","from":[6.3125,14.25,7.90625],"to":[6.4375,14.5,8.09375],"faces":{"north":{"uv":[11,13.625,10.875,13.875],"texture":"#1"},"east":{"uv":[10.875,13.625,11,13.875],"texture":"#1"},"south":{"uv":[10.875,13.625,11,13.875],"texture":"#1"},"west":{"uv":[10.875,13.625,11,13.875],"texture":"#1"},"up":{"uv":[10.875,13.625,11,13.75],"texture":"#1"},"down":{"uv":[10.875,13.75,11,13.875],"texture":"#1"}}},{"name":"black_iron_greataxe_197","from":[6.1875,14,7.90625],"to":[6.3125,14.375,8.09375],"faces":{"north":{"uv":[10.875,13.75,10.75,14.125],"texture":"#1"},"east":{"uv":[10.75,13.75,10.875,14.125],"texture":"#1"},"south":{"uv":[10.75,13.75,10.875,14.125],"texture":"#1"},"west":{"uv":[10.75,13.75,10.875,14.125],"texture":"#1"},"up":{"uv":[10.75,13.75,10.875,13.875],"texture":"#1"},"down":{"uv":[10.75,14,10.875,14.125],"texture":"#1"}}},{"name":"black_iron_greataxe_198","from":[6.0625,14.125,7.90625],"to":[6.1875,14.25,8.09375],"faces":{"north":{"uv":[10.75,13.875,10.625,14],"texture":"#1"},"east":{"uv":[10.625,13.875,10.75,14],"texture":"#1"},"south":{"uv":[10.625,13.875,10.75,14],"texture":"#1"},"west":{"uv":[10.625,13.875,10.75,14],"texture":"#1"},"up":{"uv":[10.625,13.875,10.75,14],"texture":"#1"},"down":{"uv":[10.625,13.875,10.75,14],"texture":"#1"}}},{"name":"black_iron_greataxe_200","from":[6.3125,13.625,7.90625],"to":[6.4375,14,8.09375],"faces":{"north":{"uv":[11,14.125,10.875,14.5],"texture":"#1"},"east":{"uv":[10.875,14.125,11,14.5],"texture":"#1"},"south":{"uv":[10.875,14.125,11,14.5],"texture":"#1"},"west":{"uv":[10.875,14.125,11,14.5],"texture":"#1"},"up":{"uv":[10.875,14.125,11,14.25],"texture":"#1"},"down":{"uv":[10.875,14.375,11,14.5],"texture":"#1"}}},{"name":"black_iron_greataxe_203","from":[6.4375,13.375,7.90625],"to":[6.5625,13.75,8.09375],"faces":{"north":{"uv":[11.125,14.375,11,14.75],"texture":"#1"},"east":{"uv":[11,14.375,11.125,14.75],"texture":"#1"},"south":{"uv":[11,14.375,11.125,14.75],"texture":"#1"},"west":{"uv":[11,14.375,11.125,14.75],"texture":"#1"},"up":{"uv":[11,14.375,11.125,14.5],"texture":"#1"},"down":{"uv":[11,14.625,11.125,14.75],"texture":"#1"}}},{"name":"black_iron_greataxe_206","from":[6.5625,13,7.90625],"to":[6.6875,13.375,8.09375],"faces":{"north":{"uv":[11.25,14.75,11.125,15.125],"texture":"#1"},"east":{"uv":[11.125,14.75,11.25,15.125],"texture":"#1"},"south":{"uv":[11.125,14.75,11.25,15.125],"texture":"#1"},"west":{"uv":[11.125,14.75,11.25,15.125],"texture":"#1"},"up":{"uv":[11.125,14.75,11.25,14.875],"texture":"#1"},"down":{"uv":[11.125,15,11.25,15.125],"texture":"#1"}}}],"gui_light":"front","display":{"thirdperson_righthand":{"rotation":[0,-90,0],"translation":[0,-4.25,0.25],"scale":[2.7,2.7,2.7]},"thirdperson_lefthand":{"rotation":[0,90,0],"translation":[0,-5.25,0.25],"scale":[2.4,2.4,2.4]},"firstperson_righthand":{"rotation":[-15,-90,0],"translation":[-1.5,2,5],"scale":[1.4,1.4,1.4]},"firstperson_lefthand":{"rotation":[-15,90,0],"translation":[-1.5,2,5],"scale":[1.4,1.4,1.4]},"ground":{"rotation":[0,0,45],"translation":[0,1.5,0.25]},"gui":{"rotation":[0,0,-45],"translation":[-3,-2.5,0],"scale":[1.4,1.4,1]},"head":{"rotation":[0,0,45],"translation":[1.5,13.25,0],"scale":[2,2,2]},"fixed":{"rotation":[0,0,90],"translation":[8.25,-0.25,-0.5],"scale":[4,4,4]}}}