{"textures":{"2":"fantasy_weapons:item/iron_halberd","particle":"fantasy_weapons:item/iron_halberd"},"elements":[{"name":"iron_halberd_1","from":[7.875,11.375,-0.125],"to":[8.25,15.625,0.25],"faces":{"north":{"uv":[7.75,0.375,7.375,4.625],"texture":"#2"},"east":{"uv":[7.625,0.375,7.75,4.625],"texture":"#2"},"south":{"uv":[7.375,0.375,7.75,4.625],"texture":"#2"},"west":{"uv":[7.375,0.375,7.5,4.625],"texture":"#2"},"up":{"uv":[7.375,0.375,7.75,0.5],"texture":"#2"},"down":{"uv":[7.375,4.5,7.75,4.625],"texture":"#2"}}},{"name":"iron_halberd_22","from":[7.875,11,-0.125],"to":[8.25,11.375,0.25],"faces":{"north":{"uv":[8.875,3.125,8.5,3.5],"texture":"#2"},"east":{"uv":[8.75,3.125,8.875,3.5],"texture":"#2"},"south":{"uv":[8.5,3.125,8.875,3.5],"texture":"#2"},"west":{"uv":[8.5,3.125,8.625,3.5],"texture":"#2"},"up":{"uv":[8.5,3.125,8.875,3.25],"texture":"#2"},"down":{"uv":[8.5,3.375,8.875,3.5],"texture":"#2"}}},{"name":"iron_halberd_29","from":[7.875,8.625,-0.125],"to":[8.25,11,0.25],"faces":{"north":{"uv":[8.875,4.625,8.5,7],"texture":"#2"},"east":{"uv":[8.75,4.625,8.875,7],"texture":"#2"},"south":{"uv":[8.5,4.625,8.875,7],"texture":"#2"},"west":{"uv":[8.5,4.625,8.625,7],"texture":"#2"},"up":{"uv":[8.5,4.625,8.875,4.75],"texture":"#2"},"down":{"uv":[8.5,6.875,8.875,7],"texture":"#2"}}},{"name":"iron_halberd_32","from":[7.875,-0.25,-0.125],"to":[8.25,8.625,0.25],"faces":{"north":{"uv":[7.75,7,7.375,15.875],"texture":"#2"},"east":{"uv":[7.625,7,7.75,15.875],"texture":"#2"},"south":{"uv":[7.375,7,7.75,15.875],"texture":"#2"},"west":{"uv":[7.375,7,7.5,15.875],"texture":"#2"},"up":{"uv":[7.375,7,7.75,7.125],"texture":"#2"},"down":{"uv":[7.375,15.75,7.75,15.875],"texture":"#2"}}},{"name":"iron_halberd_33","from":[7.75,-0.875,-0.1875],"to":[8.375,-0.25,0.3125],"faces":{"north":{"uv":[3.875,14,3.25,14.625],"texture":"#2"},"east":{"uv":[3.75,14,3.875,14.625],"texture":"#2"},"south":{"uv":[3.25,14,3.875,14.625],"texture":"#2"},"west":{"uv":[3.25,14,3.375,14.625],"texture":"#2"},"up":{"uv":[3.25,14,3.875,14.125],"texture":"#2"},"down":{"uv":[3.25,14.5,3.875,14.625],"texture":"#2"}}},{"name":"iron_halberd_34","from":[7.875,-1.25,-0.125],"to":[8.25,-0.875,0.25],"faces":{"north":{"uv":[2.75,14.625,2.375,15],"texture":"#2"},"east":{"uv":[2.625,14.625,2.75,15],"texture":"#2"},"south":{"uv":[2.375,14.625,2.75,15],"texture":"#2"},"west":{"uv":[2.375,14.625,2.5,15],"texture":"#2"},"up":{"uv":[2.375,14.625,2.75,14.75],"texture":"#2"},"down":{"uv":[2.375,14.875,2.75,15],"texture":"#2"}}},{"name":"iron_halberd_35","from":[7.75,-1.5,-0.1875],"to":[8.375,-1.25,0.3125],"faces":{"north":{"uv":[3.875,15,3.25,15.25],"texture":"#2"},"east":{"uv":[3.75,15,3.875,15.25],"texture":"#2"},"south":{"uv":[3.25,15,3.875,15.25],"texture":"#2"},"west":{"uv":[3.25,15,3.375,15.25],"texture":"#2"},"up":{"uv":[3.25,15,3.875,15.125],"texture":"#2"},"down":{"uv":[3.25,15.125,3.875,15.25],"texture":"#2"}}},{"name":"iron_halberd_36","from":[7.875,-1.625,-0.1875],"to":[8.25,-1.5,0.3125],"faces":{"north":{"uv":[3.75,15.25,3.375,15.375],"texture":"#2"},"east":{"uv":[3.625,15.25,3.75,15.375],"texture":"#2"},"south":{"uv":[3.375,15.25,3.75,15.375],"texture":"#2"},"west":{"uv":[3.375,15.25,3.5,15.375],"texture":"#2"},"up":{"uv":[3.375,15.25,3.75,15.375],"texture":"#2"},"down":{"uv":[3.375,15.25,3.75,15.375],"texture":"#2"}}},{"name":"iron_halberd_37","from":[8,-1.75,-0.1875],"to":[8.125,-1.625,0.3125],"faces":{"north":{"uv":[3.625,15.375,3.5,15.5],"texture":"#2"},"east":{"uv":[3.5,15.375,3.625,15.5],"texture":"#2"},"south":{"uv":[3.5,15.375,3.625,15.5],"texture":"#2"},"west":{"uv":[3.5,15.375,3.625,15.5],"texture":"#2"},"up":{"uv":[3.5,15.375,3.625,15.5],"texture":"#2"},"down":{"uv":[3.5,15.375,3.625,15.5],"texture":"#2"}}},{"name":"iron_halberd_0","from":[8,18.5,-0.0625],"to":[8.125,20.75,0.1875],"faces":{"north":{"uv":[4.625,0.25,4.5,2.5],"texture":"#2"},"east":{"uv":[4.5,0.25,4.625,2.5],"texture":"#2"},"south":{"uv":[4.5,0.25,4.625,2.5],"texture":"#2"},"west":{"uv":[4.5,0.25,4.625,2.5],"texture":"#2"},"up":{"uv":[4.5,0.25,4.625,0.375],"texture":"#2"},"down":{"uv":[4.5,2.375,4.625,2.5],"texture":"#2"}}},{"name":"iron_halberd_2","from":[7.875,18.5,-0.0625],"to":[8,19.875,0.1875],"faces":{"north":{"uv":[4.5,1.125,4.375,2.5],"texture":"#2"},"east":{"uv":[4.375,1.125,4.5,2.5],"texture":"#2"},"south":{"uv":[4.375,1.125,4.5,2.5],"texture":"#2"},"west":{"uv":[4.375,1.125,4.5,2.5],"texture":"#2"},"up":{"uv":[4.375,1.125,4.5,1.25],"texture":"#2"},"down":{"uv":[4.375,2.375,4.5,2.5],"texture":"#2"}}},{"name":"iron_halberd_3","from":[8.125,18.5,-0.0625],"to":[8.25,19.875,0.1875],"faces":{"north":{"uv":[4.75,1.125,4.625,2.5],"texture":"#2"},"east":{"uv":[4.625,1.125,4.75,2.5],"texture":"#2"},"south":{"uv":[4.625,1.125,4.75,2.5],"texture":"#2"},"west":{"uv":[4.625,1.125,4.75,2.5],"texture":"#2"},"up":{"uv":[4.625,1.125,4.75,1.25],"texture":"#2"},"down":{"uv":[4.625,2.375,4.75,2.5],"texture":"#2"}}},{"name":"iron_halberd_4","from":[6.5,18.75,0.03125],"to":[6.625,19.375,0.09375],"faces":{"north":{"uv":[1.375,1.625,1.25,2.25],"texture":"#2"},"east":{"uv":[1.25,1.625,1.375,2.25],"texture":"#2"},"south":{"uv":[1.25,1.625,1.375,2.25],"texture":"#2"},"west":{"uv":[1.25,1.625,1.375,2.25],"texture":"#2"},"up":{"uv":[1.25,1.625,1.375,1.75],"texture":"#2"},"down":{"uv":[1.25,2.125,1.375,2.25],"texture":"#2"}}},{"name":"iron_halberd_5","from":[7.75,18.75,-0.0625],"to":[7.875,19.25,0.1875],"faces":{"north":{"uv":[4.375,1.75,4.25,2.25],"texture":"#2"},"east":{"uv":[4.25,1.75,4.375,2.25],"texture":"#2"},"south":{"uv":[4.25,1.75,4.375,2.25],"texture":"#2"},"west":{"uv":[4.25,1.75,4.375,2.25],"texture":"#2"},"up":{"uv":[4.25,1.75,4.375,1.875],"texture":"#2"},"down":{"uv":[4.25,2.125,4.375,2.25],"texture":"#2"}}},{"name":"iron_halberd_6","from":[8.25,18.75,-0.0625],"to":[8.375,19.25,0.1875],"faces":{"north":{"uv":[4.875,1.75,4.75,2.25],"texture":"#2"},"east":{"uv":[4.75,1.75,4.875,2.25],"texture":"#2"},"south":{"uv":[4.75,1.75,4.875,2.25],"texture":"#2"},"west":{"uv":[4.75,1.75,4.875,2.25],"texture":"#2"},"up":{"uv":[4.75,1.75,4.875,1.875],"texture":"#2"},"down":{"uv":[4.75,2.125,4.875,2.25],"texture":"#2"}}},{"name":"iron_halberd_7","from":[6.375,18.375,0.03125],"to":[6.5,19.125,0.09375],"faces":{"north":{"uv":[1.25,1.875,1.125,2.625],"texture":"#2"},"east":{"uv":[1.125,1.875,1.25,2.625],"texture":"#2"},"south":{"uv":[1.125,1.875,1.25,2.625],"texture":"#2"},"west":{"uv":[1.125,1.875,1.25,2.625],"texture":"#2"},"up":{"uv":[1.125,1.875,1.25,2],"texture":"#2"},"down":{"uv":[1.125,2.5,1.25,2.625],"texture":"#2"}}},{"name":"iron_halberd_8","from":[6.625,19,0.03125],"to":[6.75,19.125,0.09375],"faces":{"north":{"uv":[1.5,1.875,1.375,2],"texture":"#2"},"east":{"uv":[1.375,1.875,1.5,2],"texture":"#2"},"south":{"uv":[1.375,1.875,1.5,2],"texture":"#2"},"west":{"uv":[1.375,1.875,1.5,2],"texture":"#2"},"up":{"uv":[1.375,1.875,1.5,2],"texture":"#2"},"down":{"uv":[1.375,1.875,1.5,2],"texture":"#2"}}},{"name":"iron_halberd_9","from":[6.625,17.75,-0.01562],"to":[6.75,19,0.14063],"faces":{"north":{"uv":[2.125,2,2,3.25],"texture":"#2"},"east":{"uv":[2,2,2.125,3.25],"texture":"#2"},"south":{"uv":[2,2,2.125,3.25],"texture":"#2"},"west":{"uv":[2,2,2.125,3.25],"texture":"#2"},"up":{"uv":[2,2,2.125,2.125],"texture":"#2"},"down":{"uv":[2,3.125,2.125,3.25],"texture":"#2"}}},{"name":"iron_halberd_10","from":[6.25,18,0.03125],"to":[6.375,18.875,0.09375],"faces":{"north":{"uv":[1.125,2.125,1,3],"texture":"#2"},"east":{"uv":[1,2.125,1.125,3],"texture":"#2"},"south":{"uv":[1,2.125,1.125,3],"texture":"#2"},"west":{"uv":[1,2.125,1.125,3],"texture":"#2"},"up":{"uv":[1,2.125,1.125,2.25],"texture":"#2"},"down":{"uv":[1,2.875,1.125,3],"texture":"#2"}}},{"name":"iron_halberd_11","from":[6.5,16.125,-0.01562],"to":[6.625,18.75,0.14063],"faces":{"north":{"uv":[2,2.25,1.875,4.875],"texture":"#2"},"east":{"uv":[1.875,2.25,2,4.875],"texture":"#2"},"south":{"uv":[1.875,2.25,2,4.875],"texture":"#2"},"west":{"uv":[1.875,2.25,2,4.875],"texture":"#2"},"up":{"uv":[1.875,2.25,2,2.375],"texture":"#2"},"down":{"uv":[1.875,4.75,2,4.875],"texture":"#2"}}},{"name":"iron_halberd_12","from":[6.75,18.125,-0.01562],"to":[6.875,18.75,0.14063],"faces":{"north":{"uv":[2.25,2.25,2.125,2.875],"texture":"#2"},"east":{"uv":[2.125,2.25,2.25,2.875],"texture":"#2"},"south":{"uv":[2.125,2.25,2.25,2.875],"texture":"#2"},"west":{"uv":[2.125,2.25,2.25,2.875],"texture":"#2"},"up":{"uv":[2.125,2.25,2.25,2.375],"texture":"#2"},"down":{"uv":[2.125,2.75,2.25,2.875],"texture":"#2"}}},{"name":"iron_halberd_13","from":[6.125,16.5,0.03125],"to":[6.25,18.5,0.09375],"faces":{"north":{"uv":[1,2.5,0.875,4.5],"texture":"#2"},"east":{"uv":[0.875,2.5,1,4.5],"texture":"#2"},"south":{"uv":[0.875,2.5,1,4.5],"texture":"#2"},"west":{"uv":[0.875,2.5,1,4.5],"texture":"#2"},"up":{"uv":[0.875,2.5,1,2.625],"texture":"#2"},"down":{"uv":[0.875,4.375,1,4.5],"texture":"#2"}}},{"name":"iron_halberd_14","from":[6.875,16.625,-0.0625],"to":[7,18.5,0.1875],"faces":{"north":{"uv":[2.75,2.5,2.625,4.375],"texture":"#2"},"east":{"uv":[2.625,2.5,2.75,4.375],"texture":"#2"},"south":{"uv":[2.625,2.5,2.75,4.375],"texture":"#2"},"west":{"uv":[2.625,2.5,2.75,4.375],"texture":"#2"},"up":{"uv":[2.625,2.5,2.75,2.625],"texture":"#2"},"down":{"uv":[2.625,4.25,2.75,4.375],"texture":"#2"}}},{"name":"iron_halberd_15","from":[7.75,18.375,-0.1875],"to":[8.375,18.5,0.3125],"faces":{"north":{"uv":[5.875,2.5,5.25,2.625],"texture":"#2"},"east":{"uv":[5.75,2.5,5.875,2.625],"texture":"#2"},"south":{"uv":[5.25,2.5,5.875,2.625],"texture":"#2"},"west":{"uv":[5.25,2.5,5.375,2.625],"texture":"#2"},"up":{"uv":[5.25,2.5,5.875,2.625],"texture":"#2"},"down":{"uv":[5.25,2.5,5.875,2.625],"texture":"#2"}}},{"name":"iron_halberd_16","from":[6.375,16.625,-0.01562],"to":[6.5,18.375,0.14063],"faces":{"north":{"uv":[1.875,2.625,1.75,4.375],"texture":"#2"},"east":{"uv":[1.75,2.625,1.875,4.375],"texture":"#2"},"south":{"uv":[1.75,2.625,1.875,4.375],"texture":"#2"},"west":{"uv":[1.75,2.625,1.875,4.375],"texture":"#2"},"up":{"uv":[1.75,2.625,1.875,2.75],"texture":"#2"},"down":{"uv":[1.75,4.25,1.875,4.375],"texture":"#2"}}},{"name":"iron_halberd_17","from":[7,16.875,-0.0625],"to":[7.125,18.375,0.1875],"faces":{"north":{"uv":[2.875,2.625,2.75,4.125],"texture":"#2"},"east":{"uv":[2.75,2.625,2.875,4.125],"texture":"#2"},"south":{"uv":[2.75,2.625,2.875,4.125],"texture":"#2"},"west":{"uv":[2.75,2.625,2.875,4.125],"texture":"#2"},"up":{"uv":[2.75,2.625,2.875,2.75],"texture":"#2"},"down":{"uv":[2.75,4,2.875,4.125],"texture":"#2"}}},{"name":"iron_halberd_18","from":[7.875,16.75,-0.125],"to":[8.25,18.375,0.25],"faces":{"north":{"uv":[4.75,2.625,4.375,4.25],"texture":"#2"},"east":{"uv":[4.625,2.625,4.75,4.25],"texture":"#2"},"south":{"uv":[4.375,2.625,4.75,4.25],"texture":"#2"},"west":{"uv":[4.375,2.625,4.5,4.25],"texture":"#2"},"up":{"uv":[4.375,2.625,4.75,2.75],"texture":"#2"},"down":{"uv":[4.375,4.125,4.75,4.25],"texture":"#2"}}},{"name":"iron_halberd_19","from":[7.125,17,-0.0625],"to":[7.25,18.25,0.1875],"faces":{"north":{"uv":[3,2.75,2.875,4],"texture":"#2"},"east":{"uv":[2.875,2.75,3,4],"texture":"#2"},"south":{"uv":[2.875,2.75,3,4],"texture":"#2"},"west":{"uv":[2.875,2.75,3,4],"texture":"#2"},"up":{"uv":[2.875,2.75,3,2.875],"texture":"#2"},"down":{"uv":[2.875,3.875,3,4],"texture":"#2"}}},{"name":"iron_halberd_20","from":[6,17.125,0.03125],"to":[6.125,18.125,0.09375],"faces":{"north":{"uv":[0.875,2.875,0.75,3.875],"texture":"#2"},"east":{"uv":[0.75,2.875,0.875,3.875],"texture":"#2"},"south":{"uv":[0.75,2.875,0.875,3.875],"texture":"#2"},"west":{"uv":[0.75,2.875,0.875,3.875],"texture":"#2"},"up":{"uv":[0.75,2.875,0.875,3],"texture":"#2"},"down":{"uv":[0.75,3.75,0.875,3.875],"texture":"#2"}}},{"name":"iron_halberd_21","from":[6.75,16.875,-0.0625],"to":[6.875,18.125,0.1875],"faces":{"north":{"uv":[2.625,2.875,2.5,4.125],"texture":"#2"},"east":{"uv":[2.5,2.875,2.625,4.125],"texture":"#2"},"south":{"uv":[2.5,2.875,2.625,4.125],"texture":"#2"},"west":{"uv":[2.5,2.875,2.625,4.125],"texture":"#2"},"up":{"uv":[2.5,2.875,2.625,3],"texture":"#2"},"down":{"uv":[2.5,4,2.625,4.125],"texture":"#2"}}},{"name":"iron_halberd_22","from":[7.25,17.125,-0.0625],"to":[7.375,18.125,0.1875],"faces":{"north":{"uv":[3.125,2.875,3,3.875],"texture":"#2"},"east":{"uv":[3,2.875,3.125,3.875],"texture":"#2"},"south":{"uv":[3,2.875,3.125,3.875],"texture":"#2"},"west":{"uv":[3,2.875,3.125,3.875],"texture":"#2"},"up":{"uv":[3,2.875,3.125,3],"texture":"#2"},"down":{"uv":[3,3.75,3.125,3.875],"texture":"#2"}}},{"name":"iron_halberd_23","from":[9,17.25,0],"to":[9.25,18.125,0.125],"faces":{"north":{"uv":[6.25,2.875,6,3.75],"texture":"#2"},"east":{"uv":[6.125,2.875,6.25,3.75],"texture":"#2"},"south":{"uv":[6,2.875,6.25,3.75],"texture":"#2"},"west":{"uv":[6,2.875,6.125,3.75],"texture":"#2"},"up":{"uv":[6,2.875,6.25,3],"texture":"#2"},"down":{"uv":[6,3.625,6.25,3.75],"texture":"#2"}}},{"name":"iron_halberd_24","from":[6.25,17.25,-0.01562],"to":[6.375,18,0.14063],"faces":{"north":{"uv":[1.75,3,1.625,3.75],"texture":"#2"},"east":{"uv":[1.625,3,1.75,3.75],"texture":"#2"},"south":{"uv":[1.625,3,1.75,3.75],"texture":"#2"},"west":{"uv":[1.625,3,1.75,3.75],"texture":"#2"},"up":{"uv":[1.625,3,1.75,3.125],"texture":"#2"},"down":{"uv":[1.625,3.625,1.75,3.75],"texture":"#2"}}},{"name":"iron_halberd_25","from":[7.375,17.375,-0.0625],"to":[7.875,18,0.1875],"faces":{"north":{"uv":[3.625,3,3.125,3.625],"texture":"#2"},"east":{"uv":[3.5,3,3.625,3.625],"texture":"#2"},"south":{"uv":[3.125,3,3.625,3.625],"texture":"#2"},"west":{"uv":[3.125,3,3.25,3.625],"texture":"#2"},"up":{"uv":[3.125,3,3.625,3.125],"texture":"#2"},"down":{"uv":[3.125,3.5,3.625,3.625],"texture":"#2"}}},{"name":"iron_halberd_26","from":[8.25,17.375,-0.0625],"to":[8.875,18,0.1875],"faces":{"north":{"uv":[5.625,3,5,3.625],"texture":"#2"},"east":{"uv":[5.5,3,5.625,3.625],"texture":"#2"},"south":{"uv":[5,3,5.625,3.625],"texture":"#2"},"west":{"uv":[5,3,5.125,3.625],"texture":"#2"},"up":{"uv":[5,3,5.625,3.125],"texture":"#2"},"down":{"uv":[5,3.5,5.625,3.625],"texture":"#2"}}},{"name":"iron_halberd_27","from":[8.875,17.625,0],"to":[9,18,0.125],"faces":{"north":{"uv":[6,3,5.875,3.375],"texture":"#2"},"east":{"uv":[5.875,3,6,3.375],"texture":"#2"},"south":{"uv":[5.875,3,6,3.375],"texture":"#2"},"west":{"uv":[5.875,3,6,3.375],"texture":"#2"},"up":{"uv":[5.875,3,6,3.125],"texture":"#2"},"down":{"uv":[5.875,3.25,6,3.375],"texture":"#2"}}},{"name":"iron_halberd_28","from":[9.25,16.75,0],"to":[9.375,17.875,0.125],"faces":{"north":{"uv":[6.375,3.125,6.25,4.25],"texture":"#2"},"east":{"uv":[6.25,3.125,6.375,4.25],"texture":"#2"},"south":{"uv":[6.25,3.125,6.375,4.25],"texture":"#2"},"west":{"uv":[6.25,3.125,6.375,4.25],"texture":"#2"},"up":{"uv":[6.25,3.125,6.375,3.25],"texture":"#2"},"down":{"uv":[6.25,4.125,6.375,4.25],"texture":"#2"}}},{"name":"iron_halberd_30","from":[6.625,17.5,-0.0625],"to":[6.75,17.75,0.1875],"faces":{"north":{"uv":[2.5,3.25,2.375,3.5],"texture":"#2"},"east":{"uv":[2.375,3.25,2.5,3.5],"texture":"#2"},"south":{"uv":[2.375,3.25,2.5,3.5],"texture":"#2"},"west":{"uv":[2.375,3.25,2.5,3.5],"texture":"#2"},"up":{"uv":[2.375,3.25,2.5,3.375],"texture":"#2"},"down":{"uv":[2.375,3.375,2.5,3.5],"texture":"#2"}}},{"name":"iron_halberd_31","from":[8.875,17.375,-0.0625],"to":[9,17.625,0.1875],"faces":{"north":{"uv":[5.75,3.375,5.625,3.625],"texture":"#2"},"east":{"uv":[5.625,3.375,5.75,3.625],"texture":"#2"},"south":{"uv":[5.625,3.375,5.75,3.625],"texture":"#2"},"west":{"uv":[5.625,3.375,5.75,3.625],"texture":"#2"},"up":{"uv":[5.625,3.375,5.75,3.5],"texture":"#2"},"down":{"uv":[5.625,3.5,5.75,3.625],"texture":"#2"}}},{"name":"iron_halberd_32","from":[9.375,16.5,0],"to":[9.5,17.625,0.125],"faces":{"north":{"uv":[6.5,3.375,6.375,4.5],"texture":"#2"},"east":{"uv":[6.375,3.375,6.5,4.5],"texture":"#2"},"south":{"uv":[6.375,3.375,6.5,4.5],"texture":"#2"},"west":{"uv":[6.375,3.375,6.5,4.5],"texture":"#2"},"up":{"uv":[6.375,3.375,6.5,3.5],"texture":"#2"},"down":{"uv":[6.375,4.375,6.5,4.5],"texture":"#2"}}},{"name":"iron_halberd_33","from":[6.625,15.875,-0.01562],"to":[6.75,17.5,0.14063],"faces":{"north":{"uv":[2.125,3.5,2,5.125],"texture":"#2"},"east":{"uv":[2,3.5,2.125,5.125],"texture":"#2"},"south":{"uv":[2,3.5,2.125,5.125],"texture":"#2"},"west":{"uv":[2,3.5,2.125,5.125],"texture":"#2"},"up":{"uv":[2,3.5,2.125,3.625],"texture":"#2"},"down":{"uv":[2,5,2.125,5.125],"texture":"#2"}}},{"name":"iron_halberd_34","from":[7.375,17.25,-0.0625],"to":[7.5,17.375,0.1875],"faces":{"north":{"uv":[3.25,3.625,3.125,3.75],"texture":"#2"},"east":{"uv":[3.125,3.625,3.25,3.75],"texture":"#2"},"south":{"uv":[3.125,3.625,3.25,3.75],"texture":"#2"},"west":{"uv":[3.125,3.625,3.25,3.75],"texture":"#2"},"up":{"uv":[3.125,3.625,3.25,3.75],"texture":"#2"},"down":{"uv":[3.125,3.625,3.25,3.75],"texture":"#2"}}},{"name":"iron_halberd_35","from":[6.25,16,0.03125],"to":[6.375,17.25,0.09375],"faces":{"north":{"uv":[1.125,3.75,1,5],"texture":"#2"},"east":{"uv":[1,3.75,1.125,5],"texture":"#2"},"south":{"uv":[1,3.75,1.125,5],"texture":"#2"},"west":{"uv":[1,3.75,1.125,5],"texture":"#2"},"up":{"uv":[1,3.75,1.125,3.875],"texture":"#2"},"down":{"uv":[1,4.875,1.125,5],"texture":"#2"}}},{"name":"iron_halberd_36","from":[9.125,17,0],"to":[9.25,17.25,0.125],"faces":{"north":{"uv":[6.25,3.75,6.125,4],"texture":"#2"},"east":{"uv":[6.125,3.75,6.25,4],"texture":"#2"},"south":{"uv":[6.125,3.75,6.25,4],"texture":"#2"},"west":{"uv":[6.125,3.75,6.25,4],"texture":"#2"},"up":{"uv":[6.125,3.75,6.25,3.875],"texture":"#2"},"down":{"uv":[6.125,3.875,6.25,4],"texture":"#2"}}},{"name":"iron_halberd_37","from":[6.75,15.75,-0.01562],"to":[6.875,16.875,0.14063],"faces":{"north":{"uv":[2.25,4.125,2.125,5.25],"texture":"#2"},"east":{"uv":[2.125,4.125,2.25,5.25],"texture":"#2"},"south":{"uv":[2.125,4.125,2.25,5.25],"texture":"#2"},"west":{"uv":[2.125,4.125,2.25,5.25],"texture":"#2"},"up":{"uv":[2.125,4.125,2.25,4.25],"texture":"#2"},"down":{"uv":[2.125,5.125,2.25,5.25],"texture":"#2"}}},{"name":"iron_halberd_38","from":[7.75,16.5,-0.1875],"to":[8.375,16.75,0.3125],"faces":{"north":{"uv":[5.875,4.25,5.25,4.5],"texture":"#2"},"east":{"uv":[5.75,4.25,5.875,4.5],"texture":"#2"},"south":{"uv":[5.25,4.25,5.875,4.5],"texture":"#2"},"west":{"uv":[5.25,4.25,5.375,4.5],"texture":"#2"},"up":{"uv":[5.25,4.25,5.875,4.375],"texture":"#2"},"down":{"uv":[5.25,4.375,5.875,4.5],"texture":"#2"}}},{"name":"iron_halberd_39","from":[6.375,15.75,0.03125],"to":[6.5,16.625,0.09375],"faces":{"north":{"uv":[1.25,4.375,1.125,5.25],"texture":"#2"},"east":{"uv":[1.125,4.375,1.25,5.25],"texture":"#2"},"south":{"uv":[1.125,4.375,1.25,5.25],"texture":"#2"},"west":{"uv":[1.125,4.375,1.25,5.25],"texture":"#2"},"up":{"uv":[1.125,4.375,1.25,4.5],"texture":"#2"},"down":{"uv":[1.125,5.125,1.25,5.25],"texture":"#2"}}},{"name":"iron_halberd_40","from":[6.875,16.375,-0.01562],"to":[7,16.625,0.14063],"faces":{"north":{"uv":[2.375,4.375,2.25,4.625],"texture":"#2"},"east":{"uv":[2.25,4.375,2.375,4.625],"texture":"#2"},"south":{"uv":[2.25,4.375,2.375,4.625],"texture":"#2"},"west":{"uv":[2.25,4.375,2.375,4.625],"texture":"#2"},"up":{"uv":[2.25,4.375,2.375,4.5],"texture":"#2"},"down":{"uv":[2.25,4.5,2.375,4.625],"texture":"#2"}}},{"name":"iron_halberd_41","from":[7.875,15.875,-0.125],"to":[8.25,16.5,0.25],"faces":{"north":{"uv":[4.75,4.5,4.375,5.125],"texture":"#2"},"east":{"uv":[4.625,4.5,4.75,5.125],"texture":"#2"},"south":{"uv":[4.375,4.5,4.75,5.125],"texture":"#2"},"west":{"uv":[4.375,4.5,4.5,5.125],"texture":"#2"},"up":{"uv":[4.375,4.5,4.75,4.625],"texture":"#2"},"down":{"uv":[4.375,5,4.75,5.125],"texture":"#2"}}},{"name":"iron_halberd_43","from":[6.5,15.5,0.03125],"to":[6.625,16.125,0.09375],"faces":{"north":{"uv":[1.375,4.875,1.25,5.5],"texture":"#2"},"east":{"uv":[1.25,4.875,1.375,5.5],"texture":"#2"},"south":{"uv":[1.25,4.875,1.375,5.5],"texture":"#2"},"west":{"uv":[1.25,4.875,1.375,5.5],"texture":"#2"},"up":{"uv":[1.25,4.875,1.375,5],"texture":"#2"},"down":{"uv":[1.25,5.375,1.375,5.5],"texture":"#2"}}},{"name":"iron_halberd_44","from":[6.625,15.375,0.03125],"to":[6.75,15.875,0.09375],"faces":{"north":{"uv":[1.5,5.125,1.375,5.625],"texture":"#2"},"east":{"uv":[1.375,5.125,1.5,5.625],"texture":"#2"},"south":{"uv":[1.375,5.125,1.5,5.625],"texture":"#2"},"west":{"uv":[1.375,5.125,1.5,5.625],"texture":"#2"},"up":{"uv":[1.375,5.125,1.5,5.25],"texture":"#2"},"down":{"uv":[1.375,5.5,1.5,5.625],"texture":"#2"}}},{"name":"iron_halberd_45","from":[7.75,15.625,-0.1875],"to":[8.375,15.875,0.3125],"faces":{"north":{"uv":[5.875,5.125,5.25,5.375],"texture":"#2"},"east":{"uv":[5.75,5.125,5.875,5.375],"texture":"#2"},"south":{"uv":[5.25,5.125,5.875,5.375],"texture":"#2"},"west":{"uv":[5.25,5.125,5.375,5.375],"texture":"#2"},"up":{"uv":[5.25,5.125,5.875,5.25],"texture":"#2"},"down":{"uv":[5.25,5.25,5.875,5.375],"texture":"#2"}}},{"name":"iron_halberd_46","from":[6.75,15.25,0.03125],"to":[6.875,15.75,0.09375],"faces":{"north":{"uv":[1.625,5.25,1.5,5.75],"texture":"#2"},"east":{"uv":[1.5,5.25,1.625,5.75],"texture":"#2"},"south":{"uv":[1.5,5.25,1.625,5.75],"texture":"#2"},"west":{"uv":[1.5,5.25,1.625,5.75],"texture":"#2"},"up":{"uv":[1.5,5.25,1.625,5.375],"texture":"#2"},"down":{"uv":[1.5,5.625,1.625,5.75],"texture":"#2"}}}],"gui_light":"front","display":{"thirdperson_righthand":{"rotation":[0,-90,23],"translation":[-19,-2.25,1.5],"scale":[2.4,2.4,2.4]},"thirdperson_lefthand":{"rotation":[0,90,-23],"translation":[19,-2.25,1.5],"scale":[2.4,2.4,2.4]},"firstperson_righthand":{"rotation":[-15,-90,0],"translation":[-15,-6,3.5],"scale":[2.4,2.4,2.4]},"firstperson_lefthand":{"rotation":[-15,90,0],"translation":[23,-6,3.5],"scale":[2.4,2.4,2.4]},"ground":{"rotation":[0,0,45],"translation":[0,1.75,8]},"gui":{"rotation":[0,0,-45],"translation":[-1.5,-1.5,0],"scale":[1.4,1.4,1]},"head":{"rotation":[0,0,45],"translation":[4.25,14.25,15.75],"scale":[2,2,2]},"fixed":{"rotation":[0,0,90],"translation":[3.75,-0.25,31.25],"scale":[4,4,4]}}}