{"textures":{"0":"fantasy_weapons:item/iron_dagger","particle":"fantasy_weapons:item/iron_dagger"},"elements":[{"name":"iron_dagger_0","from":[7.875,8.125,7.9375],"to":[8.125,9.125,8.0625],"rotation":{"angle":0,"axis":"y","origin":[0,0,7.9375]},"faces":{"north":{"uv":[10,4.875,9.75,5.875],"texture":"#0"},"east":{"uv":[9.875,4.875,10,5.875],"texture":"#0"},"south":{"uv":[9.75,4.875,10,5.875],"texture":"#0"},"west":{"uv":[9.75,4.875,9.875,5.875],"texture":"#0"},"up":{"uv":[9.75,4.875,10,5],"texture":"#0"},"down":{"uv":[9.75,5.75,10,5.875],"texture":"#0"}}},{"name":"iron_dagger_1","from":[7.75,7.375,7.9375],"to":[7.875,8.75,8.0625],"rotation":{"angle":0,"axis":"y","origin":[0,0,7.9375]},"faces":{"north":{"uv":[9.75,5.25,9.625,6.625],"texture":"#0"},"east":{"uv":[9.625,5.25,9.75,6.625],"texture":"#0"},"south":{"uv":[9.625,5.25,9.75,6.625],"texture":"#0"},"west":{"uv":[9.625,5.25,9.75,6.625],"texture":"#0"},"up":{"uv":[9.625,5.25,9.75,5.375],"texture":"#0"},"down":{"uv":[9.625,6.5,9.75,6.625],"texture":"#0"}}},{"name":"iron_dagger_2","from":[8.125,7.375,7.9375],"to":[8.25,8.75,8.0625],"rotation":{"angle":0,"axis":"y","origin":[0,0,7.9375]},"faces":{"north":{"uv":[10.125,5.25,10,6.625],"texture":"#0"},"east":{"uv":[10,5.25,10.125,6.625],"texture":"#0"},"south":{"uv":[10,5.25,10.125,6.625],"texture":"#0"},"west":{"uv":[10,5.25,10.125,6.625],"texture":"#0"},"up":{"uv":[10,5.25,10.125,5.375],"texture":"#0"},"down":{"uv":[10,6.5,10.125,6.625],"texture":"#0"}}},{"name":"iron_dagger_3","from":[7.625,4,7.9375],"to":[7.75,8.25,8.0625],"rotation":{"angle":0,"axis":"y","origin":[0,0,7.9375]},"faces":{"north":{"uv":[9.625,5.75,9.5,10],"texture":"#0"},"east":{"uv":[9.5,5.75,9.625,10],"texture":"#0"},"south":{"uv":[9.5,5.75,9.625,10],"texture":"#0"},"west":{"uv":[9.5,5.75,9.625,10],"texture":"#0"},"up":{"uv":[9.5,5.75,9.625,5.875],"texture":"#0"},"down":{"uv":[9.5,9.875,9.625,10],"texture":"#0"}}},{"name":"iron_dagger_4","from":[8.25,4,7.9375],"to":[8.375,8.25,8.0625],"rotation":{"angle":0,"axis":"y","origin":[0,0,7.9375]},"faces":{"north":{"uv":[10.25,5.75,10.125,10],"texture":"#0"},"east":{"uv":[10.125,5.75,10.25,10],"texture":"#0"},"south":{"uv":[10.125,5.75,10.25,10],"texture":"#0"},"west":{"uv":[10.125,5.75,10.25,10],"texture":"#0"},"up":{"uv":[10.125,5.75,10.25,5.875],"texture":"#0"},"down":{"uv":[10.125,9.875,10.25,10],"texture":"#0"}}},{"name":"iron_dagger_5","from":[7.875,4,7.875],"to":[8.125,8.125,8.125],"rotation":{"angle":0,"axis":"y","origin":[0,0,7.9375]},"faces":{"north":{"uv":[7.75,5.875,7.5,10],"texture":"#0"},"east":{"uv":[7.625,5.875,7.75,10],"texture":"#0"},"south":{"uv":[7.5,5.875,7.75,10],"texture":"#0"},"west":{"uv":[7.5,5.875,7.625,10],"texture":"#0"},"up":{"uv":[7.5,5.875,7.75,6],"texture":"#0"},"down":{"uv":[7.5,9.875,7.75,10],"texture":"#0"}}},{"name":"iron_dagger_6","from":[7.5,4,7.9375],"to":[7.625,7.5,8.0625],"rotation":{"angle":0,"axis":"y","origin":[0,0,7.9375]},"faces":{"north":{"uv":[9.5,6.5,9.375,10],"texture":"#0"},"east":{"uv":[9.375,6.5,9.5,10],"texture":"#0"},"south":{"uv":[9.375,6.5,9.5,10],"texture":"#0"},"west":{"uv":[9.375,6.5,9.5,10],"texture":"#0"},"up":{"uv":[9.375,6.5,9.5,6.625],"texture":"#0"},"down":{"uv":[9.375,9.875,9.5,10],"texture":"#0"}}},{"name":"iron_dagger_7","from":[8.375,4,7.9375],"to":[8.5,7.5,8.0625],"rotation":{"angle":0,"axis":"y","origin":[0,0,7.9375]},"faces":{"north":{"uv":[10.375,6.5,10.25,10],"texture":"#0"},"east":{"uv":[10.25,6.5,10.375,10],"texture":"#0"},"south":{"uv":[10.25,6.5,10.375,10],"texture":"#0"},"west":{"uv":[10.25,6.5,10.375,10],"texture":"#0"},"up":{"uv":[10.25,6.5,10.375,6.625],"texture":"#0"},"down":{"uv":[10.25,9.875,10.375,10],"texture":"#0"}}},{"name":"iron_dagger_8","from":[7.75,4,7.875],"to":[7.875,7.375,8.125],"rotation":{"angle":0,"axis":"y","origin":[0,0,7.9375]},"faces":{"north":{"uv":[7.5,6.625,7.375,10],"texture":"#0"},"east":{"uv":[7.375,6.625,7.5,10],"texture":"#0"},"south":{"uv":[7.375,6.625,7.5,10],"texture":"#0"},"west":{"uv":[7.375,6.625,7.5,10],"texture":"#0"},"up":{"uv":[7.375,6.625,7.5,6.75],"texture":"#0"},"down":{"uv":[7.375,9.875,7.5,10],"texture":"#0"}}},{"name":"iron_dagger_9","from":[8.125,4,7.875],"to":[8.25,7.375,8.125],"rotation":{"angle":0,"axis":"y","origin":[0,0,7.9375]},"faces":{"north":{"uv":[7.875,6.625,7.75,10],"texture":"#0"},"east":{"uv":[7.75,6.625,7.875,10],"texture":"#0"},"south":{"uv":[7.75,6.625,7.875,10],"texture":"#0"},"west":{"uv":[7.75,6.625,7.875,10],"texture":"#0"},"up":{"uv":[7.75,6.625,7.875,6.75],"texture":"#0"},"down":{"uv":[7.75,9.875,7.875,10],"texture":"#0"}}},{"name":"iron_dagger_10","from":[7.25,3.75,7.6875],"to":[8.75,4,8.3125],"rotation":{"angle":0,"axis":"y","origin":[0,0,7.9375]},"faces":{"north":{"uv":[8.375,11.5,6.875,11.75],"texture":"#0"},"east":{"uv":[8.25,11.5,8.375,11.75],"texture":"#0"},"south":{"uv":[6.875,11.5,8.375,11.75],"texture":"#0"},"west":{"uv":[6.875,11.5,7,11.75],"texture":"#0"},"up":{"uv":[6.875,11.5,8.375,11.625],"texture":"#0"},"down":{"uv":[6.875,11.625,8.375,11.75],"texture":"#0"}}},{"name":"iron_dagger_11","from":[7.75,1,7.8125],"to":[8.25,3.75,8.1875],"rotation":{"angle":0,"axis":"y","origin":[0,0,7.9375]},"faces":{"north":{"uv":[7.875,12.25,7.375,15],"texture":"#0"},"east":{"uv":[7.75,12.25,7.875,15],"texture":"#0"},"south":{"uv":[7.375,12.25,7.875,15],"texture":"#0"},"west":{"uv":[7.375,12.25,7.5,15],"texture":"#0"},"up":{"uv":[7.375,12.25,7.875,12.375],"texture":"#0"},"down":{"uv":[7.375,14.875,7.875,15],"texture":"#0"}}},{"name":"iron_dagger_12","from":[7.625,0.75,7.6875],"to":[8.375,1,8.3125],"rotation":{"angle":0,"axis":"y","origin":[0,0,7.9375]},"faces":{"north":{"uv":[8,15.25,7.25,15.5],"texture":"#0"},"east":{"uv":[7.875,15.25,8,15.5],"texture":"#0"},"south":{"uv":[7.25,15.25,8,15.5],"texture":"#0"},"west":{"uv":[7.25,15.25,7.375,15.5],"texture":"#0"},"up":{"uv":[7.25,15.25,8,15.375],"texture":"#0"},"down":{"uv":[7.25,15.375,8,15.5],"texture":"#0"}}},{"name":"iron_dagger_13","from":[7.75,0.625,7.6875],"to":[8.25,0.75,8.3125],"rotation":{"angle":0,"axis":"y","origin":[0,0,7.9375]},"faces":{"north":{"uv":[7.875,15.5,7.375,15.625],"texture":"#0"},"east":{"uv":[7.75,15.5,7.875,15.625],"texture":"#0"},"south":{"uv":[7.375,15.5,7.875,15.625],"texture":"#0"},"west":{"uv":[7.375,15.5,7.5,15.625],"texture":"#0"},"up":{"uv":[7.375,15.5,7.875,15.625],"texture":"#0"},"down":{"uv":[7.375,15.5,7.875,15.625],"texture":"#0"}}},{"name":"iron_dagger_14","from":[7.875,0.5,7.6875],"to":[8.125,0.625,8.3125],"rotation":{"angle":0,"axis":"y","origin":[0,0,7.9375]},"faces":{"north":{"uv":[7.75,15.625,7.5,15.75],"texture":"#0"},"east":{"uv":[7.625,15.625,7.75,15.75],"texture":"#0"},"south":{"uv":[7.5,15.625,7.75,15.75],"texture":"#0"},"west":{"uv":[7.5,15.625,7.625,15.75],"texture":"#0"},"up":{"uv":[7.5,15.625,7.75,15.75],"texture":"#0"},"down":{"uv":[7.5,15.625,7.75,15.75],"texture":"#0"}}}],"gui_light":"front","display":{"thirdperson_righthand":{"rotation":[0,-90,0],"translation":[0,9.25,1.5],"scale":[2.1,2.1,2.1]},"thirdperson_lefthand":{"rotation":[0,-90,0],"translation":[0,9.25,1.5],"scale":[2.1,2.1,2.1]},"firstperson_righthand":{"rotation":[10,-90,0],"translation":[-0.25,9,3.25],"scale":[1.4,1.4,1.4]},"firstperson_lefthand":{"rotation":[10,-90,0],"translation":[-0.25,9,3.25],"scale":[1.4,1.4,1.4]},"ground":{"rotation":[0,0,45],"translation":[-2.75,1.5,0]},"gui":{"rotation":[0,0,-45],"translation":[5.25,5,0],"scale":[2.37,2.37,1]},"head":{"rotation":[0,0,45],"translation":[-4.25,18.25,0],"scale":[2,2,2]},"fixed":{"rotation":[0,0,90],"translation":[-13.5,0,-0.25],"scale":[4,4,4]}}}