{"textures":{"0":"fantasy_weapons:item/lycanbane","particle":"fantasy_weapons:item/lycanbane"},"elements":[{"name":"lycanbane_0","from":[7.9375,15.5,7.96875],"to":[8.0625,16,8.03125],"rotation":{"angle":0,"axis":"y","origin":[0.0625,0,7.9375]},"faces":{"north":{"uv":[14.25,0,14.125,0.5],"texture":"#0"},"east":{"uv":[14.125,0,14.25,0.5],"texture":"#0"},"south":{"uv":[14.125,0,14.25,0.5],"texture":"#0"},"west":{"uv":[14.125,0,14.25,0.5],"texture":"#0"},"up":{"uv":[14.125,0,14.25,0.125],"texture":"#0"},"down":{"uv":[14.125,0.375,14.25,0.5],"texture":"#0"}}},{"name":"lycanbane_1","from":[7.8125,15.125,7.96875],"to":[7.9375,15.625,8.03125],"rotation":{"angle":0,"axis":"y","origin":[0.0625,0,7.9375]},"faces":{"north":{"uv":[14.125,0.375,14,0.875],"texture":"#0"},"east":{"uv":[14,0.375,14.125,0.875],"texture":"#0"},"south":{"uv":[14,0.375,14.125,0.875],"texture":"#0"},"west":{"uv":[14,0.375,14.125,0.875],"texture":"#0"},"up":{"uv":[14,0.375,14.125,0.5],"texture":"#0"},"down":{"uv":[14,0.75,14.125,0.875],"texture":"#0"}}},{"name":"lycanbane_2","from":[8.0625,15.125,7.96875],"to":[8.1875,15.625,8.03125],"rotation":{"angle":0,"axis":"y","origin":[0.0625,0,7.9375]},"faces":{"north":{"uv":[14.375,0.375,14.25,0.875],"texture":"#0"},"east":{"uv":[14.25,0.375,14.375,0.875],"texture":"#0"},"south":{"uv":[14.25,0.375,14.375,0.875],"texture":"#0"},"west":{"uv":[14.25,0.375,14.375,0.875],"texture":"#0"},"up":{"uv":[14.25,0.375,14.375,0.5],"texture":"#0"},"down":{"uv":[14.25,0.75,14.375,0.875],"texture":"#0"}}},{"name":"lycanbane_3","from":[7.9375,14.875,7.9375],"to":[8.0625,15.5,8.0625],"rotation":{"angle":0,"axis":"y","origin":[0.0625,0,7.9375]},"faces":{"north":{"uv":[4.75,0.5,4.625,1.125],"texture":"#0"},"east":{"uv":[4.625,0.5,4.75,1.125],"texture":"#0"},"south":{"uv":[4.625,0.5,4.75,1.125],"texture":"#0"},"west":{"uv":[4.625,0.5,4.75,1.125],"texture":"#0"},"up":{"uv":[4.625,0.5,4.75,0.625],"texture":"#0"},"down":{"uv":[4.625,1,4.75,1.125],"texture":"#0"}}},{"name":"lycanbane_4","from":[7.6875,14.625,7.96875],"to":[7.8125,15.25,8.03125],"rotation":{"angle":0,"axis":"y","origin":[0.0625,0,7.9375]},"faces":{"north":{"uv":[14,0.75,13.875,1.375],"texture":"#0"},"east":{"uv":[13.875,0.75,14,1.375],"texture":"#0"},"south":{"uv":[13.875,0.75,14,1.375],"texture":"#0"},"west":{"uv":[13.875,0.75,14,1.375],"texture":"#0"},"up":{"uv":[13.875,0.75,14,0.875],"texture":"#0"},"down":{"uv":[13.875,1.25,14,1.375],"texture":"#0"}}},{"name":"lycanbane_5","from":[8.1875,14.625,7.96875],"to":[8.3125,15.25,8.03125],"rotation":{"angle":0,"axis":"y","origin":[0.0625,0,7.9375]},"faces":{"north":{"uv":[14.5,0.75,14.375,1.375],"texture":"#0"},"east":{"uv":[14.375,0.75,14.5,1.375],"texture":"#0"},"south":{"uv":[14.375,0.75,14.5,1.375],"texture":"#0"},"west":{"uv":[14.375,0.75,14.5,1.375],"texture":"#0"},"up":{"uv":[14.375,0.75,14.5,0.875],"texture":"#0"},"down":{"uv":[14.375,1.25,14.5,1.375],"texture":"#0"}}},{"name":"lycanbane_6","from":[7.8125,14.375,7.9375],"to":[7.9375,15.125,8.0625],"rotation":{"angle":0,"axis":"y","origin":[0.0625,0,7.9375]},"faces":{"north":{"uv":[4.625,0.875,4.5,1.625],"texture":"#0"},"east":{"uv":[4.5,0.875,4.625,1.625],"texture":"#0"},"south":{"uv":[4.5,0.875,4.625,1.625],"texture":"#0"},"west":{"uv":[4.5,0.875,4.625,1.625],"texture":"#0"},"up":{"uv":[4.5,0.875,4.625,1],"texture":"#0"},"down":{"uv":[4.5,1.5,4.625,1.625],"texture":"#0"}}},{"name":"lycanbane_7","from":[8.0625,14.375,7.9375],"to":[8.1875,15.125,8.0625],"rotation":{"angle":0,"axis":"y","origin":[0.0625,0,7.9375]},"faces":{"north":{"uv":[4.875,0.875,4.75,1.625],"texture":"#0"},"east":{"uv":[4.75,0.875,4.875,1.625],"texture":"#0"},"south":{"uv":[4.75,0.875,4.875,1.625],"texture":"#0"},"west":{"uv":[4.75,0.875,4.875,1.625],"texture":"#0"},"up":{"uv":[4.75,0.875,4.875,1],"texture":"#0"},"down":{"uv":[4.75,1.5,4.875,1.625],"texture":"#0"}}},{"name":"lycanbane_8","from":[7.9375,5,7.90625],"to":[8.0625,14.875,8.09375],"rotation":{"angle":0,"axis":"y","origin":[0.0625,0,7.9375]},"faces":{"north":{"uv":[1.75,1.125,1.625,11],"texture":"#0"},"east":{"uv":[1.625,1.125,1.75,11],"texture":"#0"},"south":{"uv":[1.625,1.125,1.75,11],"texture":"#0"},"west":{"uv":[1.625,1.125,1.75,11],"texture":"#0"},"up":{"uv":[1.625,1.125,1.75,1.25],"texture":"#0"},"down":{"uv":[1.625,10.875,1.75,11],"texture":"#0"}}},{"name":"lycanbane_9","from":[7.5625,9.875,7.96875],"to":[7.6875,14.75,8.03125],"rotation":{"angle":0,"axis":"y","origin":[0.0625,0,7.9375]},"faces":{"north":{"uv":[13.875,1.25,13.75,6.125],"texture":"#0"},"east":{"uv":[13.75,1.25,13.875,6.125],"texture":"#0"},"south":{"uv":[13.75,1.25,13.875,6.125],"texture":"#0"},"west":{"uv":[13.75,1.25,13.875,6.125],"texture":"#0"},"up":{"uv":[13.75,1.25,13.875,1.375],"texture":"#0"},"down":{"uv":[13.75,6,13.875,6.125],"texture":"#0"}}},{"name":"lycanbane_10","from":[8.3125,9.875,7.96875],"to":[8.4375,14.75,8.03125],"rotation":{"angle":0,"axis":"y","origin":[0.0625,0,7.9375]},"faces":{"north":{"uv":[14.625,1.25,14.5,6.125],"texture":"#0"},"east":{"uv":[14.5,1.25,14.625,6.125],"texture":"#0"},"south":{"uv":[14.5,1.25,14.625,6.125],"texture":"#0"},"west":{"uv":[14.5,1.25,14.625,6.125],"texture":"#0"},"up":{"uv":[14.5,1.25,14.625,1.375],"texture":"#0"},"down":{"uv":[14.5,6,14.625,6.125],"texture":"#0"}}},{"name":"lycanbane_11","from":[7.6875,9.375,7.9375],"to":[7.8125,14.625,8.0625],"rotation":{"angle":0,"axis":"y","origin":[0.0625,0,7.9375]},"faces":{"north":{"uv":[4.5,1.375,4.375,6.625],"texture":"#0"},"east":{"uv":[4.375,1.375,4.5,6.625],"texture":"#0"},"south":{"uv":[4.375,1.375,4.5,6.625],"texture":"#0"},"west":{"uv":[4.375,1.375,4.5,6.625],"texture":"#0"},"up":{"uv":[4.375,1.375,4.5,1.5],"texture":"#0"},"down":{"uv":[4.375,6.5,4.5,6.625],"texture":"#0"}}},{"name":"lycanbane_12","from":[8.1875,9.375,7.9375],"to":[8.3125,14.625,8.0625],"rotation":{"angle":0,"axis":"y","origin":[0.0625,0,7.9375]},"faces":{"north":{"uv":[5,1.375,4.875,6.625],"texture":"#0"},"east":{"uv":[4.875,1.375,5,6.625],"texture":"#0"},"south":{"uv":[4.875,1.375,5,6.625],"texture":"#0"},"west":{"uv":[4.875,1.375,5,6.625],"texture":"#0"},"up":{"uv":[4.875,1.375,5,1.5],"texture":"#0"},"down":{"uv":[4.875,6.5,5,6.625],"texture":"#0"}}},{"name":"lycanbane_13","from":[7.8125,4.875,7.90625],"to":[7.9375,14.375,8.09375],"rotation":{"angle":0,"axis":"y","origin":[0.0625,0,7.9375]},"faces":{"north":{"uv":[1.625,1.625,1.5,11.125],"texture":"#0"},"east":{"uv":[1.5,1.625,1.625,11.125],"texture":"#0"},"south":{"uv":[1.5,1.625,1.625,11.125],"texture":"#0"},"west":{"uv":[1.5,1.625,1.625,11.125],"texture":"#0"},"up":{"uv":[1.5,1.625,1.625,1.75],"texture":"#0"},"down":{"uv":[1.5,11,1.625,11.125],"texture":"#0"}}},{"name":"lycanbane_14","from":[8.0625,4.875,7.90625],"to":[8.1875,14.375,8.09375],"rotation":{"angle":0,"axis":"y","origin":[0.0625,0,7.9375]},"faces":{"north":{"uv":[1.875,1.625,1.75,11.125],"texture":"#0"},"east":{"uv":[1.75,1.625,1.875,11.125],"texture":"#0"},"south":{"uv":[1.75,1.625,1.875,11.125],"texture":"#0"},"west":{"uv":[1.75,1.625,1.875,11.125],"texture":"#0"},"up":{"uv":[1.75,1.625,1.875,1.75],"texture":"#0"},"down":{"uv":[1.75,11,1.875,11.125],"texture":"#0"}}},{"name":"lycanbane_15","from":[7.4375,5.625,7.96875],"to":[7.5625,10,8.03125],"rotation":{"angle":0,"axis":"y","origin":[0.0625,0,7.9375]},"faces":{"north":{"uv":[13.75,6,13.625,10.375],"texture":"#0"},"east":{"uv":[13.625,6,13.75,10.375],"texture":"#0"},"south":{"uv":[13.625,6,13.75,10.375],"texture":"#0"},"west":{"uv":[13.625,6,13.75,10.375],"texture":"#0"},"up":{"uv":[13.625,6,13.75,6.125],"texture":"#0"},"down":{"uv":[13.625,10.25,13.75,10.375],"texture":"#0"}}},{"name":"lycanbane_16","from":[8.4375,5.625,7.96875],"to":[8.5625,10,8.03125],"rotation":{"angle":0,"axis":"y","origin":[0.0625,0,7.9375]},"faces":{"north":{"uv":[14.75,6,14.625,10.375],"texture":"#0"},"east":{"uv":[14.625,6,14.75,10.375],"texture":"#0"},"south":{"uv":[14.625,6,14.75,10.375],"texture":"#0"},"west":{"uv":[14.625,6,14.75,10.375],"texture":"#0"},"up":{"uv":[14.625,6,14.75,6.125],"texture":"#0"},"down":{"uv":[14.625,10.25,14.75,10.375],"texture":"#0"}}},{"name":"lycanbane_17","from":[7.5625,5.625,7.9375],"to":[7.6875,9.875,8.0625],"rotation":{"angle":0,"axis":"y","origin":[0.0625,0,7.9375]},"faces":{"north":{"uv":[4.375,6.125,4.25,10.375],"texture":"#0"},"east":{"uv":[4.25,6.125,4.375,10.375],"texture":"#0"},"south":{"uv":[4.25,6.125,4.375,10.375],"texture":"#0"},"west":{"uv":[4.25,6.125,4.375,10.375],"texture":"#0"},"up":{"uv":[4.25,6.125,4.375,6.25],"texture":"#0"},"down":{"uv":[4.25,10.25,4.375,10.375],"texture":"#0"}}},{"name":"lycanbane_18","from":[8.3125,5.625,7.9375],"to":[8.4375,9.875,8.0625],"rotation":{"angle":0,"axis":"y","origin":[0.0625,0,7.9375]},"faces":{"north":{"uv":[5.125,6.125,5,10.375],"texture":"#0"},"east":{"uv":[5,6.125,5.125,10.375],"texture":"#0"},"south":{"uv":[5,6.125,5.125,10.375],"texture":"#0"},"west":{"uv":[5,6.125,5.125,10.375],"texture":"#0"},"up":{"uv":[5,6.125,5.125,6.25],"texture":"#0"},"down":{"uv":[5,10.25,5.125,10.375],"texture":"#0"}}},{"name":"lycanbane_19","from":[7.6875,4.75,7.90625],"to":[7.8125,9.375,8.09375],"rotation":{"angle":0,"axis":"y","origin":[0.0625,0,7.9375]},"faces":{"north":{"uv":[1.5,6.625,1.375,11.25],"texture":"#0"},"east":{"uv":[1.375,6.625,1.5,11.25],"texture":"#0"},"south":{"uv":[1.375,6.625,1.5,11.25],"texture":"#0"},"west":{"uv":[1.375,6.625,1.5,11.25],"texture":"#0"},"up":{"uv":[1.375,6.625,1.5,6.75],"texture":"#0"},"down":{"uv":[1.375,11.125,1.5,11.25],"texture":"#0"}}},{"name":"lycanbane_20","from":[8.1875,4.75,7.90625],"to":[8.3125,9.375,8.09375],"rotation":{"angle":0,"axis":"y","origin":[0.0625,0,7.9375]},"faces":{"north":{"uv":[2,6.625,1.875,11.25],"texture":"#0"},"east":{"uv":[1.875,6.625,2,11.25],"texture":"#0"},"south":{"uv":[1.875,6.625,2,11.25],"texture":"#0"},"west":{"uv":[1.875,6.625,2,11.25],"texture":"#0"},"up":{"uv":[1.875,6.625,2,6.75],"texture":"#0"},"down":{"uv":[1.875,11.125,2,11.25],"texture":"#0"}}},{"name":"lycanbane_21","from":[5.9375,5,7.8125],"to":[6.6875,5.25,8.1875],"rotation":{"angle":0,"axis":"y","origin":[0.0625,0,7.9375]},"faces":{"north":{"uv":[6.625,8,5.875,8.25],"texture":"#0"},"east":{"uv":[6.5,8,6.625,8.25],"texture":"#0"},"south":{"uv":[5.875,8,6.625,8.25],"texture":"#0"},"west":{"uv":[5.875,8,6,8.25],"texture":"#0"},"up":{"uv":[5.875,8,6.625,8.125],"texture":"#0"},"down":{"uv":[5.875,8.125,6.625,8.25],"texture":"#0"}}},{"name":"lycanbane_22","from":[9.3125,5,7.8125],"to":[10.0625,5.25,8.1875],"rotation":{"angle":0,"axis":"y","origin":[0.0625,0,7.9375]},"faces":{"north":{"uv":[10,8,9.25,8.25],"texture":"#0"},"east":{"uv":[9.875,8,10,8.25],"texture":"#0"},"south":{"uv":[9.25,8,10,8.25],"texture":"#0"},"west":{"uv":[9.25,8,9.375,8.25],"texture":"#0"},"up":{"uv":[9.25,8,10,8.125],"texture":"#0"},"down":{"uv":[9.25,8.125,10,8.25],"texture":"#0"}}},{"name":"lycanbane_23","from":[5.8125,5,7.8125],"to":[5.9375,5.125,8.1875],"rotation":{"angle":0,"axis":"y","origin":[0.0625,0,7.9375]},"faces":{"north":{"uv":[5.875,8.125,5.75,8.25],"texture":"#0"},"east":{"uv":[5.75,8.125,5.875,8.25],"texture":"#0"},"south":{"uv":[5.75,8.125,5.875,8.25],"texture":"#0"},"west":{"uv":[5.75,8.125,5.875,8.25],"texture":"#0"},"up":{"uv":[5.75,8.125,5.875,8.25],"texture":"#0"},"down":{"uv":[5.75,8.125,5.875,8.25],"texture":"#0"}}},{"name":"lycanbane_24","from":[10.0625,5,7.8125],"to":[10.1875,5.125,8.1875],"rotation":{"angle":0,"axis":"y","origin":[0.0625,0,7.9375]},"faces":{"north":{"uv":[10.125,8.125,10,8.25],"texture":"#0"},"east":{"uv":[10,8.125,10.125,8.25],"texture":"#0"},"south":{"uv":[10,8.125,10.125,8.25],"texture":"#0"},"west":{"uv":[10,8.125,10.125,8.25],"texture":"#0"},"up":{"uv":[10,8.125,10.125,8.25],"texture":"#0"},"down":{"uv":[10,8.125,10.125,8.25],"texture":"#0"}}},{"name":"lycanbane_25","from":[6.3125,4.75,7.875],"to":[6.8125,5,8.125],"rotation":{"angle":0,"axis":"y","origin":[0.0625,0,7.9375]},"faces":{"north":{"uv":[6.75,8.75,6.25,9],"texture":"#0"},"east":{"uv":[6.625,8.75,6.75,9],"texture":"#0"},"south":{"uv":[6.25,8.75,6.75,9],"texture":"#0"},"west":{"uv":[6.25,8.75,6.375,9],"texture":"#0"},"up":{"uv":[6.25,8.75,6.75,8.875],"texture":"#0"},"down":{"uv":[6.25,8.875,6.75,9],"texture":"#0"}}},{"name":"lycanbane_26","from":[9.1875,4.625,7.875],"to":[9.5625,5,8.125],"rotation":{"angle":0,"axis":"y","origin":[0.0625,0,7.9375]},"faces":{"north":{"uv":[9.5,8.75,9.125,9.125],"texture":"#0"},"east":{"uv":[9.375,8.75,9.5,9.125],"texture":"#0"},"south":{"uv":[9.125,8.75,9.5,9.125],"texture":"#0"},"west":{"uv":[9.125,8.75,9.25,9.125],"texture":"#0"},"up":{"uv":[9.125,8.75,9.5,8.875],"texture":"#0"},"down":{"uv":[9.125,9,9.5,9.125],"texture":"#0"}}},{"name":"lycanbane_27","from":[9.5625,4.75,7.875],"to":[9.6875,5,8.125],"rotation":{"angle":0,"axis":"y","origin":[0.0625,0,7.9375]},"faces":{"north":{"uv":[9.625,8.75,9.5,9],"texture":"#0"},"east":{"uv":[9.5,8.75,9.625,9],"texture":"#0"},"south":{"uv":[9.5,8.75,9.625,9],"texture":"#0"},"west":{"uv":[9.5,8.75,9.625,9],"texture":"#0"},"up":{"uv":[9.5,8.75,9.625,8.875],"texture":"#0"},"down":{"uv":[9.5,8.875,9.625,9],"texture":"#0"}}},{"name":"lycanbane_28","from":[6.8125,4.25,7.875],"to":[6.9375,4.875,8.125],"rotation":{"angle":0,"axis":"y","origin":[0.0625,0,7.9375]},"faces":{"north":{"uv":[6.875,8.875,6.75,9.5],"texture":"#0"},"east":{"uv":[6.75,8.875,6.875,9.5],"texture":"#0"},"south":{"uv":[6.75,8.875,6.875,9.5],"texture":"#0"},"west":{"uv":[6.75,8.875,6.875,9.5],"texture":"#0"},"up":{"uv":[6.75,8.875,6.875,9],"texture":"#0"},"down":{"uv":[6.75,9.375,6.875,9.5],"texture":"#0"}}},{"name":"lycanbane_29","from":[9.0625,4.25,7.875],"to":[9.1875,4.875,8.125],"rotation":{"angle":0,"axis":"y","origin":[0.0625,0,7.9375]},"faces":{"north":{"uv":[9.125,8.875,9,9.5],"texture":"#0"},"east":{"uv":[9,8.875,9.125,9.5],"texture":"#0"},"south":{"uv":[9,8.875,9.125,9.5],"texture":"#0"},"west":{"uv":[9,8.875,9.125,9.5],"texture":"#0"},"up":{"uv":[9,8.875,9.125,9],"texture":"#0"},"down":{"uv":[9,9.375,9.125,9.5],"texture":"#0"}}},{"name":"lycanbane_30","from":[6.4375,4.625,7.875],"to":[6.8125,4.75,8.125],"rotation":{"angle":0,"axis":"y","origin":[0.0625,0,7.9375]},"faces":{"north":{"uv":[6.75,9,6.375,9.125],"texture":"#0"},"east":{"uv":[6.625,9,6.75,9.125],"texture":"#0"},"south":{"uv":[6.375,9,6.75,9.125],"texture":"#0"},"west":{"uv":[6.375,9,6.5,9.125],"texture":"#0"},"up":{"uv":[6.375,9,6.75,9.125],"texture":"#0"},"down":{"uv":[6.375,9,6.75,9.125],"texture":"#0"}}},{"name":"lycanbane_31","from":[6.9375,4.125,7.875],"to":[7.0625,4.75,8.125],"rotation":{"angle":0,"axis":"y","origin":[0.0625,0,7.9375]},"faces":{"north":{"uv":[7,9,6.875,9.625],"texture":"#0"},"east":{"uv":[6.875,9,7,9.625],"texture":"#0"},"south":{"uv":[6.875,9,7,9.625],"texture":"#0"},"west":{"uv":[6.875,9,7,9.625],"texture":"#0"},"up":{"uv":[6.875,9,7,9.125],"texture":"#0"},"down":{"uv":[6.875,9.5,7,9.625],"texture":"#0"}}},{"name":"lycanbane_32","from":[8.9375,4.125,7.875],"to":[9.0625,4.75,8.125],"rotation":{"angle":0,"axis":"y","origin":[0.0625,0,7.9375]},"faces":{"north":{"uv":[9,9,8.875,9.625],"texture":"#0"},"east":{"uv":[8.875,9,9,9.625],"texture":"#0"},"south":{"uv":[8.875,9,9,9.625],"texture":"#0"},"west":{"uv":[8.875,9,9,9.625],"texture":"#0"},"up":{"uv":[8.875,9,9,9.125],"texture":"#0"},"down":{"uv":[8.875,9.5,9,9.625],"texture":"#0"}}},{"name":"lycanbane_33","from":[6.5625,4.5,7.875],"to":[6.8125,4.625,8.125],"rotation":{"angle":0,"axis":"y","origin":[0.0625,0,7.9375]},"faces":{"north":{"uv":[6.75,9.125,6.5,9.25],"texture":"#0"},"east":{"uv":[6.625,9.125,6.75,9.25],"texture":"#0"},"south":{"uv":[6.5,9.125,6.75,9.25],"texture":"#0"},"west":{"uv":[6.5,9.125,6.625,9.25],"texture":"#0"},"up":{"uv":[6.5,9.125,6.75,9.25],"texture":"#0"},"down":{"uv":[6.5,9.125,6.75,9.25],"texture":"#0"}}},{"name":"lycanbane_34","from":[7.0625,4,7.875],"to":[7.3125,4.625,8.125],"rotation":{"angle":0,"axis":"y","origin":[0.0625,0,7.9375]},"faces":{"north":{"uv":[7.25,9.125,7,9.75],"texture":"#0"},"east":{"uv":[7.125,9.125,7.25,9.75],"texture":"#0"},"south":{"uv":[7,9.125,7.25,9.75],"texture":"#0"},"west":{"uv":[7,9.125,7.125,9.75],"texture":"#0"},"up":{"uv":[7,9.125,7.25,9.25],"texture":"#0"},"down":{"uv":[7,9.625,7.25,9.75],"texture":"#0"}}},{"name":"lycanbane_35","from":[8.6875,4,7.875],"to":[8.9375,4.625,8.125],"rotation":{"angle":0,"axis":"y","origin":[0.0625,0,7.9375]},"faces":{"north":{"uv":[8.875,9.125,8.625,9.75],"texture":"#0"},"east":{"uv":[8.75,9.125,8.875,9.75],"texture":"#0"},"south":{"uv":[8.625,9.125,8.875,9.75],"texture":"#0"},"west":{"uv":[8.625,9.125,8.75,9.75],"texture":"#0"},"up":{"uv":[8.625,9.125,8.875,9.25],"texture":"#0"},"down":{"uv":[8.625,9.625,8.875,9.75],"texture":"#0"}}},{"name":"lycanbane_36","from":[9.1875,4.5,7.875],"to":[9.4375,4.625,8.125],"rotation":{"angle":0,"axis":"y","origin":[0.0625,0,7.9375]},"faces":{"north":{"uv":[9.375,9.125,9.125,9.25],"texture":"#0"},"east":{"uv":[9.25,9.125,9.375,9.25],"texture":"#0"},"south":{"uv":[9.125,9.125,9.375,9.25],"texture":"#0"},"west":{"uv":[9.125,9.125,9.25,9.25],"texture":"#0"},"up":{"uv":[9.125,9.125,9.375,9.25],"texture":"#0"},"down":{"uv":[9.125,9.125,9.375,9.25],"texture":"#0"}}},{"name":"lycanbane_37","from":[6.6875,4.375,7.875],"to":[6.8125,4.5,8.125],"rotation":{"angle":0,"axis":"y","origin":[0.0625,0,7.9375]},"faces":{"north":{"uv":[6.75,9.25,6.625,9.375],"texture":"#0"},"east":{"uv":[6.625,9.25,6.75,9.375],"texture":"#0"},"south":{"uv":[6.625,9.25,6.75,9.375],"texture":"#0"},"west":{"uv":[6.625,9.25,6.75,9.375],"texture":"#0"},"up":{"uv":[6.625,9.25,6.75,9.375],"texture":"#0"},"down":{"uv":[6.625,9.25,6.75,9.375],"texture":"#0"}}},{"name":"lycanbane_38","from":[9.1875,4.375,7.875],"to":[9.3125,4.5,8.125],"rotation":{"angle":0,"axis":"y","origin":[0.0625,0,7.9375]},"faces":{"north":{"uv":[9.25,9.25,9.125,9.375],"texture":"#0"},"east":{"uv":[9.125,9.25,9.25,9.375],"texture":"#0"},"south":{"uv":[9.125,9.25,9.25,9.375],"texture":"#0"},"west":{"uv":[9.125,9.25,9.25,9.375],"texture":"#0"},"up":{"uv":[9.125,9.25,9.25,9.375],"texture":"#0"},"down":{"uv":[9.125,9.25,9.25,9.375],"texture":"#0"}}},{"name":"lycanbane_39","from":[7.1875,3.875,7.8125],"to":[7.3125,4,8.1875],"rotation":{"angle":0,"axis":"y","origin":[0.0625,0,7.9375]},"faces":{"north":{"uv":[7.25,9.75,7.125,9.875],"texture":"#0"},"east":{"uv":[7.125,9.75,7.25,9.875],"texture":"#0"},"south":{"uv":[7.125,9.75,7.25,9.875],"texture":"#0"},"west":{"uv":[7.125,9.75,7.25,9.875],"texture":"#0"},"up":{"uv":[7.125,9.75,7.25,9.875],"texture":"#0"},"down":{"uv":[7.125,9.75,7.25,9.875],"texture":"#0"}}},{"name":"lycanbane_40","from":[8.6875,3.875,7.875],"to":[8.8125,4,8.125],"rotation":{"angle":0,"axis":"y","origin":[0.0625,0,7.9375]},"faces":{"north":{"uv":[8.75,9.75,8.625,9.875],"texture":"#0"},"east":{"uv":[8.625,9.75,8.75,9.875],"texture":"#0"},"south":{"uv":[8.625,9.75,8.75,9.875],"texture":"#0"},"west":{"uv":[8.625,9.75,8.75,9.875],"texture":"#0"},"up":{"uv":[8.625,9.75,8.75,9.875],"texture":"#0"},"down":{"uv":[8.625,9.75,8.75,9.875],"texture":"#0"}}},{"name":"lycanbane_41","from":[7.9375,4,7.6875],"to":[8.0625,5,8.3125],"rotation":{"angle":0,"axis":"y","origin":[0.0625,0,7.9375]},"faces":{"north":{"uv":[8,10,7.875,11],"texture":"#0"},"east":{"uv":[7.875,10,8,11],"texture":"#0"},"south":{"uv":[7.875,10,8,11],"texture":"#0"},"west":{"uv":[7.875,10,8,11],"texture":"#0"},"up":{"uv":[7.875,10,8,10.125],"texture":"#0"},"down":{"uv":[7.875,10.875,8,11],"texture":"#0"}}},{"name":"lycanbane_42","from":[7.8125,4.125,7.6875],"to":[7.9375,4.875,8.3125],"rotation":{"angle":0,"axis":"y","origin":[0.0625,0,7.9375]},"faces":{"north":{"uv":[7.875,10.125,7.75,10.875],"texture":"#0"},"east":{"uv":[7.75,10.125,7.875,10.875],"texture":"#0"},"south":{"uv":[7.75,10.125,7.875,10.875],"texture":"#0"},"west":{"uv":[7.75,10.125,7.875,10.875],"texture":"#0"},"up":{"uv":[7.75,10.125,7.875,10.25],"texture":"#0"},"down":{"uv":[7.75,10.75,7.875,10.875],"texture":"#0"}}},{"name":"lycanbane_43","from":[8.0625,4.125,7.6875],"to":[8.1875,4.875,8.3125],"rotation":{"angle":0,"axis":"y","origin":[0.0625,0,7.9375]},"faces":{"north":{"uv":[8.125,10.125,8,10.875],"texture":"#0"},"east":{"uv":[8,10.125,8.125,10.875],"texture":"#0"},"south":{"uv":[8,10.125,8.125,10.875],"texture":"#0"},"west":{"uv":[8,10.125,8.125,10.875],"texture":"#0"},"up":{"uv":[8,10.125,8.125,10.25],"texture":"#0"},"down":{"uv":[8,10.75,8.125,10.875],"texture":"#0"}}},{"name":"lycanbane_44","from":[7.6875,4.25,7.6875],"to":[7.8125,4.75,8.3125],"rotation":{"angle":0,"axis":"y","origin":[0.0625,0,7.9375]},"faces":{"north":{"uv":[7.75,10.25,7.625,10.75],"texture":"#0"},"east":{"uv":[7.625,10.25,7.75,10.75],"texture":"#0"},"south":{"uv":[7.625,10.25,7.75,10.75],"texture":"#0"},"west":{"uv":[7.625,10.25,7.75,10.75],"texture":"#0"},"up":{"uv":[7.625,10.25,7.75,10.375],"texture":"#0"},"down":{"uv":[7.625,10.625,7.75,10.75],"texture":"#0"}}},{"name":"lycanbane_45","from":[8.1875,4.25,7.6875],"to":[8.3125,4.75,8.3125],"rotation":{"angle":0,"axis":"y","origin":[0.0625,0,7.9375]},"faces":{"north":{"uv":[8.25,10.25,8.125,10.75],"texture":"#0"},"east":{"uv":[8.125,10.25,8.25,10.75],"texture":"#0"},"south":{"uv":[8.125,10.25,8.25,10.75],"texture":"#0"},"west":{"uv":[8.125,10.25,8.25,10.75],"texture":"#0"},"up":{"uv":[8.125,10.25,8.25,10.375],"texture":"#0"},"down":{"uv":[8.125,10.625,8.25,10.75],"texture":"#0"}}},{"name":"lycanbane_46","from":[7.3125,5.5,7.96875],"to":[7.4375,5.75,8.03125],"rotation":{"angle":0,"axis":"y","origin":[0.0625,0,7.9375]},"faces":{"north":{"uv":[13.625,10.25,13.5,10.5],"texture":"#0"},"east":{"uv":[13.5,10.25,13.625,10.5],"texture":"#0"},"south":{"uv":[13.5,10.25,13.625,10.5],"texture":"#0"},"west":{"uv":[13.5,10.25,13.625,10.5],"texture":"#0"},"up":{"uv":[13.5,10.25,13.625,10.375],"texture":"#0"},"down":{"uv":[13.5,10.375,13.625,10.5],"texture":"#0"}}},{"name":"lycanbane_47","from":[8.5625,5.5,7.96875],"to":[8.6875,5.75,8.03125],"rotation":{"angle":0,"axis":"y","origin":[0.0625,0,7.9375]},"faces":{"north":{"uv":[14.875,10.25,14.75,10.5],"texture":"#0"},"east":{"uv":[14.75,10.25,14.875,10.5],"texture":"#0"},"south":{"uv":[14.75,10.25,14.875,10.5],"texture":"#0"},"west":{"uv":[14.75,10.25,14.875,10.5],"texture":"#0"},"up":{"uv":[14.75,10.25,14.875,10.375],"texture":"#0"},"down":{"uv":[14.75,10.375,14.875,10.5],"texture":"#0"}}},{"name":"lycanbane_48","from":[7.5625,5,7.90625],"to":[7.6875,5.625,8.09375],"rotation":{"angle":0,"axis":"y","origin":[0.0625,0,7.9375]},"faces":{"north":{"uv":[1.375,10.375,1.25,11],"texture":"#0"},"east":{"uv":[1.25,10.375,1.375,11],"texture":"#0"},"south":{"uv":[1.25,10.375,1.375,11],"texture":"#0"},"west":{"uv":[1.25,10.375,1.375,11],"texture":"#0"},"up":{"uv":[1.25,10.375,1.375,10.5],"texture":"#0"},"down":{"uv":[1.25,10.875,1.375,11],"texture":"#0"}}},{"name":"lycanbane_49","from":[8.3125,5,7.90625],"to":[8.4375,5.625,8.09375],"rotation":{"angle":0,"axis":"y","origin":[0.0625,0,7.9375]},"faces":{"north":{"uv":[2.125,10.375,2,11],"texture":"#0"},"east":{"uv":[2,10.375,2.125,11],"texture":"#0"},"south":{"uv":[2,10.375,2.125,11],"texture":"#0"},"west":{"uv":[2,10.375,2.125,11],"texture":"#0"},"up":{"uv":[2,10.375,2.125,10.5],"texture":"#0"},"down":{"uv":[2,10.875,2.125,11],"texture":"#0"}}},{"name":"lycanbane_50","from":[7.4375,5.5,7.9375],"to":[7.5625,5.625,8.0625],"rotation":{"angle":0,"axis":"y","origin":[0.0625,0,7.9375]},"faces":{"north":{"uv":[4.25,10.375,4.125,10.5],"texture":"#0"},"east":{"uv":[4.125,10.375,4.25,10.5],"texture":"#0"},"south":{"uv":[4.125,10.375,4.25,10.5],"texture":"#0"},"west":{"uv":[4.125,10.375,4.25,10.5],"texture":"#0"},"up":{"uv":[4.125,10.375,4.25,10.5],"texture":"#0"},"down":{"uv":[4.125,10.375,4.25,10.5],"texture":"#0"}}},{"name":"lycanbane_51","from":[8.4375,5.5,7.9375],"to":[8.5625,5.625,8.0625],"rotation":{"angle":0,"axis":"y","origin":[0.0625,0,7.9375]},"faces":{"north":{"uv":[5.25,10.375,5.125,10.5],"texture":"#0"},"east":{"uv":[5.125,10.375,5.25,10.5],"texture":"#0"},"south":{"uv":[5.125,10.375,5.25,10.5],"texture":"#0"},"west":{"uv":[5.125,10.375,5.25,10.5],"texture":"#0"},"up":{"uv":[5.125,10.375,5.25,10.5],"texture":"#0"},"down":{"uv":[5.125,10.375,5.25,10.5],"texture":"#0"}}},{"name":"lycanbane_52","from":[7.3125,4.25,7.875],"to":[7.4375,4.625,8.125],"rotation":{"angle":0,"axis":"y","origin":[0.0625,0,7.9375]},"faces":{"north":{"uv":[7.375,10.375,7.25,10.75],"texture":"#0"},"east":{"uv":[7.25,10.375,7.375,10.75],"texture":"#0"},"south":{"uv":[7.25,10.375,7.375,10.75],"texture":"#0"},"west":{"uv":[7.25,10.375,7.375,10.75],"texture":"#0"},"up":{"uv":[7.25,10.375,7.375,10.5],"texture":"#0"},"down":{"uv":[7.25,10.625,7.375,10.75],"texture":"#0"}}},{"name":"lycanbane_53","from":[8.5625,4.25,7.875],"to":[8.6875,4.625,8.125],"rotation":{"angle":0,"axis":"y","origin":[0.0625,0,7.9375]},"faces":{"north":{"uv":[8.625,10.375,8.5,10.75],"texture":"#0"},"east":{"uv":[8.5,10.375,8.625,10.75],"texture":"#0"},"south":{"uv":[8.5,10.375,8.625,10.75],"texture":"#0"},"west":{"uv":[8.5,10.375,8.625,10.75],"texture":"#0"},"up":{"uv":[8.5,10.375,8.625,10.5],"texture":"#0"},"down":{"uv":[8.5,10.625,8.625,10.75],"texture":"#0"}}},{"name":"lycanbane_54","from":[7.1875,5.375,7.96875],"to":[7.3125,5.625,8.03125],"rotation":{"angle":0,"axis":"y","origin":[0.0625,0,7.9375]},"faces":{"north":{"uv":[13.5,10.375,13.375,10.625],"texture":"#0"},"east":{"uv":[13.375,10.375,13.5,10.625],"texture":"#0"},"south":{"uv":[13.375,10.375,13.5,10.625],"texture":"#0"},"west":{"uv":[13.375,10.375,13.5,10.625],"texture":"#0"},"up":{"uv":[13.375,10.375,13.5,10.5],"texture":"#0"},"down":{"uv":[13.375,10.5,13.5,10.625],"texture":"#0"}}},{"name":"lycanbane_55","from":[8.6875,5.375,7.96875],"to":[8.8125,5.625,8.03125],"rotation":{"angle":0,"axis":"y","origin":[0.0625,0,7.9375]},"faces":{"north":{"uv":[15,10.375,14.875,10.625],"texture":"#0"},"east":{"uv":[14.875,10.375,15,10.625],"texture":"#0"},"south":{"uv":[14.875,10.375,15,10.625],"texture":"#0"},"west":{"uv":[14.875,10.375,15,10.625],"texture":"#0"},"up":{"uv":[14.875,10.375,15,10.5],"texture":"#0"},"down":{"uv":[14.875,10.5,15,10.625],"texture":"#0"}}},{"name":"lycanbane_56","from":[7.4375,5.125,7.90625],"to":[7.5625,5.5,8.09375],"rotation":{"angle":0,"axis":"y","origin":[0.0625,0,7.9375]},"faces":{"north":{"uv":[1.25,10.5,1.125,10.875],"texture":"#0"},"east":{"uv":[1.125,10.5,1.25,10.875],"texture":"#0"},"south":{"uv":[1.125,10.5,1.25,10.875],"texture":"#0"},"west":{"uv":[1.125,10.5,1.25,10.875],"texture":"#0"},"up":{"uv":[1.125,10.5,1.25,10.625],"texture":"#0"},"down":{"uv":[1.125,10.75,1.25,10.875],"texture":"#0"}}},{"name":"lycanbane_57","from":[8.4375,5.125,7.90625],"to":[8.5625,5.5,8.09375],"rotation":{"angle":0,"axis":"y","origin":[0.0625,0,7.9375]},"faces":{"north":{"uv":[2.25,10.5,2.125,10.875],"texture":"#0"},"east":{"uv":[2.125,10.5,2.25,10.875],"texture":"#0"},"south":{"uv":[2.125,10.5,2.25,10.875],"texture":"#0"},"west":{"uv":[2.125,10.5,2.25,10.875],"texture":"#0"},"up":{"uv":[2.125,10.5,2.25,10.625],"texture":"#0"},"down":{"uv":[2.125,10.75,2.25,10.875],"texture":"#0"}}},{"name":"lycanbane_58","from":[7.3125,5.375,7.9375],"to":[7.4375,5.5,8.0625],"rotation":{"angle":0,"axis":"y","origin":[0.0625,0,7.9375]},"faces":{"north":{"uv":[4.125,10.5,4,10.625],"texture":"#0"},"east":{"uv":[4,10.5,4.125,10.625],"texture":"#0"},"south":{"uv":[4,10.5,4.125,10.625],"texture":"#0"},"west":{"uv":[4,10.5,4.125,10.625],"texture":"#0"},"up":{"uv":[4,10.5,4.125,10.625],"texture":"#0"},"down":{"uv":[4,10.5,4.125,10.625],"texture":"#0"}}},{"name":"lycanbane_59","from":[8.5625,5.375,7.9375],"to":[8.6875,5.5,8.0625],"rotation":{"angle":0,"axis":"y","origin":[0.0625,0,7.9375]},"faces":{"north":{"uv":[5.375,10.5,5.25,10.625],"texture":"#0"},"east":{"uv":[5.25,10.5,5.375,10.625],"texture":"#0"},"south":{"uv":[5.25,10.5,5.375,10.625],"texture":"#0"},"west":{"uv":[5.25,10.5,5.375,10.625],"texture":"#0"},"up":{"uv":[5.25,10.5,5.375,10.625],"texture":"#0"},"down":{"uv":[5.25,10.5,5.375,10.625],"texture":"#0"}}},{"name":"lycanbane_60","from":[7.0625,5.125,7.96875],"to":[7.1875,5.5,8.03125],"rotation":{"angle":0,"axis":"y","origin":[0.0625,0,7.9375]},"faces":{"north":{"uv":[13.375,10.5,13.25,10.875],"texture":"#0"},"east":{"uv":[13.25,10.5,13.375,10.875],"texture":"#0"},"south":{"uv":[13.25,10.5,13.375,10.875],"texture":"#0"},"west":{"uv":[13.25,10.5,13.375,10.875],"texture":"#0"},"up":{"uv":[13.25,10.5,13.375,10.625],"texture":"#0"},"down":{"uv":[13.25,10.75,13.375,10.875],"texture":"#0"}}},{"name":"lycanbane_61","from":[8.8125,5.125,7.96875],"to":[8.9375,5.5,8.03125],"rotation":{"angle":0,"axis":"y","origin":[0.0625,0,7.9375]},"faces":{"north":{"uv":[15.125,10.5,15,10.875],"texture":"#0"},"east":{"uv":[15,10.5,15.125,10.875],"texture":"#0"},"south":{"uv":[15,10.5,15.125,10.875],"texture":"#0"},"west":{"uv":[15,10.5,15.125,10.875],"texture":"#0"},"up":{"uv":[15,10.5,15.125,10.625],"texture":"#0"},"down":{"uv":[15,10.75,15.125,10.875],"texture":"#0"}}},{"name":"lycanbane_62","from":[7.3125,5.25,7.90625],"to":[7.4375,5.375,8.09375],"rotation":{"angle":0,"axis":"y","origin":[0.0625,0,7.9375]},"faces":{"north":{"uv":[1.125,10.625,1,10.75],"texture":"#0"},"east":{"uv":[1,10.625,1.125,10.75],"texture":"#0"},"south":{"uv":[1,10.625,1.125,10.75],"texture":"#0"},"west":{"uv":[1,10.625,1.125,10.75],"texture":"#0"},"up":{"uv":[1,10.625,1.125,10.75],"texture":"#0"},"down":{"uv":[1,10.625,1.125,10.75],"texture":"#0"}}},{"name":"lycanbane_63","from":[8.5625,5.25,7.90625],"to":[8.6875,5.375,8.09375],"rotation":{"angle":0,"axis":"y","origin":[0.0625,0,7.9375]},"faces":{"north":{"uv":[2.375,10.625,2.25,10.75],"texture":"#0"},"east":{"uv":[2.25,10.625,2.375,10.75],"texture":"#0"},"south":{"uv":[2.25,10.625,2.375,10.75],"texture":"#0"},"west":{"uv":[2.25,10.625,2.375,10.75],"texture":"#0"},"up":{"uv":[2.25,10.625,2.375,10.75],"texture":"#0"},"down":{"uv":[2.25,10.625,2.375,10.75],"texture":"#0"}}},{"name":"lycanbane_64","from":[7.1875,5.25,7.9375],"to":[7.3125,5.375,8.0625],"rotation":{"angle":0,"axis":"y","origin":[0.0625,0,7.9375]},"faces":{"north":{"uv":[4,10.625,3.875,10.75],"texture":"#0"},"east":{"uv":[3.875,10.625,4,10.75],"texture":"#0"},"south":{"uv":[3.875,10.625,4,10.75],"texture":"#0"},"west":{"uv":[3.875,10.625,4,10.75],"texture":"#0"},"up":{"uv":[3.875,10.625,4,10.75],"texture":"#0"},"down":{"uv":[3.875,10.625,4,10.75],"texture":"#0"}}},{"name":"lycanbane_65","from":[8.6875,5.25,7.9375],"to":[8.8125,5.375,8.0625],"rotation":{"angle":0,"axis":"y","origin":[0.0625,0,7.9375]},"faces":{"north":{"uv":[5.5,10.625,5.375,10.75],"texture":"#0"},"east":{"uv":[5.375,10.625,5.5,10.75],"texture":"#0"},"south":{"uv":[5.375,10.625,5.5,10.75],"texture":"#0"},"west":{"uv":[5.375,10.625,5.5,10.75],"texture":"#0"},"up":{"uv":[5.375,10.625,5.5,10.75],"texture":"#0"},"down":{"uv":[5.375,10.625,5.5,10.75],"texture":"#0"}}},{"name":"lycanbane_66","from":[6.9375,5.25,7.96875],"to":[7.0625,5.375,8.03125],"rotation":{"angle":0,"axis":"y","origin":[0.0625,0,7.9375]},"faces":{"north":{"uv":[13.25,10.625,13.125,10.75],"texture":"#0"},"east":{"uv":[13.125,10.625,13.25,10.75],"texture":"#0"},"south":{"uv":[13.125,10.625,13.25,10.75],"texture":"#0"},"west":{"uv":[13.125,10.625,13.25,10.75],"texture":"#0"},"up":{"uv":[13.125,10.625,13.25,10.75],"texture":"#0"},"down":{"uv":[13.125,10.625,13.25,10.75],"texture":"#0"}}},{"name":"lycanbane_67","from":[8.9375,5.25,7.96875],"to":[9.0625,5.375,8.03125],"rotation":{"angle":0,"axis":"y","origin":[0.0625,0,7.9375]},"faces":{"north":{"uv":[15.25,10.625,15.125,10.75],"texture":"#0"},"east":{"uv":[15.125,10.625,15.25,10.75],"texture":"#0"},"south":{"uv":[15.125,10.625,15.25,10.75],"texture":"#0"},"west":{"uv":[15.125,10.625,15.25,10.75],"texture":"#0"},"up":{"uv":[15.125,10.625,15.25,10.75],"texture":"#0"},"down":{"uv":[15.125,10.625,15.25,10.75],"texture":"#0"}}},{"name":"lycanbane_68","from":[7.3125,5.125,7.9375],"to":[7.4375,5.25,8.0625],"rotation":{"angle":0,"axis":"y","origin":[0.0625,0,7.9375]},"faces":{"north":{"uv":[4.125,10.75,4,10.875],"texture":"#0"},"east":{"uv":[4,10.75,4.125,10.875],"texture":"#0"},"south":{"uv":[4,10.75,4.125,10.875],"texture":"#0"},"west":{"uv":[4,10.75,4.125,10.875],"texture":"#0"},"up":{"uv":[4,10.75,4.125,10.875],"texture":"#0"},"down":{"uv":[4,10.75,4.125,10.875],"texture":"#0"}}},{"name":"lycanbane_69","from":[8.5625,5.125,7.9375],"to":[8.6875,5.25,8.0625],"rotation":{"angle":0,"axis":"y","origin":[0.0625,0,7.9375]},"faces":{"north":{"uv":[5.375,10.75,5.25,10.875],"texture":"#0"},"east":{"uv":[5.25,10.75,5.375,10.875],"texture":"#0"},"south":{"uv":[5.25,10.75,5.375,10.875],"texture":"#0"},"west":{"uv":[5.25,10.75,5.375,10.875],"texture":"#0"},"up":{"uv":[5.25,10.75,5.375,10.875],"texture":"#0"},"down":{"uv":[5.25,10.75,5.375,10.875],"texture":"#0"}}},{"name":"lycanbane_70","from":[7.1875,5,7.96875],"to":[7.3125,5.25,8.03125],"rotation":{"angle":0,"axis":"y","origin":[0.0625,0,7.9375]},"faces":{"north":{"uv":[13.5,10.75,13.375,11],"texture":"#0"},"east":{"uv":[13.375,10.75,13.5,11],"texture":"#0"},"south":{"uv":[13.375,10.75,13.5,11],"texture":"#0"},"west":{"uv":[13.375,10.75,13.5,11],"texture":"#0"},"up":{"uv":[13.375,10.75,13.5,10.875],"texture":"#0"},"down":{"uv":[13.375,10.875,13.5,11],"texture":"#0"}}},{"name":"lycanbane_71","from":[8.6875,5,7.96875],"to":[8.8125,5.25,8.03125],"rotation":{"angle":0,"axis":"y","origin":[0.0625,0,7.9375]},"faces":{"north":{"uv":[15,10.75,14.875,11],"texture":"#0"},"east":{"uv":[14.875,10.75,15,11],"texture":"#0"},"south":{"uv":[14.875,10.75,15,11],"texture":"#0"},"west":{"uv":[14.875,10.75,15,11],"texture":"#0"},"up":{"uv":[14.875,10.75,15,10.875],"texture":"#0"},"down":{"uv":[14.875,10.875,15,11],"texture":"#0"}}},{"name":"lycanbane_72","from":[7.4375,5,7.9375],"to":[7.5625,5.125,8.0625],"rotation":{"angle":0,"axis":"y","origin":[0.0625,0,7.9375]},"faces":{"north":{"uv":[4.25,10.875,4.125,11],"texture":"#0"},"east":{"uv":[4.125,10.875,4.25,11],"texture":"#0"},"south":{"uv":[4.125,10.875,4.25,11],"texture":"#0"},"west":{"uv":[4.125,10.875,4.25,11],"texture":"#0"},"up":{"uv":[4.125,10.875,4.25,11],"texture":"#0"},"down":{"uv":[4.125,10.875,4.25,11],"texture":"#0"}}},{"name":"lycanbane_73","from":[8.4375,5,7.9375],"to":[8.5625,5.125,8.0625],"rotation":{"angle":0,"axis":"y","origin":[0.0625,0,7.9375]},"faces":{"north":{"uv":[5.25,10.875,5.125,11],"texture":"#0"},"east":{"uv":[5.125,10.875,5.25,11],"texture":"#0"},"south":{"uv":[5.125,10.875,5.25,11],"texture":"#0"},"west":{"uv":[5.125,10.875,5.25,11],"texture":"#0"},"up":{"uv":[5.125,10.875,5.25,11],"texture":"#0"},"down":{"uv":[5.125,10.875,5.25,11],"texture":"#0"}}},{"name":"lycanbane_74","from":[7.3125,4.875,7.96875],"to":[7.4375,5.125,8.03125],"rotation":{"angle":0,"axis":"y","origin":[0.0625,0,7.9375]},"faces":{"north":{"uv":[13.625,10.875,13.5,11.125],"texture":"#0"},"east":{"uv":[13.5,10.875,13.625,11.125],"texture":"#0"},"south":{"uv":[13.5,10.875,13.625,11.125],"texture":"#0"},"west":{"uv":[13.5,10.875,13.625,11.125],"texture":"#0"},"up":{"uv":[13.5,10.875,13.625,11],"texture":"#0"},"down":{"uv":[13.5,11,13.625,11.125],"texture":"#0"}}},{"name":"lycanbane_75","from":[8.5625,4.875,7.96875],"to":[8.6875,5.125,8.03125],"rotation":{"angle":0,"axis":"y","origin":[0.0625,0,7.9375]},"faces":{"north":{"uv":[14.875,10.875,14.75,11.125],"texture":"#0"},"east":{"uv":[14.75,10.875,14.875,11.125],"texture":"#0"},"south":{"uv":[14.75,10.875,14.875,11.125],"texture":"#0"},"west":{"uv":[14.75,10.875,14.875,11.125],"texture":"#0"},"up":{"uv":[14.75,10.875,14.875,11],"texture":"#0"},"down":{"uv":[14.75,11,14.875,11.125],"texture":"#0"}}},{"name":"lycanbane_76","from":[7.5625,4.625,7.9375],"to":[7.6875,5,8.0625],"rotation":{"angle":0,"axis":"y","origin":[0.0625,0,7.9375]},"faces":{"north":{"uv":[4.375,11,4.25,11.375],"texture":"#0"},"east":{"uv":[4.25,11,4.375,11.375],"texture":"#0"},"south":{"uv":[4.25,11,4.375,11.375],"texture":"#0"},"west":{"uv":[4.25,11,4.375,11.375],"texture":"#0"},"up":{"uv":[4.25,11,4.375,11.125],"texture":"#0"},"down":{"uv":[4.25,11.25,4.375,11.375],"texture":"#0"}}},{"name":"lycanbane_77","from":[8.3125,4.625,7.9375],"to":[8.4375,5,8.0625],"rotation":{"angle":0,"axis":"y","origin":[0.0625,0,7.9375]},"faces":{"north":{"uv":[5.125,11,5,11.375],"texture":"#0"},"east":{"uv":[5,11,5.125,11.375],"texture":"#0"},"south":{"uv":[5,11,5.125,11.375],"texture":"#0"},"west":{"uv":[5,11,5.125,11.375],"texture":"#0"},"up":{"uv":[5,11,5.125,11.125],"texture":"#0"},"down":{"uv":[5,11.25,5.125,11.375],"texture":"#0"}}},{"name":"lycanbane_78","from":[7.4375,4.625,7.96875],"to":[7.5625,5,8.03125],"rotation":{"angle":0,"axis":"y","origin":[0.0625,0,7.9375]},"faces":{"north":{"uv":[13.75,11,13.625,11.375],"texture":"#0"},"east":{"uv":[13.625,11,13.75,11.375],"texture":"#0"},"south":{"uv":[13.625,11,13.75,11.375],"texture":"#0"},"west":{"uv":[13.625,11,13.75,11.375],"texture":"#0"},"up":{"uv":[13.625,11,13.75,11.125],"texture":"#0"},"down":{"uv":[13.625,11.25,13.75,11.375],"texture":"#0"}}},{"name":"lycanbane_79","from":[8.4375,4.625,7.96875],"to":[8.5625,5,8.03125],"rotation":{"angle":0,"axis":"y","origin":[0.0625,0,7.9375]},"faces":{"north":{"uv":[14.75,11,14.625,11.375],"texture":"#0"},"east":{"uv":[14.625,11,14.75,11.375],"texture":"#0"},"south":{"uv":[14.625,11,14.75,11.375],"texture":"#0"},"west":{"uv":[14.625,11,14.75,11.375],"texture":"#0"},"up":{"uv":[14.625,11,14.75,11.125],"texture":"#0"},"down":{"uv":[14.625,11.25,14.75,11.375],"texture":"#0"}}},{"name":"lycanbane_80","from":[7.4375,4.25,7.75],"to":[7.6875,4.625,8.25],"rotation":{"angle":0,"axis":"y","origin":[0.0625,0,7.9375]},"faces":{"north":{"uv":[7.625,11.375,7.375,11.75],"texture":"#0"},"east":{"uv":[7.5,11.375,7.625,11.75],"texture":"#0"},"south":{"uv":[7.375,11.375,7.625,11.75],"texture":"#0"},"west":{"uv":[7.375,11.375,7.5,11.75],"texture":"#0"},"up":{"uv":[7.375,11.375,7.625,11.5],"texture":"#0"},"down":{"uv":[7.375,11.625,7.625,11.75],"texture":"#0"}}},{"name":"lycanbane_81","from":[8.3125,4.25,7.75],"to":[8.5625,4.625,8.25],"rotation":{"angle":0,"axis":"y","origin":[0.0625,0,7.9375]},"faces":{"north":{"uv":[8.5,11.375,8.25,11.75],"texture":"#0"},"east":{"uv":[8.375,11.375,8.5,11.75],"texture":"#0"},"south":{"uv":[8.25,11.375,8.5,11.75],"texture":"#0"},"west":{"uv":[8.25,11.375,8.375,11.75],"texture":"#0"},"up":{"uv":[8.25,11.375,8.5,11.5],"texture":"#0"},"down":{"uv":[8.25,11.625,8.5,11.75],"texture":"#0"}}},{"name":"lycanbane_82","from":[7.5625,4.125,7.75],"to":[7.8125,4.25,8.25],"rotation":{"angle":0,"axis":"y","origin":[0.0625,0,7.9375]},"faces":{"north":{"uv":[7.75,11.75,7.5,11.875],"texture":"#0"},"east":{"uv":[7.625,11.75,7.75,11.875],"texture":"#0"},"south":{"uv":[7.5,11.75,7.75,11.875],"texture":"#0"},"west":{"uv":[7.5,11.75,7.625,11.875],"texture":"#0"},"up":{"uv":[7.5,11.75,7.75,11.875],"texture":"#0"},"down":{"uv":[7.5,11.75,7.75,11.875],"texture":"#0"}}},{"name":"lycanbane_83","from":[8.1875,4.125,7.75],"to":[8.4375,4.25,8.25],"rotation":{"angle":0,"axis":"y","origin":[0.0625,0,7.9375]},"faces":{"north":{"uv":[8.375,11.75,8.125,11.875],"texture":"#0"},"east":{"uv":[8.25,11.75,8.375,11.875],"texture":"#0"},"south":{"uv":[8.125,11.75,8.375,11.875],"texture":"#0"},"west":{"uv":[8.125,11.75,8.25,11.875],"texture":"#0"},"up":{"uv":[8.125,11.75,8.375,11.875],"texture":"#0"},"down":{"uv":[8.125,11.75,8.375,11.875],"texture":"#0"}}},{"name":"lycanbane_84","from":[7.6875,4,7.75],"to":[7.9375,4.125,8.25],"rotation":{"angle":0,"axis":"y","origin":[0.0625,0,7.9375]},"faces":{"north":{"uv":[7.875,11.875,7.625,12],"texture":"#0"},"east":{"uv":[7.75,11.875,7.875,12],"texture":"#0"},"south":{"uv":[7.625,11.875,7.875,12],"texture":"#0"},"west":{"uv":[7.625,11.875,7.75,12],"texture":"#0"},"up":{"uv":[7.625,11.875,7.875,12],"texture":"#0"},"down":{"uv":[7.625,11.875,7.875,12],"texture":"#0"}}},{"name":"lycanbane_85","from":[8.0625,4,7.75],"to":[8.3125,4.125,8.25],"rotation":{"angle":0,"axis":"y","origin":[0.0625,0,7.9375]},"faces":{"north":{"uv":[8.25,11.875,8,12],"texture":"#0"},"east":{"uv":[8.125,11.875,8.25,12],"texture":"#0"},"south":{"uv":[8,11.875,8.25,12],"texture":"#0"},"west":{"uv":[8,11.875,8.125,12],"texture":"#0"},"up":{"uv":[8,11.875,8.25,12],"texture":"#0"},"down":{"uv":[8,11.875,8.25,12],"texture":"#0"}}},{"name":"lycanbane_86","from":[7.8125,3.875,7.75],"to":[8.1875,4,8.25],"rotation":{"angle":0,"axis":"y","origin":[0.0625,0,7.9375]},"faces":{"north":{"uv":[8.125,12,7.75,12.125],"texture":"#0"},"east":{"uv":[8,12,8.125,12.125],"texture":"#0"},"south":{"uv":[7.75,12,8.125,12.125],"texture":"#0"},"west":{"uv":[7.75,12,7.875,12.125],"texture":"#0"},"up":{"uv":[7.75,12,8.125,12.125],"texture":"#0"},"down":{"uv":[7.75,12,8.125,12.125],"texture":"#0"}}},{"name":"lycanbane_87","from":[7.6875,3.5,7.8125],"to":[7.8125,4,8.1875],"rotation":{"angle":0,"axis":"y","origin":[0.0625,0,7.9375]},"faces":{"north":{"uv":[8.75,12,8.625,12.5],"texture":"#0"},"east":{"uv":[8.625,12,8.75,12.5],"texture":"#0"},"south":{"uv":[8.625,12,8.75,12.5],"texture":"#0"},"west":{"uv":[8.625,12,8.75,12.5],"texture":"#0"},"up":{"uv":[8.625,12,8.75,12.125],"texture":"#0"},"down":{"uv":[8.625,12.375,8.75,12.5],"texture":"#0"}}},{"name":"lycanbane_88","from":[8.1875,3.5,7.8125],"to":[8.3125,4,8.1875],"rotation":{"angle":0,"axis":"y","origin":[0.0625,0,7.9375]},"faces":{"north":{"uv":[9.25,12,9.125,12.5],"texture":"#0"},"east":{"uv":[9.125,12,9.25,12.5],"texture":"#0"},"south":{"uv":[9.125,12,9.25,12.5],"texture":"#0"},"west":{"uv":[9.125,12,9.25,12.5],"texture":"#0"},"up":{"uv":[9.125,12,9.25,12.125],"texture":"#0"},"down":{"uv":[9.125,12.375,9.25,12.5],"texture":"#0"}}},{"name":"lycanbane_89","from":[7.9375,3.75,7.75],"to":[8.0625,3.875,8.25],"rotation":{"angle":0,"axis":"y","origin":[0.0625,0,7.9375]},"faces":{"north":{"uv":[8,12.125,7.875,12.25],"texture":"#0"},"east":{"uv":[7.875,12.125,8,12.25],"texture":"#0"},"south":{"uv":[7.875,12.125,8,12.25],"texture":"#0"},"west":{"uv":[7.875,12.125,8,12.25],"texture":"#0"},"up":{"uv":[7.875,12.125,8,12.25],"texture":"#0"},"down":{"uv":[7.875,12.125,8,12.25],"texture":"#0"}}},{"name":"lycanbane_90","from":[7.8125,3.5,7.8125],"to":[7.9375,3.875,8.1875],"rotation":{"angle":0,"axis":"y","origin":[0.0625,0,7.9375]},"faces":{"north":{"uv":[8.875,12.125,8.75,12.5],"texture":"#0"},"east":{"uv":[8.75,12.125,8.875,12.5],"texture":"#0"},"south":{"uv":[8.75,12.125,8.875,12.5],"texture":"#0"},"west":{"uv":[8.75,12.125,8.875,12.5],"texture":"#0"},"up":{"uv":[8.75,12.125,8.875,12.25],"texture":"#0"},"down":{"uv":[8.75,12.375,8.875,12.5],"texture":"#0"}}},{"name":"lycanbane_91","from":[8.0625,3.5,7.8125],"to":[8.1875,3.875,8.1875],"rotation":{"angle":0,"axis":"y","origin":[0.0625,0,7.9375]},"faces":{"north":{"uv":[9.125,12.125,9,12.5],"texture":"#0"},"east":{"uv":[9,12.125,9.125,12.5],"texture":"#0"},"south":{"uv":[9,12.125,9.125,12.5],"texture":"#0"},"west":{"uv":[9,12.125,9.125,12.5],"texture":"#0"},"up":{"uv":[9,12.125,9.125,12.25],"texture":"#0"},"down":{"uv":[9,12.375,9.125,12.5],"texture":"#0"}}},{"name":"lycanbane_92","from":[7.9375,3.5,7.8125],"to":[8.0625,3.75,8.1875],"rotation":{"angle":0,"axis":"y","origin":[0.0625,0,7.9375]},"faces":{"north":{"uv":[9,12.25,8.875,12.5],"texture":"#0"},"east":{"uv":[8.875,12.25,9,12.5],"texture":"#0"},"south":{"uv":[8.875,12.25,9,12.5],"texture":"#0"},"west":{"uv":[8.875,12.25,9,12.5],"texture":"#0"},"up":{"uv":[8.875,12.25,9,12.375],"texture":"#0"},"down":{"uv":[8.875,12.375,9,12.5],"texture":"#0"}}},{"name":"lycanbane_93","from":[7.8125,1.25,7.8125],"to":[8.1875,3.5,8.1875],"rotation":{"angle":0,"axis":"y","origin":[0.0625,0,7.9375]},"faces":{"north":{"uv":[8.125,12.5,7.75,14.75],"texture":"#0"},"east":{"uv":[8,12.5,8.125,14.75],"texture":"#0"},"south":{"uv":[7.75,12.5,8.125,14.75],"texture":"#0"},"west":{"uv":[7.75,12.5,7.875,14.75],"texture":"#0"},"up":{"uv":[7.75,12.5,8.125,12.625],"texture":"#0"},"down":{"uv":[7.75,14.625,8.125,14.75],"texture":"#0"}}},{"name":"lycanbane_94","from":[7.6875,1,7.75],"to":[8.3125,1.25,8.25],"rotation":{"angle":0,"axis":"y","origin":[0.0625,0,7.9375]},"faces":{"north":{"uv":[9.5,14.75,8.875,15],"texture":"#0"},"east":{"uv":[9.375,14.75,9.5,15],"texture":"#0"},"south":{"uv":[8.875,14.75,9.5,15],"texture":"#0"},"west":{"uv":[8.875,14.75,9,15],"texture":"#0"},"up":{"uv":[8.875,14.75,9.5,14.875],"texture":"#0"},"down":{"uv":[8.875,14.875,9.5,15],"texture":"#0"}}},{"name":"lycanbane_95","from":[7.8125,0.875,7.8125],"to":[8.1875,1,8.1875],"rotation":{"angle":0,"axis":"y","origin":[0.0625,0,7.9375]},"faces":{"north":{"uv":[8.125,15,7.75,15.125],"texture":"#0"},"east":{"uv":[8,15,8.125,15.125],"texture":"#0"},"south":{"uv":[7.75,15,8.125,15.125],"texture":"#0"},"west":{"uv":[7.75,15,7.875,15.125],"texture":"#0"},"up":{"uv":[7.75,15,8.125,15.125],"texture":"#0"},"down":{"uv":[7.75,15,8.125,15.125],"texture":"#0"}}},{"name":"lycanbane_96","from":[7.6875,0.625,7.8125],"to":[7.8125,0.875,8.1875],"rotation":{"angle":0,"axis":"y","origin":[0.0625,0,7.9375]},"faces":{"north":{"uv":[7.75,15.125,7.625,15.375],"texture":"#0"},"east":{"uv":[7.625,15.125,7.75,15.375],"texture":"#0"},"south":{"uv":[7.625,15.125,7.75,15.375],"texture":"#0"},"west":{"uv":[7.625,15.125,7.75,15.375],"texture":"#0"},"up":{"uv":[7.625,15.125,7.75,15.25],"texture":"#0"},"down":{"uv":[7.625,15.25,7.75,15.375],"texture":"#0"}}},{"name":"lycanbane_97","from":[8.1875,0.625,7.8125],"to":[8.3125,0.875,8.1875],"rotation":{"angle":0,"axis":"y","origin":[0.0625,0,7.9375]},"faces":{"north":{"uv":[8.25,15.125,8.125,15.375],"texture":"#0"},"east":{"uv":[8.125,15.125,8.25,15.375],"texture":"#0"},"south":{"uv":[8.125,15.125,8.25,15.375],"texture":"#0"},"west":{"uv":[8.125,15.125,8.25,15.375],"texture":"#0"},"up":{"uv":[8.125,15.125,8.25,15.25],"texture":"#0"},"down":{"uv":[8.125,15.25,8.25,15.375],"texture":"#0"}}},{"name":"lycanbane_98","from":[7.8125,0.25,7.75],"to":[8.1875,0.875,8.25],"rotation":{"angle":0,"axis":"y","origin":[0.0625,0,7.9375]},"faces":{"north":{"uv":[9.375,15.125,9,15.75],"texture":"#0"},"east":{"uv":[9.25,15.125,9.375,15.75],"texture":"#0"},"south":{"uv":[9,15.125,9.375,15.75],"texture":"#0"},"west":{"uv":[9,15.125,9.125,15.75],"texture":"#0"},"up":{"uv":[9,15.125,9.375,15.25],"texture":"#0"},"down":{"uv":[9,15.625,9.375,15.75],"texture":"#0"}}},{"name":"lycanbane_99","from":[7.5625,0.625,7.8125],"to":[7.6875,0.75,8.1875],"rotation":{"angle":0,"axis":"y","origin":[0.0625,0,7.9375]},"faces":{"north":{"uv":[7.625,15.25,7.5,15.375],"texture":"#0"},"east":{"uv":[7.5,15.25,7.625,15.375],"texture":"#0"},"south":{"uv":[7.5,15.25,7.625,15.375],"texture":"#0"},"west":{"uv":[7.5,15.25,7.625,15.375],"texture":"#0"},"up":{"uv":[7.5,15.25,7.625,15.375],"texture":"#0"},"down":{"uv":[7.5,15.25,7.625,15.375],"texture":"#0"}}},{"name":"lycanbane_100","from":[8.3125,0.625,7.8125],"to":[8.4375,0.75,8.1875],"rotation":{"angle":0,"axis":"y","origin":[0.0625,0,7.9375]},"faces":{"north":{"uv":[8.375,15.25,8.25,15.375],"texture":"#0"},"east":{"uv":[8.25,15.25,8.375,15.375],"texture":"#0"},"south":{"uv":[8.25,15.25,8.375,15.375],"texture":"#0"},"west":{"uv":[8.25,15.25,8.375,15.375],"texture":"#0"},"up":{"uv":[8.25,15.25,8.375,15.375],"texture":"#0"},"down":{"uv":[8.25,15.25,8.375,15.375],"texture":"#0"}}},{"name":"lycanbane_101","from":[7.9375,0,7.75],"to":[8.0625,0.25,8.25],"rotation":{"angle":0,"axis":"y","origin":[0.0625,0,7.9375]},"faces":{"north":{"uv":[9.25,15.75,9.125,16],"texture":"#0"},"east":{"uv":[9.125,15.75,9.25,16],"texture":"#0"},"south":{"uv":[9.125,15.75,9.25,16],"texture":"#0"},"west":{"uv":[9.125,15.75,9.25,16],"texture":"#0"},"up":{"uv":[9.125,15.75,9.25,15.875],"texture":"#0"},"down":{"uv":[9.125,15.875,9.25,16],"texture":"#0"}}}],"gui_light":"front","display":{"thirdperson_righthand":{"rotation":[0,-90,0],"translation":[0,10.75,1.5],"scale":[2.4,2.4,2.4]},"thirdperson_lefthand":{"rotation":[0,-90,0],"translation":[0,10.75,1.5],"scale":[2.4,2.4,2.4]},"firstperson_righthand":{"rotation":[10,-90,0],"translation":[-1.5,9.75,4.75],"scale":[1.4,1.4,1.4]},"firstperson_lefthand":{"rotation":[10,-90,0],"translation":[-1.5,9.75,4.75],"scale":[1.4,1.4,1.4]},"ground":{"rotation":[0,0,45],"translation":[0,1.5,0.25]},"gui":{"rotation":[0,0,-45],"translation":[-0.25,-0.25,0],"scale":[1.4,1.4,1]},"head":{"rotation":[0,0,45],"translation":[1.25,17.75,0],"scale":[2,2,2]},"fixed":{"rotation":[0,0,90],"translation":[3.75,-0.25,-0.5],"scale":[4,4,4]}}}