{"credit":"Made with Blockbench","textures":{"texture":"fantasy_weapons:item/tanthen"},"elements":[{"name":"z3DTanthen x128","from":[6.25,10.875,7.5],"to":[6.375,12.5,7.75],"faces":{"north":{"uv":[6.375,3.5,6.25,5.125],"texture":"#texture"},"east":{"uv":[6.375,3.5,6.25,5.125],"texture":"#texture"},"south":{"uv":[6.25,3.5,6.375,5.125],"texture":"#texture"},"west":{"uv":[6.25,3.5,6.375,5.125],"texture":"#texture"},"up":{"uv":[6.25,3.625,6.375,3.5],"texture":"#texture"},"down":{"uv":[6.25,5,6.375,5.125],"texture":"#texture"}}},{"name":"z3DTanthen x128","from":[6.375,10.625,7.5],"to":[6.5,12,7.75],"faces":{"north":{"uv":[6.5,4,6.375,5.375],"texture":"#texture"},"east":{"uv":[6.5,4,6.375,5.375],"texture":"#texture"},"south":{"uv":[6.375,4,6.5,5.375],"texture":"#texture"},"west":{"uv":[6.375,4,6.5,5.375],"texture":"#texture"},"up":{"uv":[6.375,4.125,6.5,4],"texture":"#texture"},"down":{"uv":[6.375,5.25,6.5,5.375],"texture":"#texture"}}},{"name":"z3DTanthen x128","from":[6.375,9.5,7.5],"to":[6.875,9.625,7.75],"faces":{"north":{"uv":[6.875,6.375,6.375,6.5],"texture":"#texture"},"east":{"uv":[6.875,6.375,6.75,6.5],"texture":"#texture"},"south":{"uv":[6.375,6.375,6.875,6.5],"texture":"#texture"},"west":{"uv":[6.375,6.375,6.5,6.5],"texture":"#texture"},"up":{"uv":[6.375,6.5,6.875,6.375],"texture":"#texture"},"down":{"uv":[6.375,6.375,6.875,6.5],"texture":"#texture"}}},{"name":"z3DTanthen x128","from":[6.5,10.5,7.5],"to":[6.625,11.5,7.75],"faces":{"north":{"uv":[6.625,4.5,6.5,5.5],"texture":"#texture"},"east":{"uv":[6.625,4.5,6.5,5.5],"texture":"#texture"},"south":{"uv":[6.5,4.5,6.625,5.5],"texture":"#texture"},"west":{"uv":[6.5,4.5,6.625,5.5],"texture":"#texture"},"up":{"uv":[6.5,4.625,6.625,4.5],"texture":"#texture"},"down":{"uv":[6.5,5.375,6.625,5.5],"texture":"#texture"}}},{"name":"z3DTanthen x128","from":[6.5,9.625,7.5],"to":[6.75,9.75,7.75],"faces":{"north":{"uv":[6.75,6.25,6.5,6.375],"texture":"#texture"},"east":{"uv":[6.75,6.25,6.625,6.375],"texture":"#texture"},"south":{"uv":[6.5,6.25,6.75,6.375],"texture":"#texture"},"west":{"uv":[6.5,6.25,6.625,6.375],"texture":"#texture"},"up":{"uv":[6.5,6.375,6.75,6.25],"texture":"#texture"}}},{"name":"z3DTanthen x128","from":[6.5,9.375,7.5],"to":[6.625,9.5,7.75],"faces":{"north":{"uv":[6.625,6.5,6.5,6.625],"texture":"#texture"},"east":{"uv":[6.625,6.5,6.5,6.625],"texture":"#texture"},"south":{"uv":[6.5,6.5,6.625,6.625],"texture":"#texture"},"west":{"uv":[6.5,6.5,6.625,6.625],"texture":"#texture"},"down":{"uv":[6.5,6.5,6.625,6.625],"texture":"#texture"}}},{"name":"z3DTanthen x128","from":[6.625,10.25,7.5],"to":[6.75,11.375,7.75],"faces":{"north":{"uv":[6.75,4.625,6.625,5.75],"texture":"#texture"},"east":{"uv":[6.75,4.625,6.625,5.75],"texture":"#texture"},"south":{"uv":[6.625,4.625,6.75,5.75],"texture":"#texture"},"west":{"uv":[6.625,4.625,6.75,5.75],"texture":"#texture"},"up":{"uv":[6.625,4.75,6.75,4.625],"texture":"#texture"},"down":{"uv":[6.625,5.625,6.75,5.75],"texture":"#texture"}}},{"name":"z3DTanthen x128","from":[6.625,9.125,7.5],"to":[6.75,9.25,7.75],"faces":{"north":{"uv":[6.75,6.75,6.625,6.875],"texture":"#texture"},"east":{"uv":[6.75,6.75,6.625,6.875],"texture":"#texture"},"south":{"uv":[6.625,6.75,6.75,6.875],"texture":"#texture"},"west":{"uv":[6.625,6.75,6.75,6.875],"texture":"#texture"},"up":{"uv":[6.625,6.875,6.75,6.75],"texture":"#texture"},"down":{"uv":[6.625,6.75,6.75,6.875],"texture":"#texture"}}},{"name":"z3DTanthen x128","from":[6.625,8.375,7.5],"to":[6.875,8.5,7.75],"faces":{"north":{"uv":[6.875,7.5,6.625,7.625],"texture":"#texture"},"east":{"uv":[6.875,7.5,6.75,7.625],"texture":"#texture"},"south":{"uv":[6.625,7.5,6.875,7.625],"texture":"#texture"},"west":{"uv":[6.625,7.5,6.75,7.625],"texture":"#texture"},"up":{"uv":[6.625,7.625,6.875,7.5],"texture":"#texture"},"down":{"uv":[6.625,7.5,6.875,7.625],"texture":"#texture"}}},{"name":"z3DTanthen x128","from":[6.75,10.125,7.5],"to":[6.875,11.25,7.75],"faces":{"north":{"uv":[6.875,4.75,6.75,5.875],"texture":"#texture"},"east":{"uv":[6.875,4.75,6.75,5.875],"texture":"#texture"},"south":{"uv":[6.75,4.75,6.875,5.875],"texture":"#texture"},"west":{"uv":[6.75,4.75,6.875,5.875],"texture":"#texture"},"up":{"uv":[6.75,4.875,6.875,4.75],"texture":"#texture"},"down":{"uv":[6.75,5.75,6.875,5.875],"texture":"#texture"}}},{"name":"z3DTanthen x128","from":[6.75,9.25,7.5],"to":[6.875,9.5,7.75],"faces":{"north":{"uv":[6.875,6.5,6.75,6.75],"texture":"#texture"},"east":{"uv":[6.875,6.5,6.75,6.75],"texture":"#texture"},"south":{"uv":[6.75,6.5,6.875,6.75],"texture":"#texture"},"west":{"uv":[6.75,6.5,6.875,6.75],"texture":"#texture"},"down":{"uv":[6.75,6.625,6.875,6.75],"texture":"#texture"}}},{"name":"z3DTanthen x128","from":[6.75,8.5,7.5],"to":[6.875,8.625,7.75],"faces":{"north":{"uv":[6.875,7.375,6.75,7.5],"texture":"#texture"},"east":{"uv":[6.875,7.375,6.75,7.5],"texture":"#texture"},"south":{"uv":[6.75,7.375,6.875,7.5],"texture":"#texture"},"west":{"uv":[6.75,7.375,6.875,7.5],"texture":"#texture"},"up":{"uv":[6.75,7.5,6.875,7.375],"texture":"#texture"}}},{"name":"z3DTanthen x128","from":[6.75,3.25,7.5],"to":[7.25,3.75,7.75],"faces":{"north":{"uv":[7.25,12.25,6.75,12.75],"texture":"#texture"},"east":{"uv":[7.25,12.25,7.125,12.75],"texture":"#texture"},"south":{"uv":[6.75,12.25,7.25,12.75],"texture":"#texture"},"west":{"uv":[6.75,12.25,6.875,12.75],"texture":"#texture"},"up":{"uv":[6.75,12.375,7.25,12.25],"texture":"#texture"},"down":{"uv":[6.75,12.625,7.25,12.75],"texture":"#texture"}}},{"name":"z3DTanthen x128","from":[6.875,9.875,7.5],"to":[7,11,7.75],"faces":{"north":{"uv":[7,5,6.875,6.125],"texture":"#texture"},"east":{"uv":[7,5,6.875,6.125],"texture":"#texture"},"south":{"uv":[6.875,5,7,6.125],"texture":"#texture"},"west":{"uv":[6.875,5,7,6.125],"texture":"#texture"},"up":{"uv":[6.875,5.125,7,5],"texture":"#texture"},"down":{"uv":[6.875,6,7,6.125],"texture":"#texture"}}},{"name":"z3DTanthen x128","from":[6.875,9.625,7.5],"to":[9.25,9.75,7.75],"faces":{"north":{"uv":[9.25,6.25,6.875,6.375],"texture":"#texture"},"east":{"uv":[9.25,6.25,9.125,6.375],"texture":"#texture"},"south":{"uv":[6.875,6.25,9.25,6.375],"texture":"#texture"},"west":{"uv":[6.875,6.25,7,6.375],"texture":"#texture"},"up":{"uv":[6.875,6.375,9.25,6.25],"texture":"#texture"},"down":{"uv":[6.875,6.25,9.25,6.375],"texture":"#texture"}}},{"name":"z3DTanthen x128","from":[6.875,9.25,7.5],"to":[7,9.375,7.75],"faces":{"north":{"uv":[7,6.625,6.875,6.75],"texture":"#texture"},"east":{"uv":[7,6.625,6.875,6.75],"texture":"#texture"},"south":{"uv":[6.875,6.625,7,6.75],"texture":"#texture"},"up":{"uv":[6.875,6.75,7,6.625],"texture":"#texture"},"down":{"uv":[6.875,6.625,7,6.75],"texture":"#texture"}}},{"name":"z3DTanthen x128","from":[6.875,8.25,7.5],"to":[7,8.375,7.75],"faces":{"north":{"uv":[7,7.625,6.875,7.75],"texture":"#texture"},"east":{"uv":[7,7.625,6.875,7.75],"texture":"#texture"},"south":{"uv":[6.875,7.625,7,7.75],"texture":"#texture"},"west":{"uv":[6.875,7.625,7,7.75],"texture":"#texture"},"up":{"uv":[6.875,7.75,7,7.625],"texture":"#texture"},"down":{"uv":[6.875,7.625,7,7.75],"texture":"#texture"}}},{"name":"z3DTanthen x128","from":[6.875,8,7.5],"to":[7,8.125,7.75],"faces":{"north":{"uv":[7,7.875,6.875,8],"texture":"#texture"},"east":{"uv":[7,7.875,6.875,8],"texture":"#texture"},"south":{"uv":[6.875,7.875,7,8],"texture":"#texture"},"west":{"uv":[6.875,7.875,7,8],"texture":"#texture"},"up":{"uv":[6.875,8,7,7.875],"texture":"#texture"},"down":{"uv":[6.875,7.875,7,8],"texture":"#texture"}}},{"name":"z3DTanthen x128","from":[6.875,4.5,7.5],"to":[9.125,4.75,7.75],"faces":{"north":{"uv":[9.125,11.25,6.875,11.5],"texture":"#texture"},"east":{"uv":[9.125,11.25,9,11.5],"texture":"#texture"},"south":{"uv":[6.875,11.25,9.125,11.5],"texture":"#texture"},"west":{"uv":[6.875,11.25,7,11.5],"texture":"#texture"},"up":{"uv":[6.875,11.375,9.125,11.25],"texture":"#texture"},"down":{"uv":[6.875,11.375,9.125,11.5],"texture":"#texture"}}},{"name":"z3DTanthen x128","from":[6.875,3.75,7.5],"to":[7.375,4.125,7.75],"faces":{"north":{"uv":[7.375,11.875,6.875,12.25],"texture":"#texture"},"east":{"uv":[7.375,11.875,7.25,12.25],"texture":"#texture"},"south":{"uv":[6.875,11.875,7.375,12.25],"texture":"#texture"},"west":{"uv":[6.875,11.875,7,12.25],"texture":"#texture"},"up":{"uv":[6.875,12,7.375,11.875],"texture":"#texture"},"down":{"uv":[6.875,12.125,7.375,12.25],"texture":"#texture"}}},{"name":"z3DTanthen x128","from":[6.875,2.875,7.5],"to":[7.125,3.25,7.75],"faces":{"north":{"uv":[7.125,12.75,6.875,13.125],"texture":"#texture"},"east":{"uv":[7.125,12.75,7,13.125],"texture":"#texture"},"south":{"uv":[6.875,12.75,7.125,13.125],"texture":"#texture"},"west":{"uv":[6.875,12.75,7,13.125],"texture":"#texture"},"down":{"uv":[6.875,13,7.125,13.125],"texture":"#texture"}}},{"name":"z3DTanthen x128","from":[7,9.75,7.5],"to":[7.125,10.875,7.75],"faces":{"north":{"uv":[7.125,5.125,7,6.25],"texture":"#texture"},"east":{"uv":[7.125,5.125,7,6.25],"texture":"#texture"},"south":{"uv":[7,5.125,7.125,6.25],"texture":"#texture"},"west":{"uv":[7,5.125,7.125,6.25],"texture":"#texture"},"up":{"uv":[7,5.25,7.125,5.125],"texture":"#texture"}}},{"name":"z3DTanthen x128","from":[7,9.5,7.5],"to":[9.125,9.625,7.75],"faces":{"north":{"uv":[9.125,6.375,7,6.5],"texture":"#texture"},"east":{"uv":[9.125,6.375,9,6.5],"texture":"#texture"},"south":{"uv":[7,6.375,9.125,6.5],"texture":"#texture"},"west":{"uv":[7,6.375,7.125,6.5],"texture":"#texture"},"down":{"uv":[7,6.375,9.125,6.5],"texture":"#texture"}}},{"name":"z3DTanthen x128","from":[7,9,7.5],"to":[7.125,9.25,7.75],"faces":{"north":{"uv":[7.125,6.75,7,7],"texture":"#texture"},"east":{"uv":[7.125,6.75,7,7],"texture":"#texture"},"south":{"uv":[7,6.75,7.125,7],"texture":"#texture"},"west":{"uv":[7,6.75,7.125,7],"texture":"#texture"},"up":{"uv":[7,6.875,7.125,6.75],"texture":"#texture"},"down":{"uv":[7,6.875,7.125,7],"texture":"#texture"}}},{"name":"z3DTanthen x128","from":[7,8.125,7.5],"to":[7.125,8.25,7.75],"faces":{"north":{"uv":[7.125,7.75,7,7.875],"texture":"#texture"},"east":{"uv":[7.125,7.75,7,7.875],"texture":"#texture"},"south":{"uv":[7,7.75,7.125,7.875],"texture":"#texture"},"west":{"uv":[7,7.75,7.125,7.875],"texture":"#texture"},"up":{"uv":[7,7.875,7.125,7.75],"texture":"#texture"},"down":{"uv":[7,7.75,7.125,7.875],"texture":"#texture"}}},{"name":"z3DTanthen x128","from":[7,4.125,7.5],"to":[7.25,4.5,7.75],"faces":{"north":{"uv":[7.25,11.5,7,11.875],"texture":"#texture"},"east":{"uv":[7.25,11.5,7.125,11.875],"texture":"#texture"},"south":{"uv":[7,11.5,7.25,11.875],"texture":"#texture"},"west":{"uv":[7,11.5,7.125,11.875],"texture":"#texture"}}},{"name":"z3DTanthen x128","from":[7,2.625,7.5],"to":[7.125,2.875,7.75],"faces":{"north":{"uv":[7.125,13.125,7,13.375],"texture":"#texture"},"east":{"uv":[7.125,13.125,7,13.375],"texture":"#texture"},"south":{"uv":[7,13.125,7.125,13.375],"texture":"#texture"},"west":{"uv":[7,13.125,7.125,13.375],"texture":"#texture"},"down":{"uv":[7,13.25,7.125,13.375],"texture":"#texture"}}},{"name":"z3DTanthen x128","from":[7.125,11.125,7.5],"to":[7.5,11.25,7.75],"faces":{"north":{"uv":[7.5,4.75,7.125,4.875],"texture":"#texture"},"east":{"uv":[7.5,4.75,7.375,4.875],"texture":"#texture"},"south":{"uv":[7.125,4.75,7.5,4.875],"texture":"#texture"},"west":{"uv":[7.125,4.75,7.25,4.875],"texture":"#texture"},"up":{"uv":[7.125,4.875,7.5,4.75],"texture":"#texture"},"down":{"uv":[7.125,4.75,7.5,4.875],"texture":"#texture"}}},{"name":"z3DTanthen x128","from":[7.125,9.75,7.5],"to":[7.375,10.75,7.75],"faces":{"north":{"uv":[7.375,5.25,7.125,6.25],"texture":"#texture"},"east":{"uv":[7.375,5.25,7.25,6.25],"texture":"#texture"},"south":{"uv":[7.125,5.25,7.375,6.25],"texture":"#texture"},"up":{"uv":[7.125,5.375,7.375,5.25],"texture":"#texture"}}},{"name":"z3DTanthen x128","from":[7.125,9.375,7.5],"to":[8.875,9.5,7.75],"faces":{"north":{"uv":[8.875,6.5,7.125,6.625],"texture":"#texture"},"east":{"uv":[8.875,6.5,8.75,6.625],"texture":"#texture"},"south":{"uv":[7.125,6.5,8.875,6.625],"texture":"#texture"},"west":{"uv":[7.125,6.5,7.25,6.625],"texture":"#texture"},"down":{"uv":[7.125,6.5,8.875,6.625],"texture":"#texture"}}},{"name":"z3DTanthen x128","from":[7.125,8.25,7.5],"to":[7.25,8.5,7.75],"faces":{"north":{"uv":[7.25,7.5,7.125,7.75],"texture":"#texture"},"east":{"uv":[7.25,7.5,7.125,7.75],"texture":"#texture"},"south":{"uv":[7.125,7.5,7.25,7.75],"texture":"#texture"},"west":{"uv":[7.125,7.5,7.25,7.75],"texture":"#texture"},"up":{"uv":[7.125,7.625,7.25,7.5],"texture":"#texture"},"down":{"uv":[7.125,7.625,7.25,7.75],"texture":"#texture"}}},{"name":"z3DTanthen x128","from":[7.125,3.125,7.5],"to":[7.25,3.25,7.75],"faces":{"north":{"uv":[7.25,12.75,7.125,12.875],"texture":"#texture"},"east":{"uv":[7.25,12.75,7.125,12.875],"texture":"#texture"},"south":{"uv":[7.125,12.75,7.25,12.875],"texture":"#texture"},"down":{"uv":[7.125,12.75,7.25,12.875],"texture":"#texture"}}},{"name":"z3DTanthen x128","from":[7.25,11.25,7.5],"to":[7.375,11.375,7.75],"faces":{"north":{"uv":[7.375,4.625,7.25,4.75],"texture":"#texture"},"east":{"uv":[7.375,4.625,7.25,4.75],"texture":"#texture"},"south":{"uv":[7.25,4.625,7.375,4.75],"texture":"#texture"},"west":{"uv":[7.25,4.625,7.375,4.75],"texture":"#texture"},"up":{"uv":[7.25,4.75,7.375,4.625],"texture":"#texture"}}},{"name":"z3DTanthen x128","from":[7.25,11,7.5],"to":[7.5,11.125,7.75],"faces":{"north":{"uv":[7.5,4.875,7.25,5],"texture":"#texture"},"east":{"uv":[7.5,4.875,7.375,5],"texture":"#texture"},"south":{"uv":[7.25,4.875,7.5,5],"texture":"#texture"},"west":{"uv":[7.25,4.875,7.375,5],"texture":"#texture"},"down":{"uv":[7.25,4.875,7.5,5],"texture":"#texture"}}},{"name":"z3DTanthen x128","from":[7.25,9.125,7.5],"to":[8.75,9.375,7.75],"faces":{"north":{"uv":[8.75,6.625,7.25,6.875],"texture":"#texture"},"east":{"uv":[8.75,6.625,8.625,6.875],"texture":"#texture"},"south":{"uv":[7.25,6.625,8.75,6.875],"texture":"#texture"},"west":{"uv":[7.25,6.625,7.375,6.875],"texture":"#texture"},"down":{"uv":[7.25,6.75,8.75,6.875],"texture":"#texture"}}},{"name":"z3DTanthen x128","from":[7.25,8.375,7.5],"to":[8.625,8.75,7.75],"faces":{"north":{"uv":[8.625,7.25,7.25,7.625],"texture":"#texture"},"east":{"uv":[8.625,7.25,8.5,7.625],"texture":"#texture"},"south":{"uv":[7.25,7.25,8.625,7.625],"texture":"#texture"},"west":{"uv":[7.25,7.25,7.375,7.625],"texture":"#texture"},"up":{"uv":[7.25,7.375,8.625,7.25],"texture":"#texture"},"down":{"uv":[7.25,7.5,8.625,7.625],"texture":"#texture"}}},{"name":"z3DTanthen x128","from":[7.25,4.125,7.5],"to":[8.75,4.25,7.75],"faces":{"north":{"uv":[8.75,11.75,7.25,11.875],"texture":"#texture"},"east":{"uv":[8.75,11.75,8.625,11.875],"texture":"#texture"},"south":{"uv":[7.25,11.75,8.75,11.875],"texture":"#texture"},"up":{"uv":[7.25,11.875,8.75,11.75],"texture":"#texture"},"down":{"uv":[7.25,11.75,8.75,11.875],"texture":"#texture"}}},{"name":"z3DTanthen x128","from":[7.25,3.625,7.5],"to":[7.375,3.75,7.75],"faces":{"north":{"uv":[7.375,12.25,7.25,12.375],"texture":"#texture"},"east":{"uv":[7.375,12.25,7.25,12.375],"texture":"#texture"},"south":{"uv":[7.25,12.25,7.375,12.375],"texture":"#texture"},"down":{"uv":[7.25,12.25,7.375,12.375],"texture":"#texture"}}},{"name":"z3DTanthen x128","from":[7.375,10.75,7.5],"to":[7.5,11,7.75],"faces":{"north":{"uv":[7.5,5,7.375,5.25],"texture":"#texture"},"east":{"uv":[7.5,5,7.375,5.25],"texture":"#texture"},"south":{"uv":[7.375,5,7.5,5.25],"texture":"#texture"},"west":{"uv":[7.375,5,7.5,5.25],"texture":"#texture"},"down":{"uv":[7.375,5.125,7.5,5.25],"texture":"#texture"}}},{"name":"z3DTanthen x128","from":[7.375,9.75,7.5],"to":[7.5,10.625,7.75],"faces":{"north":{"uv":[7.5,5.375,7.375,6.25],"texture":"#texture"},"east":{"uv":[7.5,5.375,7.375,6.25],"texture":"#texture"},"south":{"uv":[7.375,5.375,7.5,6.25],"texture":"#texture"},"up":{"uv":[7.375,5.5,7.5,5.375],"texture":"#texture"}}},{"name":"z3DTanthen x128","from":[7.375,8.75,7.5],"to":[8.625,9.125,7.75],"faces":{"north":{"uv":[8.625,6.875,7.375,7.25],"texture":"#texture"},"east":{"uv":[8.625,6.875,8.5,7.25],"texture":"#texture"},"south":{"uv":[7.375,6.875,8.625,7.25],"texture":"#texture"},"west":{"uv":[7.375,6.875,7.5,7.25],"texture":"#texture"}}},{"name":"z3DTanthen x128","from":[7.375,3.875,7.5],"to":[7.5,4.125,7.75],"faces":{"north":{"uv":[7.5,11.875,7.375,12.125],"texture":"#texture"},"east":{"uv":[7.5,11.875,7.375,12.125],"texture":"#texture"},"south":{"uv":[7.375,11.875,7.5,12.125],"texture":"#texture"},"down":{"uv":[7.375,12,7.5,12.125],"texture":"#texture"}}},{"name":"z3DTanthen x128","from":[7.375,2.375,7.5],"to":[7.5,2.75,7.75],"faces":{"north":{"uv":[7.5,13.25,7.375,13.625],"texture":"#texture"},"east":{"uv":[7.5,13.25,7.375,13.625],"texture":"#texture"},"south":{"uv":[7.375,13.25,7.5,13.625],"texture":"#texture"},"west":{"uv":[7.375,13.25,7.5,13.625],"texture":"#texture"},"up":{"uv":[7.375,13.375,7.5,13.25],"texture":"#texture"},"down":{"uv":[7.375,13.5,7.5,13.625],"texture":"#texture"}}},{"name":"z3DTanthen x128","from":[7.5,10.875,7.5],"to":[7.625,11,7.75],"faces":{"north":{"uv":[7.625,5,7.5,5.125],"texture":"#texture"},"east":{"uv":[7.625,5,7.5,5.125],"texture":"#texture"},"south":{"uv":[7.5,5,7.625,5.125],"texture":"#texture"},"up":{"uv":[7.5,5.125,7.625,5],"texture":"#texture"},"down":{"uv":[7.5,5,7.625,5.125],"texture":"#texture"}}},{"name":"z3DTanthen x128","from":[7.5,9.75,7.5],"to":[7.75,10.5,7.75],"faces":{"north":{"uv":[7.75,5.5,7.5,6.25],"texture":"#texture"},"east":{"uv":[7.75,5.5,7.625,6.25],"texture":"#texture"},"south":{"uv":[7.5,5.5,7.75,6.25],"texture":"#texture"},"up":{"uv":[7.5,5.625,7.75,5.5],"texture":"#texture"}}},{"name":"z3DTanthen x128","from":[7.5,6,7.5],"to":[7.875,6.25,7.75],"faces":{"north":{"uv":[7.875,9.75,7.5,10],"texture":"#texture"},"east":{"uv":[7.875,9.75,7.75,10],"texture":"#texture"},"south":{"uv":[7.5,9.75,7.875,10],"texture":"#texture"},"west":{"uv":[7.5,9.75,7.625,10],"texture":"#texture"},"up":{"uv":[7.5,9.875,7.875,9.75],"texture":"#texture"}}},{"name":"z3DTanthen x128","from":[7.5,4.25,7.5],"to":[8.875,4.5,7.75],"faces":{"north":{"uv":[8.875,11.5,7.5,11.75],"texture":"#texture"},"east":{"uv":[8.875,11.5,8.75,11.75],"texture":"#texture"},"south":{"uv":[7.5,11.5,8.875,11.75],"texture":"#texture"},"west":{"uv":[7.5,11.5,7.625,11.75],"texture":"#texture"},"down":{"uv":[7.5,11.625,8.875,11.75],"texture":"#texture"}}},{"name":"z3DTanthen x128","from":[7.5,4,7.5],"to":[8.5,4.125,7.75],"faces":{"north":{"uv":[8.5,11.875,7.5,12],"texture":"#texture"},"east":{"uv":[8.5,11.875,8.375,12],"texture":"#texture"},"south":{"uv":[7.5,11.875,8.5,12],"texture":"#texture"},"down":{"uv":[7.5,11.875,8.5,12],"texture":"#texture"}}},{"name":"z3DTanthen x128","from":[7.5,2,7.5],"to":[7.625,2.625,7.75],"faces":{"north":{"uv":[7.625,13.375,7.5,14],"texture":"#texture"},"east":{"uv":[7.625,13.375,7.5,14],"texture":"#texture"},"south":{"uv":[7.5,13.375,7.625,14],"texture":"#texture"},"west":{"uv":[7.5,13.375,7.625,14],"texture":"#texture"},"up":{"uv":[7.5,13.5,7.625,13.375],"texture":"#texture"},"down":{"uv":[7.5,13.875,7.625,14],"texture":"#texture"}}},{"name":"z3DTanthen x128","from":[7.625,11,7.5],"to":[8.25,11.125,7.75],"faces":{"north":{"uv":[8.25,4.875,7.625,5],"texture":"#texture"},"east":{"uv":[8.25,4.875,8.125,5],"texture":"#texture"},"south":{"uv":[7.625,4.875,8.25,5],"texture":"#texture"},"west":{"uv":[7.625,4.875,7.75,5],"texture":"#texture"},"up":{"uv":[7.625,5,8.25,4.875],"texture":"#texture"},"down":{"uv":[7.625,4.875,8.25,5],"texture":"#texture"}}},{"name":"z3DTanthen x128","from":[7.625,8.25,7.5],"to":[9,8.375,7.75],"faces":{"north":{"uv":[9,7.625,7.625,7.75],"texture":"#texture"},"east":{"uv":[9,7.625,8.875,7.75],"texture":"#texture"},"south":{"uv":[7.625,7.625,9,7.75],"texture":"#texture"},"west":{"uv":[7.625,7.625,7.75,7.75],"texture":"#texture"},"up":{"uv":[7.625,7.75,9,7.625],"texture":"#texture"},"down":{"uv":[7.625,7.625,9,7.75],"texture":"#texture"}}},{"name":"z3DTanthen x128","from":[7.625,6.25,7.5],"to":[7.875,6.5,7.75],"faces":{"north":{"uv":[7.875,9.5,7.625,9.75],"texture":"#texture"},"east":{"uv":[7.875,9.5,7.75,9.75],"texture":"#texture"},"south":{"uv":[7.625,9.5,7.875,9.75],"texture":"#texture"},"west":{"uv":[7.625,9.5,7.75,9.75],"texture":"#texture"},"up":{"uv":[7.625,9.625,7.875,9.5],"texture":"#texture"}}},{"name":"z3DTanthen x128","from":[7.625,1.75,7.5],"to":[8.375,2.5,7.75],"faces":{"north":{"uv":[8.375,13.5,7.625,14.25],"texture":"#texture"},"east":{"uv":[8.375,13.5,8.25,14.25],"texture":"#texture"},"south":{"uv":[7.625,13.5,8.375,14.25],"texture":"#texture"},"west":{"uv":[7.625,13.5,7.75,14.25],"texture":"#texture"},"up":{"uv":[7.625,13.625,8.375,13.5],"texture":"#texture"},"down":{"uv":[7.625,14.125,8.375,14.25],"texture":"#texture"}}},{"name":"z3DTanthen x128","from":[7.75,11.125,7.5],"to":[8,11.375,7.75],"faces":{"north":{"uv":[8,4.625,7.75,4.875],"texture":"#texture"},"east":{"uv":[8,4.625,7.875,4.875],"texture":"#texture"},"south":{"uv":[7.75,4.625,8,4.875],"texture":"#texture"},"west":{"uv":[7.75,4.625,7.875,4.875],"texture":"#texture"},"up":{"uv":[7.75,4.75,8,4.625],"texture":"#texture"}}},{"name":"z3DTanthen x128","from":[7.75,9.75,7.5],"to":[8,10.375,7.75],"faces":{"north":{"uv":[8,5.625,7.75,6.25],"texture":"#texture"},"east":{"uv":[8,5.625,7.875,6.25],"texture":"#texture"},"south":{"uv":[7.75,5.625,8,6.25],"texture":"#texture"},"up":{"uv":[7.75,5.75,8,5.625],"texture":"#texture"}}},{"name":"z3DTanthen x128","from":[7.75,8.125,7.5],"to":[9,8.25,7.75],"faces":{"north":{"uv":[9,7.75,7.75,7.875],"texture":"#texture"},"east":{"uv":[9,7.75,8.875,7.875],"texture":"#texture"},"south":{"uv":[7.75,7.75,9,7.875],"texture":"#texture"},"west":{"uv":[7.75,7.75,7.875,7.875],"texture":"#texture"},"down":{"uv":[7.75,7.75,9,7.875],"texture":"#texture"}}},{"name":"z3DTanthen x128","from":[7.75,6.5,7.5],"to":[9,6.75,7.75],"faces":{"north":{"uv":[9,9.25,7.75,9.5],"texture":"#texture"},"east":{"uv":[9,9.25,8.875,9.5],"texture":"#texture"},"south":{"uv":[7.75,9.25,9,9.5],"texture":"#texture"},"west":{"uv":[7.75,9.25,7.875,9.5],"texture":"#texture"},"up":{"uv":[7.75,9.375,9,9.25],"texture":"#texture"},"down":{"uv":[7.75,9.375,9,9.5],"texture":"#texture"}}},{"name":"z3DTanthen x128","from":[7.75,2.5,7.5],"to":[8.25,4,7.75],"faces":{"north":{"uv":[8.25,12,7.75,13.5],"texture":"#texture"},"east":{"uv":[8.25,12,8.125,13.5],"texture":"#texture"},"south":{"uv":[7.75,12,8.25,13.5],"texture":"#texture"},"west":{"uv":[7.75,12,7.875,13.5],"texture":"#texture"}}},{"name":"z3DTanthen x128","from":[7.75,1.5,7.5],"to":[8.25,1.75,7.75],"faces":{"north":{"uv":[8.25,14.25,7.75,14.5],"texture":"#texture"},"east":{"uv":[8.25,14.25,8.125,14.5],"texture":"#texture"},"south":{"uv":[7.75,14.25,8.25,14.5],"texture":"#texture"},"west":{"uv":[7.75,14.25,7.875,14.5],"texture":"#texture"},"down":{"uv":[7.75,14.375,8.25,14.5],"texture":"#texture"}}},{"name":"z3DTanthen x128","from":[7.875,10.875,7.5],"to":[8.125,11,7.75],"faces":{"north":{"uv":[8.125,5,7.875,5.125],"texture":"#texture"},"east":{"uv":[8.125,5,8,5.125],"texture":"#texture"},"south":{"uv":[7.875,5,8.125,5.125],"texture":"#texture"},"west":{"uv":[7.875,5,8,5.125],"texture":"#texture"},"down":{"uv":[7.875,5,8.125,5.125],"texture":"#texture"}}},{"name":"z3DTanthen x128","from":[7.875,7.625,7.5],"to":[9,8.125,7.75],"faces":{"north":{"uv":[9,7.875,7.875,8.375],"texture":"#texture"},"east":{"uv":[9,7.875,8.875,8.375],"texture":"#texture"},"south":{"uv":[7.875,7.875,9,8.375],"texture":"#texture"},"west":{"uv":[7.875,7.875,8,8.375],"texture":"#texture"},"down":{"uv":[7.875,8.25,9,8.375],"texture":"#texture"}}},{"name":"z3DTanthen x128","from":[7.875,6.75,7.5],"to":[9.125,6.875,7.75],"faces":{"north":{"uv":[9.125,9.125,7.875,9.25],"texture":"#texture"},"east":{"uv":[9.125,9.125,9,9.25],"texture":"#texture"},"south":{"uv":[7.875,9.125,9.125,9.25],"texture":"#texture"},"west":{"uv":[7.875,9.125,8,9.25],"texture":"#texture"},"up":{"uv":[7.875,9.25,9.125,9.125],"texture":"#texture"},"down":{"uv":[7.875,9.125,9.125,9.25],"texture":"#texture"}}},{"name":"z3DTanthen x128","from":[7.875,6.375,7.5],"to":[8,6.5,7.75],"faces":{"north":{"uv":[8,9.5,7.875,9.625],"texture":"#texture"},"east":{"uv":[8,9.5,7.875,9.625],"texture":"#texture"},"south":{"uv":[7.875,9.5,8,9.625],"texture":"#texture"},"down":{"uv":[7.875,9.5,8,9.625],"texture":"#texture"}}},{"name":"z3DTanthen x128","from":[7.875,6,7.5],"to":[8,6.125,7.75],"faces":{"north":{"uv":[8,9.875,7.875,10],"texture":"#texture"},"east":{"uv":[8,9.875,7.875,10],"texture":"#texture"},"south":{"uv":[7.875,9.875,8,10],"texture":"#texture"},"up":{"uv":[7.875,10,8,9.875],"texture":"#texture"}}},{"name":"z3DTanthen x128","from":[7.875,1.375,7.5],"to":[8.125,1.5,7.75],"faces":{"north":{"uv":[8.125,14.5,7.875,14.625],"texture":"#texture"},"east":{"uv":[8.125,14.5,8,14.625],"texture":"#texture"},"south":{"uv":[7.875,14.5,8.125,14.625],"texture":"#texture"},"west":{"uv":[7.875,14.5,8,14.625],"texture":"#texture"},"down":{"uv":[7.875,14.5,8.125,14.625],"texture":"#texture"}}},{"name":"z3DTanthen x128","from":[8,11.125,7.5],"to":[8.125,11.25,7.75],"faces":{"north":{"uv":[8.125,4.75,8,4.875],"texture":"#texture"},"east":{"uv":[8.125,4.75,8,4.875],"texture":"#texture"},"south":{"uv":[8,4.75,8.125,4.875],"texture":"#texture"},"up":{"uv":[8,4.875,8.125,4.75],"texture":"#texture"}}},{"name":"z3DTanthen x128","from":[8,9.75,7.5],"to":[8.25,10.25,7.75],"faces":{"north":{"uv":[8.25,5.75,8,6.25],"texture":"#texture"},"east":{"uv":[8.25,5.75,8.125,6.25],"texture":"#texture"},"south":{"uv":[8,5.75,8.25,6.25],"texture":"#texture"},"up":{"uv":[8,5.875,8.25,5.75],"texture":"#texture"}}},{"name":"z3DTanthen x128","from":[8,7.5,7.5],"to":[9.25,7.625,7.75],"faces":{"north":{"uv":[9.25,8.375,8,8.5],"texture":"#texture"},"east":{"uv":[9.25,8.375,9.125,8.5],"texture":"#texture"},"south":{"uv":[8,8.375,9.25,8.5],"texture":"#texture"},"west":{"uv":[8,8.375,8.125,8.5],"texture":"#texture"},"up":{"uv":[8,8.5,9.25,8.375],"texture":"#texture"},"down":{"uv":[8,8.375,9.25,8.5],"texture":"#texture"}}},{"name":"z3DTanthen x128","from":[8,6.875,7.5],"to":[8.5,7,7.75],"faces":{"north":{"uv":[8.5,9,8,9.125],"texture":"#texture"},"east":{"uv":[8.5,9,8.375,9.125],"texture":"#texture"},"south":{"uv":[8,9,8.5,9.125],"texture":"#texture"},"west":{"uv":[8,9,8.125,9.125],"texture":"#texture"},"up":{"uv":[8,9.125,8.5,9],"texture":"#texture"}}},{"name":"z3DTanthen x128","from":[8.125,7,7.5],"to":[8.375,7.5,7.75],"faces":{"north":{"uv":[8.375,8.5,8.125,9],"texture":"#texture"},"east":{"uv":[8.375,8.5,8.25,9],"texture":"#texture"},"south":{"uv":[8.125,8.5,8.375,9],"texture":"#texture"},"west":{"uv":[8.125,8.5,8.25,9],"texture":"#texture"}}},{"name":"z3DTanthen x128","from":[8.25,9.75,7.5],"to":[8.375,10.125,7.75],"faces":{"north":{"uv":[8.375,5.875,8.25,6.25],"texture":"#texture"},"east":{"uv":[8.375,5.875,8.25,6.25],"texture":"#texture"},"south":{"uv":[8.25,5.875,8.375,6.25],"texture":"#texture"},"up":{"uv":[8.25,6,8.375,5.875],"texture":"#texture"}}},{"name":"z3DTanthen x128","from":[8.25,6.375,7.5],"to":[8.875,6.5,7.75],"faces":{"north":{"uv":[8.875,9.5,8.25,9.625],"texture":"#texture"},"east":{"uv":[8.875,9.5,8.75,9.625],"texture":"#texture"},"south":{"uv":[8.25,9.5,8.875,9.625],"texture":"#texture"},"west":{"uv":[8.25,9.5,8.375,9.625],"texture":"#texture"},"down":{"uv":[8.25,9.5,8.875,9.625],"texture":"#texture"}}},{"name":"z3DTanthen x128","from":[8.25,6,7.5],"to":[8.75,6.125,7.75],"faces":{"north":{"uv":[8.75,9.875,8.25,10],"texture":"#texture"},"east":{"uv":[8.75,9.875,8.625,10],"texture":"#texture"},"south":{"uv":[8.25,9.875,8.75,10],"texture":"#texture"},"west":{"uv":[8.25,9.875,8.375,10],"texture":"#texture"},"up":{"uv":[8.25,10,8.75,9.875],"texture":"#texture"},"down":{"uv":[8.25,9.875,8.75,10],"texture":"#texture"}}},{"name":"z3DTanthen x128","from":[8.375,9.75,7.5],"to":[8.5,10,7.75],"faces":{"north":{"uv":[8.5,6,8.375,6.25],"texture":"#texture"},"east":{"uv":[8.5,6,8.375,6.25],"texture":"#texture"},"south":{"uv":[8.375,6,8.5,6.25],"texture":"#texture"},"up":{"uv":[8.375,6.125,8.5,6],"texture":"#texture"}}},{"name":"z3DTanthen x128","from":[8.375,7.25,7.5],"to":[8.5,7.5,7.75],"faces":{"north":{"uv":[8.5,8.5,8.375,8.75],"texture":"#texture"},"east":{"uv":[8.5,8.5,8.375,8.75],"texture":"#texture"},"south":{"uv":[8.375,8.5,8.5,8.75],"texture":"#texture"},"down":{"uv":[8.375,8.625,8.5,8.75],"texture":"#texture"}}},{"name":"z3DTanthen x128","from":[8.375,6.125,7.5],"to":[8.75,6.375,7.75],"faces":{"north":{"uv":[8.75,9.625,8.375,9.875],"texture":"#texture"},"east":{"uv":[8.75,9.625,8.625,9.875],"texture":"#texture"},"south":{"uv":[8.375,9.625,8.75,9.875],"texture":"#texture"},"west":{"uv":[8.375,9.625,8.5,9.875],"texture":"#texture"}}},{"name":"z3DTanthen x128","from":[8.375,2,7.5],"to":[8.5,2.625,7.75],"faces":{"north":{"uv":[8.5,13.375,8.375,14],"texture":"#texture"},"east":{"uv":[8.5,13.375,8.375,14],"texture":"#texture"},"south":{"uv":[8.375,13.375,8.5,14],"texture":"#texture"},"west":{"uv":[8.375,13.375,8.5,14],"texture":"#texture"},"up":{"uv":[8.375,13.5,8.5,13.375],"texture":"#texture"},"down":{"uv":[8.375,13.875,8.5,14],"texture":"#texture"}}},{"name":"z3DTanthen x128","from":[8.5,9.75,7.5],"to":[9.375,9.875,7.75],"faces":{"north":{"uv":[9.375,6.125,8.5,6.25],"texture":"#texture"},"east":{"uv":[9.375,6.125,9.25,6.25],"texture":"#texture"},"south":{"uv":[8.5,6.125,9.375,6.25],"texture":"#texture"},"up":{"uv":[8.5,6.25,9.375,6.125],"texture":"#texture"},"down":{"uv":[8.5,6.125,9.375,6.25],"texture":"#texture"}}},{"name":"z3DTanthen x128","from":[8.5,7.375,7.5],"to":[9.25,7.5,7.75],"faces":{"north":{"uv":[9.25,8.5,8.5,8.625],"texture":"#texture"},"east":{"uv":[9.25,8.5,9.125,8.625],"texture":"#texture"},"south":{"uv":[8.5,8.5,9.25,8.625],"texture":"#texture"},"down":{"uv":[8.5,8.5,9.25,8.625],"texture":"#texture"}}},{"name":"z3DTanthen x128","from":[8.5,2.375,7.5],"to":[8.625,2.75,7.75],"faces":{"north":{"uv":[8.625,13.25,8.5,13.625],"texture":"#texture"},"east":{"uv":[8.625,13.25,8.5,13.625],"texture":"#texture"},"south":{"uv":[8.5,13.25,8.625,13.625],"texture":"#texture"},"west":{"uv":[8.5,13.25,8.625,13.625],"texture":"#texture"},"up":{"uv":[8.5,13.375,8.625,13.25],"texture":"#texture"},"down":{"uv":[8.5,13.5,8.625,13.625],"texture":"#texture"}}},{"name":"z3DTanthen x128","from":[8.625,9,7.5],"to":[8.75,9.125,7.75],"faces":{"north":{"uv":[8.75,6.875,8.625,7],"texture":"#texture"},"east":{"uv":[8.75,6.875,8.625,7],"texture":"#texture"},"south":{"uv":[8.625,6.875,8.75,7],"texture":"#texture"},"down":{"uv":[8.625,6.875,8.75,7],"texture":"#texture"}}},{"name":"z3DTanthen x128","from":[8.625,8.375,7.5],"to":[8.875,8.625,7.75],"faces":{"north":{"uv":[8.875,7.375,8.625,7.625],"texture":"#texture"},"east":{"uv":[8.875,7.375,8.75,7.625],"texture":"#texture"},"south":{"uv":[8.625,7.375,8.875,7.625],"texture":"#texture"},"up":{"uv":[8.625,7.5,8.875,7.375],"texture":"#texture"}}},{"name":"z3DTanthen x128","from":[8.75,9.25,7.5],"to":[8.875,9.375,7.75],"faces":{"north":{"uv":[8.875,6.625,8.75,6.75],"texture":"#texture"},"east":{"uv":[8.875,6.625,8.75,6.75],"texture":"#texture"},"south":{"uv":[8.75,6.625,8.875,6.75],"texture":"#texture"},"down":{"uv":[8.75,6.625,8.875,6.75],"texture":"#texture"}}},{"name":"z3DTanthen x128","from":[8.75,7.25,7.5],"to":[9.25,7.375,7.75],"faces":{"north":{"uv":[9.25,8.625,8.75,8.75],"texture":"#texture"},"east":{"uv":[9.25,8.625,9.125,8.75],"texture":"#texture"},"south":{"uv":[8.75,8.625,9.25,8.75],"texture":"#texture"},"west":{"uv":[8.75,8.625,8.875,8.75],"texture":"#texture"},"down":{"uv":[8.75,8.625,9.25,8.75],"texture":"#texture"}}},{"name":"z3DTanthen x128","from":[8.75,6.875,7.5],"to":[9.25,7,7.75],"faces":{"north":{"uv":[9.25,9,8.75,9.125],"texture":"#texture"},"east":{"uv":[9.25,9,9.125,9.125],"texture":"#texture"},"south":{"uv":[8.75,9,9.25,9.125],"texture":"#texture"},"west":{"uv":[8.75,9,8.875,9.125],"texture":"#texture"},"up":{"uv":[8.75,9.125,9.25,9],"texture":"#texture"},"down":{"uv":[8.75,9,9.25,9.125],"texture":"#texture"}}},{"name":"z3DTanthen x128","from":[8.75,6.25,7.5],"to":[8.875,6.375,7.75],"faces":{"north":{"uv":[8.875,9.625,8.75,9.75],"texture":"#texture"},"east":{"uv":[8.875,9.625,8.75,9.75],"texture":"#texture"},"south":{"uv":[8.75,9.625,8.875,9.75],"texture":"#texture"},"down":{"uv":[8.75,9.625,8.875,9.75],"texture":"#texture"}}},{"name":"z3DTanthen x128","from":[8.875,8.875,7.5],"to":[9.25,9,7.75],"faces":{"north":{"uv":[9.25,7,8.875,7.125],"texture":"#texture"},"east":{"uv":[9.25,7,9.125,7.125],"texture":"#texture"},"south":{"uv":[8.875,7,9.25,7.125],"texture":"#texture"},"west":{"uv":[8.875,7,9,7.125],"texture":"#texture"},"up":{"uv":[8.875,7.125,9.25,7],"texture":"#texture"},"down":{"uv":[8.875,7,9.25,7.125],"texture":"#texture"}}},{"name":"z3DTanthen x128","from":[8.875,8.625,7.5],"to":[9,8.75,7.75],"faces":{"north":{"uv":[9,7.25,8.875,7.375],"texture":"#texture"},"east":{"uv":[9,7.25,8.875,7.375],"texture":"#texture"},"south":{"uv":[8.875,7.25,9,7.375],"texture":"#texture"},"west":{"uv":[8.875,7.25,9,7.375],"texture":"#texture"},"up":{"uv":[8.875,7.375,9,7.25],"texture":"#texture"},"down":{"uv":[8.875,7.25,9,7.375],"texture":"#texture"}}},{"name":"z3DTanthen x128","from":[8.875,7,7.5],"to":[9.25,7.25,7.75],"faces":{"north":{"uv":[9.25,8.75,8.875,9],"texture":"#texture"},"east":{"uv":[9.25,8.75,9.125,9],"texture":"#texture"},"south":{"uv":[8.875,8.75,9.25,9],"texture":"#texture"},"west":{"uv":[8.875,8.75,9,9],"texture":"#texture"}}},{"name":"z3DTanthen x128","from":[8.875,4.375,7.5],"to":[9,4.5,7.75],"faces":{"north":{"uv":[9,11.5,8.875,11.625],"texture":"#texture"},"east":{"uv":[9,11.5,8.875,11.625],"texture":"#texture"},"south":{"uv":[8.875,11.5,9,11.625],"texture":"#texture"},"down":{"uv":[8.875,11.5,9,11.625],"texture":"#texture"}}},{"name":"z3DTanthen x128","from":[9,9,7.5],"to":[9.125,9.125,7.75],"faces":{"north":{"uv":[9.125,6.875,9,7],"texture":"#texture"},"east":{"uv":[9.125,6.875,9,7],"texture":"#texture"},"south":{"uv":[9,6.875,9.125,7],"texture":"#texture"},"west":{"uv":[9,6.875,9.125,7],"texture":"#texture"},"up":{"uv":[9,7,9.125,6.875],"texture":"#texture"}}},{"name":"z3DTanthen x128","from":[9,8.75,7.5],"to":[9.125,8.875,7.75],"faces":{"north":{"uv":[9.125,7.125,9,7.25],"texture":"#texture"},"east":{"uv":[9.125,7.125,9,7.25],"texture":"#texture"},"south":{"uv":[9,7.125,9.125,7.25],"texture":"#texture"},"west":{"uv":[9,7.125,9.125,7.25],"texture":"#texture"},"down":{"uv":[9,7.125,9.125,7.25],"texture":"#texture"}}},{"name":"z3DTanthen x128","from":[9,7.625,7.5],"to":[9.125,8,7.75],"faces":{"north":{"uv":[9.125,8,9,8.375],"texture":"#texture"},"east":{"uv":[9.125,8,9,8.375],"texture":"#texture"},"south":{"uv":[9,8,9.125,8.375],"texture":"#texture"},"up":{"uv":[9,8.125,9.125,8],"texture":"#texture"}}},{"name":"z3DTanthen x128","from":[9.125,9.875,7.5],"to":[9.5,10,7.75],"faces":{"north":{"uv":[9.5,6,9.125,6.125],"texture":"#texture"},"east":{"uv":[9.5,6,9.375,6.125],"texture":"#texture"},"south":{"uv":[9.125,6,9.5,6.125],"texture":"#texture"},"west":{"uv":[9.125,6,9.25,6.125],"texture":"#texture"},"up":{"uv":[9.125,6.125,9.5,6],"texture":"#texture"},"down":{"uv":[9.125,6,9.5,6.125],"texture":"#texture"}}},{"name":"z3DTanthen x128","from":[9.125,7.625,7.5],"to":[9.25,7.75,7.75],"faces":{"north":{"uv":[9.25,8.25,9.125,8.375],"texture":"#texture"},"east":{"uv":[9.25,8.25,9.125,8.375],"texture":"#texture"},"south":{"uv":[9.125,8.25,9.25,8.375],"texture":"#texture"},"up":{"uv":[9.125,8.375,9.25,8.25],"texture":"#texture"}}},{"name":"Element","from":[7.375,5.875,7.5],"to":[8.625,6,7.75],"faces":{"north":{"uv":[8.625,10,7.375,10.125],"texture":"#texture"},"east":{"uv":[8.625,10,8.5,10.125],"texture":"#texture"},"south":{"uv":[7.375,10,8.625,10.125],"texture":"#texture"},"west":{"uv":[7.375,10,7.5,10.125],"texture":"#texture"},"up":{"uv":[7.375,10.125,8.625,10],"texture":"#texture"}}},{"name":"Element","from":[7.375,5.75,7.5],"to":[8.625,5.875,7.75],"faces":{"north":{"uv":[8.625,10.125,7.375,10.25],"texture":"#texture"},"east":{"uv":[8.625,10.125,8.5,10.25],"texture":"#texture"},"south":{"uv":[7.375,10.125,8.625,10.25],"texture":"#texture"},"west":{"uv":[7.375,10.125,7.5,10.25],"texture":"#texture"}}},{"name":"Element","from":[7.375,5.625,7.5],"to":[8.625,5.75,7.75],"faces":{"north":{"uv":[8.625,10.25,7.375,10.375],"texture":"#texture"},"east":{"uv":[8.625,10.25,8.5,10.375],"texture":"#texture"},"south":{"uv":[7.375,10.25,8.625,10.375],"texture":"#texture"},"west":{"uv":[7.375,10.25,7.5,10.375],"texture":"#texture"}}},{"name":"Element","from":[7.375,5.5,7.5],"to":[8.625,5.625,7.75],"faces":{"north":{"uv":[8.625,10.375,7.375,10.5],"texture":"#texture"},"east":{"uv":[8.625,10.375,8.5,10.5],"texture":"#texture"},"south":{"uv":[7.375,10.375,8.625,10.5],"texture":"#texture"},"west":{"uv":[7.375,10.375,7.5,10.5],"texture":"#texture"}}},{"name":"Element","from":[7.375,5.375,7.5],"to":[8.625,5.5,7.75],"faces":{"north":{"uv":[8.625,10.5,7.375,10.625],"texture":"#texture"},"east":{"uv":[8.625,10.5,8.5,10.625],"texture":"#texture"},"south":{"uv":[7.375,10.5,8.625,10.625],"texture":"#texture"},"west":{"uv":[7.375,10.5,7.5,10.625],"texture":"#texture"}}},{"name":"Element","from":[7.375,4.75,7.5],"to":[8.625,5.375,7.75],"faces":{"north":{"uv":[8.625,10.625,7.375,11.25],"texture":"#texture"},"east":{"uv":[8.625,10.625,8.5,11.25],"texture":"#texture"},"south":{"uv":[7.375,10.625,8.625,11.25],"texture":"#texture"},"west":{"uv":[7.375,10.625,7.5,11.25],"texture":"#texture"}}},{"name":"Element","from":[7.375,4.75,7.25],"to":[7.5,5.375,8],"faces":{"north":{"uv":[7.5,10.625,7.375,11.25],"texture":"#texture"},"east":{"uv":[7.5,10.625,7.375,11.25],"texture":"#texture"},"south":{"uv":[7.375,10.625,7.5,11.25],"texture":"#texture"},"west":{"uv":[7.375,10.625,7.5,11.25],"texture":"#texture"},"up":{"uv":[7.375,10.75,7.5,10.625],"texture":"#texture"}}},{"name":"Element","from":[7.5,4.875,7.25],"to":[7.625,5.5,8],"faces":{"north":{"uv":[7.625,10.5,7.5,11.125],"texture":"#texture"},"east":{"uv":[7.625,10.5,7.5,11.125],"texture":"#texture"},"south":{"uv":[7.5,10.5,7.625,11.125],"texture":"#texture"},"west":{"uv":[7.5,10.5,7.625,11.125],"texture":"#texture"},"up":{"uv":[7.5,10.625,7.625,10.5],"texture":"#texture"}}},{"name":"Element","from":[7.625,5,7.25],"to":[7.75,5.625,8],"faces":{"north":{"uv":[7.75,10.375,7.625,11],"texture":"#texture"},"east":{"uv":[7.75,10.375,7.625,11],"texture":"#texture"},"south":{"uv":[7.625,10.375,7.75,11],"texture":"#texture"},"west":{"uv":[7.625,10.375,7.75,11],"texture":"#texture"},"up":{"uv":[7.625,10.5,7.75,10.375],"texture":"#texture"}}},{"name":"Element","from":[7.875,5.25,7.25],"to":[8.125,5.875,8],"faces":{"north":{"uv":[8.125,10.125,7.875,10.75],"texture":"#texture"},"east":{"uv":[8.125,10.125,8,10.75],"texture":"#texture"},"south":{"uv":[7.875,10.125,8.125,10.75],"texture":"#texture"},"west":{"uv":[7.875,10.125,8,10.75],"texture":"#texture"},"up":{"uv":[7.875,10.25,8.125,10.125],"texture":"#texture"}}},{"name":"Element","from":[7.75,5.125,7.25],"to":[7.875,5.75,8],"faces":{"north":{"uv":[7.875,10.25,7.75,10.875],"texture":"#texture"},"east":{"uv":[7.875,10.25,7.75,10.875],"texture":"#texture"},"south":{"uv":[7.75,10.25,7.875,10.875],"texture":"#texture"},"west":{"uv":[7.75,10.25,7.875,10.875],"texture":"#texture"},"up":{"uv":[7.75,10.375,7.875,10.25],"texture":"#texture"}}},{"name":"Element","from":[8.125,5.125,7.25],"to":[8.25,5.75,8],"faces":{"north":{"uv":[8.25,10.25,8.125,10.875],"texture":"#texture"},"east":{"uv":[8.25,10.25,8.125,10.875],"texture":"#texture"},"south":{"uv":[8.125,10.25,8.25,10.875],"texture":"#texture"},"west":{"uv":[8.125,10.25,8.25,10.875],"texture":"#texture"},"up":{"uv":[8.125,10.375,8.25,10.25],"texture":"#texture"}}},{"name":"Element","from":[8.25,5,7.25],"to":[8.375,5.625,8],"faces":{"north":{"uv":[8.375,10.375,8.25,11],"texture":"#texture"},"east":{"uv":[8.375,10.375,8.25,11],"texture":"#texture"},"south":{"uv":[8.25,10.375,8.375,11],"texture":"#texture"},"west":{"uv":[8.25,10.375,8.375,11],"texture":"#texture"},"up":{"uv":[8.25,10.5,8.375,10.375],"texture":"#texture"}}},{"name":"Element","from":[8.375,4.875,7.25],"to":[8.5,5.5,8],"faces":{"north":{"uv":[8.5,10.5,8.375,11.125],"texture":"#texture"},"east":{"uv":[8.5,10.5,8.375,11.125],"texture":"#texture"},"south":{"uv":[8.375,10.5,8.5,11.125],"texture":"#texture"},"west":{"uv":[8.375,10.5,8.5,11.125],"texture":"#texture"},"up":{"uv":[8.375,10.625,8.5,10.5],"texture":"#texture"}}},{"name":"Element","from":[8.5,4.75,7.25],"to":[8.625,5.375,8],"faces":{"north":{"uv":[8.625,10.625,8.5,11.25],"texture":"#texture"},"east":{"uv":[8.625,10.625,8.5,11.25],"texture":"#texture"},"south":{"uv":[8.5,10.625,8.625,11.25],"texture":"#texture"},"west":{"uv":[8.5,10.625,8.625,11.25],"texture":"#texture"},"up":{"uv":[8.5,10.75,8.625,10.625],"texture":"#texture"}}},{"name":"Element","from":[7.875,5.125,7.125],"to":[8.125,5.25,8.125],"faces":{"north":{"uv":[8.125,10.75,7.875,10.875],"texture":"#texture"},"east":{"uv":[8.125,10.75,8,10.875],"texture":"#texture"},"south":{"uv":[7.875,10.75,8.125,10.875],"texture":"#texture"},"west":{"uv":[7.875,10.75,8,10.875],"texture":"#texture"},"up":{"uv":[7.875,10.875,8.125,10.75],"texture":"#texture"}}},{"name":"Element","from":[7.75,5,7.125],"to":[8.25,5.125,8.125],"faces":{"north":{"uv":[8.25,10.875,7.75,11],"texture":"#texture"},"east":{"uv":[8.25,10.875,8.125,11],"texture":"#texture"},"south":{"uv":[7.75,10.875,8.25,11],"texture":"#texture"},"west":{"uv":[7.75,10.875,7.875,11],"texture":"#texture"},"up":{"uv":[7.75,11,8.25,10.875],"texture":"#texture"}}},{"name":"Element","from":[7.625,4.875,7.125],"to":[8.375,5,8.125],"faces":{"north":{"uv":[8.375,11,7.625,11.125],"texture":"#texture"},"east":{"uv":[8.375,11,8.25,11.125],"texture":"#texture"},"south":{"uv":[7.625,11,8.375,11.125],"texture":"#texture"},"west":{"uv":[7.625,11,7.75,11.125],"texture":"#texture"},"up":{"uv":[7.625,11.125,8.375,11],"texture":"#texture"}}},{"name":"Element","from":[7.5,4.75,7.125],"to":[8.5,4.875,8.125],"faces":{"north":{"uv":[8.5,11.125,7.5,11.25],"texture":"#texture"},"east":{"uv":[8.5,11.125,8.375,11.25],"texture":"#texture"},"south":{"uv":[7.5,11.125,8.5,11.25],"texture":"#texture"},"west":{"uv":[7.5,11.125,7.625,11.25],"texture":"#texture"},"up":{"uv":[7.5,11.25,8.5,11.125],"texture":"#texture"}}},{"name":"Element","from":[7,4.75,7.375],"to":[9,4.875,7.875],"faces":{"north":{"uv":[9,11.125,7,11.25],"texture":"#texture"},"east":{"uv":[9,11.125,8.875,11.25],"texture":"#texture"},"south":{"uv":[7,11.125,9,11.25],"texture":"#texture"},"west":{"uv":[7,11.125,7.125,11.25],"texture":"#texture"},"up":{"uv":[7,11.25,9,11.125],"texture":"#texture"}}},{"name":"Element","from":[7,4.625,7.125],"to":[9,4.75,8.125],"faces":{"north":{"uv":[9,11.25,7,11.375],"texture":"#texture"},"east":{"uv":[9,11.25,8.875,11.375],"texture":"#texture"},"south":{"uv":[7,11.25,9,11.375],"texture":"#texture"},"west":{"uv":[7,11.25,7.125,11.375],"texture":"#texture"},"up":{"uv":[7,11.375,9,11.25],"texture":"#texture"},"down":{"uv":[7,11.25,9,11.375],"texture":"#texture"}}},{"name":"Element","from":[7,4.5,7.25],"to":[9,4.75,8],"faces":{"north":{"uv":[9,11.25,7,11.5],"texture":"#texture"},"east":{"uv":[9,11.25,8.875,11.5],"texture":"#texture"},"south":{"uv":[7,11.25,9,11.5],"texture":"#texture"},"west":{"uv":[7,11.25,7.125,11.5],"texture":"#texture"},"up":{"uv":[7,11.375,9,11.25],"texture":"#texture"},"down":{"uv":[7,11.375,9,11.5],"texture":"#texture"}}},{"name":"Element","from":[7.5,4.375,7.25],"to":[8.5,4.625,8],"faces":{"north":{"uv":[8.5,11.375,7.5,11.625],"texture":"#texture"},"east":{"uv":[8.5,11.375,8.375,11.625],"texture":"#texture"},"south":{"uv":[7.5,11.375,8.5,11.625],"texture":"#texture"},"west":{"uv":[7.5,11.375,7.625,11.625],"texture":"#texture"},"down":{"uv":[7.5,11.5,8.5,11.625],"texture":"#texture"}}},{"name":"Element","from":[7.75,4.25,7.25],"to":[8.25,4.375,8],"faces":{"north":{"uv":[8.25,11.625,7.75,11.75],"texture":"#texture"},"east":{"uv":[8.25,11.625,8.125,11.75],"texture":"#texture"},"south":{"uv":[7.75,11.625,8.25,11.75],"texture":"#texture"},"west":{"uv":[7.75,11.625,7.875,11.75],"texture":"#texture"},"down":{"uv":[7.75,11.625,8.25,11.75],"texture":"#texture"}}},{"name":"Element","from":[7.625,4.5,7.125],"to":[8.375,4.625,8.125],"faces":{"north":{"uv":[8.375,11.375,7.625,11.5],"texture":"#texture"},"east":{"uv":[8.375,11.375,8.25,11.5],"texture":"#texture"},"south":{"uv":[7.625,11.375,8.375,11.5],"texture":"#texture"},"west":{"uv":[7.625,11.375,7.75,11.5],"texture":"#texture"},"down":{"uv":[7.625,11.375,8.375,11.5],"texture":"#texture"}}},{"name":"Element","from":[8.25,4.125,7.375],"to":[8.5,4.375,7.875],"faces":{"north":{"uv":[8.5,11.625,8.25,11.875],"texture":"#texture"},"east":{"uv":[8.5,11.625,8.375,11.875],"texture":"#texture"},"south":{"uv":[8.25,11.625,8.5,11.875],"texture":"#texture"},"west":{"uv":[8.25,11.625,8.375,11.875],"texture":"#texture"},"down":{"uv":[8.25,11.75,8.5,11.875],"texture":"#texture"}}},{"name":"Element","from":[8.5,4.25,7.375],"to":[8.75,4.375,7.875],"faces":{"north":{"uv":[8.75,11.625,8.5,11.75],"texture":"#texture"},"east":{"uv":[8.75,11.625,8.625,11.75],"texture":"#texture"},"south":{"uv":[8.5,11.625,8.75,11.75],"texture":"#texture"},"down":{"uv":[8.5,11.625,8.75,11.75],"texture":"#texture"}}},{"name":"Element","from":[8.5,4.375,7.375],"to":[8.75,4.5,7.875],"faces":{"north":{"uv":[8.75,11.5,8.5,11.625],"texture":"#texture"},"east":{"uv":[8.75,11.5,8.625,11.625],"texture":"#texture"},"south":{"uv":[8.5,11.5,8.75,11.625],"texture":"#texture"}}},{"name":"Element","from":[6.875,3.25,7.375],"to":[7.125,3.75,7.875],"faces":{"north":{"uv":[7.125,12.25,6.875,12.75],"texture":"#texture"},"east":{"uv":[7.125,12.25,7,12.75],"texture":"#texture"},"south":{"uv":[6.875,12.25,7.125,12.75],"texture":"#texture"},"west":{"uv":[6.875,12.25,7,12.75],"texture":"#texture"},"up":{"uv":[6.875,12.375,7.125,12.25],"texture":"#texture"},"down":{"uv":[6.875,12.625,7.125,12.75],"texture":"#texture"}}},{"name":"Element","from":[7,3.125,7.375],"to":[7.125,3.25,7.875],"faces":{"north":{"uv":[7.125,12.75,7,12.875],"texture":"#texture"},"east":{"uv":[7.125,12.75,7,12.875],"texture":"#texture"},"south":{"uv":[7,12.75,7.125,12.875],"texture":"#texture"},"west":{"uv":[7,12.75,7.125,12.875],"texture":"#texture"},"down":{"uv":[7,12.75,7.125,12.875],"texture":"#texture"}}},{"name":"Element","from":[7,3.75,7.375],"to":[7.25,3.875,7.875],"faces":{"north":{"uv":[7.25,12.125,7,12.25],"texture":"#texture"},"east":{"uv":[7.25,12.125,7.125,12.25],"texture":"#texture"},"south":{"uv":[7,12.125,7.25,12.25],"texture":"#texture"},"west":{"uv":[7,12.125,7.125,12.25],"texture":"#texture"},"up":{"uv":[7,12.25,7.25,12.125],"texture":"#texture"},"down":{"uv":[7,12.125,7.25,12.25],"texture":"#texture"}}},{"name":"Element","from":[7.875,2.375,7.375],"to":[8.125,4.25,7.875],"faces":{"north":{"uv":[8.125,11.75,7.875,13.625],"texture":"#texture"},"east":{"uv":[8.125,11.75,8,13.625],"texture":"#texture"},"south":{"uv":[7.875,11.75,8.125,13.625],"texture":"#texture"},"west":{"uv":[7.875,11.75,8,13.625],"texture":"#texture"}}},{"name":"Element","from":[7.875,1.5,7.375],"to":[8.125,2.375,7.875],"faces":{"north":{"uv":[8.125,13.625,7.875,14.5],"texture":"#texture"},"east":{"uv":[8.125,13.625,8,14.5],"texture":"#texture"},"south":{"uv":[7.875,13.625,8.125,14.5],"texture":"#texture"},"west":{"uv":[7.875,13.625,8,14.5],"texture":"#texture"},"down":{"uv":[7.875,14.375,8.125,14.5],"texture":"#texture"}}},{"name":"Element","from":[7.75,1.75,7.375],"to":[8.25,2.375,7.875],"faces":{"north":{"uv":[8.25,13.625,7.75,14.25],"texture":"#texture"},"east":{"uv":[8.25,13.625,8.125,14.25],"texture":"#texture"},"south":{"uv":[7.75,13.625,8.25,14.25],"texture":"#texture"},"west":{"uv":[7.75,13.625,7.875,14.25],"texture":"#texture"},"up":{"uv":[7.75,13.75,8.25,13.625],"texture":"#texture"},"down":{"uv":[7.75,14.125,8.25,14.25],"texture":"#texture"}}},{"name":"Element","from":[7.625,2,7.375],"to":[7.875,2.5,7.875],"faces":{"north":{"uv":[7.875,13.5,7.625,14],"texture":"#texture"},"east":{"uv":[7.875,13.5,7.75,14],"texture":"#texture"},"south":{"uv":[7.625,13.5,7.875,14],"texture":"#texture"},"west":{"uv":[7.625,13.5,7.75,14],"texture":"#texture"},"up":{"uv":[7.625,13.625,7.875,13.5],"texture":"#texture"},"down":{"uv":[7.625,13.875,7.875,14],"texture":"#texture"}}},{"name":"Element","from":[8.125,2,7.375],"to":[8.375,2.5,7.875],"faces":{"north":{"uv":[8.375,13.5,8.125,14],"texture":"#texture"},"east":{"uv":[8.375,13.5,8.25,14],"texture":"#texture"},"south":{"uv":[8.125,13.5,8.375,14],"texture":"#texture"},"west":{"uv":[8.125,13.5,8.25,14],"texture":"#texture"},"up":{"uv":[8.125,13.625,8.375,13.5],"texture":"#texture"},"down":{"uv":[8.125,13.875,8.375,14],"texture":"#texture"}}},{"name":"Element","from":[7.75,1.875,7.25],"to":[8.25,2.25,8],"faces":{"north":{"uv":[8.25,13.75,7.75,14.125],"texture":"#texture"},"east":{"uv":[8.25,13.75,8.125,14.125],"texture":"#texture"},"south":{"uv":[7.75,13.75,8.25,14.125],"texture":"#texture"},"west":{"uv":[7.75,13.75,7.875,14.125],"texture":"#texture"},"up":{"uv":[7.75,13.875,8.25,13.75],"texture":"#texture"},"down":{"uv":[7.75,14,8.25,14.125],"texture":"#texture"}}},{"name":"Element","from":[7.875,1.75,7.25],"to":[8.125,1.875,8],"faces":{"north":{"uv":[8.125,14.125,7.875,14.25],"texture":"#texture"},"east":{"uv":[8.125,14.125,8,14.25],"texture":"#texture"},"south":{"uv":[7.875,14.125,8.125,14.25],"texture":"#texture"},"west":{"uv":[7.875,14.125,8,14.25],"texture":"#texture"},"down":{"uv":[7.875,14.125,8.125,14.25],"texture":"#texture"}}},{"name":"Element","from":[7.5,5.375,7.375],"to":[8,6,7.875],"faces":{"north":{"uv":[8,10,7.5,10.625],"texture":"#texture"},"east":{"uv":[8,10,7.875,10.625],"texture":"#texture"},"south":{"uv":[7.5,10,8,10.625],"texture":"#texture"},"west":{"uv":[7.5,10,7.625,10.625],"texture":"#texture"},"up":{"uv":[7.5,10.125,8,10],"texture":"#texture"},"down":{"uv":[7.5,10.5,8,10.625],"texture":"#texture"}}},{"name":"Element","from":[7.625,6,7.375],"to":[7.875,6.125,7.875],"faces":{"north":{"uv":[7.875,9.875,7.625,10],"texture":"#texture"},"east":{"uv":[7.875,9.875,7.75,10],"texture":"#texture"},"south":{"uv":[7.625,9.875,7.875,10],"texture":"#texture"},"west":{"uv":[7.625,9.875,7.75,10],"texture":"#texture"},"up":{"uv":[7.625,10,7.875,9.875],"texture":"#texture"}}},{"name":"Element","from":[8.375,6,7.375],"to":[8.625,6.125,7.875],"faces":{"north":{"uv":[8.625,9.875,8.375,10],"texture":"#texture"},"east":{"uv":[8.625,9.875,8.5,10],"texture":"#texture"},"south":{"uv":[8.375,9.875,8.625,10],"texture":"#texture"},"west":{"uv":[8.375,9.875,8.5,10],"texture":"#texture"},"up":{"uv":[8.375,10,8.625,9.875],"texture":"#texture"},"down":{"uv":[8.375,9.875,8.625,10],"texture":"#texture"}}},{"name":"Element","from":[8.25,5.375,7.375],"to":[8.5,6,7.875],"faces":{"north":{"uv":[8.5,10,8.25,10.625],"texture":"#texture"},"east":{"uv":[8.5,10,8.375,10.625],"texture":"#texture"},"south":{"uv":[8.25,10,8.5,10.625],"texture":"#texture"},"west":{"uv":[8.25,10,8.375,10.625],"texture":"#texture"},"up":{"uv":[8.25,10.125,8.5,10],"texture":"#texture"},"down":{"uv":[8.25,10.5,8.5,10.625],"texture":"#texture"}}},{"name":"Element","from":[8,5.625,7.375],"to":[8.25,5.875,7.875],"faces":{"north":{"uv":[8.25,10.125,8,10.375],"texture":"#texture"},"south":{"uv":[8,10.125,8.25,10.375],"texture":"#texture"},"up":{"uv":[8,10.25,8.25,10.125],"texture":"#texture"},"down":{"uv":[8,10.25,8.25,10.375],"texture":"#texture"}}},{"name":"Element","from":[7.625,6.125,7.375],"to":[7.75,6.25,7.875],"faces":{"north":{"uv":[7.75,9.75,7.625,9.875],"texture":"#texture"},"east":{"uv":[7.75,9.75,7.625,9.875],"texture":"#texture"},"south":{"uv":[7.625,9.75,7.75,9.875],"texture":"#texture"},"west":{"uv":[7.625,9.75,7.75,9.875],"texture":"#texture"},"up":{"uv":[7.625,9.875,7.75,9.75],"texture":"#texture"}}},{"name":"Element","from":[8.5,6.125,7.375],"to":[8.625,6.75,7.875],"faces":{"north":{"uv":[8.625,9.25,8.5,9.875],"texture":"#texture"},"east":{"uv":[8.625,9.25,8.5,9.875],"texture":"#texture"},"south":{"uv":[8.5,9.25,8.625,9.875],"texture":"#texture"},"west":{"uv":[8.5,9.25,8.625,9.875],"texture":"#texture"},"up":{"uv":[8.5,9.375,8.625,9.25],"texture":"#texture"}}},{"name":"Element","from":[8.625,6.25,7.375],"to":[8.75,6.75,7.875],"faces":{"north":{"uv":[8.75,9.25,8.625,9.75],"texture":"#texture"},"east":{"uv":[8.75,9.25,8.625,9.75],"texture":"#texture"},"south":{"uv":[8.625,9.25,8.75,9.75],"texture":"#texture"},"up":{"uv":[8.625,9.375,8.75,9.25],"texture":"#texture"},"down":{"uv":[8.625,9.625,8.75,9.75],"texture":"#texture"}}},{"name":"Element","from":[8.375,6.375,7.375],"to":[8.5,6.875,7.875],"faces":{"north":{"uv":[8.5,9.125,8.375,9.625],"texture":"#texture"},"east":{"uv":[8.5,9.125,8.375,9.625],"texture":"#texture"},"south":{"uv":[8.375,9.125,8.5,9.625],"texture":"#texture"},"west":{"uv":[8.375,9.125,8.5,9.625],"texture":"#texture"},"up":{"uv":[8.375,9.25,8.5,9.125],"texture":"#texture"},"down":{"uv":[8.375,9.5,8.5,9.625],"texture":"#texture"}}},{"name":"Element","from":[7.875,6.5,7.375],"to":[8,6.75,7.875],"faces":{"north":{"uv":[8,9.25,7.875,9.5],"texture":"#texture"},"east":{"uv":[8,9.25,7.875,9.5],"texture":"#texture"},"south":{"uv":[7.875,9.25,8,9.5],"texture":"#texture"},"west":{"uv":[7.875,9.25,8,9.5],"texture":"#texture"},"up":{"uv":[7.875,9.375,8,9.25],"texture":"#texture"},"down":{"uv":[7.875,9.375,8,9.5],"texture":"#texture"}}},{"name":"Element","from":[8,6.625,7.375],"to":[8.375,6.875,7.875],"faces":{"north":{"uv":[8.375,9.125,8,9.375],"texture":"#texture"},"south":{"uv":[8,9.125,8.375,9.375],"texture":"#texture"},"west":{"uv":[8,9.125,8.125,9.375],"texture":"#texture"},"up":{"uv":[8,9.25,8.375,9.125],"texture":"#texture"},"down":{"uv":[8,9.25,8.375,9.375],"texture":"#texture"}}},{"name":"Element","from":[8.25,6.5,7.375],"to":[8.375,6.625,7.875],"faces":{"north":{"uv":[8.375,9.375,8.25,9.5],"texture":"#texture"},"south":{"uv":[8.25,9.375,8.375,9.5],"texture":"#texture"},"west":{"uv":[8.25,9.375,8.375,9.5],"texture":"#texture"},"down":{"uv":[8.25,9.375,8.375,9.5],"texture":"#texture"}}},{"name":"Element","from":[8.75,6.5,7.375],"to":[8.875,6.875,7.875],"faces":{"north":{"uv":[8.875,9.125,8.75,9.5],"texture":"#texture"},"east":{"uv":[8.875,9.125,8.75,9.5],"texture":"#texture"},"south":{"uv":[8.75,9.125,8.875,9.5],"texture":"#texture"},"west":{"uv":[8.75,9.125,8.875,9.5],"texture":"#texture"},"up":{"uv":[8.75,9.25,8.875,9.125],"texture":"#texture"},"down":{"uv":[8.75,9.375,8.875,9.5],"texture":"#texture"}}},{"name":"Element","from":[8.875,6.75,7.375],"to":[9,6.875,7.875],"faces":{"north":{"uv":[9,9.125,8.875,9.25],"texture":"#texture"},"east":{"uv":[9,9.125,8.875,9.25],"texture":"#texture"},"south":{"uv":[8.875,9.125,9,9.25],"texture":"#texture"},"up":{"uv":[8.875,9.25,9,9.125],"texture":"#texture"},"down":{"uv":[8.875,9.125,9,9.25],"texture":"#texture"}}},{"name":"Element","from":[9,6.875,7.375],"to":[9.125,7.75,7.875],"faces":{"north":{"uv":[9.125,8.25,9,9.125],"texture":"#texture"},"east":{"uv":[9.125,8.25,9,9.125],"texture":"#texture"},"south":{"uv":[9,8.25,9.125,9.125],"texture":"#texture"},"west":{"uv":[9,8.25,9.125,9.125],"texture":"#texture"},"up":{"uv":[9,8.375,9.125,8.25],"texture":"#texture"},"down":{"uv":[9,9,9.125,9.125],"texture":"#texture"}}},{"name":"Element","from":[8.125,6.875,7.375],"to":[8.375,7,7.875],"faces":{"north":{"uv":[8.375,9,8.125,9.125],"texture":"#texture"},"east":{"uv":[8.375,9,8.25,9.125],"texture":"#texture"},"south":{"uv":[8.125,9,8.375,9.125],"texture":"#texture"},"west":{"uv":[8.125,9,8.25,9.125],"texture":"#texture"},"up":{"uv":[8.125,9.125,8.375,9],"texture":"#texture"}}},{"name":"Element","from":[8.875,7.25,7.375],"to":[9,7.75,7.875],"faces":{"north":{"uv":[9,8.25,8.875,8.75],"texture":"#texture"},"south":{"uv":[8.875,8.25,9,8.75],"texture":"#texture"},"west":{"uv":[8.875,8.25,9,8.75],"texture":"#texture"},"up":{"uv":[8.875,8.375,9,8.25],"texture":"#texture"},"down":{"uv":[8.875,8.625,9,8.75],"texture":"#texture"}}},{"name":"Element","from":[8.75,7.375,7.375],"to":[9,8,7.875],"faces":{"north":{"uv":[9,8,8.75,8.625],"texture":"#texture"},"east":{"uv":[9,8,8.875,8.625],"texture":"#texture"},"south":{"uv":[8.75,8,9,8.625],"texture":"#texture"},"west":{"uv":[8.75,8,8.875,8.625],"texture":"#texture"},"up":{"uv":[8.75,8.125,9,8],"texture":"#texture"},"down":{"uv":[8.75,8.5,9,8.625],"texture":"#texture"}}},{"name":"Element","from":[8.75,8,7.375],"to":[8.875,8.125,7.875],"faces":{"north":{"uv":[8.875,7.875,8.75,8],"texture":"#texture"},"east":{"uv":[8.875,7.875,8.75,8],"texture":"#texture"},"south":{"uv":[8.75,7.875,8.875,8],"texture":"#texture"},"up":{"uv":[8.75,8,8.875,7.875],"texture":"#texture"}}},{"name":"Element","from":[8.625,7.5,7.375],"to":[8.875,8,7.875],"faces":{"north":{"uv":[8.875,8,8.625,8.5],"texture":"#texture"},"east":{"uv":[8.875,8,8.75,8.5],"texture":"#texture"},"south":{"uv":[8.625,8,8.875,8.5],"texture":"#texture"},"west":{"uv":[8.625,8,8.75,8.5],"texture":"#texture"},"up":{"uv":[8.625,8.125,8.875,8],"texture":"#texture"},"down":{"uv":[8.625,8.375,8.875,8.5],"texture":"#texture"}}},{"name":"Element","from":[8.5,7.5,7.375],"to":[8.625,7.875,7.875],"faces":{"north":{"uv":[8.625,8.125,8.5,8.5],"texture":"#texture"},"south":{"uv":[8.5,8.125,8.625,8.5],"texture":"#texture"},"west":{"uv":[8.5,8.125,8.625,8.5],"texture":"#texture"},"down":{"uv":[8.5,8.375,8.625,8.5],"texture":"#texture"}}},{"name":"Element","from":[8.375,7.5,7.375],"to":[8.5,7.625,7.875],"faces":{"north":{"uv":[8.5,8.375,8.375,8.5],"texture":"#texture"},"south":{"uv":[8.375,8.375,8.5,8.5],"texture":"#texture"},"west":{"uv":[8.375,8.375,8.5,8.5],"texture":"#texture"},"up":{"uv":[8.375,8.5,8.5,8.375],"texture":"#texture"},"down":{"uv":[8.375,8.375,8.5,8.5],"texture":"#texture"}}},{"name":"Element","from":[8,7.625,7.25],"to":[8.375,8,8],"faces":{"north":{"uv":[8.375,8,8,8.375],"texture":"#texture"},"east":{"uv":[8.375,8,8.25,8.375],"texture":"#texture"},"south":{"uv":[8,8,8.375,8.375],"texture":"#texture"},"west":{"uv":[8,8,8.125,8.375],"texture":"#texture"},"up":{"uv":[8,8.125,8.375,8],"texture":"#texture"},"down":{"uv":[8,8.25,8.375,8.375],"texture":"#texture"}}},{"name":"Element","from":[8.125,7.875,7.25],"to":[8.625,8.125,8],"faces":{"north":{"uv":[8.625,7.875,8.125,8.125],"texture":"#texture"},"east":{"uv":[8.625,7.875,8.5,8.125],"texture":"#texture"},"south":{"uv":[8.125,7.875,8.625,8.125],"texture":"#texture"},"west":{"uv":[8.125,7.875,8.25,8.125],"texture":"#texture"},"up":{"uv":[8.125,8,8.625,7.875],"texture":"#texture"},"down":{"uv":[8.125,8,8.625,8.125],"texture":"#texture"}}},{"name":"Element","from":[8.25,8,7.25],"to":[8.75,8.5,8],"faces":{"north":{"uv":[8.75,7.5,8.25,8],"texture":"#texture"},"east":{"uv":[8.75,7.5,8.625,8],"texture":"#texture"},"south":{"uv":[8.25,7.5,8.75,8],"texture":"#texture"},"west":{"uv":[8.25,7.5,8.375,8],"texture":"#texture"},"up":{"uv":[8.25,7.625,8.75,7.5],"texture":"#texture"},"down":{"uv":[8.25,7.875,8.75,8],"texture":"#texture"}}},{"name":"Element","from":[8,8.375,7.25],"to":[8.5,8.625,8],"faces":{"north":{"uv":[8.5,7.375,8,7.625],"texture":"#texture"},"east":{"uv":[8.5,7.375,8.375,7.625],"texture":"#texture"},"south":{"uv":[8,7.375,8.5,7.625],"texture":"#texture"},"west":{"uv":[8,7.375,8.125,7.625],"texture":"#texture"},"up":{"uv":[8,7.5,8.5,7.375],"texture":"#texture"},"down":{"uv":[8,7.5,8.5,7.625],"texture":"#texture"}}},{"name":"Element","from":[8.125,8.25,7.25],"to":[8.25,8.375,8],"faces":{"north":{"uv":[8.25,7.625,8.125,7.75],"texture":"#texture"},"south":{"uv":[8.125,7.625,8.25,7.75],"texture":"#texture"},"west":{"uv":[8.125,7.625,8.25,7.75],"texture":"#texture"},"down":{"uv":[8.125,7.625,8.25,7.75],"texture":"#texture"}}},{"name":"Element","from":[7.5,8.5,7.25],"to":[8.5,8.75,8],"faces":{"north":{"uv":[8.5,7.25,7.5,7.5],"texture":"#texture"},"east":{"uv":[8.5,7.25,8.375,7.5],"texture":"#texture"},"south":{"uv":[7.5,7.25,8.5,7.5],"texture":"#texture"},"west":{"uv":[7.5,7.25,7.625,7.5],"texture":"#texture"},"up":{"uv":[7.5,7.375,8.5,7.25],"texture":"#texture"},"down":{"uv":[7.5,7.375,8.5,7.5],"texture":"#texture"}}},{"name":"Element","from":[7.375,8.5,7.25],"to":[7.5,8.625,8],"faces":{"north":{"uv":[7.5,7.375,7.375,7.5],"texture":"#texture"},"south":{"uv":[7.375,7.375,7.5,7.5],"texture":"#texture"},"west":{"uv":[7.375,7.375,7.5,7.5],"texture":"#texture"},"up":{"uv":[7.375,7.5,7.5,7.375],"texture":"#texture"},"down":{"uv":[7.375,7.375,7.5,7.5],"texture":"#texture"}}},{"name":"Element","from":[7.5,8.5,7.25],"to":[8.25,8.75,8],"faces":{"north":{"uv":[8.25,7.25,7.5,7.5],"texture":"#texture"},"east":{"uv":[8.25,7.25,8.125,7.5],"texture":"#texture"},"south":{"uv":[7.5,7.25,8.25,7.5],"texture":"#texture"},"west":{"uv":[7.5,7.25,7.625,7.5],"texture":"#texture"},"down":{"uv":[7.5,7.375,8.25,7.5],"texture":"#texture"}}},{"name":"Element","from":[7.5,8.75,7.25],"to":[8.25,8.875,8],"faces":{"north":{"uv":[8.25,7.125,7.5,7.25],"texture":"#texture"},"east":{"uv":[8.25,7.125,8.125,7.25],"texture":"#texture"},"south":{"uv":[7.5,7.125,8.25,7.25],"texture":"#texture"},"west":{"uv":[7.5,7.125,7.625,7.25],"texture":"#texture"},"up":{"uv":[7.5,7.25,8.25,7.125],"texture":"#texture"}}},{"name":"Element","from":[7.125,9.5,7.25],"to":[7.25,9.875,8],"faces":{"north":{"uv":[7.25,6.125,7.125,6.5],"texture":"#texture"},"east":{"uv":[7.25,6.125,7.125,6.5],"texture":"#texture"},"south":{"uv":[7.125,6.125,7.25,6.5],"texture":"#texture"},"west":{"uv":[7.125,6.125,7.25,6.5],"texture":"#texture"},"down":{"uv":[7.125,6.375,7.25,6.5],"texture":"#texture"}}},{"name":"Element","from":[7.25,9.625,7.25],"to":[7.375,9.875,8],"faces":{"north":{"uv":[7.375,6.125,7.25,6.375],"texture":"#texture"},"east":{"uv":[7.375,6.125,7.25,6.375],"texture":"#texture"},"south":{"uv":[7.25,6.125,7.375,6.375],"texture":"#texture"},"up":{"uv":[7.25,6.25,7.375,6.125],"texture":"#texture"},"down":{"uv":[7.25,6.25,7.375,6.375],"texture":"#texture"}}},{"name":"Element","from":[7,9.875,7.25],"to":[7.25,10.375,8],"faces":{"north":{"uv":[7.25,5.625,7,6.125],"texture":"#texture"},"east":{"uv":[7.25,5.625,7.125,6.125],"texture":"#texture"},"south":{"uv":[7,5.625,7.25,6.125],"texture":"#texture"},"west":{"uv":[7,5.625,7.125,6.125],"texture":"#texture"},"up":{"uv":[7,5.75,7.25,5.625],"texture":"#texture"},"down":{"uv":[7,6,7.25,6.125],"texture":"#texture"}}},{"name":"Element","from":[7.125,10.25,7.25],"to":[7.375,10.5,8],"faces":{"north":{"uv":[7.375,5.5,7.125,5.75],"texture":"#texture"},"east":{"uv":[7.375,5.5,7.25,5.75],"texture":"#texture"},"south":{"uv":[7.125,5.5,7.375,5.75],"texture":"#texture"},"west":{"uv":[7.125,5.5,7.25,5.75],"texture":"#texture"},"up":{"uv":[7.125,5.625,7.375,5.5],"texture":"#texture"},"down":{"uv":[7.125,5.625,7.375,5.75],"texture":"#texture"}}},{"name":"Element","from":[7.25,10.5,7.25],"to":[7.375,10.625,8],"faces":{"north":{"uv":[7.375,5.375,7.25,5.5],"texture":"#texture"},"east":{"uv":[7.375,5.375,7.25,5.5],"texture":"#texture"},"south":{"uv":[7.25,5.375,7.375,5.5],"texture":"#texture"},"west":{"uv":[7.25,5.375,7.375,5.5],"texture":"#texture"},"up":{"uv":[7.25,5.5,7.375,5.375],"texture":"#texture"}}},{"name":"Element","from":[8.125,8.5,7.375],"to":[8.5,9.75,7.875],"faces":{"north":{"uv":[8.5,6.25,8.125,7.5],"texture":"#texture"},"east":{"uv":[8.5,6.25,8.375,7.5],"texture":"#texture"},"south":{"uv":[8.125,6.25,8.5,7.5],"texture":"#texture"},"west":{"uv":[8.125,6.25,8.25,7.5],"texture":"#texture"},"up":{"uv":[8.125,6.375,8.5,6.25],"texture":"#texture"},"down":{"uv":[8.125,7.375,8.5,7.5],"texture":"#texture"}}},{"name":"Element","from":[8.5,9,7.375],"to":[8.625,9.75,7.875],"faces":{"north":{"uv":[8.625,6.25,8.5,7],"texture":"#texture"},"east":{"uv":[8.625,6.25,8.5,7],"texture":"#texture"},"south":{"uv":[8.5,6.25,8.625,7],"texture":"#texture"},"up":{"uv":[8.5,6.375,8.625,6.25],"texture":"#texture"},"down":{"uv":[8.5,6.875,8.625,7],"texture":"#texture"}}},{"name":"Element","from":[8.625,9.25,7.375],"to":[8.75,9.75,7.875],"faces":{"north":{"uv":[8.75,6.25,8.625,6.75],"texture":"#texture"},"east":{"uv":[8.75,6.25,8.625,6.75],"texture":"#texture"},"south":{"uv":[8.625,6.25,8.75,6.75],"texture":"#texture"},"up":{"uv":[8.625,6.375,8.75,6.25],"texture":"#texture"},"down":{"uv":[8.625,6.625,8.75,6.75],"texture":"#texture"}}},{"name":"Element","from":[8.75,9.625,7.375],"to":[8.875,9.75,7.875],"faces":{"north":{"uv":[8.875,6.25,8.75,6.375],"texture":"#texture"},"east":{"uv":[8.875,6.25,8.75,6.375],"texture":"#texture"},"south":{"uv":[8.75,6.25,8.875,6.375],"texture":"#texture"},"up":{"uv":[8.75,6.375,8.875,6.25],"texture":"#texture"},"down":{"uv":[8.75,6.25,8.875,6.375],"texture":"#texture"}}},{"name":"Element","from":[8,9.125,7.375],"to":[8.5,9.875,7.875],"faces":{"north":{"uv":[8.5,6.125,8,6.875],"texture":"#texture"},"east":{"uv":[8.5,6.125,8.375,6.875],"texture":"#texture"},"south":{"uv":[8,6.125,8.5,6.875],"texture":"#texture"},"west":{"uv":[8,6.125,8.125,6.875],"texture":"#texture"},"up":{"uv":[8,6.25,8.5,6.125],"texture":"#texture"},"down":{"uv":[8,6.75,8.5,6.875],"texture":"#texture"}}},{"name":"Element","from":[7.875,9.375,7.375],"to":[8.375,10,7.875],"faces":{"north":{"uv":[8.375,6,7.875,6.625],"texture":"#texture"},"east":{"uv":[8.375,6,8.25,6.625],"texture":"#texture"},"south":{"uv":[7.875,6,8.375,6.625],"texture":"#texture"},"west":{"uv":[7.875,6,8,6.625],"texture":"#texture"},"up":{"uv":[7.875,6.125,8.375,6],"texture":"#texture"},"down":{"uv":[7.875,6.5,8.375,6.625],"texture":"#texture"}}},{"name":"Element","from":[7.75,9.75,7.375],"to":[8.125,10.125,7.875],"faces":{"north":{"uv":[8.125,5.875,7.75,6.25],"texture":"#texture"},"east":{"uv":[8.125,5.875,8,6.25],"texture":"#texture"},"south":{"uv":[7.75,5.875,8.125,6.25],"texture":"#texture"},"west":{"uv":[7.75,5.875,7.875,6.25],"texture":"#texture"},"up":{"uv":[7.75,6,8.125,5.875],"texture":"#texture"},"down":{"uv":[7.75,6.125,8.125,6.25],"texture":"#texture"}}},{"name":"Element","from":[7.625,9.875,7.375],"to":[8,10.125,7.875],"faces":{"north":{"uv":[8,5.875,7.625,6.125],"texture":"#texture"},"east":{"uv":[8,5.875,7.875,6.125],"texture":"#texture"},"south":{"uv":[7.625,5.875,8,6.125],"texture":"#texture"},"west":{"uv":[7.625,5.875,7.75,6.125],"texture":"#texture"},"up":{"uv":[7.625,6,8,5.875],"texture":"#texture"},"down":{"uv":[7.625,6,8,6.125],"texture":"#texture"}}}],"gui_light":"front","display":{"thirdperson_righthand":{"rotation":[0,-90,0],"translation":[0,8.5,1],"scale":[2.4,2.4,2.4]},"thirdperson_lefthand":{"rotation":[0,90,0],"translation":[0,8.7,1],"scale":[2.4,2.4,2.4]},"firstperson_righthand":{"rotation":[17,-90,0],"translation":[2.6,7,-0.008],"scale":[1.6,1.6,1.6]},"firstperson_lefthand":{"rotation":[17,90,0],"translation":[2.6,7,-0.008],"scale":[1.6,1.6,1.6]},"ground":{"rotation":[0,0,45],"translation":[0,1.5,0.25]},"gui":{"rotation":[0,0,-45],"translation":[2,0.25,0],"scale":[1.7,1.7,1.7]},"head":{"rotation":[0,0,45],"translation":[0,19,0],"scale":[2,2,2]},"fixed":{"rotation":[0,0,90],"translation":[-5,-0.5,-2],"scale":[4,4,4]}}}