{"textures":{"0":"fantasy_weapons:item/phantomguard_greatsword","particle":"fantasy_weapons:item/phantomguard_greatsword"},"elements":[{"name":"phantomguard_greatsword_0","from":[7.9375,15.25,7.96875],"to":[8.0625,15.75,8.03125],"rotation":{"angle":0,"axis":"y","origin":[3.0625,0,7.9375]},"faces":{"north":{"uv":[10.75,0,10.625,0.5],"texture":"#0"},"east":{"uv":[10.625,0,10.75,0.5],"texture":"#0"},"south":{"uv":[10.625,0,10.75,0.5],"texture":"#0"},"west":{"uv":[10.625,0,10.75,0.5],"texture":"#0"},"up":{"uv":[10.625,0,10.75,0.125],"texture":"#0"},"down":{"uv":[10.625,0.375,10.75,0.5],"texture":"#0"}}},{"name":"phantomguard_greatsword_1","from":[7.8125,15,7.96875],"to":[7.9375,15.375,8.03125],"rotation":{"angle":0,"axis":"y","origin":[3.0625,0,7.9375]},"faces":{"north":{"uv":[10.625,0.375,10.5,0.75],"texture":"#0"},"east":{"uv":[10.5,0.375,10.625,0.75],"texture":"#0"},"south":{"uv":[10.5,0.375,10.625,0.75],"texture":"#0"},"west":{"uv":[10.5,0.375,10.625,0.75],"texture":"#0"},"up":{"uv":[10.5,0.375,10.625,0.5],"texture":"#0"},"down":{"uv":[10.5,0.625,10.625,0.75],"texture":"#0"}}},{"name":"phantomguard_greatsword_2","from":[8.0625,15,7.96875],"to":[8.1875,15.375,8.03125],"rotation":{"angle":0,"axis":"y","origin":[3.0625,0,7.9375]},"faces":{"north":{"uv":[10.875,0.375,10.75,0.75],"texture":"#0"},"east":{"uv":[10.75,0.375,10.875,0.75],"texture":"#0"},"south":{"uv":[10.75,0.375,10.875,0.75],"texture":"#0"},"west":{"uv":[10.75,0.375,10.875,0.75],"texture":"#0"},"up":{"uv":[10.75,0.375,10.875,0.5],"texture":"#0"},"down":{"uv":[10.75,0.625,10.875,0.75],"texture":"#0"}}},{"name":"phantomguard_greatsword_3","from":[7.9375,14.875,7.9375],"to":[8.0625,15.25,8.0625],"rotation":{"angle":0,"axis":"y","origin":[3.0625,0,7.9375]},"faces":{"north":{"uv":[13.25,0.5,13.125,0.875],"texture":"#0"},"east":{"uv":[13.125,0.5,13.25,0.875],"texture":"#0"},"south":{"uv":[13.125,0.5,13.25,0.875],"texture":"#0"},"west":{"uv":[13.125,0.5,13.25,0.875],"texture":"#0"},"up":{"uv":[13.125,0.5,13.25,0.625],"texture":"#0"},"down":{"uv":[13.125,0.75,13.25,0.875],"texture":"#0"}}},{"name":"phantomguard_greatsword_4","from":[7.6875,14.75,7.96875],"to":[7.8125,15.125,8.03125],"rotation":{"angle":0,"axis":"y","origin":[3.0625,0,7.9375]},"faces":{"north":{"uv":[10.5,0.625,10.375,1],"texture":"#0"},"east":{"uv":[10.375,0.625,10.5,1],"texture":"#0"},"south":{"uv":[10.375,0.625,10.5,1],"texture":"#0"},"west":{"uv":[10.375,0.625,10.5,1],"texture":"#0"},"up":{"uv":[10.375,0.625,10.5,0.75],"texture":"#0"},"down":{"uv":[10.375,0.875,10.5,1],"texture":"#0"}}},{"name":"phantomguard_greatsword_5","from":[8.1875,14.75,7.96875],"to":[8.3125,15.125,8.03125],"rotation":{"angle":0,"axis":"y","origin":[3.0625,0,7.9375]},"faces":{"north":{"uv":[11,0.625,10.875,1],"texture":"#0"},"east":{"uv":[10.875,0.625,11,1],"texture":"#0"},"south":{"uv":[10.875,0.625,11,1],"texture":"#0"},"west":{"uv":[10.875,0.625,11,1],"texture":"#0"},"up":{"uv":[10.875,0.625,11,0.75],"texture":"#0"},"down":{"uv":[10.875,0.875,11,1],"texture":"#0"}}},{"name":"phantomguard_greatsword_6","from":[7.8125,14.5,7.9375],"to":[7.9375,15,8.0625],"rotation":{"angle":0,"axis":"y","origin":[3.0625,0,7.9375]},"faces":{"north":{"uv":[13.125,0.75,13,1.25],"texture":"#0"},"east":{"uv":[13,0.75,13.125,1.25],"texture":"#0"},"south":{"uv":[13,0.75,13.125,1.25],"texture":"#0"},"west":{"uv":[13,0.75,13.125,1.25],"texture":"#0"},"up":{"uv":[13,0.75,13.125,0.875],"texture":"#0"},"down":{"uv":[13,1.125,13.125,1.25],"texture":"#0"}}},{"name":"phantomguard_greatsword_7","from":[8.0625,14.5,7.9375],"to":[8.1875,15,8.0625],"rotation":{"angle":0,"axis":"y","origin":[3.0625,0,7.9375]},"faces":{"north":{"uv":[13.375,0.75,13.25,1.25],"texture":"#0"},"east":{"uv":[13.25,0.75,13.375,1.25],"texture":"#0"},"south":{"uv":[13.25,0.75,13.375,1.25],"texture":"#0"},"west":{"uv":[13.25,0.75,13.375,1.25],"texture":"#0"},"up":{"uv":[13.25,0.75,13.375,0.875],"texture":"#0"},"down":{"uv":[13.25,1.125,13.375,1.25],"texture":"#0"}}},{"name":"phantomguard_greatsword_8","from":[7.5625,14.375,7.96875],"to":[7.6875,14.875,8.03125],"rotation":{"angle":0,"axis":"y","origin":[3.0625,0,7.9375]},"faces":{"north":{"uv":[10.375,0.875,10.25,1.375],"texture":"#0"},"east":{"uv":[10.25,0.875,10.375,1.375],"texture":"#0"},"south":{"uv":[10.25,0.875,10.375,1.375],"texture":"#0"},"west":{"uv":[10.25,0.875,10.375,1.375],"texture":"#0"},"up":{"uv":[10.25,0.875,10.375,1],"texture":"#0"},"down":{"uv":[10.25,1.25,10.375,1.375],"texture":"#0"}}},{"name":"phantomguard_greatsword_9","from":[8.3125,14.375,7.96875],"to":[8.4375,14.875,8.03125],"rotation":{"angle":0,"axis":"y","origin":[3.0625,0,7.9375]},"faces":{"north":{"uv":[11.125,0.875,11,1.375],"texture":"#0"},"east":{"uv":[11,0.875,11.125,1.375],"texture":"#0"},"south":{"uv":[11,0.875,11.125,1.375],"texture":"#0"},"west":{"uv":[11,0.875,11.125,1.375],"texture":"#0"},"up":{"uv":[11,0.875,11.125,1],"texture":"#0"},"down":{"uv":[11,1.25,11.125,1.375],"texture":"#0"}}},{"name":"phantomguard_greatsword_10","from":[7.6875,14.125,7.9375],"to":[7.8125,14.75,8.0625],"rotation":{"angle":0,"axis":"y","origin":[3.0625,0,7.9375]},"faces":{"north":{"uv":[13,1,12.875,1.625],"texture":"#0"},"east":{"uv":[12.875,1,13,1.625],"texture":"#0"},"south":{"uv":[12.875,1,13,1.625],"texture":"#0"},"west":{"uv":[12.875,1,13,1.625],"texture":"#0"},"up":{"uv":[12.875,1,13,1.125],"texture":"#0"},"down":{"uv":[12.875,1.5,13,1.625],"texture":"#0"}}},{"name":"phantomguard_greatsword_11","from":[8.1875,14.125,7.9375],"to":[8.3125,14.75,8.0625],"rotation":{"angle":0,"axis":"y","origin":[3.0625,0,7.9375]},"faces":{"north":{"uv":[13.5,1,13.375,1.625],"texture":"#0"},"east":{"uv":[13.375,1,13.5,1.625],"texture":"#0"},"south":{"uv":[13.375,1,13.5,1.625],"texture":"#0"},"west":{"uv":[13.375,1,13.5,1.625],"texture":"#0"},"up":{"uv":[13.375,1,13.5,1.125],"texture":"#0"},"down":{"uv":[13.375,1.5,13.5,1.625],"texture":"#0"}}},{"name":"phantomguard_greatsword_12","from":[7.4375,14,7.96875],"to":[7.5625,14.5,8.03125],"rotation":{"angle":0,"axis":"y","origin":[3.0625,0,7.9375]},"faces":{"north":{"uv":[10.25,1.25,10.125,1.75],"texture":"#0"},"east":{"uv":[10.125,1.25,10.25,1.75],"texture":"#0"},"south":{"uv":[10.125,1.25,10.25,1.75],"texture":"#0"},"west":{"uv":[10.125,1.25,10.25,1.75],"texture":"#0"},"up":{"uv":[10.125,1.25,10.25,1.375],"texture":"#0"},"down":{"uv":[10.125,1.625,10.25,1.75],"texture":"#0"}}},{"name":"phantomguard_greatsword_13","from":[8.4375,14,7.96875],"to":[8.5625,14.5,8.03125],"rotation":{"angle":0,"axis":"y","origin":[3.0625,0,7.9375]},"faces":{"north":{"uv":[11.25,1.25,11.125,1.75],"texture":"#0"},"east":{"uv":[11.125,1.25,11.25,1.75],"texture":"#0"},"south":{"uv":[11.125,1.25,11.25,1.75],"texture":"#0"},"west":{"uv":[11.125,1.25,11.25,1.75],"texture":"#0"},"up":{"uv":[11.125,1.25,11.25,1.375],"texture":"#0"},"down":{"uv":[11.125,1.625,11.25,1.75],"texture":"#0"}}},{"name":"phantomguard_greatsword_14","from":[7.5625,13.75,7.9375],"to":[7.6875,14.375,8.0625],"rotation":{"angle":0,"axis":"y","origin":[3.0625,0,7.9375]},"faces":{"north":{"uv":[12.875,1.375,12.75,2],"texture":"#0"},"east":{"uv":[12.75,1.375,12.875,2],"texture":"#0"},"south":{"uv":[12.75,1.375,12.875,2],"texture":"#0"},"west":{"uv":[12.75,1.375,12.875,2],"texture":"#0"},"up":{"uv":[12.75,1.375,12.875,1.5],"texture":"#0"},"down":{"uv":[12.75,1.875,12.875,2],"texture":"#0"}}},{"name":"phantomguard_greatsword_15","from":[8.3125,13.75,7.9375],"to":[8.4375,14.375,8.0625],"rotation":{"angle":0,"axis":"y","origin":[3.0625,0,7.9375]},"faces":{"north":{"uv":[13.625,1.375,13.5,2],"texture":"#0"},"east":{"uv":[13.5,1.375,13.625,2],"texture":"#0"},"south":{"uv":[13.5,1.375,13.625,2],"texture":"#0"},"west":{"uv":[13.5,1.375,13.625,2],"texture":"#0"},"up":{"uv":[13.5,1.375,13.625,1.5],"texture":"#0"},"down":{"uv":[13.5,1.875,13.625,2],"texture":"#0"}}},{"name":"phantomguard_greatsword_16","from":[7.3125,13.75,7.96875],"to":[7.4375,14.125,8.03125],"rotation":{"angle":0,"axis":"y","origin":[3.0625,0,7.9375]},"faces":{"north":{"uv":[10.125,1.625,10,2],"texture":"#0"},"east":{"uv":[10,1.625,10.125,2],"texture":"#0"},"south":{"uv":[10,1.625,10.125,2],"texture":"#0"},"west":{"uv":[10,1.625,10.125,2],"texture":"#0"},"up":{"uv":[10,1.625,10.125,1.75],"texture":"#0"},"down":{"uv":[10,1.875,10.125,2],"texture":"#0"}}},{"name":"phantomguard_greatsword_17","from":[8.5625,13.75,7.96875],"to":[8.6875,14.125,8.03125],"rotation":{"angle":0,"axis":"y","origin":[3.0625,0,7.9375]},"faces":{"north":{"uv":[11.375,1.625,11.25,2],"texture":"#0"},"east":{"uv":[11.25,1.625,11.375,2],"texture":"#0"},"south":{"uv":[11.25,1.625,11.375,2],"texture":"#0"},"west":{"uv":[11.25,1.625,11.375,2],"texture":"#0"},"up":{"uv":[11.25,1.625,11.375,1.75],"texture":"#0"},"down":{"uv":[11.25,1.875,11.375,2],"texture":"#0"}}},{"name":"phantomguard_greatsword_18","from":[7.4375,13.375,7.9375],"to":[7.5625,14,8.0625],"rotation":{"angle":0,"axis":"y","origin":[3.0625,0,7.9375]},"faces":{"north":{"uv":[12.75,1.75,12.625,2.375],"texture":"#0"},"east":{"uv":[12.625,1.75,12.75,2.375],"texture":"#0"},"south":{"uv":[12.625,1.75,12.75,2.375],"texture":"#0"},"west":{"uv":[12.625,1.75,12.75,2.375],"texture":"#0"},"up":{"uv":[12.625,1.75,12.75,1.875],"texture":"#0"},"down":{"uv":[12.625,2.25,12.75,2.375],"texture":"#0"}}},{"name":"phantomguard_greatsword_19","from":[8.4375,13.375,7.9375],"to":[8.5625,14,8.0625],"rotation":{"angle":0,"axis":"y","origin":[3.0625,0,7.9375]},"faces":{"north":{"uv":[13.75,1.75,13.625,2.375],"texture":"#0"},"east":{"uv":[13.625,1.75,13.75,2.375],"texture":"#0"},"south":{"uv":[13.625,1.75,13.75,2.375],"texture":"#0"},"west":{"uv":[13.625,1.75,13.75,2.375],"texture":"#0"},"up":{"uv":[13.625,1.75,13.75,1.875],"texture":"#0"},"down":{"uv":[13.625,2.25,13.75,2.375],"texture":"#0"}}},{"name":"phantomguard_greatsword_20","from":[6.6875,6,7.8125],"to":[6.8125,7.25,8.1875],"rotation":{"angle":0,"axis":"y","origin":[3.0625,0,7.9375]},"faces":{"north":{"uv":[3.75,1.875,3.625,3.125],"texture":"#0"},"east":{"uv":[3.625,1.875,3.75,3.125],"texture":"#0"},"south":{"uv":[3.625,1.875,3.75,3.125],"texture":"#0"},"west":{"uv":[3.625,1.875,3.75,3.125],"texture":"#0"},"up":{"uv":[3.625,1.875,3.75,2],"texture":"#0"},"down":{"uv":[3.625,3,3.75,3.125],"texture":"#0"}}},{"name":"phantomguard_greatsword_21","from":[9.1875,6,7.8125],"to":[9.3125,7.25,8.1875],"rotation":{"angle":0,"axis":"y","origin":[3.0625,0,7.9375]},"faces":{"north":{"uv":[6.25,1.875,6.125,3.125],"texture":"#0"},"east":{"uv":[6.125,1.875,6.25,3.125],"texture":"#0"},"south":{"uv":[6.125,1.875,6.25,3.125],"texture":"#0"},"west":{"uv":[6.125,1.875,6.25,3.125],"texture":"#0"},"up":{"uv":[6.125,1.875,6.25,2],"texture":"#0"},"down":{"uv":[6.125,3,6.25,3.125],"texture":"#0"}}},{"name":"phantomguard_greatsword_22","from":[7.1875,13.5,7.96875],"to":[7.3125,13.875,8.03125],"rotation":{"angle":0,"axis":"y","origin":[3.0625,0,7.9375]},"faces":{"north":{"uv":[10,1.875,9.875,2.25],"texture":"#0"},"east":{"uv":[9.875,1.875,10,2.25],"texture":"#0"},"south":{"uv":[9.875,1.875,10,2.25],"texture":"#0"},"west":{"uv":[9.875,1.875,10,2.25],"texture":"#0"},"up":{"uv":[9.875,1.875,10,2],"texture":"#0"},"down":{"uv":[9.875,2.125,10,2.25],"texture":"#0"}}},{"name":"phantomguard_greatsword_23","from":[8.6875,13.5,7.96875],"to":[8.8125,13.875,8.03125],"rotation":{"angle":0,"axis":"y","origin":[3.0625,0,7.9375]},"faces":{"north":{"uv":[11.5,1.875,11.375,2.25],"texture":"#0"},"east":{"uv":[11.375,1.875,11.5,2.25],"texture":"#0"},"south":{"uv":[11.375,1.875,11.5,2.25],"texture":"#0"},"west":{"uv":[11.375,1.875,11.5,2.25],"texture":"#0"},"up":{"uv":[11.375,1.875,11.5,2],"texture":"#0"},"down":{"uv":[11.375,2.125,11.5,2.25],"texture":"#0"}}},{"name":"phantomguard_greatsword_24","from":[7.0625,13.625,7.96875],"to":[7.1875,13.75,8.03125],"rotation":{"angle":0,"axis":"y","origin":[3.0625,0,7.9375]},"faces":{"north":{"uv":[9.875,2,9.75,2.125],"texture":"#0"},"east":{"uv":[9.75,2,9.875,2.125],"texture":"#0"},"south":{"uv":[9.75,2,9.875,2.125],"texture":"#0"},"west":{"uv":[9.75,2,9.875,2.125],"texture":"#0"},"up":{"uv":[9.75,2,9.875,2.125],"texture":"#0"},"down":{"uv":[9.75,2,9.875,2.125],"texture":"#0"}}},{"name":"phantomguard_greatsword_25","from":[8.8125,13.625,7.96875],"to":[8.9375,13.75,8.03125],"rotation":{"angle":0,"axis":"y","origin":[3.0625,0,7.9375]},"faces":{"north":{"uv":[11.625,2,11.5,2.125],"texture":"#0"},"east":{"uv":[11.5,2,11.625,2.125],"texture":"#0"},"south":{"uv":[11.5,2,11.625,2.125],"texture":"#0"},"west":{"uv":[11.5,2,11.625,2.125],"texture":"#0"},"up":{"uv":[11.5,2,11.625,2.125],"texture":"#0"},"down":{"uv":[11.5,2,11.625,2.125],"texture":"#0"}}},{"name":"phantomguard_greatsword_26","from":[7.3125,13.625,7.9375],"to":[7.4375,13.75,8.0625],"rotation":{"angle":0,"axis":"y","origin":[3.0625,0,7.9375]},"faces":{"north":{"uv":[12.625,2,12.5,2.125],"texture":"#0"},"east":{"uv":[12.5,2,12.625,2.125],"texture":"#0"},"south":{"uv":[12.5,2,12.625,2.125],"texture":"#0"},"west":{"uv":[12.5,2,12.625,2.125],"texture":"#0"},"up":{"uv":[12.5,2,12.625,2.125],"texture":"#0"},"down":{"uv":[12.5,2,12.625,2.125],"texture":"#0"}}},{"name":"phantomguard_greatsword_27","from":[8.5625,13.625,7.9375],"to":[8.6875,13.75,8.0625],"rotation":{"angle":0,"axis":"y","origin":[3.0625,0,7.9375]},"faces":{"north":{"uv":[13.875,2,13.75,2.125],"texture":"#0"},"east":{"uv":[13.75,2,13.875,2.125],"texture":"#0"},"south":{"uv":[13.75,2,13.875,2.125],"texture":"#0"},"west":{"uv":[13.75,2,13.875,2.125],"texture":"#0"},"up":{"uv":[13.75,2,13.875,2.125],"texture":"#0"},"down":{"uv":[13.75,2,13.875,2.125],"texture":"#0"}}},{"name":"phantomguard_greatsword_28","from":[7.3125,13.25,7.96875],"to":[7.4375,13.625,8.03125],"rotation":{"angle":0,"axis":"y","origin":[3.0625,0,7.9375]},"faces":{"north":{"uv":[10.125,2.125,10,2.5],"texture":"#0"},"east":{"uv":[10,2.125,10.125,2.5],"texture":"#0"},"south":{"uv":[10,2.125,10.125,2.5],"texture":"#0"},"west":{"uv":[10,2.125,10.125,2.5],"texture":"#0"},"up":{"uv":[10,2.125,10.125,2.25],"texture":"#0"},"down":{"uv":[10,2.375,10.125,2.5],"texture":"#0"}}},{"name":"phantomguard_greatsword_29","from":[8.5625,13.25,7.96875],"to":[8.6875,13.625,8.03125],"rotation":{"angle":0,"axis":"y","origin":[3.0625,0,7.9375]},"faces":{"north":{"uv":[11.375,2.125,11.25,2.5],"texture":"#0"},"east":{"uv":[11.25,2.125,11.375,2.5],"texture":"#0"},"south":{"uv":[11.25,2.125,11.375,2.5],"texture":"#0"},"west":{"uv":[11.25,2.125,11.375,2.5],"texture":"#0"},"up":{"uv":[11.25,2.125,11.375,2.25],"texture":"#0"},"down":{"uv":[11.25,2.375,11.375,2.5],"texture":"#0"}}},{"name":"phantomguard_greatsword_30","from":[7.5625,12.125,7.9375],"to":[7.6875,13.625,8.0625],"rotation":{"angle":0,"axis":"y","origin":[3.0625,0,7.9375]},"faces":{"north":{"uv":[12.875,2.125,12.75,3.625],"texture":"#0"},"east":{"uv":[12.75,2.125,12.875,3.625],"texture":"#0"},"south":{"uv":[12.75,2.125,12.875,3.625],"texture":"#0"},"west":{"uv":[12.75,2.125,12.875,3.625],"texture":"#0"},"up":{"uv":[12.75,2.125,12.875,2.25],"texture":"#0"},"down":{"uv":[12.75,3.5,12.875,3.625],"texture":"#0"}}},{"name":"phantomguard_greatsword_31","from":[8.3125,12.125,7.9375],"to":[8.4375,13.625,8.0625],"rotation":{"angle":0,"axis":"y","origin":[3.0625,0,7.9375]},"faces":{"north":{"uv":[13.625,2.125,13.5,3.625],"texture":"#0"},"east":{"uv":[13.5,2.125,13.625,3.625],"texture":"#0"},"south":{"uv":[13.5,2.125,13.625,3.625],"texture":"#0"},"west":{"uv":[13.5,2.125,13.625,3.625],"texture":"#0"},"up":{"uv":[13.5,2.125,13.625,2.25],"texture":"#0"},"down":{"uv":[13.5,3.5,13.625,3.625],"texture":"#0"}}},{"name":"phantomguard_greatsword_32","from":[7.6875,12.25,7.9375],"to":[7.8125,13.5,8.0625],"rotation":{"angle":0,"axis":"y","origin":[3.0625,0,7.9375]},"faces":{"north":{"uv":[13,2.25,12.875,3.5],"texture":"#0"},"east":{"uv":[12.875,2.25,13,3.5],"texture":"#0"},"south":{"uv":[12.875,2.25,13,3.5],"texture":"#0"},"west":{"uv":[12.875,2.25,13,3.5],"texture":"#0"},"up":{"uv":[12.875,2.25,13,2.375],"texture":"#0"},"down":{"uv":[12.875,3.375,13,3.5],"texture":"#0"}}},{"name":"phantomguard_greatsword_33","from":[8.1875,12.25,7.9375],"to":[8.3125,13.5,8.0625],"rotation":{"angle":0,"axis":"y","origin":[3.0625,0,7.9375]},"faces":{"north":{"uv":[13.5,2.25,13.375,3.5],"texture":"#0"},"east":{"uv":[13.375,2.25,13.5,3.5],"texture":"#0"},"south":{"uv":[13.375,2.25,13.5,3.5],"texture":"#0"},"west":{"uv":[13.375,2.25,13.5,3.5],"texture":"#0"},"up":{"uv":[13.375,2.25,13.5,2.375],"texture":"#0"},"down":{"uv":[13.375,3.375,13.5,3.5],"texture":"#0"}}},{"name":"phantomguard_greatsword_34","from":[6.5625,5.875,7.8125],"to":[6.6875,6.75,8.1875],"rotation":{"angle":0,"axis":"y","origin":[3.0625,0,7.9375]},"faces":{"north":{"uv":[3.625,2.375,3.5,3.25],"texture":"#0"},"east":{"uv":[3.5,2.375,3.625,3.25],"texture":"#0"},"south":{"uv":[3.5,2.375,3.625,3.25],"texture":"#0"},"west":{"uv":[3.5,2.375,3.625,3.25],"texture":"#0"},"up":{"uv":[3.5,2.375,3.625,2.5],"texture":"#0"},"down":{"uv":[3.5,3.125,3.625,3.25],"texture":"#0"}}},{"name":"phantomguard_greatsword_35","from":[9.3125,5.875,7.8125],"to":[9.4375,6.75,8.1875],"rotation":{"angle":0,"axis":"y","origin":[3.0625,0,7.9375]},"faces":{"north":{"uv":[6.375,2.375,6.25,3.25],"texture":"#0"},"east":{"uv":[6.25,2.375,6.375,3.25],"texture":"#0"},"south":{"uv":[6.25,2.375,6.375,3.25],"texture":"#0"},"west":{"uv":[6.25,2.375,6.375,3.25],"texture":"#0"},"up":{"uv":[6.25,2.375,6.375,2.5],"texture":"#0"},"down":{"uv":[6.25,3.125,6.375,3.25],"texture":"#0"}}},{"name":"phantomguard_greatsword_36","from":[7.4375,12.375,7.96875],"to":[7.5625,13.375,8.03125],"rotation":{"angle":0,"axis":"y","origin":[3.0625,0,7.9375]},"faces":{"north":{"uv":[10.25,2.375,10.125,3.375],"texture":"#0"},"east":{"uv":[10.125,2.375,10.25,3.375],"texture":"#0"},"south":{"uv":[10.125,2.375,10.25,3.375],"texture":"#0"},"west":{"uv":[10.125,2.375,10.25,3.375],"texture":"#0"},"up":{"uv":[10.125,2.375,10.25,2.5],"texture":"#0"},"down":{"uv":[10.125,3.25,10.25,3.375],"texture":"#0"}}},{"name":"phantomguard_greatsword_37","from":[8.4375,12.375,7.96875],"to":[8.5625,13.375,8.03125],"rotation":{"angle":0,"axis":"y","origin":[3.0625,0,7.9375]},"faces":{"north":{"uv":[11.25,2.375,11.125,3.375],"texture":"#0"},"east":{"uv":[11.125,2.375,11.25,3.375],"texture":"#0"},"south":{"uv":[11.125,2.375,11.25,3.375],"texture":"#0"},"west":{"uv":[11.125,2.375,11.25,3.375],"texture":"#0"},"up":{"uv":[11.125,2.375,11.25,2.5],"texture":"#0"},"down":{"uv":[11.125,3.25,11.25,3.375],"texture":"#0"}}},{"name":"phantomguard_greatsword_38","from":[6.4375,5.125,7.8125],"to":[6.5625,6.375,8.1875],"rotation":{"angle":0,"axis":"y","origin":[3.0625,0,7.9375]},"faces":{"north":{"uv":[3.5,2.75,3.375,4],"texture":"#0"},"east":{"uv":[3.375,2.75,3.5,4],"texture":"#0"},"south":{"uv":[3.375,2.75,3.5,4],"texture":"#0"},"west":{"uv":[3.375,2.75,3.5,4],"texture":"#0"},"up":{"uv":[3.375,2.75,3.5,2.875],"texture":"#0"},"down":{"uv":[3.375,3.875,3.5,4],"texture":"#0"}}},{"name":"phantomguard_greatsword_39","from":[9.4375,5.125,7.8125],"to":[9.5625,6.375,8.1875],"rotation":{"angle":0,"axis":"y","origin":[3.0625,0,7.9375]},"faces":{"north":{"uv":[6.5,2.75,6.375,4],"texture":"#0"},"east":{"uv":[6.375,2.75,6.5,4],"texture":"#0"},"south":{"uv":[6.375,2.75,6.5,4],"texture":"#0"},"west":{"uv":[6.375,2.75,6.5,4],"texture":"#0"},"up":{"uv":[6.375,2.75,6.5,2.875],"texture":"#0"},"down":{"uv":[6.375,3.875,6.5,4],"texture":"#0"}}},{"name":"phantomguard_greatsword_40","from":[6.3125,5.25,7.8125],"to":[6.4375,6.25,8.1875],"rotation":{"angle":0,"axis":"y","origin":[3.0625,0,7.9375]},"faces":{"north":{"uv":[3.375,2.875,3.25,3.875],"texture":"#0"},"east":{"uv":[3.25,2.875,3.375,3.875],"texture":"#0"},"south":{"uv":[3.25,2.875,3.375,3.875],"texture":"#0"},"west":{"uv":[3.25,2.875,3.375,3.875],"texture":"#0"},"up":{"uv":[3.25,2.875,3.375,3],"texture":"#0"},"down":{"uv":[3.25,3.75,3.375,3.875],"texture":"#0"}}},{"name":"phantomguard_greatsword_41","from":[9.5625,5.25,7.8125],"to":[9.6875,6.25,8.1875],"rotation":{"angle":0,"axis":"y","origin":[3.0625,0,7.9375]},"faces":{"north":{"uv":[6.625,2.875,6.5,3.875],"texture":"#0"},"east":{"uv":[6.5,2.875,6.625,3.875],"texture":"#0"},"south":{"uv":[6.5,2.875,6.625,3.875],"texture":"#0"},"west":{"uv":[6.5,2.875,6.625,3.875],"texture":"#0"},"up":{"uv":[6.5,2.875,6.625,3],"texture":"#0"},"down":{"uv":[6.5,3.75,6.625,3.875],"texture":"#0"}}},{"name":"phantomguard_greatsword_42","from":[6.1875,5.25,7.8125],"to":[6.3125,6.125,8.1875],"rotation":{"angle":0,"axis":"y","origin":[3.0625,0,7.9375]},"faces":{"north":{"uv":[3.25,3,3.125,3.875],"texture":"#0"},"east":{"uv":[3.125,3,3.25,3.875],"texture":"#0"},"south":{"uv":[3.125,3,3.25,3.875],"texture":"#0"},"west":{"uv":[3.125,3,3.25,3.875],"texture":"#0"},"up":{"uv":[3.125,3,3.25,3.125],"texture":"#0"},"down":{"uv":[3.125,3.75,3.25,3.875],"texture":"#0"}}},{"name":"phantomguard_greatsword_43","from":[9.6875,5.25,7.8125],"to":[9.8125,6.125,8.1875],"rotation":{"angle":0,"axis":"y","origin":[3.0625,0,7.9375]},"faces":{"north":{"uv":[6.75,3,6.625,3.875],"texture":"#0"},"east":{"uv":[6.625,3,6.75,3.875],"texture":"#0"},"south":{"uv":[6.625,3,6.75,3.875],"texture":"#0"},"west":{"uv":[6.625,3,6.75,3.875],"texture":"#0"},"up":{"uv":[6.625,3,6.75,3.125],"texture":"#0"},"down":{"uv":[6.625,3.75,6.75,3.875],"texture":"#0"}}},{"name":"phantomguard_greatsword_44","from":[6.0625,4.75,7.8125],"to":[6.1875,6,8.1875],"rotation":{"angle":0,"axis":"y","origin":[3.0625,0,7.9375]},"faces":{"north":{"uv":[3.125,3.125,3,4.375],"texture":"#0"},"east":{"uv":[3,3.125,3.125,4.375],"texture":"#0"},"south":{"uv":[3,3.125,3.125,4.375],"texture":"#0"},"west":{"uv":[3,3.125,3.125,4.375],"texture":"#0"},"up":{"uv":[3,3.125,3.125,3.25],"texture":"#0"},"down":{"uv":[3,4.25,3.125,4.375],"texture":"#0"}}},{"name":"phantomguard_greatsword_45","from":[9.8125,4.75,7.8125],"to":[9.9375,6,8.1875],"rotation":{"angle":0,"axis":"y","origin":[3.0625,0,7.9375]},"faces":{"north":{"uv":[6.875,3.125,6.75,4.375],"texture":"#0"},"east":{"uv":[6.75,3.125,6.875,4.375],"texture":"#0"},"south":{"uv":[6.75,3.125,6.875,4.375],"texture":"#0"},"west":{"uv":[6.75,3.125,6.875,4.375],"texture":"#0"},"up":{"uv":[6.75,3.125,6.875,3.25],"texture":"#0"},"down":{"uv":[6.75,4.25,6.875,4.375],"texture":"#0"}}},{"name":"phantomguard_greatsword_46","from":[5.9375,5,7.8125],"to":[6.0625,5.875,8.1875],"rotation":{"angle":0,"axis":"y","origin":[3.0625,0,7.9375]},"faces":{"north":{"uv":[3,3.25,2.875,4.125],"texture":"#0"},"east":{"uv":[2.875,3.25,3,4.125],"texture":"#0"},"south":{"uv":[2.875,3.25,3,4.125],"texture":"#0"},"west":{"uv":[2.875,3.25,3,4.125],"texture":"#0"},"up":{"uv":[2.875,3.25,3,3.375],"texture":"#0"},"down":{"uv":[2.875,4,3,4.125],"texture":"#0"}}},{"name":"phantomguard_greatsword_47","from":[9.9375,5,7.8125],"to":[10.0625,5.875,8.1875],"rotation":{"angle":0,"axis":"y","origin":[3.0625,0,7.9375]},"faces":{"north":{"uv":[7,3.25,6.875,4.125],"texture":"#0"},"east":{"uv":[6.875,3.25,7,4.125],"texture":"#0"},"south":{"uv":[6.875,3.25,7,4.125],"texture":"#0"},"west":{"uv":[6.875,3.25,7,4.125],"texture":"#0"},"up":{"uv":[6.875,3.25,7,3.375],"texture":"#0"},"down":{"uv":[6.875,4,7,4.125],"texture":"#0"}}},{"name":"phantomguard_greatsword_48","from":[7.3125,12.125,7.96875],"to":[7.4375,12.5,8.03125],"rotation":{"angle":0,"axis":"y","origin":[3.0625,0,7.9375]},"faces":{"north":{"uv":[10.125,3.25,10,3.625],"texture":"#0"},"east":{"uv":[10,3.25,10.125,3.625],"texture":"#0"},"south":{"uv":[10,3.25,10.125,3.625],"texture":"#0"},"west":{"uv":[10,3.25,10.125,3.625],"texture":"#0"},"up":{"uv":[10,3.25,10.125,3.375],"texture":"#0"},"down":{"uv":[10,3.5,10.125,3.625],"texture":"#0"}}},{"name":"phantomguard_greatsword_49","from":[8.5625,12.125,7.96875],"to":[8.6875,12.5,8.03125],"rotation":{"angle":0,"axis":"y","origin":[3.0625,0,7.9375]},"faces":{"north":{"uv":[11.375,3.25,11.25,3.625],"texture":"#0"},"east":{"uv":[11.25,3.25,11.375,3.625],"texture":"#0"},"south":{"uv":[11.25,3.25,11.375,3.625],"texture":"#0"},"west":{"uv":[11.25,3.25,11.375,3.625],"texture":"#0"},"up":{"uv":[11.25,3.25,11.375,3.375],"texture":"#0"},"down":{"uv":[11.25,3.5,11.375,3.625],"texture":"#0"}}},{"name":"phantomguard_greatsword_50","from":[5.8125,5.625,7.8125],"to":[5.9375,5.75,8.1875],"rotation":{"angle":0,"axis":"y","origin":[3.0625,0,7.9375]},"faces":{"north":{"uv":[2.875,3.375,2.75,3.5],"texture":"#0"},"east":{"uv":[2.75,3.375,2.875,3.5],"texture":"#0"},"south":{"uv":[2.75,3.375,2.875,3.5],"texture":"#0"},"west":{"uv":[2.75,3.375,2.875,3.5],"texture":"#0"},"up":{"uv":[2.75,3.375,2.875,3.5],"texture":"#0"},"down":{"uv":[2.75,3.375,2.875,3.5],"texture":"#0"}}},{"name":"phantomguard_greatsword_51","from":[10.0625,5.625,7.8125],"to":[10.1875,5.75,8.1875],"rotation":{"angle":0,"axis":"y","origin":[3.0625,0,7.9375]},"faces":{"north":{"uv":[7.125,3.375,7,3.5],"texture":"#0"},"east":{"uv":[7,3.375,7.125,3.5],"texture":"#0"},"south":{"uv":[7,3.375,7.125,3.5],"texture":"#0"},"west":{"uv":[7,3.375,7.125,3.5],"texture":"#0"},"up":{"uv":[7,3.375,7.125,3.5],"texture":"#0"},"down":{"uv":[7,3.375,7.125,3.5],"texture":"#0"}}},{"name":"phantomguard_greatsword_52","from":[7.4375,11.75,7.9375],"to":[7.5625,12.375,8.0625],"rotation":{"angle":0,"axis":"y","origin":[3.0625,0,7.9375]},"faces":{"north":{"uv":[12.75,3.375,12.625,4],"texture":"#0"},"east":{"uv":[12.625,3.375,12.75,4],"texture":"#0"},"south":{"uv":[12.625,3.375,12.75,4],"texture":"#0"},"west":{"uv":[12.625,3.375,12.75,4],"texture":"#0"},"up":{"uv":[12.625,3.375,12.75,3.5],"texture":"#0"},"down":{"uv":[12.625,3.875,12.75,4],"texture":"#0"}}},{"name":"phantomguard_greatsword_53","from":[8.4375,11.75,7.9375],"to":[8.5625,12.375,8.0625],"rotation":{"angle":0,"axis":"y","origin":[3.0625,0,7.9375]},"faces":{"north":{"uv":[13.75,3.375,13.625,4],"texture":"#0"},"east":{"uv":[13.625,3.375,13.75,4],"texture":"#0"},"south":{"uv":[13.625,3.375,13.75,4],"texture":"#0"},"west":{"uv":[13.625,3.375,13.75,4],"texture":"#0"},"up":{"uv":[13.625,3.375,13.75,3.5],"texture":"#0"},"down":{"uv":[13.625,3.875,13.75,4],"texture":"#0"}}},{"name":"phantomguard_greatsword_54","from":[6.5625,5.375,7.8125],"to":[6.9375,5.625,8.1875],"rotation":{"angle":0,"axis":"y","origin":[3.0625,0,7.9375]},"faces":{"north":{"uv":[3.875,3.5,3.5,3.75],"texture":"#0"},"east":{"uv":[3.75,3.5,3.875,3.75],"texture":"#0"},"south":{"uv":[3.5,3.5,3.875,3.75],"texture":"#0"},"west":{"uv":[3.5,3.5,3.625,3.75],"texture":"#0"},"up":{"uv":[3.5,3.5,3.875,3.625],"texture":"#0"},"down":{"uv":[3.5,3.625,3.875,3.75],"texture":"#0"}}},{"name":"phantomguard_greatsword_55","from":[6.9375,5.5,7.8125],"to":[7.0625,5.625,8.1875],"rotation":{"angle":0,"axis":"y","origin":[3.0625,0,7.9375]},"faces":{"north":{"uv":[4,3.5,3.875,3.625],"texture":"#0"},"east":{"uv":[3.875,3.5,4,3.625],"texture":"#0"},"south":{"uv":[3.875,3.5,4,3.625],"texture":"#0"},"west":{"uv":[3.875,3.5,4,3.625],"texture":"#0"},"up":{"uv":[3.875,3.5,4,3.625],"texture":"#0"},"down":{"uv":[3.875,3.5,4,3.625],"texture":"#0"}}},{"name":"phantomguard_greatsword_56","from":[8.9375,5.5,7.8125],"to":[9.4375,5.625,8.1875],"rotation":{"angle":0,"axis":"y","origin":[3.0625,0,7.9375]},"faces":{"north":{"uv":[6.375,3.5,5.875,3.625],"texture":"#0"},"east":{"uv":[6.25,3.5,6.375,3.625],"texture":"#0"},"south":{"uv":[5.875,3.5,6.375,3.625],"texture":"#0"},"west":{"uv":[5.875,3.5,6,3.625],"texture":"#0"},"up":{"uv":[5.875,3.5,6.375,3.625],"texture":"#0"},"down":{"uv":[5.875,3.5,6.375,3.625],"texture":"#0"}}},{"name":"phantomguard_greatsword_57","from":[7.1875,11.875,7.96875],"to":[7.3125,12.25,8.03125],"rotation":{"angle":0,"axis":"y","origin":[3.0625,0,7.9375]},"faces":{"north":{"uv":[10,3.5,9.875,3.875],"texture":"#0"},"east":{"uv":[9.875,3.5,10,3.875],"texture":"#0"},"south":{"uv":[9.875,3.5,10,3.875],"texture":"#0"},"west":{"uv":[9.875,3.5,10,3.875],"texture":"#0"},"up":{"uv":[9.875,3.5,10,3.625],"texture":"#0"},"down":{"uv":[9.875,3.75,10,3.875],"texture":"#0"}}},{"name":"phantomguard_greatsword_58","from":[8.6875,11.875,7.96875],"to":[8.8125,12.25,8.03125],"rotation":{"angle":0,"axis":"y","origin":[3.0625,0,7.9375]},"faces":{"north":{"uv":[11.5,3.5,11.375,3.875],"texture":"#0"},"east":{"uv":[11.375,3.5,11.5,3.875],"texture":"#0"},"south":{"uv":[11.375,3.5,11.5,3.875],"texture":"#0"},"west":{"uv":[11.375,3.5,11.5,3.875],"texture":"#0"},"up":{"uv":[11.375,3.5,11.5,3.625],"texture":"#0"},"down":{"uv":[11.375,3.75,11.5,3.875],"texture":"#0"}}},{"name":"phantomguard_greatsword_59","from":[9.0625,5.375,7.8125],"to":[9.4375,5.5,8.1875],"rotation":{"angle":0,"axis":"y","origin":[3.0625,0,7.9375]},"faces":{"north":{"uv":[6.375,3.625,6,3.75],"texture":"#0"},"east":{"uv":[6.25,3.625,6.375,3.75],"texture":"#0"},"south":{"uv":[6,3.625,6.375,3.75],"texture":"#0"},"west":{"uv":[6,3.625,6.125,3.75],"texture":"#0"},"up":{"uv":[6,3.625,6.375,3.75],"texture":"#0"},"down":{"uv":[6,3.625,6.375,3.75],"texture":"#0"}}},{"name":"phantomguard_greatsword_60","from":[7.0625,12,7.96875],"to":[7.1875,12.125,8.03125],"rotation":{"angle":0,"axis":"y","origin":[3.0625,0,7.9375]},"faces":{"north":{"uv":[9.875,3.625,9.75,3.75],"texture":"#0"},"east":{"uv":[9.75,3.625,9.875,3.75],"texture":"#0"},"south":{"uv":[9.75,3.625,9.875,3.75],"texture":"#0"},"west":{"uv":[9.75,3.625,9.875,3.75],"texture":"#0"},"up":{"uv":[9.75,3.625,9.875,3.75],"texture":"#0"},"down":{"uv":[9.75,3.625,9.875,3.75],"texture":"#0"}}},{"name":"phantomguard_greatsword_61","from":[8.8125,12,7.96875],"to":[8.9375,12.125,8.03125],"rotation":{"angle":0,"axis":"y","origin":[3.0625,0,7.9375]},"faces":{"north":{"uv":[11.625,3.625,11.5,3.75],"texture":"#0"},"east":{"uv":[11.5,3.625,11.625,3.75],"texture":"#0"},"south":{"uv":[11.5,3.625,11.625,3.75],"texture":"#0"},"west":{"uv":[11.5,3.625,11.625,3.75],"texture":"#0"},"up":{"uv":[11.5,3.625,11.625,3.75],"texture":"#0"},"down":{"uv":[11.5,3.625,11.625,3.75],"texture":"#0"}}},{"name":"phantomguard_greatsword_62","from":[7.3125,12,7.9375],"to":[7.4375,12.125,8.0625],"rotation":{"angle":0,"axis":"y","origin":[3.0625,0,7.9375]},"faces":{"north":{"uv":[12.625,3.625,12.5,3.75],"texture":"#0"},"east":{"uv":[12.5,3.625,12.625,3.75],"texture":"#0"},"south":{"uv":[12.5,3.625,12.625,3.75],"texture":"#0"},"west":{"uv":[12.5,3.625,12.625,3.75],"texture":"#0"},"up":{"uv":[12.5,3.625,12.625,3.75],"texture":"#0"},"down":{"uv":[12.5,3.625,12.625,3.75],"texture":"#0"}}},{"name":"phantomguard_greatsword_63","from":[8.5625,12,7.9375],"to":[8.6875,12.125,8.0625],"rotation":{"angle":0,"axis":"y","origin":[3.0625,0,7.9375]},"faces":{"north":{"uv":[13.875,3.625,13.75,3.75],"texture":"#0"},"east":{"uv":[13.75,3.625,13.875,3.75],"texture":"#0"},"south":{"uv":[13.75,3.625,13.875,3.75],"texture":"#0"},"west":{"uv":[13.75,3.625,13.875,3.75],"texture":"#0"},"up":{"uv":[13.75,3.625,13.875,3.75],"texture":"#0"},"down":{"uv":[13.75,3.625,13.875,3.75],"texture":"#0"}}},{"name":"phantomguard_greatsword_64","from":[5.8125,5.125,7.8125],"to":[5.9375,5.375,8.1875],"rotation":{"angle":0,"axis":"y","origin":[3.0625,0,7.9375]},"faces":{"north":{"uv":[2.875,3.75,2.75,4],"texture":"#0"},"east":{"uv":[2.75,3.75,2.875,4],"texture":"#0"},"south":{"uv":[2.75,3.75,2.875,4],"texture":"#0"},"west":{"uv":[2.75,3.75,2.875,4],"texture":"#0"},"up":{"uv":[2.75,3.75,2.875,3.875],"texture":"#0"},"down":{"uv":[2.75,3.875,2.875,4],"texture":"#0"}}},{"name":"phantomguard_greatsword_65","from":[6.5625,5.25,7.8125],"to":[6.8125,5.375,8.1875],"rotation":{"angle":0,"axis":"y","origin":[3.0625,0,7.9375]},"faces":{"north":{"uv":[3.75,3.75,3.5,3.875],"texture":"#0"},"east":{"uv":[3.625,3.75,3.75,3.875],"texture":"#0"},"south":{"uv":[3.5,3.75,3.75,3.875],"texture":"#0"},"west":{"uv":[3.5,3.75,3.625,3.875],"texture":"#0"},"up":{"uv":[3.5,3.75,3.75,3.875],"texture":"#0"},"down":{"uv":[3.5,3.75,3.75,3.875],"texture":"#0"}}},{"name":"phantomguard_greatsword_66","from":[9.1875,5.25,7.8125],"to":[9.4375,5.375,8.1875],"rotation":{"angle":0,"axis":"y","origin":[3.0625,0,7.9375]},"faces":{"north":{"uv":[6.375,3.75,6.125,3.875],"texture":"#0"},"east":{"uv":[6.25,3.75,6.375,3.875],"texture":"#0"},"south":{"uv":[6.125,3.75,6.375,3.875],"texture":"#0"},"west":{"uv":[6.125,3.75,6.25,3.875],"texture":"#0"},"up":{"uv":[6.125,3.75,6.375,3.875],"texture":"#0"},"down":{"uv":[6.125,3.75,6.375,3.875],"texture":"#0"}}},{"name":"phantomguard_greatsword_67","from":[10.0625,5.125,7.8125],"to":[10.1875,5.375,8.1875],"rotation":{"angle":0,"axis":"y","origin":[3.0625,0,7.9375]},"faces":{"north":{"uv":[7.125,3.75,7,4],"texture":"#0"},"east":{"uv":[7,3.75,7.125,4],"texture":"#0"},"south":{"uv":[7,3.75,7.125,4],"texture":"#0"},"west":{"uv":[7,3.75,7.125,4],"texture":"#0"},"up":{"uv":[7,3.75,7.125,3.875],"texture":"#0"},"down":{"uv":[7,3.875,7.125,4],"texture":"#0"}}},{"name":"phantomguard_greatsword_68","from":[7.3125,11.625,7.96875],"to":[7.4375,12,8.03125],"rotation":{"angle":0,"axis":"y","origin":[3.0625,0,7.9375]},"faces":{"north":{"uv":[10.125,3.75,10,4.125],"texture":"#0"},"east":{"uv":[10,3.75,10.125,4.125],"texture":"#0"},"south":{"uv":[10,3.75,10.125,4.125],"texture":"#0"},"west":{"uv":[10,3.75,10.125,4.125],"texture":"#0"},"up":{"uv":[10,3.75,10.125,3.875],"texture":"#0"},"down":{"uv":[10,4,10.125,4.125],"texture":"#0"}}},{"name":"phantomguard_greatsword_69","from":[8.5625,11.625,7.96875],"to":[8.6875,12,8.03125],"rotation":{"angle":0,"axis":"y","origin":[3.0625,0,7.9375]},"faces":{"north":{"uv":[11.375,3.75,11.25,4.125],"texture":"#0"},"east":{"uv":[11.25,3.75,11.375,4.125],"texture":"#0"},"south":{"uv":[11.25,3.75,11.375,4.125],"texture":"#0"},"west":{"uv":[11.25,3.75,11.375,4.125],"texture":"#0"},"up":{"uv":[11.25,3.75,11.375,3.875],"texture":"#0"},"down":{"uv":[11.25,4,11.375,4.125],"texture":"#0"}}},{"name":"phantomguard_greatsword_70","from":[7.5625,7.875,7.9375],"to":[7.6875,12,8.0625],"rotation":{"angle":0,"axis":"y","origin":[3.0625,0,7.9375]},"faces":{"north":{"uv":[12.875,3.75,12.75,7.875],"texture":"#0"},"east":{"uv":[12.75,3.75,12.875,7.875],"texture":"#0"},"south":{"uv":[12.75,3.75,12.875,7.875],"texture":"#0"},"west":{"uv":[12.75,3.75,12.875,7.875],"texture":"#0"},"up":{"uv":[12.75,3.75,12.875,3.875],"texture":"#0"},"down":{"uv":[12.75,7.75,12.875,7.875],"texture":"#0"}}},{"name":"phantomguard_greatsword_71","from":[8.3125,7.875,7.9375],"to":[8.4375,12,8.0625],"rotation":{"angle":0,"axis":"y","origin":[3.0625,0,7.9375]},"faces":{"north":{"uv":[13.625,3.75,13.5,7.875],"texture":"#0"},"east":{"uv":[13.5,3.75,13.625,7.875],"texture":"#0"},"south":{"uv":[13.5,3.75,13.625,7.875],"texture":"#0"},"west":{"uv":[13.5,3.75,13.625,7.875],"texture":"#0"},"up":{"uv":[13.5,3.75,13.625,3.875],"texture":"#0"},"down":{"uv":[13.5,7.75,13.625,7.875],"texture":"#0"}}},{"name":"phantomguard_greatsword_72","from":[6.5625,5,7.8125],"to":[6.6875,5.25,8.1875],"rotation":{"angle":0,"axis":"y","origin":[3.0625,0,7.9375]},"faces":{"north":{"uv":[3.625,3.875,3.5,4.125],"texture":"#0"},"east":{"uv":[3.5,3.875,3.625,4.125],"texture":"#0"},"south":{"uv":[3.5,3.875,3.625,4.125],"texture":"#0"},"west":{"uv":[3.5,3.875,3.625,4.125],"texture":"#0"},"up":{"uv":[3.5,3.875,3.625,4],"texture":"#0"},"down":{"uv":[3.5,4,3.625,4.125],"texture":"#0"}}},{"name":"phantomguard_greatsword_73","from":[9.3125,5,7.8125],"to":[9.4375,5.25,8.1875],"rotation":{"angle":0,"axis":"y","origin":[3.0625,0,7.9375]},"faces":{"north":{"uv":[6.375,3.875,6.25,4.125],"texture":"#0"},"east":{"uv":[6.25,3.875,6.375,4.125],"texture":"#0"},"south":{"uv":[6.25,3.875,6.375,4.125],"texture":"#0"},"west":{"uv":[6.25,3.875,6.375,4.125],"texture":"#0"},"up":{"uv":[6.25,3.875,6.375,4],"texture":"#0"},"down":{"uv":[6.25,4,6.375,4.125],"texture":"#0"}}},{"name":"phantomguard_greatsword_74","from":[7.6875,9.625,7.9375],"to":[7.8125,11.875,8.0625],"rotation":{"angle":0,"axis":"y","origin":[3.0625,0,7.9375]},"faces":{"north":{"uv":[13,3.875,12.875,6.125],"texture":"#0"},"east":{"uv":[12.875,3.875,13,6.125],"texture":"#0"},"south":{"uv":[12.875,3.875,13,6.125],"texture":"#0"},"west":{"uv":[12.875,3.875,13,6.125],"texture":"#0"},"up":{"uv":[12.875,3.875,13,4],"texture":"#0"},"down":{"uv":[12.875,6,13,6.125],"texture":"#0"}}},{"name":"phantomguard_greatsword_75","from":[8.1875,9.625,7.9375],"to":[8.3125,11.875,8.0625],"rotation":{"angle":0,"axis":"y","origin":[3.0625,0,7.9375]},"faces":{"north":{"uv":[13.5,3.875,13.375,6.125],"texture":"#0"},"east":{"uv":[13.375,3.875,13.5,6.125],"texture":"#0"},"south":{"uv":[13.375,3.875,13.5,6.125],"texture":"#0"},"west":{"uv":[13.375,3.875,13.5,6.125],"texture":"#0"},"up":{"uv":[13.375,3.875,13.5,4],"texture":"#0"},"down":{"uv":[13.375,6,13.5,6.125],"texture":"#0"}}},{"name":"phantomguard_greatsword_76","from":[7.4375,9.75,7.96875],"to":[7.5625,11.75,8.03125],"rotation":{"angle":0,"axis":"y","origin":[3.0625,0,7.9375]},"faces":{"north":{"uv":[10.25,4,10.125,6],"texture":"#0"},"east":{"uv":[10.125,4,10.25,6],"texture":"#0"},"south":{"uv":[10.125,4,10.25,6],"texture":"#0"},"west":{"uv":[10.125,4,10.25,6],"texture":"#0"},"up":{"uv":[10.125,4,10.25,4.125],"texture":"#0"},"down":{"uv":[10.125,5.875,10.25,6],"texture":"#0"}}},{"name":"phantomguard_greatsword_77","from":[8.4375,9.75,7.96875],"to":[8.5625,11.75,8.03125],"rotation":{"angle":0,"axis":"y","origin":[3.0625,0,7.9375]},"faces":{"north":{"uv":[11.25,4,11.125,6],"texture":"#0"},"east":{"uv":[11.125,4,11.25,6],"texture":"#0"},"south":{"uv":[11.125,4,11.25,6],"texture":"#0"},"west":{"uv":[11.125,4,11.25,6],"texture":"#0"},"up":{"uv":[11.125,4,11.25,4.125],"texture":"#0"},"down":{"uv":[11.125,5.875,11.25,6],"texture":"#0"}}},{"name":"phantomguard_greatsword_78","from":[7.9375,5.625,7.75],"to":[8.0625,7.125,8.25],"rotation":{"angle":0,"axis":"y","origin":[3.0625,0,7.9375]},"faces":{"north":{"uv":[5,4.375,4.875,5.875],"texture":"#0"},"east":{"uv":[4.875,4.375,5,5.875],"texture":"#0"},"south":{"uv":[4.875,4.375,5,5.875],"texture":"#0"},"west":{"uv":[4.875,4.375,5,5.875],"texture":"#0"},"up":{"uv":[4.875,4.375,5,4.5],"texture":"#0"},"down":{"uv":[4.875,5.75,5,5.875],"texture":"#0"}}},{"name":"phantomguard_greatsword_79","from":[7.8125,5.75,7.75],"to":[7.9375,6.875,8.25],"rotation":{"angle":0,"axis":"y","origin":[3.0625,0,7.9375]},"faces":{"north":{"uv":[4.875,4.625,4.75,5.75],"texture":"#0"},"east":{"uv":[4.75,4.625,4.875,5.75],"texture":"#0"},"south":{"uv":[4.75,4.625,4.875,5.75],"texture":"#0"},"west":{"uv":[4.75,4.625,4.875,5.75],"texture":"#0"},"up":{"uv":[4.75,4.625,4.875,4.75],"texture":"#0"},"down":{"uv":[4.75,5.625,4.875,5.75],"texture":"#0"}}},{"name":"phantomguard_greatsword_80","from":[8.0625,5.75,7.75],"to":[8.1875,6.875,8.25],"rotation":{"angle":0,"axis":"y","origin":[3.0625,0,7.9375]},"faces":{"north":{"uv":[5.125,4.625,5,5.75],"texture":"#0"},"east":{"uv":[5,4.625,5.125,5.75],"texture":"#0"},"south":{"uv":[5,4.625,5.125,5.75],"texture":"#0"},"west":{"uv":[5,4.625,5.125,5.75],"texture":"#0"},"up":{"uv":[5,4.625,5.125,4.75],"texture":"#0"},"down":{"uv":[5,5.625,5.125,5.75],"texture":"#0"}}},{"name":"phantomguard_greatsword_81","from":[5.6875,6,7.875],"to":[5.8125,6.5,8.125],"rotation":{"angle":0,"axis":"y","origin":[3.0625,0,7.9375]},"faces":{"north":{"uv":[2.75,4.75,2.625,5.25],"texture":"#0"},"east":{"uv":[2.625,4.75,2.75,5.25],"texture":"#0"},"south":{"uv":[2.625,4.75,2.75,5.25],"texture":"#0"},"west":{"uv":[2.625,4.75,2.75,5.25],"texture":"#0"},"up":{"uv":[2.625,4.75,2.75,4.875],"texture":"#0"},"down":{"uv":[2.625,5.125,2.75,5.25],"texture":"#0"}}},{"name":"phantomguard_greatsword_82","from":[10.1875,6,7.875],"to":[10.3125,6.5,8.125],"rotation":{"angle":0,"axis":"y","origin":[3.0625,0,7.9375]},"faces":{"north":{"uv":[7.25,4.75,7.125,5.25],"texture":"#0"},"east":{"uv":[7.125,4.75,7.25,5.25],"texture":"#0"},"south":{"uv":[7.125,4.75,7.25,5.25],"texture":"#0"},"west":{"uv":[7.125,4.75,7.25,5.25],"texture":"#0"},"up":{"uv":[7.125,4.75,7.25,4.875],"texture":"#0"},"down":{"uv":[7.125,5.125,7.25,5.25],"texture":"#0"}}},{"name":"phantomguard_greatsword_83","from":[7.6875,5.875,7.75],"to":[7.8125,6.625,8.25],"rotation":{"angle":0,"axis":"y","origin":[3.0625,0,7.9375]},"faces":{"north":{"uv":[4.75,4.875,4.625,5.625],"texture":"#0"},"east":{"uv":[4.625,4.875,4.75,5.625],"texture":"#0"},"south":{"uv":[4.625,4.875,4.75,5.625],"texture":"#0"},"west":{"uv":[4.625,4.875,4.75,5.625],"texture":"#0"},"up":{"uv":[4.625,4.875,4.75,5],"texture":"#0"},"down":{"uv":[4.625,5.5,4.75,5.625],"texture":"#0"}}},{"name":"phantomguard_greatsword_84","from":[8.1875,5.875,7.75],"to":[8.3125,6.625,8.25],"rotation":{"angle":0,"axis":"y","origin":[3.0625,0,7.9375]},"faces":{"north":{"uv":[5.25,4.875,5.125,5.625],"texture":"#0"},"east":{"uv":[5.125,4.875,5.25,5.625],"texture":"#0"},"south":{"uv":[5.125,4.875,5.25,5.625],"texture":"#0"},"west":{"uv":[5.125,4.875,5.25,5.625],"texture":"#0"},"up":{"uv":[5.125,4.875,5.25,5],"texture":"#0"},"down":{"uv":[5.125,5.5,5.25,5.625],"texture":"#0"}}},{"name":"phantomguard_greatsword_85","from":[7.5625,6,7.75],"to":[7.6875,6.5,8.25],"rotation":{"angle":0,"axis":"y","origin":[3.0625,0,7.9375]},"faces":{"north":{"uv":[4.625,5,4.5,5.5],"texture":"#0"},"east":{"uv":[4.5,5,4.625,5.5],"texture":"#0"},"south":{"uv":[4.5,5,4.625,5.5],"texture":"#0"},"west":{"uv":[4.5,5,4.625,5.5],"texture":"#0"},"up":{"uv":[4.5,5,4.625,5.125],"texture":"#0"},"down":{"uv":[4.5,5.375,4.625,5.5],"texture":"#0"}}},{"name":"phantomguard_greatsword_86","from":[8.3125,6,7.75],"to":[8.4375,6.5,8.25],"rotation":{"angle":0,"axis":"y","origin":[3.0625,0,7.9375]},"faces":{"north":{"uv":[5.375,5,5.25,5.5],"texture":"#0"},"east":{"uv":[5.25,5,5.375,5.5],"texture":"#0"},"south":{"uv":[5.25,5,5.375,5.5],"texture":"#0"},"west":{"uv":[5.25,5,5.375,5.5],"texture":"#0"},"up":{"uv":[5.25,5,5.375,5.125],"texture":"#0"},"down":{"uv":[5.25,5.375,5.375,5.5],"texture":"#0"}}},{"name":"phantomguard_greatsword_87","from":[5.5625,5.875,7.875],"to":[5.6875,6.125,8.125],"rotation":{"angle":0,"axis":"y","origin":[3.0625,0,7.9375]},"faces":{"north":{"uv":[2.625,5.125,2.5,5.375],"texture":"#0"},"east":{"uv":[2.5,5.125,2.625,5.375],"texture":"#0"},"south":{"uv":[2.5,5.125,2.625,5.375],"texture":"#0"},"west":{"uv":[2.5,5.125,2.625,5.375],"texture":"#0"},"up":{"uv":[2.5,5.125,2.625,5.25],"texture":"#0"},"down":{"uv":[2.5,5.25,2.625,5.375],"texture":"#0"}}},{"name":"phantomguard_greatsword_88","from":[10.3125,5.875,7.875],"to":[10.4375,6.125,8.125],"rotation":{"angle":0,"axis":"y","origin":[3.0625,0,7.9375]},"faces":{"north":{"uv":[7.375,5.125,7.25,5.375],"texture":"#0"},"east":{"uv":[7.25,5.125,7.375,5.375],"texture":"#0"},"south":{"uv":[7.25,5.125,7.375,5.375],"texture":"#0"},"west":{"uv":[7.25,5.125,7.375,5.375],"texture":"#0"},"up":{"uv":[7.25,5.125,7.375,5.25],"texture":"#0"},"down":{"uv":[7.25,5.25,7.375,5.375],"texture":"#0"}}},{"name":"phantomguard_greatsword_89","from":[5.4375,5.375,7.875],"to":[5.5625,6,8.125],"rotation":{"angle":0,"axis":"y","origin":[3.0625,0,7.9375]},"faces":{"north":{"uv":[2.5,5.25,2.375,5.875],"texture":"#0"},"east":{"uv":[2.375,5.25,2.5,5.875],"texture":"#0"},"south":{"uv":[2.375,5.25,2.5,5.875],"texture":"#0"},"west":{"uv":[2.375,5.25,2.5,5.875],"texture":"#0"},"up":{"uv":[2.375,5.25,2.5,5.375],"texture":"#0"},"down":{"uv":[2.375,5.75,2.5,5.875],"texture":"#0"}}},{"name":"phantomguard_greatsword_90","from":[10.4375,5.375,7.875],"to":[10.5625,6,8.125],"rotation":{"angle":0,"axis":"y","origin":[3.0625,0,7.9375]},"faces":{"north":{"uv":[7.5,5.25,7.375,5.875],"texture":"#0"},"east":{"uv":[7.375,5.25,7.5,5.875],"texture":"#0"},"south":{"uv":[7.375,5.25,7.5,5.875],"texture":"#0"},"west":{"uv":[7.375,5.25,7.5,5.875],"texture":"#0"},"up":{"uv":[7.375,5.25,7.5,5.375],"texture":"#0"},"down":{"uv":[7.375,5.75,7.5,5.875],"texture":"#0"}}},{"name":"phantomguard_greatsword_91","from":[5.3125,5.375,7.875],"to":[5.4375,5.875,8.125],"rotation":{"angle":0,"axis":"y","origin":[3.0625,0,7.9375]},"faces":{"north":{"uv":[2.375,5.375,2.25,5.875],"texture":"#0"},"east":{"uv":[2.25,5.375,2.375,5.875],"texture":"#0"},"south":{"uv":[2.25,5.375,2.375,5.875],"texture":"#0"},"west":{"uv":[2.25,5.375,2.375,5.875],"texture":"#0"},"up":{"uv":[2.25,5.375,2.375,5.5],"texture":"#0"},"down":{"uv":[2.25,5.75,2.375,5.875],"texture":"#0"}}},{"name":"phantomguard_greatsword_92","from":[10.5625,5.375,7.875],"to":[10.6875,5.875,8.125],"rotation":{"angle":0,"axis":"y","origin":[3.0625,0,7.9375]},"faces":{"north":{"uv":[7.625,5.375,7.5,5.875],"texture":"#0"},"east":{"uv":[7.5,5.375,7.625,5.875],"texture":"#0"},"south":{"uv":[7.5,5.375,7.625,5.875],"texture":"#0"},"west":{"uv":[7.5,5.375,7.625,5.875],"texture":"#0"},"up":{"uv":[7.5,5.375,7.625,5.5],"texture":"#0"},"down":{"uv":[7.5,5.75,7.625,5.875],"texture":"#0"}}},{"name":"phantomguard_greatsword_93","from":[5.1875,5.375,7.875],"to":[5.3125,5.75,8.125],"rotation":{"angle":0,"axis":"y","origin":[3.0625,0,7.9375]},"faces":{"north":{"uv":[2.25,5.5,2.125,5.875],"texture":"#0"},"east":{"uv":[2.125,5.5,2.25,5.875],"texture":"#0"},"south":{"uv":[2.125,5.5,2.25,5.875],"texture":"#0"},"west":{"uv":[2.125,5.5,2.25,5.875],"texture":"#0"},"up":{"uv":[2.125,5.5,2.25,5.625],"texture":"#0"},"down":{"uv":[2.125,5.75,2.25,5.875],"texture":"#0"}}},{"name":"phantomguard_greatsword_94","from":[10.6875,5.375,7.875],"to":[10.8125,5.75,8.125],"rotation":{"angle":0,"axis":"y","origin":[3.0625,0,7.9375]},"faces":{"north":{"uv":[7.75,5.5,7.625,5.875],"texture":"#0"},"east":{"uv":[7.625,5.5,7.75,5.875],"texture":"#0"},"south":{"uv":[7.625,5.5,7.75,5.875],"texture":"#0"},"west":{"uv":[7.625,5.5,7.75,5.875],"texture":"#0"},"up":{"uv":[7.625,5.5,7.75,5.625],"texture":"#0"},"down":{"uv":[7.625,5.75,7.75,5.875],"texture":"#0"}}},{"name":"phantomguard_greatsword_95","from":[5.0625,5.375,7.875],"to":[5.1875,5.625,8.125],"rotation":{"angle":0,"axis":"y","origin":[3.0625,0,7.9375]},"faces":{"north":{"uv":[2.125,5.625,2,5.875],"texture":"#0"},"east":{"uv":[2,5.625,2.125,5.875],"texture":"#0"},"south":{"uv":[2,5.625,2.125,5.875],"texture":"#0"},"west":{"uv":[2,5.625,2.125,5.875],"texture":"#0"},"up":{"uv":[2,5.625,2.125,5.75],"texture":"#0"},"down":{"uv":[2,5.75,2.125,5.875],"texture":"#0"}}},{"name":"phantomguard_greatsword_96","from":[5.5625,5.375,7.875],"to":[5.9375,5.625,8.125],"rotation":{"angle":0,"axis":"y","origin":[3.0625,0,7.9375]},"faces":{"north":{"uv":[2.875,5.625,2.5,5.875],"texture":"#0"},"east":{"uv":[2.75,5.625,2.875,5.875],"texture":"#0"},"south":{"uv":[2.5,5.625,2.875,5.875],"texture":"#0"},"west":{"uv":[2.5,5.625,2.625,5.875],"texture":"#0"},"up":{"uv":[2.5,5.625,2.875,5.75],"texture":"#0"},"down":{"uv":[2.5,5.75,2.875,5.875],"texture":"#0"}}},{"name":"phantomguard_greatsword_97","from":[10.0625,5.375,7.875],"to":[10.4375,5.625,8.125],"rotation":{"angle":0,"axis":"y","origin":[3.0625,0,7.9375]},"faces":{"north":{"uv":[7.375,5.625,7,5.875],"texture":"#0"},"east":{"uv":[7.25,5.625,7.375,5.875],"texture":"#0"},"south":{"uv":[7,5.625,7.375,5.875],"texture":"#0"},"west":{"uv":[7,5.625,7.125,5.875],"texture":"#0"},"up":{"uv":[7,5.625,7.375,5.75],"texture":"#0"},"down":{"uv":[7,5.75,7.375,5.875],"texture":"#0"}}},{"name":"phantomguard_greatsword_98","from":[10.8125,5.375,7.875],"to":[10.9375,5.625,8.125],"rotation":{"angle":0,"axis":"y","origin":[3.0625,0,7.9375]},"faces":{"north":{"uv":[7.875,5.625,7.75,5.875],"texture":"#0"},"east":{"uv":[7.75,5.625,7.875,5.875],"texture":"#0"},"south":{"uv":[7.75,5.625,7.875,5.875],"texture":"#0"},"west":{"uv":[7.75,5.625,7.875,5.875],"texture":"#0"},"up":{"uv":[7.75,5.625,7.875,5.75],"texture":"#0"},"down":{"uv":[7.75,5.75,7.875,5.875],"texture":"#0"}}},{"name":"phantomguard_greatsword_99","from":[4.9375,5.375,7.875],"to":[5.0625,5.5,8.125],"rotation":{"angle":0,"axis":"y","origin":[3.0625,0,7.9375]},"faces":{"north":{"uv":[2,5.75,1.875,5.875],"texture":"#0"},"east":{"uv":[1.875,5.75,2,5.875],"texture":"#0"},"south":{"uv":[1.875,5.75,2,5.875],"texture":"#0"},"west":{"uv":[1.875,5.75,2,5.875],"texture":"#0"},"up":{"uv":[1.875,5.75,2,5.875],"texture":"#0"},"down":{"uv":[1.875,5.75,2,5.875],"texture":"#0"}}},{"name":"phantomguard_greatsword_100","from":[10.9375,5.375,7.875],"to":[11.0625,5.5,8.125],"rotation":{"angle":0,"axis":"y","origin":[3.0625,0,7.9375]},"faces":{"north":{"uv":[8,5.75,7.875,5.875],"texture":"#0"},"east":{"uv":[7.875,5.75,8,5.875],"texture":"#0"},"south":{"uv":[7.875,5.75,8,5.875],"texture":"#0"},"west":{"uv":[7.875,5.75,8,5.875],"texture":"#0"},"up":{"uv":[7.875,5.75,8,5.875],"texture":"#0"},"down":{"uv":[7.875,5.75,8,5.875],"texture":"#0"}}},{"name":"phantomguard_greatsword_101","from":[5.5625,5.25,7.875],"to":[5.8125,5.375,8.125],"rotation":{"angle":0,"axis":"y","origin":[3.0625,0,7.9375]},"faces":{"north":{"uv":[2.75,5.875,2.5,6],"texture":"#0"},"east":{"uv":[2.625,5.875,2.75,6],"texture":"#0"},"south":{"uv":[2.5,5.875,2.75,6],"texture":"#0"},"west":{"uv":[2.5,5.875,2.625,6],"texture":"#0"},"up":{"uv":[2.5,5.875,2.75,6],"texture":"#0"},"down":{"uv":[2.5,5.875,2.75,6],"texture":"#0"}}},{"name":"phantomguard_greatsword_102","from":[7.4375,6,7.8125],"to":[7.5625,6.125,8.1875],"rotation":{"angle":0,"axis":"y","origin":[3.0625,0,7.9375]},"faces":{"north":{"uv":[4.5,5.875,4.375,6],"texture":"#0"},"east":{"uv":[4.375,5.875,4.5,6],"texture":"#0"},"south":{"uv":[4.375,5.875,4.5,6],"texture":"#0"},"west":{"uv":[4.375,5.875,4.5,6],"texture":"#0"},"up":{"uv":[4.375,5.875,4.5,6],"texture":"#0"},"down":{"uv":[4.375,5.875,4.5,6],"texture":"#0"}}},{"name":"phantomguard_greatsword_103","from":[8.4375,6,7.8125],"to":[8.5625,6.125,8.1875],"rotation":{"angle":0,"axis":"y","origin":[3.0625,0,7.9375]},"faces":{"north":{"uv":[5.5,5.875,5.375,6],"texture":"#0"},"east":{"uv":[5.375,5.875,5.5,6],"texture":"#0"},"south":{"uv":[5.375,5.875,5.5,6],"texture":"#0"},"west":{"uv":[5.375,5.875,5.5,6],"texture":"#0"},"up":{"uv":[5.375,5.875,5.5,6],"texture":"#0"},"down":{"uv":[5.375,5.875,5.5,6],"texture":"#0"}}},{"name":"phantomguard_greatsword_104","from":[10.1875,5.25,7.875],"to":[10.4375,5.375,8.125],"rotation":{"angle":0,"axis":"y","origin":[3.0625,0,7.9375]},"faces":{"north":{"uv":[7.375,5.875,7.125,6],"texture":"#0"},"east":{"uv":[7.25,5.875,7.375,6],"texture":"#0"},"south":{"uv":[7.125,5.875,7.375,6],"texture":"#0"},"west":{"uv":[7.125,5.875,7.25,6],"texture":"#0"},"up":{"uv":[7.125,5.875,7.375,6],"texture":"#0"},"down":{"uv":[7.125,5.875,7.375,6],"texture":"#0"}}},{"name":"phantomguard_greatsword_105","from":[7.3125,7.875,7.96875],"to":[7.4375,9.875,8.03125],"rotation":{"angle":0,"axis":"y","origin":[3.0625,0,7.9375]},"faces":{"north":{"uv":[10.125,5.875,10,7.875],"texture":"#0"},"east":{"uv":[10,5.875,10.125,7.875],"texture":"#0"},"south":{"uv":[10,5.875,10.125,7.875],"texture":"#0"},"west":{"uv":[10,5.875,10.125,7.875],"texture":"#0"},"up":{"uv":[10,5.875,10.125,6],"texture":"#0"},"down":{"uv":[10,7.75,10.125,7.875],"texture":"#0"}}},{"name":"phantomguard_greatsword_106","from":[8.5625,7.875,7.96875],"to":[8.6875,9.875,8.03125],"rotation":{"angle":0,"axis":"y","origin":[3.0625,0,7.9375]},"faces":{"north":{"uv":[11.375,5.875,11.25,7.875],"texture":"#0"},"east":{"uv":[11.25,5.875,11.375,7.875],"texture":"#0"},"south":{"uv":[11.25,5.875,11.375,7.875],"texture":"#0"},"west":{"uv":[11.25,5.875,11.375,7.875],"texture":"#0"},"up":{"uv":[11.25,5.875,11.375,6],"texture":"#0"},"down":{"uv":[11.25,7.75,11.375,7.875],"texture":"#0"}}},{"name":"phantomguard_greatsword_107","from":[7.5625,5.875,7.8125],"to":[7.6875,6,8.1875],"rotation":{"angle":0,"axis":"y","origin":[3.0625,0,7.9375]},"faces":{"north":{"uv":[4.625,6,4.5,6.125],"texture":"#0"},"east":{"uv":[4.5,6,4.625,6.125],"texture":"#0"},"south":{"uv":[4.5,6,4.625,6.125],"texture":"#0"},"west":{"uv":[4.5,6,4.625,6.125],"texture":"#0"},"up":{"uv":[4.5,6,4.625,6.125],"texture":"#0"},"down":{"uv":[4.5,6,4.625,6.125],"texture":"#0"}}},{"name":"phantomguard_greatsword_108","from":[8.3125,5.875,7.8125],"to":[8.4375,6,8.1875],"rotation":{"angle":0,"axis":"y","origin":[3.0625,0,7.9375]},"faces":{"north":{"uv":[5.375,6,5.25,6.125],"texture":"#0"},"east":{"uv":[5.25,6,5.375,6.125],"texture":"#0"},"south":{"uv":[5.25,6,5.375,6.125],"texture":"#0"},"west":{"uv":[5.25,6,5.375,6.125],"texture":"#0"},"up":{"uv":[5.25,6,5.375,6.125],"texture":"#0"},"down":{"uv":[5.25,6,5.375,6.125],"texture":"#0"}}},{"name":"phantomguard_greatsword_109","from":[7.4375,7.75,7.9375],"to":[7.5625,9.75,8.0625],"rotation":{"angle":0,"axis":"y","origin":[3.0625,0,7.9375]},"faces":{"north":{"uv":[12.75,6,12.625,8],"texture":"#0"},"east":{"uv":[12.625,6,12.75,8],"texture":"#0"},"south":{"uv":[12.625,6,12.75,8],"texture":"#0"},"west":{"uv":[12.625,6,12.75,8],"texture":"#0"},"up":{"uv":[12.625,6,12.75,6.125],"texture":"#0"},"down":{"uv":[12.625,7.875,12.75,8],"texture":"#0"}}},{"name":"phantomguard_greatsword_110","from":[8.4375,7.75,7.9375],"to":[8.5625,9.75,8.0625],"rotation":{"angle":0,"axis":"y","origin":[3.0625,0,7.9375]},"faces":{"north":{"uv":[13.75,6,13.625,8],"texture":"#0"},"east":{"uv":[13.625,6,13.75,8],"texture":"#0"},"south":{"uv":[13.625,6,13.75,8],"texture":"#0"},"west":{"uv":[13.625,6,13.75,8],"texture":"#0"},"up":{"uv":[13.625,6,13.75,6.125],"texture":"#0"},"down":{"uv":[13.625,7.875,13.75,8],"texture":"#0"}}},{"name":"phantomguard_greatsword_111","from":[7.3125,5.25,7.6875],"to":[7.4375,6.375,8.3125],"rotation":{"angle":0,"axis":"y","origin":[3.0625,0,7.9375]},"faces":{"north":{"uv":[4.375,6.125,4.25,7.25],"texture":"#0"},"east":{"uv":[4.25,6.125,4.375,7.25],"texture":"#0"},"south":{"uv":[4.25,6.125,4.375,7.25],"texture":"#0"},"west":{"uv":[4.25,6.125,4.375,7.25],"texture":"#0"},"up":{"uv":[4.25,6.125,4.375,6.25],"texture":"#0"},"down":{"uv":[4.25,7.125,4.375,7.25],"texture":"#0"}}},{"name":"phantomguard_greatsword_112","from":[7.6875,5.75,7.8125],"to":[7.8125,5.875,8.1875],"rotation":{"angle":0,"axis":"y","origin":[3.0625,0,7.9375]},"faces":{"north":{"uv":[4.75,6.125,4.625,6.25],"texture":"#0"},"east":{"uv":[4.625,6.125,4.75,6.25],"texture":"#0"},"south":{"uv":[4.625,6.125,4.75,6.25],"texture":"#0"},"west":{"uv":[4.625,6.125,4.75,6.25],"texture":"#0"},"up":{"uv":[4.625,6.125,4.75,6.25],"texture":"#0"},"down":{"uv":[4.625,6.125,4.75,6.25],"texture":"#0"}}},{"name":"phantomguard_greatsword_113","from":[8.1875,5.75,7.8125],"to":[8.3125,5.875,8.1875],"rotation":{"angle":0,"axis":"y","origin":[3.0625,0,7.9375]},"faces":{"north":{"uv":[5.25,6.125,5.125,6.25],"texture":"#0"},"east":{"uv":[5.125,6.125,5.25,6.25],"texture":"#0"},"south":{"uv":[5.125,6.125,5.25,6.25],"texture":"#0"},"west":{"uv":[5.125,6.125,5.25,6.25],"texture":"#0"},"up":{"uv":[5.125,6.125,5.25,6.25],"texture":"#0"},"down":{"uv":[5.125,6.125,5.25,6.25],"texture":"#0"}}},{"name":"phantomguard_greatsword_114","from":[8.5625,5.25,7.6875],"to":[8.6875,6.375,8.3125],"rotation":{"angle":0,"axis":"y","origin":[3.0625,0,7.9375]},"faces":{"north":{"uv":[5.625,6.125,5.5,7.25],"texture":"#0"},"east":{"uv":[5.5,6.125,5.625,7.25],"texture":"#0"},"south":{"uv":[5.5,6.125,5.625,7.25],"texture":"#0"},"west":{"uv":[5.5,6.125,5.625,7.25],"texture":"#0"},"up":{"uv":[5.5,6.125,5.625,6.25],"texture":"#0"},"down":{"uv":[5.5,7.125,5.625,7.25],"texture":"#0"}}},{"name":"phantomguard_greatsword_115","from":[7.8125,5.625,7.8125],"to":[7.9375,5.75,8.1875],"rotation":{"angle":0,"axis":"y","origin":[3.0625,0,7.9375]},"faces":{"north":{"uv":[4.875,6.25,4.75,6.375],"texture":"#0"},"east":{"uv":[4.75,6.25,4.875,6.375],"texture":"#0"},"south":{"uv":[4.75,6.25,4.875,6.375],"texture":"#0"},"west":{"uv":[4.75,6.25,4.875,6.375],"texture":"#0"},"up":{"uv":[4.75,6.25,4.875,6.375],"texture":"#0"},"down":{"uv":[4.75,6.25,4.875,6.375],"texture":"#0"}}},{"name":"phantomguard_greatsword_116","from":[8.0625,5.625,7.8125],"to":[8.1875,5.75,8.1875],"rotation":{"angle":0,"axis":"y","origin":[3.0625,0,7.9375]},"faces":{"north":{"uv":[5.125,6.25,5,6.375],"texture":"#0"},"east":{"uv":[5,6.25,5.125,6.375],"texture":"#0"},"south":{"uv":[5,6.25,5.125,6.375],"texture":"#0"},"west":{"uv":[5,6.25,5.125,6.375],"texture":"#0"},"up":{"uv":[5,6.25,5.125,6.375],"texture":"#0"},"down":{"uv":[5,6.25,5.125,6.375],"texture":"#0"}}},{"name":"phantomguard_greatsword_117","from":[7.9375,5.5,7.8125],"to":[8.0625,5.625,8.1875],"rotation":{"angle":0,"axis":"y","origin":[3.0625,0,7.9375]},"faces":{"north":{"uv":[5,6.375,4.875,6.5],"texture":"#0"},"east":{"uv":[4.875,6.375,5,6.5],"texture":"#0"},"south":{"uv":[4.875,6.375,5,6.5],"texture":"#0"},"west":{"uv":[4.875,6.375,5,6.5],"texture":"#0"},"up":{"uv":[4.875,6.375,5,6.5],"texture":"#0"},"down":{"uv":[4.875,6.375,5,6.5],"texture":"#0"}}},{"name":"phantomguard_greatsword_118","from":[7.1875,5.375,7.6875],"to":[7.3125,6,8.3125],"rotation":{"angle":0,"axis":"y","origin":[3.0625,0,7.9375]},"faces":{"north":{"uv":[4.25,6.5,4.125,7.125],"texture":"#0"},"east":{"uv":[4.125,6.5,4.25,7.125],"texture":"#0"},"south":{"uv":[4.125,6.5,4.25,7.125],"texture":"#0"},"west":{"uv":[4.125,6.5,4.25,7.125],"texture":"#0"},"up":{"uv":[4.125,6.5,4.25,6.625],"texture":"#0"},"down":{"uv":[4.125,7,4.25,7.125],"texture":"#0"}}},{"name":"phantomguard_greatsword_119","from":[7.4375,5.25,7.6875],"to":[7.5625,6,8.3125],"rotation":{"angle":0,"axis":"y","origin":[3.0625,0,7.9375]},"faces":{"north":{"uv":[4.5,6.5,4.375,7.25],"texture":"#0"},"east":{"uv":[4.375,6.5,4.5,7.25],"texture":"#0"},"south":{"uv":[4.375,6.5,4.5,7.25],"texture":"#0"},"west":{"uv":[4.375,6.5,4.5,7.25],"texture":"#0"},"up":{"uv":[4.375,6.5,4.5,6.625],"texture":"#0"},"down":{"uv":[4.375,7.125,4.5,7.25],"texture":"#0"}}},{"name":"phantomguard_greatsword_120","from":[8.4375,5.25,7.6875],"to":[8.5625,6,8.3125],"rotation":{"angle":0,"axis":"y","origin":[3.0625,0,7.9375]},"faces":{"north":{"uv":[5.5,6.5,5.375,7.25],"texture":"#0"},"east":{"uv":[5.375,6.5,5.5,7.25],"texture":"#0"},"south":{"uv":[5.375,6.5,5.5,7.25],"texture":"#0"},"west":{"uv":[5.375,6.5,5.5,7.25],"texture":"#0"},"up":{"uv":[5.375,6.5,5.5,6.625],"texture":"#0"},"down":{"uv":[5.375,7.125,5.5,7.25],"texture":"#0"}}},{"name":"phantomguard_greatsword_121","from":[8.6875,5.375,7.6875],"to":[8.8125,6,8.3125],"rotation":{"angle":0,"axis":"y","origin":[3.0625,0,7.9375]},"faces":{"north":{"uv":[5.75,6.5,5.625,7.125],"texture":"#0"},"east":{"uv":[5.625,6.5,5.75,7.125],"texture":"#0"},"south":{"uv":[5.625,6.5,5.75,7.125],"texture":"#0"},"west":{"uv":[5.625,6.5,5.75,7.125],"texture":"#0"},"up":{"uv":[5.625,6.5,5.75,6.625],"texture":"#0"},"down":{"uv":[5.625,7,5.75,7.125],"texture":"#0"}}},{"name":"phantomguard_greatsword_122","from":[7.0625,5.5,7.6875],"to":[7.1875,5.875,8.3125],"rotation":{"angle":0,"axis":"y","origin":[3.0625,0,7.9375]},"faces":{"north":{"uv":[4.125,6.625,4,7],"texture":"#0"},"east":{"uv":[4,6.625,4.125,7],"texture":"#0"},"south":{"uv":[4,6.625,4.125,7],"texture":"#0"},"west":{"uv":[4,6.625,4.125,7],"texture":"#0"},"up":{"uv":[4,6.625,4.125,6.75],"texture":"#0"},"down":{"uv":[4,6.875,4.125,7],"texture":"#0"}}},{"name":"phantomguard_greatsword_123","from":[7.5625,5.125,7.6875],"to":[7.6875,5.875,8.3125],"rotation":{"angle":0,"axis":"y","origin":[3.0625,0,7.9375]},"faces":{"north":{"uv":[4.625,6.625,4.5,7.375],"texture":"#0"},"east":{"uv":[4.5,6.625,4.625,7.375],"texture":"#0"},"south":{"uv":[4.5,6.625,4.625,7.375],"texture":"#0"},"west":{"uv":[4.5,6.625,4.625,7.375],"texture":"#0"},"up":{"uv":[4.5,6.625,4.625,6.75],"texture":"#0"},"down":{"uv":[4.5,7.25,4.625,7.375],"texture":"#0"}}},{"name":"phantomguard_greatsword_124","from":[8.3125,5.125,7.6875],"to":[8.4375,5.875,8.3125],"rotation":{"angle":0,"axis":"y","origin":[3.0625,0,7.9375]},"faces":{"north":{"uv":[5.375,6.625,5.25,7.375],"texture":"#0"},"east":{"uv":[5.25,6.625,5.375,7.375],"texture":"#0"},"south":{"uv":[5.25,6.625,5.375,7.375],"texture":"#0"},"west":{"uv":[5.25,6.625,5.375,7.375],"texture":"#0"},"up":{"uv":[5.25,6.625,5.375,6.75],"texture":"#0"},"down":{"uv":[5.25,7.25,5.375,7.375],"texture":"#0"}}},{"name":"phantomguard_greatsword_125","from":[8.8125,5.5,7.6875],"to":[8.9375,5.875,8.3125],"rotation":{"angle":0,"axis":"y","origin":[3.0625,0,7.9375]},"faces":{"north":{"uv":[5.875,6.625,5.75,7],"texture":"#0"},"east":{"uv":[5.75,6.625,5.875,7],"texture":"#0"},"south":{"uv":[5.75,6.625,5.875,7],"texture":"#0"},"west":{"uv":[5.75,6.625,5.875,7],"texture":"#0"},"up":{"uv":[5.75,6.625,5.875,6.75],"texture":"#0"},"down":{"uv":[5.75,6.875,5.875,7],"texture":"#0"}}},{"name":"phantomguard_greatsword_126","from":[6.6875,5.625,7.6875],"to":[7.0625,5.75,8.3125],"rotation":{"angle":0,"axis":"y","origin":[3.0625,0,7.9375]},"faces":{"north":{"uv":[4,6.75,3.625,6.875],"texture":"#0"},"east":{"uv":[3.875,6.75,4,6.875],"texture":"#0"},"south":{"uv":[3.625,6.75,4,6.875],"texture":"#0"},"west":{"uv":[3.625,6.75,3.75,6.875],"texture":"#0"},"up":{"uv":[3.625,6.75,4,6.875],"texture":"#0"},"down":{"uv":[3.625,6.75,4,6.875],"texture":"#0"}}},{"name":"phantomguard_greatsword_127","from":[7.6875,4.875,7.6875],"to":[7.8125,5.75,8.3125],"rotation":{"angle":0,"axis":"y","origin":[3.0625,0,7.9375]},"faces":{"north":{"uv":[4.75,6.75,4.625,7.625],"texture":"#0"},"east":{"uv":[4.625,6.75,4.75,7.625],"texture":"#0"},"south":{"uv":[4.625,6.75,4.75,7.625],"texture":"#0"},"west":{"uv":[4.625,6.75,4.75,7.625],"texture":"#0"},"up":{"uv":[4.625,6.75,4.75,6.875],"texture":"#0"},"down":{"uv":[4.625,7.5,4.75,7.625],"texture":"#0"}}},{"name":"phantomguard_greatsword_128","from":[8.1875,4.875,7.6875],"to":[8.3125,5.75,8.3125],"rotation":{"angle":0,"axis":"y","origin":[3.0625,0,7.9375]},"faces":{"north":{"uv":[5.25,6.75,5.125,7.625],"texture":"#0"},"east":{"uv":[5.125,6.75,5.25,7.625],"texture":"#0"},"south":{"uv":[5.125,6.75,5.25,7.625],"texture":"#0"},"west":{"uv":[5.125,6.75,5.25,7.625],"texture":"#0"},"up":{"uv":[5.125,6.75,5.25,6.875],"texture":"#0"},"down":{"uv":[5.125,7.5,5.25,7.625],"texture":"#0"}}},{"name":"phantomguard_greatsword_129","from":[8.9375,5.625,7.6875],"to":[9.3125,5.75,8.3125],"rotation":{"angle":0,"axis":"y","origin":[3.0625,0,7.9375]},"faces":{"north":{"uv":[6.25,6.75,5.875,6.875],"texture":"#0"},"east":{"uv":[6.125,6.75,6.25,6.875],"texture":"#0"},"south":{"uv":[5.875,6.75,6.25,6.875],"texture":"#0"},"west":{"uv":[5.875,6.75,6,6.875],"texture":"#0"},"up":{"uv":[5.875,6.75,6.25,6.875],"texture":"#0"},"down":{"uv":[5.875,6.75,6.25,6.875],"texture":"#0"}}},{"name":"phantomguard_greatsword_130","from":[7.8125,4.75,7.6875],"to":[7.9375,5.625,8.3125],"rotation":{"angle":0,"axis":"y","origin":[3.0625,0,7.9375]},"faces":{"north":{"uv":[4.875,6.875,4.75,7.75],"texture":"#0"},"east":{"uv":[4.75,6.875,4.875,7.75],"texture":"#0"},"south":{"uv":[4.75,6.875,4.875,7.75],"texture":"#0"},"west":{"uv":[4.75,6.875,4.875,7.75],"texture":"#0"},"up":{"uv":[4.75,6.875,4.875,7],"texture":"#0"},"down":{"uv":[4.75,7.625,4.875,7.75],"texture":"#0"}}},{"name":"phantomguard_greatsword_131","from":[8.0625,4.75,7.6875],"to":[8.1875,5.625,8.3125],"rotation":{"angle":0,"axis":"y","origin":[3.0625,0,7.9375]},"faces":{"north":{"uv":[5.125,6.875,5,7.75],"texture":"#0"},"east":{"uv":[5,6.875,5.125,7.75],"texture":"#0"},"south":{"uv":[5,6.875,5.125,7.75],"texture":"#0"},"west":{"uv":[5,6.875,5.125,7.75],"texture":"#0"},"up":{"uv":[5,6.875,5.125,7],"texture":"#0"},"down":{"uv":[5,7.625,5.125,7.75],"texture":"#0"}}},{"name":"phantomguard_greatsword_132","from":[7.9375,4.625,7.6875],"to":[8.0625,5.5,8.3125],"rotation":{"angle":0,"axis":"y","origin":[3.0625,0,7.9375]},"faces":{"north":{"uv":[5,7,4.875,7.875],"texture":"#0"},"east":{"uv":[4.875,7,5,7.875],"texture":"#0"},"south":{"uv":[4.875,7,5,7.875],"texture":"#0"},"west":{"uv":[4.875,7,5,7.875],"texture":"#0"},"up":{"uv":[4.875,7,5,7.125],"texture":"#0"},"down":{"uv":[4.875,7.75,5,7.875],"texture":"#0"}}},{"name":"phantomguard_greatsword_133","from":[6.9375,4.5,7.875],"to":[7.1875,5.5,8.125],"rotation":{"angle":0,"axis":"y","origin":[3.0625,0,7.9375]},"faces":{"north":{"uv":[4.125,7.75,3.875,8.75],"texture":"#0"},"east":{"uv":[4,7.75,4.125,8.75],"texture":"#0"},"south":{"uv":[3.875,7.75,4.125,8.75],"texture":"#0"},"west":{"uv":[3.875,7.75,4,8.75],"texture":"#0"},"up":{"uv":[3.875,7.75,4.125,7.875],"texture":"#0"},"down":{"uv":[3.875,8.625,4.125,8.75],"texture":"#0"}}},{"name":"phantomguard_greatsword_134","from":[8.8125,4.5,7.875],"to":[9.0625,5.5,8.125],"rotation":{"angle":0,"axis":"y","origin":[3.0625,0,7.9375]},"faces":{"north":{"uv":[6,7.75,5.75,8.75],"texture":"#0"},"east":{"uv":[5.875,7.75,6,8.75],"texture":"#0"},"south":{"uv":[5.75,7.75,6,8.75],"texture":"#0"},"west":{"uv":[5.75,7.75,5.875,8.75],"texture":"#0"},"up":{"uv":[5.75,7.75,6,7.875],"texture":"#0"},"down":{"uv":[5.75,8.625,6,8.75],"texture":"#0"}}},{"name":"phantomguard_greatsword_135","from":[7.1875,7.75,7.96875],"to":[7.3125,8,8.03125],"rotation":{"angle":0,"axis":"y","origin":[3.0625,0,7.9375]},"faces":{"north":{"uv":[10,7.75,9.875,8],"texture":"#0"},"east":{"uv":[9.875,7.75,10,8],"texture":"#0"},"south":{"uv":[9.875,7.75,10,8],"texture":"#0"},"west":{"uv":[9.875,7.75,10,8],"texture":"#0"},"up":{"uv":[9.875,7.75,10,7.875],"texture":"#0"},"down":{"uv":[9.875,7.875,10,8],"texture":"#0"}}},{"name":"phantomguard_greatsword_136","from":[8.6875,7.75,7.96875],"to":[8.8125,8,8.03125],"rotation":{"angle":0,"axis":"y","origin":[3.0625,0,7.9375]},"faces":{"north":{"uv":[11.5,7.75,11.375,8],"texture":"#0"},"east":{"uv":[11.375,7.75,11.5,8],"texture":"#0"},"south":{"uv":[11.375,7.75,11.5,8],"texture":"#0"},"west":{"uv":[11.375,7.75,11.5,8],"texture":"#0"},"up":{"uv":[11.375,7.75,11.5,7.875],"texture":"#0"},"down":{"uv":[11.375,7.875,11.5,8],"texture":"#0"}}},{"name":"phantomguard_greatsword_137","from":[6.8125,4.75,7.875],"to":[6.9375,5.375,8.125],"rotation":{"angle":0,"axis":"y","origin":[3.0625,0,7.9375]},"faces":{"north":{"uv":[3.875,7.875,3.75,8.5],"texture":"#0"},"east":{"uv":[3.75,7.875,3.875,8.5],"texture":"#0"},"south":{"uv":[3.75,7.875,3.875,8.5],"texture":"#0"},"west":{"uv":[3.75,7.875,3.875,8.5],"texture":"#0"},"up":{"uv":[3.75,7.875,3.875,8],"texture":"#0"},"down":{"uv":[3.75,8.375,3.875,8.5],"texture":"#0"}}},{"name":"phantomguard_greatsword_138","from":[7.1875,5,7.875],"to":[7.3125,5.375,8.125],"rotation":{"angle":0,"axis":"y","origin":[3.0625,0,7.9375]},"faces":{"north":{"uv":[4.25,7.875,4.125,8.25],"texture":"#0"},"east":{"uv":[4.125,7.875,4.25,8.25],"texture":"#0"},"south":{"uv":[4.125,7.875,4.25,8.25],"texture":"#0"},"west":{"uv":[4.125,7.875,4.25,8.25],"texture":"#0"},"up":{"uv":[4.125,7.875,4.25,8],"texture":"#0"},"down":{"uv":[4.125,8.125,4.25,8.25],"texture":"#0"}}},{"name":"phantomguard_greatsword_139","from":[8.6875,5,7.875],"to":[8.8125,5.375,8.125],"rotation":{"angle":0,"axis":"y","origin":[3.0625,0,7.9375]},"faces":{"north":{"uv":[5.75,7.875,5.625,8.25],"texture":"#0"},"east":{"uv":[5.625,7.875,5.75,8.25],"texture":"#0"},"south":{"uv":[5.625,7.875,5.75,8.25],"texture":"#0"},"west":{"uv":[5.625,7.875,5.75,8.25],"texture":"#0"},"up":{"uv":[5.625,7.875,5.75,8],"texture":"#0"},"down":{"uv":[5.625,8.125,5.75,8.25],"texture":"#0"}}},{"name":"phantomguard_greatsword_140","from":[9.0625,4.75,7.875],"to":[9.1875,5.375,8.125],"rotation":{"angle":0,"axis":"y","origin":[3.0625,0,7.9375]},"faces":{"north":{"uv":[6.125,7.875,6,8.5],"texture":"#0"},"east":{"uv":[6,7.875,6.125,8.5],"texture":"#0"},"south":{"uv":[6,7.875,6.125,8.5],"texture":"#0"},"west":{"uv":[6,7.875,6.125,8.5],"texture":"#0"},"up":{"uv":[6,7.875,6.125,8],"texture":"#0"},"down":{"uv":[6,8.375,6.125,8.5],"texture":"#0"}}},{"name":"phantomguard_greatsword_141","from":[7.0625,7.5,7.96875],"to":[7.1875,7.875,8.03125],"rotation":{"angle":0,"axis":"y","origin":[3.0625,0,7.9375]},"faces":{"north":{"uv":[9.875,7.875,9.75,8.25],"texture":"#0"},"east":{"uv":[9.75,7.875,9.875,8.25],"texture":"#0"},"south":{"uv":[9.75,7.875,9.875,8.25],"texture":"#0"},"west":{"uv":[9.75,7.875,9.875,8.25],"texture":"#0"},"up":{"uv":[9.75,7.875,9.875,8],"texture":"#0"},"down":{"uv":[9.75,8.125,9.875,8.25],"texture":"#0"}}},{"name":"phantomguard_greatsword_142","from":[8.8125,7.5,7.96875],"to":[8.9375,7.875,8.03125],"rotation":{"angle":0,"axis":"y","origin":[3.0625,0,7.9375]},"faces":{"north":{"uv":[11.625,7.875,11.5,8.25],"texture":"#0"},"east":{"uv":[11.5,7.875,11.625,8.25],"texture":"#0"},"south":{"uv":[11.5,7.875,11.625,8.25],"texture":"#0"},"west":{"uv":[11.5,7.875,11.625,8.25],"texture":"#0"},"up":{"uv":[11.5,7.875,11.625,8],"texture":"#0"},"down":{"uv":[11.5,8.125,11.625,8.25],"texture":"#0"}}},{"name":"phantomguard_greatsword_143","from":[7.3125,7.5,7.9375],"to":[7.4375,7.875,8.0625],"rotation":{"angle":0,"axis":"y","origin":[3.0625,0,7.9375]},"faces":{"north":{"uv":[12.625,7.875,12.5,8.25],"texture":"#0"},"east":{"uv":[12.5,7.875,12.625,8.25],"texture":"#0"},"south":{"uv":[12.5,7.875,12.625,8.25],"texture":"#0"},"west":{"uv":[12.5,7.875,12.625,8.25],"texture":"#0"},"up":{"uv":[12.5,7.875,12.625,8],"texture":"#0"},"down":{"uv":[12.5,8.125,12.625,8.25],"texture":"#0"}}},{"name":"phantomguard_greatsword_144","from":[7.9375,7.5,7.9375],"to":[8.0625,7.875,8.0625],"rotation":{"angle":0,"axis":"y","origin":[3.0625,0,7.9375]},"faces":{"north":{"uv":[13.25,7.875,13.125,8.25],"texture":"#0"},"east":{"uv":[13.125,7.875,13.25,8.25],"texture":"#0"},"south":{"uv":[13.125,7.875,13.25,8.25],"texture":"#0"},"west":{"uv":[13.125,7.875,13.25,8.25],"texture":"#0"},"up":{"uv":[13.125,7.875,13.25,8],"texture":"#0"},"down":{"uv":[13.125,8.125,13.25,8.25],"texture":"#0"}}},{"name":"phantomguard_greatsword_145","from":[8.5625,7.5,7.9375],"to":[8.6875,7.875,8.0625],"rotation":{"angle":0,"axis":"y","origin":[3.0625,0,7.9375]},"faces":{"north":{"uv":[13.875,7.875,13.75,8.25],"texture":"#0"},"east":{"uv":[13.75,7.875,13.875,8.25],"texture":"#0"},"south":{"uv":[13.75,7.875,13.875,8.25],"texture":"#0"},"west":{"uv":[13.75,7.875,13.875,8.25],"texture":"#0"},"up":{"uv":[13.75,7.875,13.875,8],"texture":"#0"},"down":{"uv":[13.75,8.125,13.875,8.25],"texture":"#0"}}},{"name":"phantomguard_greatsword_146","from":[6.6875,4.875,7.875],"to":[6.8125,5.25,8.125],"rotation":{"angle":0,"axis":"y","origin":[3.0625,0,7.9375]},"faces":{"north":{"uv":[3.75,8,3.625,8.375],"texture":"#0"},"east":{"uv":[3.625,8,3.75,8.375],"texture":"#0"},"south":{"uv":[3.625,8,3.75,8.375],"texture":"#0"},"west":{"uv":[3.625,8,3.75,8.375],"texture":"#0"},"up":{"uv":[3.625,8,3.75,8.125],"texture":"#0"},"down":{"uv":[3.625,8.25,3.75,8.375],"texture":"#0"}}},{"name":"phantomguard_greatsword_147","from":[7.3125,5.125,7.875],"to":[7.4375,5.25,8.125],"rotation":{"angle":0,"axis":"y","origin":[3.0625,0,7.9375]},"faces":{"north":{"uv":[4.375,8,4.25,8.125],"texture":"#0"},"east":{"uv":[4.25,8,4.375,8.125],"texture":"#0"},"south":{"uv":[4.25,8,4.375,8.125],"texture":"#0"},"west":{"uv":[4.25,8,4.375,8.125],"texture":"#0"},"up":{"uv":[4.25,8,4.375,8.125],"texture":"#0"},"down":{"uv":[4.25,8,4.375,8.125],"texture":"#0"}}},{"name":"phantomguard_greatsword_148","from":[8.5625,5.125,7.875],"to":[8.6875,5.25,8.125],"rotation":{"angle":0,"axis":"y","origin":[3.0625,0,7.9375]},"faces":{"north":{"uv":[5.625,8,5.5,8.125],"texture":"#0"},"east":{"uv":[5.5,8,5.625,8.125],"texture":"#0"},"south":{"uv":[5.5,8,5.625,8.125],"texture":"#0"},"west":{"uv":[5.5,8,5.625,8.125],"texture":"#0"},"up":{"uv":[5.5,8,5.625,8.125],"texture":"#0"},"down":{"uv":[5.5,8,5.625,8.125],"texture":"#0"}}},{"name":"phantomguard_greatsword_149","from":[9.1875,4.875,7.875],"to":[9.3125,5.25,8.125],"rotation":{"angle":0,"axis":"y","origin":[3.0625,0,7.9375]},"faces":{"north":{"uv":[6.25,8,6.125,8.375],"texture":"#0"},"east":{"uv":[6.125,8,6.25,8.375],"texture":"#0"},"south":{"uv":[6.125,8,6.25,8.375],"texture":"#0"},"west":{"uv":[6.125,8,6.25,8.375],"texture":"#0"},"up":{"uv":[6.125,8,6.25,8.125],"texture":"#0"},"down":{"uv":[6.125,8.25,6.25,8.375],"texture":"#0"}}},{"name":"phantomguard_greatsword_150","from":[6.9375,7.625,7.96875],"to":[7.0625,7.75,8.03125],"rotation":{"angle":0,"axis":"y","origin":[3.0625,0,7.9375]},"faces":{"north":{"uv":[9.75,8,9.625,8.125],"texture":"#0"},"east":{"uv":[9.625,8,9.75,8.125],"texture":"#0"},"south":{"uv":[9.625,8,9.75,8.125],"texture":"#0"},"west":{"uv":[9.625,8,9.75,8.125],"texture":"#0"},"up":{"uv":[9.625,8,9.75,8.125],"texture":"#0"},"down":{"uv":[9.625,8,9.75,8.125],"texture":"#0"}}},{"name":"phantomguard_greatsword_151","from":[8.9375,7.625,7.96875],"to":[9.0625,7.75,8.03125],"rotation":{"angle":0,"axis":"y","origin":[3.0625,0,7.9375]},"faces":{"north":{"uv":[11.75,8,11.625,8.125],"texture":"#0"},"east":{"uv":[11.625,8,11.75,8.125],"texture":"#0"},"south":{"uv":[11.625,8,11.75,8.125],"texture":"#0"},"west":{"uv":[11.625,8,11.75,8.125],"texture":"#0"},"up":{"uv":[11.625,8,11.75,8.125],"texture":"#0"},"down":{"uv":[11.625,8,11.75,8.125],"texture":"#0"}}},{"name":"phantomguard_greatsword_152","from":[7.1875,7.625,7.9375],"to":[7.3125,7.75,8.0625],"rotation":{"angle":0,"axis":"y","origin":[3.0625,0,7.9375]},"faces":{"north":{"uv":[12.5,8,12.375,8.125],"texture":"#0"},"east":{"uv":[12.375,8,12.5,8.125],"texture":"#0"},"south":{"uv":[12.375,8,12.5,8.125],"texture":"#0"},"west":{"uv":[12.375,8,12.5,8.125],"texture":"#0"},"up":{"uv":[12.375,8,12.5,8.125],"texture":"#0"},"down":{"uv":[12.375,8,12.5,8.125],"texture":"#0"}}},{"name":"phantomguard_greatsword_153","from":[7.8125,7.625,7.9375],"to":[7.9375,7.75,8.0625],"rotation":{"angle":0,"axis":"y","origin":[3.0625,0,7.9375]},"faces":{"north":{"uv":[13.125,8,13,8.125],"texture":"#0"},"east":{"uv":[13,8,13.125,8.125],"texture":"#0"},"south":{"uv":[13,8,13.125,8.125],"texture":"#0"},"west":{"uv":[13,8,13.125,8.125],"texture":"#0"},"up":{"uv":[13,8,13.125,8.125],"texture":"#0"},"down":{"uv":[13,8,13.125,8.125],"texture":"#0"}}},{"name":"phantomguard_greatsword_154","from":[8.0625,7.625,7.9375],"to":[8.1875,7.75,8.0625],"rotation":{"angle":0,"axis":"y","origin":[3.0625,0,7.9375]},"faces":{"north":{"uv":[13.375,8,13.25,8.125],"texture":"#0"},"east":{"uv":[13.25,8,13.375,8.125],"texture":"#0"},"south":{"uv":[13.25,8,13.375,8.125],"texture":"#0"},"west":{"uv":[13.25,8,13.375,8.125],"texture":"#0"},"up":{"uv":[13.25,8,13.375,8.125],"texture":"#0"},"down":{"uv":[13.25,8,13.375,8.125],"texture":"#0"}}},{"name":"phantomguard_greatsword_155","from":[8.6875,7.625,7.9375],"to":[8.8125,7.75,8.0625],"rotation":{"angle":0,"axis":"y","origin":[3.0625,0,7.9375]},"faces":{"north":{"uv":[14,8,13.875,8.125],"texture":"#0"},"east":{"uv":[13.875,8,14,8.125],"texture":"#0"},"south":{"uv":[13.875,8,14,8.125],"texture":"#0"},"west":{"uv":[13.875,8,14,8.125],"texture":"#0"},"up":{"uv":[13.875,8,14,8.125],"texture":"#0"},"down":{"uv":[13.875,8,14,8.125],"texture":"#0"}}},{"name":"phantomguard_greatsword_156","from":[7.1875,7.375,7.96875],"to":[7.3125,7.625,8.03125],"rotation":{"angle":0,"axis":"y","origin":[3.0625,0,7.9375]},"faces":{"north":{"uv":[10,8.125,9.875,8.375],"texture":"#0"},"east":{"uv":[9.875,8.125,10,8.375],"texture":"#0"},"south":{"uv":[9.875,8.125,10,8.375],"texture":"#0"},"west":{"uv":[9.875,8.125,10,8.375],"texture":"#0"},"up":{"uv":[9.875,8.125,10,8.25],"texture":"#0"},"down":{"uv":[9.875,8.25,10,8.375],"texture":"#0"}}},{"name":"phantomguard_greatsword_157","from":[8.6875,7.375,7.96875],"to":[8.8125,7.625,8.03125],"rotation":{"angle":0,"axis":"y","origin":[3.0625,0,7.9375]},"faces":{"north":{"uv":[11.5,8.125,11.375,8.375],"texture":"#0"},"east":{"uv":[11.375,8.125,11.5,8.375],"texture":"#0"},"south":{"uv":[11.375,8.125,11.5,8.375],"texture":"#0"},"west":{"uv":[11.375,8.125,11.5,8.375],"texture":"#0"},"up":{"uv":[11.375,8.125,11.5,8.25],"texture":"#0"},"down":{"uv":[11.375,8.25,11.5,8.375],"texture":"#0"}}},{"name":"phantomguard_greatsword_158","from":[7.4375,6.125,7.9375],"to":[7.5625,7.625,8.0625],"rotation":{"angle":0,"axis":"y","origin":[3.0625,0,7.9375]},"faces":{"north":{"uv":[12.75,8.125,12.625,9.625],"texture":"#0"},"east":{"uv":[12.625,8.125,12.75,9.625],"texture":"#0"},"south":{"uv":[12.625,8.125,12.75,9.625],"texture":"#0"},"west":{"uv":[12.625,8.125,12.75,9.625],"texture":"#0"},"up":{"uv":[12.625,8.125,12.75,8.25],"texture":"#0"},"down":{"uv":[12.625,9.5,12.75,9.625],"texture":"#0"}}},{"name":"phantomguard_greatsword_159","from":[8.4375,6.125,7.9375],"to":[8.5625,7.625,8.0625],"rotation":{"angle":0,"axis":"y","origin":[3.0625,0,7.9375]},"faces":{"north":{"uv":[13.75,8.125,13.625,9.625],"texture":"#0"},"east":{"uv":[13.625,8.125,13.75,9.625],"texture":"#0"},"south":{"uv":[13.625,8.125,13.75,9.625],"texture":"#0"},"west":{"uv":[13.625,8.125,13.75,9.625],"texture":"#0"},"up":{"uv":[13.625,8.125,13.75,8.25],"texture":"#0"},"down":{"uv":[13.625,9.5,13.75,9.625],"texture":"#0"}}},{"name":"phantomguard_greatsword_160","from":[7.3125,6.5,7.96875],"to":[7.4375,7.5,8.03125],"rotation":{"angle":0,"axis":"y","origin":[3.0625,0,7.9375]},"faces":{"north":{"uv":[10.125,8.25,10,9.25],"texture":"#0"},"east":{"uv":[10,8.25,10.125,9.25],"texture":"#0"},"south":{"uv":[10,8.25,10.125,9.25],"texture":"#0"},"west":{"uv":[10,8.25,10.125,9.25],"texture":"#0"},"up":{"uv":[10,8.25,10.125,8.375],"texture":"#0"},"down":{"uv":[10,9.125,10.125,9.25],"texture":"#0"}}},{"name":"phantomguard_greatsword_161","from":[8.5625,6.5,7.96875],"to":[8.6875,7.5,8.03125],"rotation":{"angle":0,"axis":"y","origin":[3.0625,0,7.9375]},"faces":{"north":{"uv":[11.375,8.25,11.25,9.25],"texture":"#0"},"east":{"uv":[11.25,8.25,11.375,9.25],"texture":"#0"},"south":{"uv":[11.25,8.25,11.375,9.25],"texture":"#0"},"west":{"uv":[11.25,8.25,11.375,9.25],"texture":"#0"},"up":{"uv":[11.25,8.25,11.375,8.375],"texture":"#0"},"down":{"uv":[11.25,9.125,11.375,9.25],"texture":"#0"}}},{"name":"phantomguard_greatsword_162","from":[7.5625,6.5,7.9375],"to":[7.6875,7.5,8.0625],"rotation":{"angle":0,"axis":"y","origin":[3.0625,0,7.9375]},"faces":{"north":{"uv":[12.875,8.25,12.75,9.25],"texture":"#0"},"east":{"uv":[12.75,8.25,12.875,9.25],"texture":"#0"},"south":{"uv":[12.75,8.25,12.875,9.25],"texture":"#0"},"west":{"uv":[12.75,8.25,12.875,9.25],"texture":"#0"},"up":{"uv":[12.75,8.25,12.875,8.375],"texture":"#0"},"down":{"uv":[12.75,9.125,12.875,9.25],"texture":"#0"}}},{"name":"phantomguard_greatsword_163","from":[8.3125,6.5,7.9375],"to":[8.4375,7.5,8.0625],"rotation":{"angle":0,"axis":"y","origin":[3.0625,0,7.9375]},"faces":{"north":{"uv":[13.625,8.25,13.5,9.25],"texture":"#0"},"east":{"uv":[13.5,8.25,13.625,9.25],"texture":"#0"},"south":{"uv":[13.5,8.25,13.625,9.25],"texture":"#0"},"west":{"uv":[13.5,8.25,13.625,9.25],"texture":"#0"},"up":{"uv":[13.5,8.25,13.625,8.375],"texture":"#0"},"down":{"uv":[13.5,9.125,13.625,9.25],"texture":"#0"}}},{"name":"phantomguard_greatsword_164","from":[7.0625,4.125,7.875],"to":[7.1875,4.5,8.125],"rotation":{"angle":0,"axis":"y","origin":[3.0625,0,7.9375]},"faces":{"north":{"uv":[4.125,8.75,4,9.125],"texture":"#0"},"east":{"uv":[4,8.75,4.125,9.125],"texture":"#0"},"south":{"uv":[4,8.75,4.125,9.125],"texture":"#0"},"west":{"uv":[4,8.75,4.125,9.125],"texture":"#0"},"up":{"uv":[4,8.75,4.125,8.875],"texture":"#0"},"down":{"uv":[4,9,4.125,9.125],"texture":"#0"}}},{"name":"phantomguard_greatsword_165","from":[8.8125,4.125,7.875],"to":[8.9375,4.5,8.125],"rotation":{"angle":0,"axis":"y","origin":[3.0625,0,7.9375]},"faces":{"north":{"uv":[5.875,8.75,5.75,9.125],"texture":"#0"},"east":{"uv":[5.75,8.75,5.875,9.125],"texture":"#0"},"south":{"uv":[5.75,8.75,5.875,9.125],"texture":"#0"},"west":{"uv":[5.75,8.75,5.875,9.125],"texture":"#0"},"up":{"uv":[5.75,8.75,5.875,8.875],"texture":"#0"},"down":{"uv":[5.75,9,5.875,9.125],"texture":"#0"}}},{"name":"phantomguard_greatsword_166","from":[7.3125,6.375,7.9375],"to":[7.4375,6.5,8.0625],"rotation":{"angle":0,"axis":"y","origin":[3.0625,0,7.9375]},"faces":{"north":{"uv":[12.625,9.25,12.5,9.375],"texture":"#0"},"east":{"uv":[12.5,9.25,12.625,9.375],"texture":"#0"},"south":{"uv":[12.5,9.25,12.625,9.375],"texture":"#0"},"west":{"uv":[12.5,9.25,12.625,9.375],"texture":"#0"},"up":{"uv":[12.5,9.25,12.625,9.375],"texture":"#0"},"down":{"uv":[12.5,9.25,12.625,9.375],"texture":"#0"}}},{"name":"phantomguard_greatsword_167","from":[8.5625,6.375,7.9375],"to":[8.6875,6.5,8.0625],"rotation":{"angle":0,"axis":"y","origin":[3.0625,0,7.9375]},"faces":{"north":{"uv":[13.875,9.25,13.75,9.375],"texture":"#0"},"east":{"uv":[13.75,9.25,13.875,9.375],"texture":"#0"},"south":{"uv":[13.75,9.25,13.875,9.375],"texture":"#0"},"west":{"uv":[13.75,9.25,13.875,9.375],"texture":"#0"},"up":{"uv":[13.75,9.25,13.875,9.375],"texture":"#0"},"down":{"uv":[13.75,9.25,13.875,9.375],"texture":"#0"}}},{"name":"phantomguard_greatsword_168","from":[7.8125,4.5,7.875],"to":[7.9375,4.75,8.125],"rotation":{"angle":0,"axis":"y","origin":[3.0625,0,7.9375]},"faces":{"north":{"uv":[4.875,11,4.75,11.25],"texture":"#0"},"east":{"uv":[4.75,11,4.875,11.25],"texture":"#0"},"south":{"uv":[4.75,11,4.875,11.25],"texture":"#0"},"west":{"uv":[4.75,11,4.875,11.25],"texture":"#0"},"up":{"uv":[4.75,11,4.875,11.125],"texture":"#0"},"down":{"uv":[4.75,11.125,4.875,11.25],"texture":"#0"}}},{"name":"phantomguard_greatsword_169","from":[8.0625,4.5,7.875],"to":[8.1875,4.75,8.125],"rotation":{"angle":0,"axis":"y","origin":[3.0625,0,7.9375]},"faces":{"north":{"uv":[5.125,11,5,11.25],"texture":"#0"},"east":{"uv":[5,11,5.125,11.25],"texture":"#0"},"south":{"uv":[5,11,5.125,11.25],"texture":"#0"},"west":{"uv":[5,11,5.125,11.25],"texture":"#0"},"up":{"uv":[5,11,5.125,11.125],"texture":"#0"},"down":{"uv":[5,11.125,5.125,11.25],"texture":"#0"}}},{"name":"phantomguard_greatsword_170","from":[7.6875,4.25,7.8125],"to":[7.8125,4.625,8.1875],"rotation":{"angle":0,"axis":"y","origin":[3.0625,0,7.9375]},"faces":{"north":{"uv":[3.5,11.125,3.375,11.5],"texture":"#0"},"east":{"uv":[3.375,11.125,3.5,11.5],"texture":"#0"},"south":{"uv":[3.375,11.125,3.5,11.5],"texture":"#0"},"west":{"uv":[3.375,11.125,3.5,11.5],"texture":"#0"},"up":{"uv":[3.375,11.125,3.5,11.25],"texture":"#0"},"down":{"uv":[3.375,11.375,3.5,11.5],"texture":"#0"}}},{"name":"phantomguard_greatsword_171","from":[8.1875,4.25,7.8125],"to":[8.3125,4.625,8.1875],"rotation":{"angle":0,"axis":"y","origin":[3.0625,0,7.9375]},"faces":{"north":{"uv":[4,11.125,3.875,11.5],"texture":"#0"},"east":{"uv":[3.875,11.125,4,11.5],"texture":"#0"},"south":{"uv":[3.875,11.125,4,11.5],"texture":"#0"},"west":{"uv":[3.875,11.125,4,11.5],"texture":"#0"},"up":{"uv":[3.875,11.125,4,11.25],"texture":"#0"},"down":{"uv":[3.875,11.375,4,11.5],"texture":"#0"}}},{"name":"phantomguard_greatsword_172","from":[7.9375,4.375,7.875],"to":[8.0625,4.625,8.125],"rotation":{"angle":0,"axis":"y","origin":[3.0625,0,7.9375]},"faces":{"north":{"uv":[5,11.125,4.875,11.375],"texture":"#0"},"east":{"uv":[4.875,11.125,5,11.375],"texture":"#0"},"south":{"uv":[4.875,11.125,5,11.375],"texture":"#0"},"west":{"uv":[4.875,11.125,5,11.375],"texture":"#0"},"up":{"uv":[4.875,11.125,5,11.25],"texture":"#0"},"down":{"uv":[4.875,11.25,5,11.375],"texture":"#0"}}},{"name":"phantomguard_greatsword_173","from":[7.8125,4.125,7.8125],"to":[7.9375,4.5,8.1875],"rotation":{"angle":0,"axis":"y","origin":[3.0625,0,7.9375]},"faces":{"north":{"uv":[3.625,11.25,3.5,11.625],"texture":"#0"},"east":{"uv":[3.5,11.25,3.625,11.625],"texture":"#0"},"south":{"uv":[3.5,11.25,3.625,11.625],"texture":"#0"},"west":{"uv":[3.5,11.25,3.625,11.625],"texture":"#0"},"up":{"uv":[3.5,11.25,3.625,11.375],"texture":"#0"},"down":{"uv":[3.5,11.5,3.625,11.625],"texture":"#0"}}},{"name":"phantomguard_greatsword_174","from":[8.0625,4.125,7.8125],"to":[8.1875,4.5,8.1875],"rotation":{"angle":0,"axis":"y","origin":[3.0625,0,7.9375]},"faces":{"north":{"uv":[3.875,11.25,3.75,11.625],"texture":"#0"},"east":{"uv":[3.75,11.25,3.875,11.625],"texture":"#0"},"south":{"uv":[3.75,11.25,3.875,11.625],"texture":"#0"},"west":{"uv":[3.75,11.25,3.875,11.625],"texture":"#0"},"up":{"uv":[3.75,11.25,3.875,11.375],"texture":"#0"},"down":{"uv":[3.75,11.5,3.875,11.625],"texture":"#0"}}},{"name":"phantomguard_greatsword_175","from":[7.9375,4,7.8125],"to":[8.0625,4.375,8.1875],"rotation":{"angle":0,"axis":"y","origin":[3.0625,0,7.9375]},"faces":{"north":{"uv":[3.75,11.375,3.625,11.75],"texture":"#0"},"east":{"uv":[3.625,11.375,3.75,11.75],"texture":"#0"},"south":{"uv":[3.625,11.375,3.75,11.75],"texture":"#0"},"west":{"uv":[3.625,11.375,3.75,11.75],"texture":"#0"},"up":{"uv":[3.625,11.375,3.75,11.5],"texture":"#0"},"down":{"uv":[3.625,11.625,3.75,11.75],"texture":"#0"}}},{"name":"phantomguard_greatsword_176","from":[7.8125,3.875,7.875],"to":[7.9375,4.125,8.125],"rotation":{"angle":0,"axis":"y","origin":[3.0625,0,7.9375]},"faces":{"north":{"uv":[4.875,11.625,4.75,11.875],"texture":"#0"},"east":{"uv":[4.75,11.625,4.875,11.875],"texture":"#0"},"south":{"uv":[4.75,11.625,4.875,11.875],"texture":"#0"},"west":{"uv":[4.75,11.625,4.875,11.875],"texture":"#0"},"up":{"uv":[4.75,11.625,4.875,11.75],"texture":"#0"},"down":{"uv":[4.75,11.75,4.875,11.875],"texture":"#0"}}},{"name":"phantomguard_greatsword_177","from":[8.0625,3.875,7.875],"to":[8.1875,4.125,8.125],"rotation":{"angle":0,"axis":"y","origin":[3.0625,0,7.9375]},"faces":{"north":{"uv":[5.125,11.625,5,11.875],"texture":"#0"},"east":{"uv":[5,11.625,5.125,11.875],"texture":"#0"},"south":{"uv":[5,11.625,5.125,11.875],"texture":"#0"},"west":{"uv":[5,11.625,5.125,11.875],"texture":"#0"},"up":{"uv":[5,11.625,5.125,11.75],"texture":"#0"},"down":{"uv":[5,11.75,5.125,11.875],"texture":"#0"}}},{"name":"phantomguard_greatsword_178","from":[7.6875,3.625,7.8125],"to":[7.8125,4,8.1875],"rotation":{"angle":0,"axis":"y","origin":[3.0625,0,7.9375]},"faces":{"north":{"uv":[3.5,11.75,3.375,12.125],"texture":"#0"},"east":{"uv":[3.375,11.75,3.5,12.125],"texture":"#0"},"south":{"uv":[3.375,11.75,3.5,12.125],"texture":"#0"},"west":{"uv":[3.375,11.75,3.5,12.125],"texture":"#0"},"up":{"uv":[3.375,11.75,3.5,11.875],"texture":"#0"},"down":{"uv":[3.375,12,3.5,12.125],"texture":"#0"}}},{"name":"phantomguard_greatsword_179","from":[8.1875,3.625,7.8125],"to":[8.3125,4,8.1875],"rotation":{"angle":0,"axis":"y","origin":[3.0625,0,7.9375]},"faces":{"north":{"uv":[4,11.75,3.875,12.125],"texture":"#0"},"east":{"uv":[3.875,11.75,4,12.125],"texture":"#0"},"south":{"uv":[3.875,11.75,4,12.125],"texture":"#0"},"west":{"uv":[3.875,11.75,4,12.125],"texture":"#0"},"up":{"uv":[3.875,11.75,4,11.875],"texture":"#0"},"down":{"uv":[3.875,12,4,12.125],"texture":"#0"}}},{"name":"phantomguard_greatsword_180","from":[7.9375,3.75,7.875],"to":[8.0625,4,8.125],"rotation":{"angle":0,"axis":"y","origin":[3.0625,0,7.9375]},"faces":{"north":{"uv":[5,11.75,4.875,12],"texture":"#0"},"east":{"uv":[4.875,11.75,5,12],"texture":"#0"},"south":{"uv":[4.875,11.75,5,12],"texture":"#0"},"west":{"uv":[4.875,11.75,5,12],"texture":"#0"},"up":{"uv":[4.875,11.75,5,11.875],"texture":"#0"},"down":{"uv":[4.875,11.875,5,12],"texture":"#0"}}},{"name":"phantomguard_greatsword_181","from":[7.8125,3.5,7.8125],"to":[7.9375,3.875,8.1875],"rotation":{"angle":0,"axis":"y","origin":[3.0625,0,7.9375]},"faces":{"north":{"uv":[3.625,11.875,3.5,12.25],"texture":"#0"},"east":{"uv":[3.5,11.875,3.625,12.25],"texture":"#0"},"south":{"uv":[3.5,11.875,3.625,12.25],"texture":"#0"},"west":{"uv":[3.5,11.875,3.625,12.25],"texture":"#0"},"up":{"uv":[3.5,11.875,3.625,12],"texture":"#0"},"down":{"uv":[3.5,12.125,3.625,12.25],"texture":"#0"}}},{"name":"phantomguard_greatsword_182","from":[8.0625,3.5,7.8125],"to":[8.1875,3.875,8.1875],"rotation":{"angle":0,"axis":"y","origin":[3.0625,0,7.9375]},"faces":{"north":{"uv":[3.875,11.875,3.75,12.25],"texture":"#0"},"east":{"uv":[3.75,11.875,3.875,12.25],"texture":"#0"},"south":{"uv":[3.75,11.875,3.875,12.25],"texture":"#0"},"west":{"uv":[3.75,11.875,3.875,12.25],"texture":"#0"},"up":{"uv":[3.75,11.875,3.875,12],"texture":"#0"},"down":{"uv":[3.75,12.125,3.875,12.25],"texture":"#0"}}},{"name":"phantomguard_greatsword_183","from":[7.9375,3.375,7.8125],"to":[8.0625,3.75,8.1875],"rotation":{"angle":0,"axis":"y","origin":[3.0625,0,7.9375]},"faces":{"north":{"uv":[3.75,12,3.625,12.375],"texture":"#0"},"east":{"uv":[3.625,12,3.75,12.375],"texture":"#0"},"south":{"uv":[3.625,12,3.75,12.375],"texture":"#0"},"west":{"uv":[3.625,12,3.75,12.375],"texture":"#0"},"up":{"uv":[3.625,12,3.75,12.125],"texture":"#0"},"down":{"uv":[3.625,12.25,3.75,12.375],"texture":"#0"}}},{"name":"phantomguard_greatsword_184","from":[7.8125,1,7.875],"to":[7.9375,3.5,8.125],"rotation":{"angle":0,"axis":"y","origin":[3.0625,0,7.9375]},"faces":{"north":{"uv":[4.875,12.25,4.75,14.75],"texture":"#0"},"east":{"uv":[4.75,12.25,4.875,14.75],"texture":"#0"},"south":{"uv":[4.75,12.25,4.875,14.75],"texture":"#0"},"west":{"uv":[4.75,12.25,4.875,14.75],"texture":"#0"},"up":{"uv":[4.75,12.25,4.875,12.375],"texture":"#0"},"down":{"uv":[4.75,14.625,4.875,14.75],"texture":"#0"}}},{"name":"phantomguard_greatsword_185","from":[8.0625,1,7.875],"to":[8.1875,3.5,8.125],"rotation":{"angle":0,"axis":"y","origin":[3.0625,0,7.9375]},"faces":{"north":{"uv":[5.125,12.25,5,14.75],"texture":"#0"},"east":{"uv":[5,12.25,5.125,14.75],"texture":"#0"},"south":{"uv":[5,12.25,5.125,14.75],"texture":"#0"},"west":{"uv":[5,12.25,5.125,14.75],"texture":"#0"},"up":{"uv":[5,12.25,5.125,12.375],"texture":"#0"},"down":{"uv":[5,14.625,5.125,14.75],"texture":"#0"}}},{"name":"phantomguard_greatsword_186","from":[7.9375,1.125,7.875],"to":[8.0625,3.375,8.125],"rotation":{"angle":0,"axis":"y","origin":[3.0625,0,7.9375]},"faces":{"north":{"uv":[5,12.375,4.875,14.625],"texture":"#0"},"east":{"uv":[4.875,12.375,5,14.625],"texture":"#0"},"south":{"uv":[4.875,12.375,5,14.625],"texture":"#0"},"west":{"uv":[4.875,12.375,5,14.625],"texture":"#0"},"up":{"uv":[4.875,12.375,5,12.5],"texture":"#0"},"down":{"uv":[4.875,14.5,5,14.625],"texture":"#0"}}},{"name":"phantomguard_greatsword_187","from":[7.9375,0.375,7.6875],"to":[8.0625,1.125,8.3125],"rotation":{"angle":0,"axis":"y","origin":[3.0625,0,7.9375]},"faces":{"north":{"uv":[3.75,13.625,3.625,14.375],"texture":"#0"},"east":{"uv":[3.625,13.625,3.75,14.375],"texture":"#0"},"south":{"uv":[3.625,13.625,3.75,14.375],"texture":"#0"},"west":{"uv":[3.625,13.625,3.75,14.375],"texture":"#0"},"up":{"uv":[3.625,13.625,3.75,13.75],"texture":"#0"},"down":{"uv":[3.625,14.25,3.75,14.375],"texture":"#0"}}},{"name":"phantomguard_greatsword_188","from":[7.8125,0.5,7.6875],"to":[7.9375,1,8.3125],"rotation":{"angle":0,"axis":"y","origin":[3.0625,0,7.9375]},"faces":{"north":{"uv":[3.625,13.75,3.5,14.25],"texture":"#0"},"east":{"uv":[3.5,13.75,3.625,14.25],"texture":"#0"},"south":{"uv":[3.5,13.75,3.625,14.25],"texture":"#0"},"west":{"uv":[3.5,13.75,3.625,14.25],"texture":"#0"},"up":{"uv":[3.5,13.75,3.625,13.875],"texture":"#0"},"down":{"uv":[3.5,14.125,3.625,14.25],"texture":"#0"}}},{"name":"phantomguard_greatsword_189","from":[8.0625,0.5,7.6875],"to":[8.1875,1,8.3125],"rotation":{"angle":0,"axis":"y","origin":[3.0625,0,7.9375]},"faces":{"north":{"uv":[3.875,13.75,3.75,14.25],"texture":"#0"},"east":{"uv":[3.75,13.75,3.875,14.25],"texture":"#0"},"south":{"uv":[3.75,13.75,3.875,14.25],"texture":"#0"},"west":{"uv":[3.75,13.75,3.875,14.25],"texture":"#0"},"up":{"uv":[3.75,13.75,3.875,13.875],"texture":"#0"},"down":{"uv":[3.75,14.125,3.875,14.25],"texture":"#0"}}},{"name":"phantomguard_greatsword_190","from":[7.6875,0.625,7.6875],"to":[7.8125,0.875,8.3125],"rotation":{"angle":0,"axis":"y","origin":[3.0625,0,7.9375]},"faces":{"north":{"uv":[3.5,13.875,3.375,14.125],"texture":"#0"},"east":{"uv":[3.375,13.875,3.5,14.125],"texture":"#0"},"south":{"uv":[3.375,13.875,3.5,14.125],"texture":"#0"},"west":{"uv":[3.375,13.875,3.5,14.125],"texture":"#0"},"up":{"uv":[3.375,13.875,3.5,14],"texture":"#0"},"down":{"uv":[3.375,14,3.5,14.125],"texture":"#0"}}},{"name":"phantomguard_greatsword_191","from":[8.1875,0.625,7.6875],"to":[8.3125,0.875,8.3125],"rotation":{"angle":0,"axis":"y","origin":[3.0625,0,7.9375]},"faces":{"north":{"uv":[4,13.875,3.875,14.125],"texture":"#0"},"east":{"uv":[3.875,13.875,4,14.125],"texture":"#0"},"south":{"uv":[3.875,13.875,4,14.125],"texture":"#0"},"west":{"uv":[3.875,13.875,4,14.125],"texture":"#0"},"up":{"uv":[3.875,13.875,4,14],"texture":"#0"},"down":{"uv":[3.875,14,4,14.125],"texture":"#0"}}},{"name":"phantomguard_greatsword_192","from":[7.4375,0.75,7.8125],"to":[7.5625,1.25,8.1875],"rotation":{"angle":0,"axis":"y","origin":[3.0625,0,7.9375]},"faces":{"north":{"uv":[3.25,14.5,3.125,15],"texture":"#0"},"east":{"uv":[3.125,14.5,3.25,15],"texture":"#0"},"south":{"uv":[3.125,14.5,3.25,15],"texture":"#0"},"west":{"uv":[3.125,14.5,3.25,15],"texture":"#0"},"up":{"uv":[3.125,14.5,3.25,14.625],"texture":"#0"},"down":{"uv":[3.125,14.875,3.25,15],"texture":"#0"}}},{"name":"phantomguard_greatsword_193","from":[8.4375,0.75,7.8125],"to":[8.5625,1.25,8.1875],"rotation":{"angle":0,"axis":"y","origin":[3.0625,0,7.9375]},"faces":{"north":{"uv":[4.25,14.5,4.125,15],"texture":"#0"},"east":{"uv":[4.125,14.5,4.25,15],"texture":"#0"},"south":{"uv":[4.125,14.5,4.25,15],"texture":"#0"},"west":{"uv":[4.125,14.5,4.25,15],"texture":"#0"},"up":{"uv":[4.125,14.5,4.25,14.625],"texture":"#0"},"down":{"uv":[4.125,14.875,4.25,15],"texture":"#0"}}},{"name":"phantomguard_greatsword_194","from":[7.3125,0.75,7.8125],"to":[7.4375,1,8.1875],"rotation":{"angle":0,"axis":"y","origin":[3.0625,0,7.9375]},"faces":{"north":{"uv":[3.125,14.75,3,15],"texture":"#0"},"east":{"uv":[3,14.75,3.125,15],"texture":"#0"},"south":{"uv":[3,14.75,3.125,15],"texture":"#0"},"west":{"uv":[3,14.75,3.125,15],"texture":"#0"},"up":{"uv":[3,14.75,3.125,14.875],"texture":"#0"},"down":{"uv":[3,14.875,3.125,15],"texture":"#0"}}},{"name":"phantomguard_greatsword_195","from":[8.5625,0.75,7.8125],"to":[8.6875,1,8.1875],"rotation":{"angle":0,"axis":"y","origin":[3.0625,0,7.9375]},"faces":{"north":{"uv":[4.375,14.75,4.25,15],"texture":"#0"},"east":{"uv":[4.25,14.75,4.375,15],"texture":"#0"},"south":{"uv":[4.25,14.75,4.375,15],"texture":"#0"},"west":{"uv":[4.25,14.75,4.375,15],"texture":"#0"},"up":{"uv":[4.25,14.75,4.375,14.875],"texture":"#0"},"down":{"uv":[4.25,14.875,4.375,15],"texture":"#0"}}},{"name":"phantomguard_greatsword_196","from":[7.1875,0.75,7.8125],"to":[7.3125,0.875,8.1875],"rotation":{"angle":0,"axis":"y","origin":[3.0625,0,7.9375]},"faces":{"north":{"uv":[3,14.875,2.875,15],"texture":"#0"},"east":{"uv":[2.875,14.875,3,15],"texture":"#0"},"south":{"uv":[2.875,14.875,3,15],"texture":"#0"},"west":{"uv":[2.875,14.875,3,15],"texture":"#0"},"up":{"uv":[2.875,14.875,3,15],"texture":"#0"},"down":{"uv":[2.875,14.875,3,15],"texture":"#0"}}},{"name":"phantomguard_greatsword_197","from":[7.5625,0.75,7.8125],"to":[7.6875,0.875,8.1875],"rotation":{"angle":0,"axis":"y","origin":[3.0625,0,7.9375]},"faces":{"north":{"uv":[3.375,14.875,3.25,15],"texture":"#0"},"east":{"uv":[3.25,14.875,3.375,15],"texture":"#0"},"south":{"uv":[3.25,14.875,3.375,15],"texture":"#0"},"west":{"uv":[3.25,14.875,3.375,15],"texture":"#0"},"up":{"uv":[3.25,14.875,3.375,15],"texture":"#0"},"down":{"uv":[3.25,14.875,3.375,15],"texture":"#0"}}},{"name":"phantomguard_greatsword_198","from":[8.3125,0.75,7.8125],"to":[8.4375,0.875,8.1875],"rotation":{"angle":0,"axis":"y","origin":[3.0625,0,7.9375]},"faces":{"north":{"uv":[4.125,14.875,4,15],"texture":"#0"},"east":{"uv":[4,14.875,4.125,15],"texture":"#0"},"south":{"uv":[4,14.875,4.125,15],"texture":"#0"},"west":{"uv":[4,14.875,4.125,15],"texture":"#0"},"up":{"uv":[4,14.875,4.125,15],"texture":"#0"},"down":{"uv":[4,14.875,4.125,15],"texture":"#0"}}},{"name":"phantomguard_greatsword_199","from":[8.6875,0.75,7.8125],"to":[8.8125,0.875,8.1875],"rotation":{"angle":0,"axis":"y","origin":[3.0625,0,7.9375]},"faces":{"north":{"uv":[4.5,14.875,4.375,15],"texture":"#0"},"east":{"uv":[4.375,14.875,4.5,15],"texture":"#0"},"south":{"uv":[4.375,14.875,4.5,15],"texture":"#0"},"west":{"uv":[4.375,14.875,4.5,15],"texture":"#0"},"up":{"uv":[4.375,14.875,4.5,15],"texture":"#0"},"down":{"uv":[4.375,14.875,4.5,15],"texture":"#0"}}},{"name":"phantomguard_greatsword_200","from":[7.9375,-0.125,7.8125],"to":[8.0625,0.375,8.1875],"rotation":{"angle":0,"axis":"y","origin":[3.0625,0,7.9375]},"faces":{"north":{"uv":[3.75,15.375,3.625,15.875],"texture":"#0"},"east":{"uv":[3.625,15.375,3.75,15.875],"texture":"#0"},"south":{"uv":[3.625,15.375,3.75,15.875],"texture":"#0"},"west":{"uv":[3.625,15.375,3.75,15.875],"texture":"#0"},"up":{"uv":[3.625,15.375,3.75,15.5],"texture":"#0"},"down":{"uv":[3.625,15.75,3.75,15.875],"texture":"#0"}}},{"name":"phantomguard_greatsword_201","from":[7.6875,0.125,7.8125],"to":[7.9375,0.25,8.1875],"rotation":{"angle":0,"axis":"y","origin":[3.0625,0,7.9375]},"faces":{"north":{"uv":[3.625,15.5,3.375,15.625],"texture":"#0"},"east":{"uv":[3.5,15.5,3.625,15.625],"texture":"#0"},"south":{"uv":[3.375,15.5,3.625,15.625],"texture":"#0"},"west":{"uv":[3.375,15.5,3.5,15.625],"texture":"#0"},"up":{"uv":[3.375,15.5,3.625,15.625],"texture":"#0"},"down":{"uv":[3.375,15.5,3.625,15.625],"texture":"#0"}}},{"name":"phantomguard_greatsword_202","from":[8.0625,0.125,7.8125],"to":[8.3125,0.25,8.1875],"rotation":{"angle":0,"axis":"y","origin":[3.0625,0,7.9375]},"faces":{"north":{"uv":[4,15.5,3.75,15.625],"texture":"#0"},"east":{"uv":[3.875,15.5,4,15.625],"texture":"#0"},"south":{"uv":[3.75,15.5,4,15.625],"texture":"#0"},"west":{"uv":[3.75,15.5,3.875,15.625],"texture":"#0"},"up":{"uv":[3.75,15.5,4,15.625],"texture":"#0"},"down":{"uv":[3.75,15.5,4,15.625],"texture":"#0"}}},{"name":"phantomguard_greatsword_203","from":[7.8125,0,7.8125],"to":[7.9375,0.125,8.1875],"rotation":{"angle":0,"axis":"y","origin":[3.0625,0,7.9375]},"faces":{"north":{"uv":[3.625,15.625,3.5,15.75],"texture":"#0"},"east":{"uv":[3.5,15.625,3.625,15.75],"texture":"#0"},"south":{"uv":[3.5,15.625,3.625,15.75],"texture":"#0"},"west":{"uv":[3.5,15.625,3.625,15.75],"texture":"#0"},"up":{"uv":[3.5,15.625,3.625,15.75],"texture":"#0"},"down":{"uv":[3.5,15.625,3.625,15.75],"texture":"#0"}}},{"name":"phantomguard_greatsword_204","from":[8.0625,0,7.8125],"to":[8.1875,0.125,8.1875],"rotation":{"angle":0,"axis":"y","origin":[3.0625,0,7.9375]},"faces":{"north":{"uv":[3.875,15.625,3.75,15.75],"texture":"#0"},"east":{"uv":[3.75,15.625,3.875,15.75],"texture":"#0"},"south":{"uv":[3.75,15.625,3.875,15.75],"texture":"#0"},"west":{"uv":[3.75,15.625,3.875,15.75],"texture":"#0"},"up":{"uv":[3.75,15.625,3.875,15.75],"texture":"#0"},"down":{"uv":[3.75,15.625,3.875,15.75],"texture":"#0"}}}],"gui_light":"front","display":{"thirdperson_righthand":{"rotation":[0,-90,0],"translation":[0,10,1.5],"scale":[2.4,2.4,2.4]},"thirdperson_lefthand":{"rotation":[0,-90,0],"translation":[0,10,1.5],"scale":[2.4,2.4,2.4]},"firstperson_righthand":{"rotation":[10,-90,0],"translation":[-1.5,9.75,4.75],"scale":[1.4,1.4,1.4]},"firstperson_lefthand":{"rotation":[10,-90,0],"translation":[-1.5,9.75,4.75],"scale":[1.4,1.4,1.4]},"ground":{"rotation":[0,0,45],"translation":[0,1.5,0.25]},"gui":{"rotation":[0,0,-45],"translation":[-0.25,-0.25,0],"scale":[1.4,1.4,1]},"head":{"rotation":[0,0,45],"translation":[1.25,17.75,0],"scale":[2,2,2]},"fixed":{"rotation":[0,0,90],"translation":[3.75,-0.25,-0.5],"scale":[4,4,4]}}}