{"textures":{"0":"fantasy_weapons:item/revenants_gravecleaver","particle":"fantasy_weapons:item/revenants_gravecleaver"},"elements":[{"name":"revenants_gravecleaver_0","from":[8.25,15.875,7.96875],"to":[8.375,16,8.03125],"rotation":{"angle":0,"axis":"y","origin":[0.25,0,7.9375]},"faces":{"north":{"uv":[2.625,0,2.5,0.125],"texture":"#0"},"east":{"uv":[2.5,0,2.625,0.125],"texture":"#0"},"south":{"uv":[2.5,0,2.625,0.125],"texture":"#0"},"west":{"uv":[2.5,0,2.625,0.125],"texture":"#0"},"up":{"uv":[2.5,0,2.625,0.125],"texture":"#0"},"down":{"uv":[2.5,0,2.625,0.125],"texture":"#0"}}},{"name":"revenants_gravecleaver_1","from":[8.125,15.625,7.96875],"to":[8.25,15.875,8.03125],"rotation":{"angle":0,"axis":"y","origin":[0.25,0,7.9375]},"faces":{"north":{"uv":[2.5,0.125,2.375,0.375],"texture":"#0"},"east":{"uv":[2.375,0.125,2.5,0.375],"texture":"#0"},"south":{"uv":[2.375,0.125,2.5,0.375],"texture":"#0"},"west":{"uv":[2.375,0.125,2.5,0.375],"texture":"#0"},"up":{"uv":[2.375,0.125,2.5,0.25],"texture":"#0"},"down":{"uv":[2.375,0.25,2.5,0.375],"texture":"#0"}}},{"name":"revenants_gravecleaver_2","from":[8,15.375,7.96875],"to":[8.125,15.75,8.03125],"rotation":{"angle":0,"axis":"y","origin":[0.25,0,7.9375]},"faces":{"north":{"uv":[2.375,0.25,2.25,0.625],"texture":"#0"},"east":{"uv":[2.25,0.25,2.375,0.625],"texture":"#0"},"south":{"uv":[2.25,0.25,2.375,0.625],"texture":"#0"},"west":{"uv":[2.25,0.25,2.375,0.625],"texture":"#0"},"up":{"uv":[2.25,0.25,2.375,0.375],"texture":"#0"},"down":{"uv":[2.25,0.5,2.375,0.625],"texture":"#0"}}},{"name":"revenants_gravecleaver_3","from":[7.875,15,7.96875],"to":[8,15.625,8.03125],"rotation":{"angle":0,"axis":"y","origin":[0.25,0,7.9375]},"faces":{"north":{"uv":[2.25,0.375,2.125,1],"texture":"#0"},"east":{"uv":[2.125,0.375,2.25,1],"texture":"#0"},"south":{"uv":[2.125,0.375,2.25,1],"texture":"#0"},"west":{"uv":[2.125,0.375,2.25,1],"texture":"#0"},"up":{"uv":[2.125,0.375,2.25,0.5],"texture":"#0"},"down":{"uv":[2.125,0.875,2.25,1],"texture":"#0"}}},{"name":"revenants_gravecleaver_4","from":[7.75,14.875,7.96875],"to":[7.875,15.5,8.03125],"rotation":{"angle":0,"axis":"y","origin":[0.25,0,7.9375]},"faces":{"north":{"uv":[2.125,0.5,2,1.125],"texture":"#0"},"east":{"uv":[2,0.5,2.125,1.125],"texture":"#0"},"south":{"uv":[2,0.5,2.125,1.125],"texture":"#0"},"west":{"uv":[2,0.5,2.125,1.125],"texture":"#0"},"up":{"uv":[2,0.5,2.125,0.625],"texture":"#0"},"down":{"uv":[2,1,2.125,1.125],"texture":"#0"}}},{"name":"revenants_gravecleaver_5","from":[7.625,14.75,7.96875],"to":[7.75,15.375,8.03125],"rotation":{"angle":0,"axis":"y","origin":[0.25,0,7.9375]},"faces":{"north":{"uv":[2,0.625,1.875,1.25],"texture":"#0"},"east":{"uv":[1.875,0.625,2,1.25],"texture":"#0"},"south":{"uv":[1.875,0.625,2,1.25],"texture":"#0"},"west":{"uv":[1.875,0.625,2,1.25],"texture":"#0"},"up":{"uv":[1.875,0.625,2,0.75],"texture":"#0"},"down":{"uv":[1.875,1.125,2,1.25],"texture":"#0"}}},{"name":"revenants_gravecleaver_6","from":[7.5,14.5,7.96875],"to":[7.625,15.25,8.03125],"rotation":{"angle":0,"axis":"y","origin":[0.25,0,7.9375]},"faces":{"north":{"uv":[1.875,0.75,1.75,1.5],"texture":"#0"},"east":{"uv":[1.75,0.75,1.875,1.5],"texture":"#0"},"south":{"uv":[1.75,0.75,1.875,1.5],"texture":"#0"},"west":{"uv":[1.75,0.75,1.875,1.5],"texture":"#0"},"up":{"uv":[1.75,0.75,1.875,0.875],"texture":"#0"},"down":{"uv":[1.75,1.375,1.875,1.5],"texture":"#0"}}},{"name":"revenants_gravecleaver_7","from":[7.375,14.25,7.96875],"to":[7.5,15.125,8.03125],"rotation":{"angle":0,"axis":"y","origin":[0.25,0,7.9375]},"faces":{"north":{"uv":[1.75,0.875,1.625,1.75],"texture":"#0"},"east":{"uv":[1.625,0.875,1.75,1.75],"texture":"#0"},"south":{"uv":[1.625,0.875,1.75,1.75],"texture":"#0"},"west":{"uv":[1.625,0.875,1.75,1.75],"texture":"#0"},"up":{"uv":[1.625,0.875,1.75,1],"texture":"#0"},"down":{"uv":[1.625,1.625,1.75,1.75],"texture":"#0"}}},{"name":"revenants_gravecleaver_8","from":[7.25,14,7.96875],"to":[7.375,15,8.03125],"rotation":{"angle":0,"axis":"y","origin":[0.25,0,7.9375]},"faces":{"north":{"uv":[1.625,1,1.5,2],"texture":"#0"},"east":{"uv":[1.5,1,1.625,2],"texture":"#0"},"south":{"uv":[1.5,1,1.625,2],"texture":"#0"},"west":{"uv":[1.5,1,1.625,2],"texture":"#0"},"up":{"uv":[1.5,1,1.625,1.125],"texture":"#0"},"down":{"uv":[1.5,1.875,1.625,2],"texture":"#0"}}},{"name":"revenants_gravecleaver_9","from":[7.75,14.25,7.9375],"to":[7.875,14.875,8.0625],"rotation":{"angle":0,"axis":"y","origin":[0.25,0,7.9375]},"faces":{"north":{"uv":[3.125,1.125,3,1.75],"texture":"#0"},"east":{"uv":[3,1.125,3.125,1.75],"texture":"#0"},"south":{"uv":[3,1.125,3.125,1.75],"texture":"#0"},"west":{"uv":[3,1.125,3.125,1.75],"texture":"#0"},"up":{"uv":[3,1.125,3.125,1.25],"texture":"#0"},"down":{"uv":[3,1.625,3.125,1.75],"texture":"#0"}}},{"name":"revenants_gravecleaver_10","from":[7.125,13.75,7.96875],"to":[7.25,14.75,8.03125],"rotation":{"angle":0,"axis":"y","origin":[0.25,0,7.9375]},"faces":{"north":{"uv":[1.5,1.25,1.375,2.25],"texture":"#0"},"east":{"uv":[1.375,1.25,1.5,2.25],"texture":"#0"},"south":{"uv":[1.375,1.25,1.5,2.25],"texture":"#0"},"west":{"uv":[1.375,1.25,1.5,2.25],"texture":"#0"},"up":{"uv":[1.375,1.25,1.5,1.375],"texture":"#0"},"down":{"uv":[1.375,2.125,1.5,2.25],"texture":"#0"}}},{"name":"revenants_gravecleaver_11","from":[7.625,13.75,7.9375],"to":[7.75,14.75,8.0625],"rotation":{"angle":0,"axis":"y","origin":[0.25,0,7.9375]},"faces":{"north":{"uv":[3,1.25,2.875,2.25],"texture":"#0"},"east":{"uv":[2.875,1.25,3,2.25],"texture":"#0"},"south":{"uv":[2.875,1.25,3,2.25],"texture":"#0"},"west":{"uv":[2.875,1.25,3,2.25],"texture":"#0"},"up":{"uv":[2.875,1.25,3,1.375],"texture":"#0"},"down":{"uv":[2.875,2.125,3,2.25],"texture":"#0"}}},{"name":"revenants_gravecleaver_12","from":[7,13.5,7.96875],"to":[7.125,14.5,8.03125],"rotation":{"angle":0,"axis":"y","origin":[0.25,0,7.9375]},"faces":{"north":{"uv":[1.375,1.5,1.25,2.5],"texture":"#0"},"east":{"uv":[1.25,1.5,1.375,2.5],"texture":"#0"},"south":{"uv":[1.25,1.5,1.375,2.5],"texture":"#0"},"west":{"uv":[1.25,1.5,1.375,2.5],"texture":"#0"},"up":{"uv":[1.25,1.5,1.375,1.625],"texture":"#0"},"down":{"uv":[1.25,2.375,1.375,2.5],"texture":"#0"}}},{"name":"revenants_gravecleaver_13","from":[7.5,13.5,7.9375],"to":[7.625,14.5,8.0625],"rotation":{"angle":0,"axis":"y","origin":[0.25,0,7.9375]},"faces":{"north":{"uv":[2.875,1.5,2.75,2.5],"texture":"#0"},"east":{"uv":[2.75,1.5,2.875,2.5],"texture":"#0"},"south":{"uv":[2.75,1.5,2.875,2.5],"texture":"#0"},"west":{"uv":[2.75,1.5,2.875,2.5],"texture":"#0"},"up":{"uv":[2.75,1.5,2.875,1.625],"texture":"#0"},"down":{"uv":[2.75,2.375,2.875,2.5],"texture":"#0"}}},{"name":"revenants_gravecleaver_14","from":[6.875,13.25,7.96875],"to":[7,14.25,8.03125],"rotation":{"angle":0,"axis":"y","origin":[0.25,0,7.9375]},"faces":{"north":{"uv":[1.25,1.75,1.125,2.75],"texture":"#0"},"east":{"uv":[1.125,1.75,1.25,2.75],"texture":"#0"},"south":{"uv":[1.125,1.75,1.25,2.75],"texture":"#0"},"west":{"uv":[1.125,1.75,1.25,2.75],"texture":"#0"},"up":{"uv":[1.125,1.75,1.25,1.875],"texture":"#0"},"down":{"uv":[1.125,2.625,1.25,2.75],"texture":"#0"}}},{"name":"revenants_gravecleaver_15","from":[7.375,13.25,7.9375],"to":[7.5,14.25,8.0625],"rotation":{"angle":0,"axis":"y","origin":[0.25,0,7.9375]},"faces":{"north":{"uv":[2.75,1.75,2.625,2.75],"texture":"#0"},"east":{"uv":[2.625,1.75,2.75,2.75],"texture":"#0"},"south":{"uv":[2.625,1.75,2.75,2.75],"texture":"#0"},"west":{"uv":[2.625,1.75,2.75,2.75],"texture":"#0"},"up":{"uv":[2.625,1.75,2.75,1.875],"texture":"#0"},"down":{"uv":[2.625,2.625,2.75,2.75],"texture":"#0"}}},{"name":"revenants_gravecleaver_16","from":[6.75,12.875,7.96875],"to":[6.875,14,8.03125],"rotation":{"angle":0,"axis":"y","origin":[0.25,0,7.9375]},"faces":{"north":{"uv":[1.125,2,1,3.125],"texture":"#0"},"east":{"uv":[1,2,1.125,3.125],"texture":"#0"},"south":{"uv":[1,2,1.125,3.125],"texture":"#0"},"west":{"uv":[1,2,1.125,3.125],"texture":"#0"},"up":{"uv":[1,2,1.125,2.125],"texture":"#0"},"down":{"uv":[1,3,1.125,3.125],"texture":"#0"}}},{"name":"revenants_gravecleaver_17","from":[7.25,13,7.9375],"to":[7.375,14,8.0625],"rotation":{"angle":0,"axis":"y","origin":[0.25,0,7.9375]},"faces":{"north":{"uv":[2.625,2,2.5,3],"texture":"#0"},"east":{"uv":[2.5,2,2.625,3],"texture":"#0"},"south":{"uv":[2.5,2,2.625,3],"texture":"#0"},"west":{"uv":[2.5,2,2.625,3],"texture":"#0"},"up":{"uv":[2.5,2,2.625,2.125],"texture":"#0"},"down":{"uv":[2.5,2.875,2.625,3],"texture":"#0"}}},{"name":"revenants_gravecleaver_18","from":[6.625,12.25,7.96875],"to":[6.75,13.75,8.03125],"rotation":{"angle":0,"axis":"y","origin":[0.25,0,7.9375]},"faces":{"north":{"uv":[1,2.25,0.875,3.75],"texture":"#0"},"east":{"uv":[0.875,2.25,1,3.75],"texture":"#0"},"south":{"uv":[0.875,2.25,1,3.75],"texture":"#0"},"west":{"uv":[0.875,2.25,1,3.75],"texture":"#0"},"up":{"uv":[0.875,2.25,1,2.375],"texture":"#0"},"down":{"uv":[0.875,3.625,1,3.75],"texture":"#0"}}},{"name":"revenants_gravecleaver_19","from":[7.125,12.625,7.9375],"to":[7.25,13.75,8.0625],"rotation":{"angle":0,"axis":"y","origin":[0.25,0,7.9375]},"faces":{"north":{"uv":[2.5,2.25,2.375,3.375],"texture":"#0"},"east":{"uv":[2.375,2.25,2.5,3.375],"texture":"#0"},"south":{"uv":[2.375,2.25,2.5,3.375],"texture":"#0"},"west":{"uv":[2.375,2.25,2.5,3.375],"texture":"#0"},"up":{"uv":[2.375,2.25,2.5,2.375],"texture":"#0"},"down":{"uv":[2.375,3.25,2.5,3.375],"texture":"#0"}}},{"name":"revenants_gravecleaver_20","from":[7.625,11.25,7.90625],"to":[7.75,13.75,8.09375],"rotation":{"angle":0,"axis":"y","origin":[0.25,0,7.9375]},"faces":{"north":{"uv":[4,2.25,3.875,4.75],"texture":"#0"},"east":{"uv":[3.875,2.25,4,4.75],"texture":"#0"},"south":{"uv":[3.875,2.25,4,4.75],"texture":"#0"},"west":{"uv":[3.875,2.25,4,4.75],"texture":"#0"},"up":{"uv":[3.875,2.25,4,2.375],"texture":"#0"},"down":{"uv":[3.875,4.625,4,4.75],"texture":"#0"}}},{"name":"revenants_gravecleaver_21","from":[6.5,12.875,7.96875],"to":[6.625,13.5,8.03125],"rotation":{"angle":0,"axis":"y","origin":[0.25,0,7.9375]},"faces":{"north":{"uv":[0.875,2.5,0.75,3.125],"texture":"#0"},"east":{"uv":[0.75,2.5,0.875,3.125],"texture":"#0"},"south":{"uv":[0.75,2.5,0.875,3.125],"texture":"#0"},"west":{"uv":[0.75,2.5,0.875,3.125],"texture":"#0"},"up":{"uv":[0.75,2.5,0.875,2.625],"texture":"#0"},"down":{"uv":[0.75,3,0.875,3.125],"texture":"#0"}}},{"name":"revenants_gravecleaver_22","from":[7,12,7.9375],"to":[7.125,13.5,8.0625],"rotation":{"angle":0,"axis":"y","origin":[0.25,0,7.9375]},"faces":{"north":{"uv":[2.375,2.5,2.25,4],"texture":"#0"},"east":{"uv":[2.25,2.5,2.375,4],"texture":"#0"},"south":{"uv":[2.25,2.5,2.375,4],"texture":"#0"},"west":{"uv":[2.25,2.5,2.375,4],"texture":"#0"},"up":{"uv":[2.25,2.5,2.375,2.625],"texture":"#0"},"down":{"uv":[2.25,3.875,2.375,4],"texture":"#0"}}},{"name":"revenants_gravecleaver_23","from":[7.5,11.125,7.90625],"to":[7.625,13.5,8.09375],"rotation":{"angle":0,"axis":"y","origin":[0.25,0,7.9375]},"faces":{"north":{"uv":[3.875,2.5,3.75,4.875],"texture":"#0"},"east":{"uv":[3.75,2.5,3.875,4.875],"texture":"#0"},"south":{"uv":[3.75,2.5,3.875,4.875],"texture":"#0"},"west":{"uv":[3.75,2.5,3.875,4.875],"texture":"#0"},"up":{"uv":[3.75,2.5,3.875,2.625],"texture":"#0"},"down":{"uv":[3.75,4.75,3.875,4.875],"texture":"#0"}}},{"name":"revenants_gravecleaver_24","from":[7.75,12.625,7.90625],"to":[7.875,13.375,8.09375],"rotation":{"angle":0,"axis":"y","origin":[0.25,0,7.9375]},"faces":{"north":{"uv":[4.125,2.625,4,3.375],"texture":"#0"},"east":{"uv":[4,2.625,4.125,3.375],"texture":"#0"},"south":{"uv":[4,2.625,4.125,3.375],"texture":"#0"},"west":{"uv":[4,2.625,4.125,3.375],"texture":"#0"},"up":{"uv":[4,2.625,4.125,2.75],"texture":"#0"},"down":{"uv":[4,3.25,4.125,3.375],"texture":"#0"}}},{"name":"revenants_gravecleaver_25","from":[6.875,11.5,7.9375],"to":[7,13.25,8.0625],"rotation":{"angle":0,"axis":"y","origin":[0.25,0,7.9375]},"faces":{"north":{"uv":[2.25,2.75,2.125,4.5],"texture":"#0"},"east":{"uv":[2.125,2.75,2.25,4.5],"texture":"#0"},"south":{"uv":[2.125,2.75,2.25,4.5],"texture":"#0"},"west":{"uv":[2.125,2.75,2.25,4.5],"texture":"#0"},"up":{"uv":[2.125,2.75,2.25,2.875],"texture":"#0"},"down":{"uv":[2.125,4.375,2.25,4.5],"texture":"#0"}}},{"name":"revenants_gravecleaver_26","from":[7.375,6.25,7.90625],"to":[7.5,13.25,8.09375],"rotation":{"angle":0,"axis":"y","origin":[0.25,0,7.9375]},"faces":{"north":{"uv":[3.75,2.75,3.625,9.75],"texture":"#0"},"east":{"uv":[3.625,2.75,3.75,9.75],"texture":"#0"},"south":{"uv":[3.625,2.75,3.75,9.75],"texture":"#0"},"west":{"uv":[3.625,2.75,3.75,9.75],"texture":"#0"},"up":{"uv":[3.625,2.75,3.75,2.875],"texture":"#0"},"down":{"uv":[3.625,9.625,3.75,9.75],"texture":"#0"}}},{"name":"revenants_gravecleaver_27","from":[7.875,12.875,7.90625],"to":[8,13.125,8.09375],"rotation":{"angle":0,"axis":"y","origin":[0.25,0,7.9375]},"faces":{"north":{"uv":[4.25,2.875,4.125,3.125],"texture":"#0"},"east":{"uv":[4.125,2.875,4.25,3.125],"texture":"#0"},"south":{"uv":[4.125,2.875,4.25,3.125],"texture":"#0"},"west":{"uv":[4.125,2.875,4.25,3.125],"texture":"#0"},"up":{"uv":[4.125,2.875,4.25,3],"texture":"#0"},"down":{"uv":[4.125,3,4.25,3.125],"texture":"#0"}}},{"name":"revenants_gravecleaver_28","from":[7.25,6.875,7.90625],"to":[7.375,13,8.09375],"rotation":{"angle":0,"axis":"y","origin":[0.25,0,7.9375]},"faces":{"north":{"uv":[3.625,3,3.5,9.125],"texture":"#0"},"east":{"uv":[3.5,3,3.625,9.125],"texture":"#0"},"south":{"uv":[3.5,3,3.625,9.125],"texture":"#0"},"west":{"uv":[3.5,3,3.625,9.125],"texture":"#0"},"up":{"uv":[3.5,3,3.625,3.125],"texture":"#0"},"down":{"uv":[3.5,9,3.625,9.125],"texture":"#0"}}},{"name":"revenants_gravecleaver_29","from":[6.75,7.125,7.9375],"to":[6.875,12.875,8.0625],"rotation":{"angle":0,"axis":"y","origin":[0.25,0,7.9375]},"faces":{"north":{"uv":[2.125,3.125,2,8.875],"texture":"#0"},"east":{"uv":[2,3.125,2.125,8.875],"texture":"#0"},"south":{"uv":[2,3.125,2.125,8.875],"texture":"#0"},"west":{"uv":[2,3.125,2.125,8.875],"texture":"#0"},"up":{"uv":[2,3.125,2.125,3.25],"texture":"#0"},"down":{"uv":[2,8.75,2.125,8.875],"texture":"#0"}}},{"name":"revenants_gravecleaver_30","from":[6.25,11.75,7.96875],"to":[6.625,12.625,8.03125],"rotation":{"angle":0,"axis":"y","origin":[0.25,0,7.9375]},"faces":{"north":{"uv":[0.875,3.375,0.5,4.25],"texture":"#0"},"east":{"uv":[0.75,3.375,0.875,4.25],"texture":"#0"},"south":{"uv":[0.5,3.375,0.875,4.25],"texture":"#0"},"west":{"uv":[0.5,3.375,0.625,4.25],"texture":"#0"},"up":{"uv":[0.5,3.375,0.875,3.5],"texture":"#0"},"down":{"uv":[0.5,4.125,0.875,4.25],"texture":"#0"}}},{"name":"revenants_gravecleaver_31","from":[7.125,7.625,7.90625],"to":[7.25,12.625,8.09375],"rotation":{"angle":0,"axis":"y","origin":[0.25,0,7.9375]},"faces":{"north":{"uv":[3.5,3.375,3.375,8.375],"texture":"#0"},"east":{"uv":[3.375,3.375,3.5,8.375],"texture":"#0"},"south":{"uv":[3.375,3.375,3.5,8.375],"texture":"#0"},"west":{"uv":[3.375,3.375,3.5,8.375],"texture":"#0"},"up":{"uv":[3.375,3.375,3.5,3.5],"texture":"#0"},"down":{"uv":[3.375,8.25,3.5,8.375],"texture":"#0"}}},{"name":"revenants_gravecleaver_32","from":[6.625,7.875,7.9375],"to":[6.75,12.25,8.0625],"rotation":{"angle":0,"axis":"y","origin":[0.25,0,7.9375]},"faces":{"north":{"uv":[2,3.75,1.875,8.125],"texture":"#0"},"east":{"uv":[1.875,3.75,2,8.125],"texture":"#0"},"south":{"uv":[1.875,3.75,2,8.125],"texture":"#0"},"west":{"uv":[1.875,3.75,2,8.125],"texture":"#0"},"up":{"uv":[1.875,3.75,2,3.875],"texture":"#0"},"down":{"uv":[1.875,8,2,8.125],"texture":"#0"}}},{"name":"revenants_gravecleaver_33","from":[6.125,9.25,7.96875],"to":[6.25,12,8.03125],"rotation":{"angle":0,"axis":"y","origin":[0.25,0,7.9375]},"faces":{"north":{"uv":[0.5,4,0.375,6.75],"texture":"#0"},"east":{"uv":[0.375,4,0.5,6.75],"texture":"#0"},"south":{"uv":[0.375,4,0.5,6.75],"texture":"#0"},"west":{"uv":[0.375,4,0.5,6.75],"texture":"#0"},"up":{"uv":[0.375,4,0.5,4.125],"texture":"#0"},"down":{"uv":[0.375,6.625,0.5,6.75],"texture":"#0"}}},{"name":"revenants_gravecleaver_34","from":[7,8.125,7.90625],"to":[7.125,12,8.09375],"rotation":{"angle":0,"axis":"y","origin":[0.25,0,7.9375]},"faces":{"north":{"uv":[3.375,4,3.25,7.875],"texture":"#0"},"east":{"uv":[3.25,4,3.375,7.875],"texture":"#0"},"south":{"uv":[3.25,4,3.375,7.875],"texture":"#0"},"west":{"uv":[3.25,4,3.375,7.875],"texture":"#0"},"up":{"uv":[3.25,4,3.375,4.125],"texture":"#0"},"down":{"uv":[3.25,7.75,3.375,7.875],"texture":"#0"}}},{"name":"revenants_gravecleaver_35","from":[6.25,8.5,7.96875],"to":[6.5,11.75,8.03125],"rotation":{"angle":0,"axis":"y","origin":[0.25,0,7.9375]},"faces":{"north":{"uv":[0.75,4.25,0.5,7.5],"texture":"#0"},"east":{"uv":[0.625,4.25,0.75,7.5],"texture":"#0"},"south":{"uv":[0.5,4.25,0.75,7.5],"texture":"#0"},"west":{"uv":[0.5,4.25,0.625,7.5],"texture":"#0"},"up":{"uv":[0.5,4.25,0.75,4.375],"texture":"#0"},"down":{"uv":[0.5,7.375,0.75,7.5],"texture":"#0"}}},{"name":"revenants_gravecleaver_36","from":[6.5,9.5,7.9375],"to":[6.625,11.75,8.0625],"rotation":{"angle":0,"axis":"y","origin":[0.25,0,7.9375]},"faces":{"north":{"uv":[1.875,4.25,1.75,6.5],"texture":"#0"},"east":{"uv":[1.75,4.25,1.875,6.5],"texture":"#0"},"south":{"uv":[1.75,4.25,1.875,6.5],"texture":"#0"},"west":{"uv":[1.75,4.25,1.875,6.5],"texture":"#0"},"up":{"uv":[1.75,4.25,1.875,4.375],"texture":"#0"},"down":{"uv":[1.75,6.375,1.875,6.5],"texture":"#0"}}},{"name":"revenants_gravecleaver_37","from":[6.875,9.75,7.90625],"to":[7,11.5,8.09375],"rotation":{"angle":0,"axis":"y","origin":[0.25,0,7.9375]},"faces":{"north":{"uv":[3.25,4.5,3.125,6.25],"texture":"#0"},"east":{"uv":[3.125,4.5,3.25,6.25],"texture":"#0"},"south":{"uv":[3.125,4.5,3.25,6.25],"texture":"#0"},"west":{"uv":[3.125,4.5,3.25,6.25],"texture":"#0"},"up":{"uv":[3.125,4.5,3.25,4.625],"texture":"#0"},"down":{"uv":[3.125,6.125,3.25,6.25],"texture":"#0"}}},{"name":"revenants_gravecleaver_38","from":[7.75,11.375,7.90625],"to":[7.875,11.5,8.09375],"rotation":{"angle":0,"axis":"y","origin":[0.25,0,7.9375]},"faces":{"north":{"uv":[4.125,4.5,4,4.625],"texture":"#0"},"east":{"uv":[4,4.5,4.125,4.625],"texture":"#0"},"south":{"uv":[4,4.5,4.125,4.625],"texture":"#0"},"west":{"uv":[4,4.5,4.125,4.625],"texture":"#0"},"up":{"uv":[4,4.5,4.125,4.625],"texture":"#0"},"down":{"uv":[4,4.5,4.125,4.625],"texture":"#0"}}},{"name":"revenants_gravecleaver_39","from":[7.5,10.75,7.90625],"to":[7.875,11,8.09375],"rotation":{"angle":0,"axis":"y","origin":[0.25,0,7.9375]},"faces":{"north":{"uv":[4.125,5,3.75,5.25],"texture":"#0"},"east":{"uv":[4,5,4.125,5.25],"texture":"#0"},"south":{"uv":[3.75,5,4.125,5.25],"texture":"#0"},"west":{"uv":[3.75,5,3.875,5.25],"texture":"#0"},"up":{"uv":[3.75,5,4.125,5.125],"texture":"#0"},"down":{"uv":[3.75,5.125,4.125,5.25],"texture":"#0"}}},{"name":"revenants_gravecleaver_40","from":[7.5,8.625,7.90625],"to":[7.75,10.75,8.09375],"rotation":{"angle":0,"axis":"y","origin":[0.25,0,7.9375]},"faces":{"north":{"uv":[4,5.25,3.75,7.375],"texture":"#0"},"east":{"uv":[3.875,5.25,4,7.375],"texture":"#0"},"south":{"uv":[3.75,5.25,4,7.375],"texture":"#0"},"west":{"uv":[3.75,5.25,3.875,7.375],"texture":"#0"},"up":{"uv":[3.75,5.25,4,5.375],"texture":"#0"},"down":{"uv":[3.75,7.25,4,7.375],"texture":"#0"}}},{"name":"revenants_gravecleaver_41","from":[7.75,8.625,7.90625],"to":[7.875,10.625,8.09375],"rotation":{"angle":0,"axis":"y","origin":[0.25,0,7.9375]},"faces":{"north":{"uv":[4.125,5.375,4,7.375],"texture":"#0"},"east":{"uv":[4,5.375,4.125,7.375],"texture":"#0"},"south":{"uv":[4,5.375,4.125,7.375],"texture":"#0"},"west":{"uv":[4,5.375,4.125,7.375],"texture":"#0"},"up":{"uv":[4,5.375,4.125,5.5],"texture":"#0"},"down":{"uv":[4,7.25,4.125,7.375],"texture":"#0"}}},{"name":"revenants_gravecleaver_42","from":[7.875,8.625,7.90625],"to":[8,10.5,8.09375],"rotation":{"angle":0,"axis":"y","origin":[0.25,0,7.9375]},"faces":{"north":{"uv":[4.25,5.5,4.125,7.375],"texture":"#0"},"east":{"uv":[4.125,5.5,4.25,7.375],"texture":"#0"},"south":{"uv":[4.125,5.5,4.25,7.375],"texture":"#0"},"west":{"uv":[4.125,5.5,4.25,7.375],"texture":"#0"},"up":{"uv":[4.125,5.5,4.25,5.625],"texture":"#0"},"down":{"uv":[4.125,7.25,4.25,7.375],"texture":"#0"}}},{"name":"revenants_gravecleaver_43","from":[6.875,7.125,7.9375],"to":[7,9.75,8.0625],"rotation":{"angle":0,"axis":"y","origin":[0.25,0,7.9375]},"faces":{"north":{"uv":[2.25,6.25,2.125,8.875],"texture":"#0"},"east":{"uv":[2.125,6.25,2.25,8.875],"texture":"#0"},"south":{"uv":[2.125,6.25,2.25,8.875],"texture":"#0"},"west":{"uv":[2.125,6.25,2.25,8.875],"texture":"#0"},"up":{"uv":[2.125,6.25,2.25,6.375],"texture":"#0"},"down":{"uv":[2.125,8.75,2.25,8.875],"texture":"#0"}}},{"name":"revenants_gravecleaver_44","from":[6.5,7.25,7.96875],"to":[6.625,9.5,8.03125],"rotation":{"angle":0,"axis":"y","origin":[0.25,0,7.9375]},"faces":{"north":{"uv":[0.875,6.5,0.75,8.75],"texture":"#0"},"east":{"uv":[0.75,6.5,0.875,8.75],"texture":"#0"},"south":{"uv":[0.75,6.5,0.875,8.75],"texture":"#0"},"west":{"uv":[0.75,6.5,0.875,8.75],"texture":"#0"},"up":{"uv":[0.75,6.5,0.875,6.625],"texture":"#0"},"down":{"uv":[0.75,8.625,0.875,8.75],"texture":"#0"}}},{"name":"revenants_gravecleaver_45","from":[8,8.5,7.90625],"to":[8.125,8.875,8.09375],"rotation":{"angle":0,"axis":"y","origin":[0.25,0,7.9375]},"faces":{"north":{"uv":[4.375,7.125,4.25,7.5],"texture":"#0"},"east":{"uv":[4.25,7.125,4.375,7.5],"texture":"#0"},"south":{"uv":[4.25,7.125,4.375,7.5],"texture":"#0"},"west":{"uv":[4.25,7.125,4.375,7.5],"texture":"#0"},"up":{"uv":[4.25,7.125,4.375,7.25],"texture":"#0"},"down":{"uv":[4.25,7.375,4.375,7.5],"texture":"#0"}}},{"name":"revenants_gravecleaver_46","from":[8.125,8.625,7.90625],"to":[8.25,8.75,8.09375],"rotation":{"angle":0,"axis":"y","origin":[0.25,0,7.9375]},"faces":{"north":{"uv":[4.5,7.25,4.375,7.375],"texture":"#0"},"east":{"uv":[4.375,7.25,4.5,7.375],"texture":"#0"},"south":{"uv":[4.375,7.25,4.5,7.375],"texture":"#0"},"west":{"uv":[4.375,7.25,4.5,7.375],"texture":"#0"},"up":{"uv":[4.375,7.25,4.5,7.375],"texture":"#0"},"down":{"uv":[4.375,7.25,4.5,7.375],"texture":"#0"}}},{"name":"revenants_gravecleaver_47","from":[7.5,8.5,7.90625],"to":[7.625,8.625,8.09375],"rotation":{"angle":0,"axis":"y","origin":[0.25,0,7.9375]},"faces":{"north":{"uv":[3.875,7.375,3.75,7.5],"texture":"#0"},"east":{"uv":[3.75,7.375,3.875,7.5],"texture":"#0"},"south":{"uv":[3.75,7.375,3.875,7.5],"texture":"#0"},"west":{"uv":[3.75,7.375,3.875,7.5],"texture":"#0"},"up":{"uv":[3.75,7.375,3.875,7.5],"texture":"#0"},"down":{"uv":[3.75,7.375,3.875,7.5],"texture":"#0"}}},{"name":"revenants_gravecleaver_48","from":[7.625,8.375,7.75],"to":[8,8.625,8.25],"rotation":{"angle":0,"axis":"y","origin":[0.25,0,7.9375]},"faces":{"north":{"uv":[11.5,7.375,11.125,7.625],"texture":"#0"},"east":{"uv":[11.375,7.375,11.5,7.625],"texture":"#0"},"south":{"uv":[11.125,7.375,11.5,7.625],"texture":"#0"},"west":{"uv":[11.125,7.375,11.25,7.625],"texture":"#0"},"up":{"uv":[11.125,7.375,11.5,7.5],"texture":"#0"},"down":{"uv":[11.125,7.5,11.5,7.625],"texture":"#0"}}},{"name":"revenants_gravecleaver_49","from":[6.375,8.375,7.96875],"to":[6.5,8.5,8.03125],"rotation":{"angle":0,"axis":"y","origin":[0.25,0,7.9375]},"faces":{"north":{"uv":[0.75,7.5,0.625,7.625],"texture":"#0"},"east":{"uv":[0.625,7.5,0.75,7.625],"texture":"#0"},"south":{"uv":[0.625,7.5,0.75,7.625],"texture":"#0"},"west":{"uv":[0.625,7.5,0.75,7.625],"texture":"#0"},"up":{"uv":[0.625,7.5,0.75,7.625],"texture":"#0"},"down":{"uv":[0.625,7.5,0.75,7.625],"texture":"#0"}}},{"name":"revenants_gravecleaver_50","from":[7.5,8.375,7.75],"to":[7.625,8.5,8.25],"rotation":{"angle":0,"axis":"y","origin":[0.25,0,7.9375]},"faces":{"north":{"uv":[11.125,7.5,11,7.625],"texture":"#0"},"east":{"uv":[11,7.5,11.125,7.625],"texture":"#0"},"south":{"uv":[11,7.5,11.125,7.625],"texture":"#0"},"west":{"uv":[11,7.5,11.125,7.625],"texture":"#0"},"up":{"uv":[11,7.5,11.125,7.625],"texture":"#0"},"down":{"uv":[11,7.5,11.125,7.625],"texture":"#0"}}},{"name":"revenants_gravecleaver_51","from":[8,7.25,7.75],"to":[8.125,8.5,8.25],"rotation":{"angle":0,"axis":"y","origin":[0.25,0,7.9375]},"faces":{"north":{"uv":[11.625,7.5,11.5,8.75],"texture":"#0"},"east":{"uv":[11.5,7.5,11.625,8.75],"texture":"#0"},"south":{"uv":[11.5,7.5,11.625,8.75],"texture":"#0"},"west":{"uv":[11.5,7.5,11.625,8.75],"texture":"#0"},"up":{"uv":[11.5,7.5,11.625,7.625],"texture":"#0"},"down":{"uv":[11.5,8.625,11.625,8.75],"texture":"#0"}}},{"name":"revenants_gravecleaver_52","from":[7.5,5.875,7.90625],"to":[7.75,8.375,8.09375],"rotation":{"angle":0,"axis":"y","origin":[0.25,0,7.9375]},"faces":{"north":{"uv":[4,7.625,3.75,10.125],"texture":"#0"},"east":{"uv":[3.875,7.625,4,10.125],"texture":"#0"},"south":{"uv":[3.75,7.625,4,10.125],"texture":"#0"},"west":{"uv":[3.75,7.625,3.875,10.125],"texture":"#0"},"up":{"uv":[3.75,7.625,4,7.75],"texture":"#0"},"down":{"uv":[3.75,10,4,10.125],"texture":"#0"}}},{"name":"revenants_gravecleaver_53","from":[7.75,8.25,7.90625],"to":[7.875,8.375,8.09375],"rotation":{"angle":0,"axis":"y","origin":[0.25,0,7.9375]},"faces":{"north":{"uv":[4.125,7.625,4,7.75],"texture":"#0"},"east":{"uv":[4,7.625,4.125,7.75],"texture":"#0"},"south":{"uv":[4,7.625,4.125,7.75],"texture":"#0"},"west":{"uv":[4,7.625,4.125,7.75],"texture":"#0"},"up":{"uv":[4,7.625,4.125,7.75],"texture":"#0"},"down":{"uv":[4,7.625,4.125,7.75],"texture":"#0"}}},{"name":"revenants_gravecleaver_54","from":[7.875,7.625,7.75],"to":[8,8.375,8.25],"rotation":{"angle":0,"axis":"y","origin":[0.25,0,7.9375]},"faces":{"north":{"uv":[11.5,7.625,11.375,8.375],"texture":"#0"},"east":{"uv":[11.375,7.625,11.5,8.375],"texture":"#0"},"south":{"uv":[11.375,7.625,11.5,8.375],"texture":"#0"},"west":{"uv":[11.375,7.625,11.5,8.375],"texture":"#0"},"up":{"uv":[11.375,7.625,11.5,7.75],"texture":"#0"},"down":{"uv":[11.375,8.25,11.5,8.375],"texture":"#0"}}},{"name":"revenants_gravecleaver_55","from":[8.125,7.5,7.75],"to":[8.375,8.375,8.25],"rotation":{"angle":0,"axis":"y","origin":[0.25,0,7.9375]},"faces":{"north":{"uv":[11.875,7.625,11.625,8.5],"texture":"#0"},"east":{"uv":[11.75,7.625,11.875,8.5],"texture":"#0"},"south":{"uv":[11.625,7.625,11.875,8.5],"texture":"#0"},"west":{"uv":[11.625,7.625,11.75,8.5],"texture":"#0"},"up":{"uv":[11.625,7.625,11.875,7.75],"texture":"#0"},"down":{"uv":[11.625,8.375,11.875,8.5],"texture":"#0"}}},{"name":"revenants_gravecleaver_56","from":[7.75,8.125,7.75],"to":[7.875,8.25,8.25],"rotation":{"angle":0,"axis":"y","origin":[0.25,0,7.9375]},"faces":{"north":{"uv":[11.375,7.75,11.25,7.875],"texture":"#0"},"east":{"uv":[11.25,7.75,11.375,7.875],"texture":"#0"},"south":{"uv":[11.25,7.75,11.375,7.875],"texture":"#0"},"west":{"uv":[11.25,7.75,11.375,7.875],"texture":"#0"},"up":{"uv":[11.25,7.75,11.375,7.875],"texture":"#0"},"down":{"uv":[11.25,7.75,11.375,7.875],"texture":"#0"}}},{"name":"revenants_gravecleaver_57","from":[6.25,7.625,7.96875],"to":[6.5,8.125,8.03125],"rotation":{"angle":0,"axis":"y","origin":[0.25,0,7.9375]},"faces":{"north":{"uv":[0.75,7.875,0.5,8.375],"texture":"#0"},"east":{"uv":[0.625,7.875,0.75,8.375],"texture":"#0"},"south":{"uv":[0.5,7.875,0.75,8.375],"texture":"#0"},"west":{"uv":[0.5,7.875,0.625,8.375],"texture":"#0"},"up":{"uv":[0.5,7.875,0.75,8],"texture":"#0"},"down":{"uv":[0.5,8.25,0.75,8.375],"texture":"#0"}}},{"name":"revenants_gravecleaver_58","from":[7,7.125,7.9375],"to":[7.125,8.125,8.0625],"rotation":{"angle":0,"axis":"y","origin":[0.25,0,7.9375]},"faces":{"north":{"uv":[2.375,7.875,2.25,8.875],"texture":"#0"},"east":{"uv":[2.25,7.875,2.375,8.875],"texture":"#0"},"south":{"uv":[2.25,7.875,2.375,8.875],"texture":"#0"},"west":{"uv":[2.25,7.875,2.375,8.875],"texture":"#0"},"up":{"uv":[2.25,7.875,2.375,8],"texture":"#0"},"down":{"uv":[2.25,8.75,2.375,8.875],"texture":"#0"}}},{"name":"revenants_gravecleaver_59","from":[7.75,5.5,7.90625],"to":[7.875,8.125,8.09375],"rotation":{"angle":0,"axis":"y","origin":[0.25,0,7.9375]},"faces":{"north":{"uv":[4.125,7.875,4,10.5],"texture":"#0"},"east":{"uv":[4,7.875,4.125,10.5],"texture":"#0"},"south":{"uv":[4,7.875,4.125,10.5],"texture":"#0"},"west":{"uv":[4,7.875,4.125,10.5],"texture":"#0"},"up":{"uv":[4,7.875,4.125,8],"texture":"#0"},"down":{"uv":[4,10.375,4.125,10.5],"texture":"#0"}}},{"name":"revenants_gravecleaver_60","from":[6.625,7.125,7.96875],"to":[6.75,7.875,8.03125],"rotation":{"angle":0,"axis":"y","origin":[0.25,0,7.9375]},"faces":{"north":{"uv":[1,8.125,0.875,8.875],"texture":"#0"},"east":{"uv":[0.875,8.125,1,8.875],"texture":"#0"},"south":{"uv":[0.875,8.125,1,8.875],"texture":"#0"},"west":{"uv":[0.875,8.125,1,8.875],"texture":"#0"},"up":{"uv":[0.875,8.125,1,8.25],"texture":"#0"},"down":{"uv":[0.875,8.75,1,8.875],"texture":"#0"}}},{"name":"revenants_gravecleaver_61","from":[8.375,7.375,7.75],"to":[8.5,7.875,8.25],"rotation":{"angle":0,"axis":"y","origin":[0.25,0,7.9375]},"faces":{"north":{"uv":[12,8.125,11.875,8.625],"texture":"#0"},"east":{"uv":[11.875,8.125,12,8.625],"texture":"#0"},"south":{"uv":[11.875,8.125,12,8.625],"texture":"#0"},"west":{"uv":[11.875,8.125,12,8.625],"texture":"#0"},"up":{"uv":[11.875,8.125,12,8.25],"texture":"#0"},"down":{"uv":[11.875,8.5,12,8.625],"texture":"#0"}}},{"name":"revenants_gravecleaver_62","from":[6.375,7.375,7.96875],"to":[6.5,7.625,8.03125],"rotation":{"angle":0,"axis":"y","origin":[0.25,0,7.9375]},"faces":{"north":{"uv":[0.75,8.375,0.625,8.625],"texture":"#0"},"east":{"uv":[0.625,8.375,0.75,8.625],"texture":"#0"},"south":{"uv":[0.625,8.375,0.75,8.625],"texture":"#0"},"west":{"uv":[0.625,8.375,0.75,8.625],"texture":"#0"},"up":{"uv":[0.625,8.375,0.75,8.5],"texture":"#0"},"down":{"uv":[0.625,8.5,0.75,8.625],"texture":"#0"}}},{"name":"revenants_gravecleaver_63","from":[7.125,7.25,7.9375],"to":[7.25,7.625,8.0625],"rotation":{"angle":0,"axis":"y","origin":[0.25,0,7.9375]},"faces":{"north":{"uv":[2.5,8.375,2.375,8.75],"texture":"#0"},"east":{"uv":[2.375,8.375,2.5,8.75],"texture":"#0"},"south":{"uv":[2.375,8.375,2.5,8.75],"texture":"#0"},"west":{"uv":[2.375,8.375,2.5,8.75],"texture":"#0"},"up":{"uv":[2.375,8.375,2.5,8.5],"texture":"#0"},"down":{"uv":[2.375,8.625,2.5,8.75],"texture":"#0"}}},{"name":"revenants_gravecleaver_64","from":[7.875,5.25,7.90625],"to":[8,7.625,8.09375],"rotation":{"angle":0,"axis":"y","origin":[0.25,0,7.9375]},"faces":{"north":{"uv":[4.25,8.375,4.125,10.75],"texture":"#0"},"east":{"uv":[4.125,8.375,4.25,10.75],"texture":"#0"},"south":{"uv":[4.125,8.375,4.25,10.75],"texture":"#0"},"west":{"uv":[4.125,8.375,4.25,10.75],"texture":"#0"},"up":{"uv":[4.125,8.375,4.25,8.5],"texture":"#0"},"down":{"uv":[4.125,10.625,4.25,10.75],"texture":"#0"}}},{"name":"revenants_gravecleaver_65","from":[6.25,7.375,7.9375],"to":[6.375,7.625,8.0625],"rotation":{"angle":0,"axis":"y","origin":[0.25,0,7.9375]},"faces":{"north":{"uv":[9.875,8.375,9.75,8.625],"texture":"#0"},"east":{"uv":[9.75,8.375,9.875,8.625],"texture":"#0"},"south":{"uv":[9.75,8.375,9.875,8.625],"texture":"#0"},"west":{"uv":[9.75,8.375,9.875,8.625],"texture":"#0"},"up":{"uv":[9.75,8.375,9.875,8.5],"texture":"#0"},"down":{"uv":[9.75,8.5,9.875,8.625],"texture":"#0"}}},{"name":"revenants_gravecleaver_66","from":[8.25,7,7.8125],"to":[8.375,7.5,8.1875],"rotation":{"angle":0,"axis":"y","origin":[0.25,0,7.9375]},"faces":{"north":{"uv":[8.125,8.5,8,9],"texture":"#0"},"east":{"uv":[8,8.5,8.125,9],"texture":"#0"},"south":{"uv":[8,8.5,8.125,9],"texture":"#0"},"west":{"uv":[8,8.5,8.125,9],"texture":"#0"},"up":{"uv":[8,8.5,8.125,8.625],"texture":"#0"},"down":{"uv":[8,8.875,8.125,9],"texture":"#0"}}},{"name":"revenants_gravecleaver_67","from":[8.125,6.25,7.75],"to":[8.25,7.5,8.25],"rotation":{"angle":0,"axis":"y","origin":[0.25,0,7.9375]},"faces":{"north":{"uv":[11.75,8.5,11.625,9.75],"texture":"#0"},"east":{"uv":[11.625,8.5,11.75,9.75],"texture":"#0"},"south":{"uv":[11.625,8.5,11.75,9.75],"texture":"#0"},"west":{"uv":[11.625,8.5,11.75,9.75],"texture":"#0"},"up":{"uv":[11.625,8.5,11.75,8.625],"texture":"#0"},"down":{"uv":[11.625,9.625,11.75,9.75],"texture":"#0"}}},{"name":"revenants_gravecleaver_68","from":[8.5,7.25,7.75],"to":[8.625,7.5,8.25],"rotation":{"angle":0,"axis":"y","origin":[0.25,0,7.9375]},"faces":{"north":{"uv":[12.125,8.5,12,8.75],"texture":"#0"},"east":{"uv":[12,8.5,12.125,8.75],"texture":"#0"},"south":{"uv":[12,8.5,12.125,8.75],"texture":"#0"},"west":{"uv":[12,8.5,12.125,8.75],"texture":"#0"},"up":{"uv":[12,8.5,12.125,8.625],"texture":"#0"},"down":{"uv":[12,8.625,12.125,8.75],"texture":"#0"}}},{"name":"revenants_gravecleaver_69","from":[8.375,6.875,7.8125],"to":[8.5,7.375,8.1875],"rotation":{"angle":0,"axis":"y","origin":[0.25,0,7.9375]},"faces":{"north":{"uv":[8.25,8.625,8.125,9.125],"texture":"#0"},"east":{"uv":[8.125,8.625,8.25,9.125],"texture":"#0"},"south":{"uv":[8.125,8.625,8.25,9.125],"texture":"#0"},"west":{"uv":[8.125,8.625,8.25,9.125],"texture":"#0"},"up":{"uv":[8.125,8.625,8.25,8.75],"texture":"#0"},"down":{"uv":[8.125,9,8.25,9.125],"texture":"#0"}}},{"name":"revenants_gravecleaver_70","from":[6.375,7.25,7.9375],"to":[6.5,7.375,8.0625],"rotation":{"angle":0,"axis":"y","origin":[0.25,0,7.9375]},"faces":{"north":{"uv":[10,8.625,9.875,8.75],"texture":"#0"},"east":{"uv":[9.875,8.625,10,8.75],"texture":"#0"},"south":{"uv":[9.875,8.625,10,8.75],"texture":"#0"},"west":{"uv":[9.875,8.625,10,8.75],"texture":"#0"},"up":{"uv":[9.875,8.625,10,8.75],"texture":"#0"},"down":{"uv":[9.875,8.625,10,8.75],"texture":"#0"}}},{"name":"revenants_gravecleaver_71","from":[8.625,6.375,7.75],"to":[8.75,7.375,8.25],"rotation":{"angle":0,"axis":"y","origin":[0.25,0,7.9375]},"faces":{"north":{"uv":[12.25,8.625,12.125,9.625],"texture":"#0"},"east":{"uv":[12.125,8.625,12.25,9.625],"texture":"#0"},"south":{"uv":[12.125,8.625,12.25,9.625],"texture":"#0"},"west":{"uv":[12.125,8.625,12.25,9.625],"texture":"#0"},"up":{"uv":[12.125,8.625,12.25,8.75],"texture":"#0"},"down":{"uv":[12.125,9.5,12.25,9.625],"texture":"#0"}}},{"name":"revenants_gravecleaver_72","from":[6.375,7.125,7.96875],"to":[6.5,7.25,8.03125],"rotation":{"angle":0,"axis":"y","origin":[0.25,0,7.9375]},"faces":{"north":{"uv":[0.75,8.75,0.625,8.875],"texture":"#0"},"east":{"uv":[0.625,8.75,0.75,8.875],"texture":"#0"},"south":{"uv":[0.625,8.75,0.75,8.875],"texture":"#0"},"west":{"uv":[0.625,8.75,0.75,8.875],"texture":"#0"},"up":{"uv":[0.625,8.75,0.75,8.875],"texture":"#0"},"down":{"uv":[0.625,8.75,0.75,8.875],"texture":"#0"}}},{"name":"revenants_gravecleaver_73","from":[8,5.25,7.90625],"to":[8.125,7.25,8.09375],"rotation":{"angle":0,"axis":"y","origin":[0.25,0,7.9375]},"faces":{"north":{"uv":[4.375,8.75,4.25,10.75],"texture":"#0"},"east":{"uv":[4.25,8.75,4.375,10.75],"texture":"#0"},"south":{"uv":[4.25,8.75,4.375,10.75],"texture":"#0"},"west":{"uv":[4.25,8.75,4.375,10.75],"texture":"#0"},"up":{"uv":[4.25,8.75,4.375,8.875],"texture":"#0"},"down":{"uv":[4.25,10.625,4.375,10.75],"texture":"#0"}}},{"name":"revenants_gravecleaver_74","from":[8.5,6.75,7.8125],"to":[8.625,7.25,8.1875],"rotation":{"angle":0,"axis":"y","origin":[0.25,0,7.9375]},"faces":{"north":{"uv":[8.375,8.75,8.25,9.25],"texture":"#0"},"east":{"uv":[8.25,8.75,8.375,9.25],"texture":"#0"},"south":{"uv":[8.25,8.75,8.375,9.25],"texture":"#0"},"west":{"uv":[8.25,8.75,8.375,9.25],"texture":"#0"},"up":{"uv":[8.25,8.75,8.375,8.875],"texture":"#0"},"down":{"uv":[8.25,9.125,8.375,9.25],"texture":"#0"}}},{"name":"revenants_gravecleaver_75","from":[6.5,7.125,7.9375],"to":[6.625,7.25,8.0625],"rotation":{"angle":0,"axis":"y","origin":[0.25,0,7.9375]},"faces":{"north":{"uv":[10.125,8.75,10,8.875],"texture":"#0"},"east":{"uv":[10,8.75,10.125,8.875],"texture":"#0"},"south":{"uv":[10,8.75,10.125,8.875],"texture":"#0"},"west":{"uv":[10,8.75,10.125,8.875],"texture":"#0"},"up":{"uv":[10,8.75,10.125,8.875],"texture":"#0"},"down":{"uv":[10,8.75,10.125,8.875],"texture":"#0"}}},{"name":"revenants_gravecleaver_76","from":[7.125,7.125,7.875],"to":[7.25,7.25,8.125],"rotation":{"angle":0,"axis":"y","origin":[0.25,0,7.9375]},"faces":{"north":{"uv":[10.75,8.75,10.625,8.875],"texture":"#0"},"east":{"uv":[10.625,8.75,10.75,8.875],"texture":"#0"},"south":{"uv":[10.625,8.75,10.75,8.875],"texture":"#0"},"west":{"uv":[10.625,8.75,10.75,8.875],"texture":"#0"},"up":{"uv":[10.625,8.75,10.75,8.875],"texture":"#0"},"down":{"uv":[10.625,8.75,10.75,8.875],"texture":"#0"}}},{"name":"revenants_gravecleaver_77","from":[6.5,7,7.96875],"to":[6.625,7.125,8.03125],"rotation":{"angle":0,"axis":"y","origin":[0.25,0,7.9375]},"faces":{"north":{"uv":[0.875,8.875,0.75,9],"texture":"#0"},"east":{"uv":[0.75,8.875,0.875,9],"texture":"#0"},"south":{"uv":[0.75,8.875,0.875,9],"texture":"#0"},"west":{"uv":[0.75,8.875,0.875,9],"texture":"#0"},"up":{"uv":[0.75,8.875,0.875,9],"texture":"#0"},"down":{"uv":[0.75,8.875,0.875,9],"texture":"#0"}}},{"name":"revenants_gravecleaver_78","from":[7.125,5.625,7.9375],"to":[7.25,7.125,8.0625],"rotation":{"angle":0,"axis":"y","origin":[0.25,0,7.9375]},"faces":{"north":{"uv":[2.5,8.875,2.375,10.375],"texture":"#0"},"east":{"uv":[2.375,8.875,2.5,10.375],"texture":"#0"},"south":{"uv":[2.375,8.875,2.5,10.375],"texture":"#0"},"west":{"uv":[2.375,8.875,2.5,10.375],"texture":"#0"},"up":{"uv":[2.375,8.875,2.5,9],"texture":"#0"},"down":{"uv":[2.375,10.25,2.5,10.375],"texture":"#0"}}},{"name":"revenants_gravecleaver_79","from":[6.625,7,7.875],"to":[7.125,7.125,8.125],"rotation":{"angle":0,"axis":"y","origin":[0.25,0,7.9375]},"faces":{"north":{"uv":[10.625,8.875,10.125,9],"texture":"#0"},"east":{"uv":[10.5,8.875,10.625,9],"texture":"#0"},"south":{"uv":[10.125,8.875,10.625,9],"texture":"#0"},"west":{"uv":[10.125,8.875,10.25,9],"texture":"#0"},"up":{"uv":[10.125,8.875,10.625,9],"texture":"#0"},"down":{"uv":[10.125,8.875,10.625,9],"texture":"#0"}}},{"name":"revenants_gravecleaver_80","from":[8.75,6.5,7.75],"to":[8.875,7.125,8.25],"rotation":{"angle":0,"axis":"y","origin":[0.25,0,7.9375]},"faces":{"north":{"uv":[12.375,8.875,12.25,9.5],"texture":"#0"},"east":{"uv":[12.25,8.875,12.375,9.5],"texture":"#0"},"south":{"uv":[12.25,8.875,12.375,9.5],"texture":"#0"},"west":{"uv":[12.25,8.875,12.375,9.5],"texture":"#0"},"up":{"uv":[12.25,8.875,12.375,9],"texture":"#0"},"down":{"uv":[12.25,9.375,12.375,9.5],"texture":"#0"}}},{"name":"revenants_gravecleaver_81","from":[6.625,5.875,7.96875],"to":[6.75,7,8.03125],"rotation":{"angle":0,"axis":"y","origin":[0.25,0,7.9375]},"faces":{"north":{"uv":[1,9,0.875,10.125],"texture":"#0"},"east":{"uv":[0.875,9,1,10.125],"texture":"#0"},"south":{"uv":[0.875,9,1,10.125],"texture":"#0"},"west":{"uv":[0.875,9,1,10.125],"texture":"#0"},"up":{"uv":[0.875,9,1,9.125],"texture":"#0"},"down":{"uv":[0.875,10,1,10.125],"texture":"#0"}}},{"name":"revenants_gravecleaver_82","from":[6.75,6.125,7.875],"to":[7,7,8.125],"rotation":{"angle":0,"axis":"y","origin":[0.25,0,7.9375]},"faces":{"north":{"uv":[10.5,9,10.25,9.875],"texture":"#0"},"east":{"uv":[10.375,9,10.5,9.875],"texture":"#0"},"south":{"uv":[10.25,9,10.5,9.875],"texture":"#0"},"west":{"uv":[10.25,9,10.375,9.875],"texture":"#0"},"up":{"uv":[10.25,9,10.5,9.125],"texture":"#0"},"down":{"uv":[10.25,9.75,10.5,9.875],"texture":"#0"}}},{"name":"revenants_gravecleaver_83","from":[7,6.875,7.875],"to":[7.125,7,8.125],"rotation":{"angle":0,"axis":"y","origin":[0.25,0,7.9375]},"faces":{"north":{"uv":[10.625,9,10.5,9.125],"texture":"#0"},"east":{"uv":[10.5,9,10.625,9.125],"texture":"#0"},"south":{"uv":[10.5,9,10.625,9.125],"texture":"#0"},"west":{"uv":[10.5,9,10.625,9.125],"texture":"#0"},"up":{"uv":[10.5,9,10.625,9.125],"texture":"#0"},"down":{"uv":[10.5,9,10.625,9.125],"texture":"#0"}}},{"name":"revenants_gravecleaver_84","from":[8.25,6.25,7.75],"to":[8.375,7,8.25],"rotation":{"angle":0,"axis":"y","origin":[0.25,0,7.9375]},"faces":{"north":{"uv":[11.875,9,11.75,9.75],"texture":"#0"},"east":{"uv":[11.75,9,11.875,9.75],"texture":"#0"},"south":{"uv":[11.75,9,11.875,9.75],"texture":"#0"},"west":{"uv":[11.75,9,11.875,9.75],"texture":"#0"},"up":{"uv":[11.75,9,11.875,9.125],"texture":"#0"},"down":{"uv":[11.75,9.625,11.875,9.75],"texture":"#0"}}},{"name":"revenants_gravecleaver_85","from":[8.875,6.5,7.75],"to":[9,7,8.25],"rotation":{"angle":0,"axis":"y","origin":[0.25,0,7.9375]},"faces":{"north":{"uv":[12.5,9,12.375,9.5],"texture":"#0"},"east":{"uv":[12.375,9,12.5,9.5],"texture":"#0"},"south":{"uv":[12.375,9,12.5,9.5],"texture":"#0"},"west":{"uv":[12.375,9,12.5,9.5],"texture":"#0"},"up":{"uv":[12.375,9,12.5,9.125],"texture":"#0"},"down":{"uv":[12.375,9.375,12.5,9.5],"texture":"#0"}}},{"name":"revenants_gravecleaver_86","from":[6.375,5.375,7.96875],"to":[6.625,6.875,8.03125],"rotation":{"angle":0,"axis":"y","origin":[0.25,0,7.9375]},"faces":{"north":{"uv":[0.875,9.125,0.625,10.625],"texture":"#0"},"east":{"uv":[0.75,9.125,0.875,10.625],"texture":"#0"},"south":{"uv":[0.625,9.125,0.875,10.625],"texture":"#0"},"west":{"uv":[0.625,9.125,0.75,10.625],"texture":"#0"},"up":{"uv":[0.625,9.125,0.875,9.25],"texture":"#0"},"down":{"uv":[0.625,10.5,0.875,10.625],"texture":"#0"}}},{"name":"revenants_gravecleaver_87","from":[7,6.375,7.9375],"to":[7.125,6.875,8.0625],"rotation":{"angle":0,"axis":"y","origin":[0.25,0,7.9375]},"faces":{"north":{"uv":[2.375,9.125,2.25,9.625],"texture":"#0"},"east":{"uv":[2.25,9.125,2.375,9.625],"texture":"#0"},"south":{"uv":[2.25,9.125,2.375,9.625],"texture":"#0"},"west":{"uv":[2.25,9.125,2.375,9.625],"texture":"#0"},"up":{"uv":[2.25,9.125,2.375,9.25],"texture":"#0"},"down":{"uv":[2.25,9.5,2.375,9.625],"texture":"#0"}}},{"name":"revenants_gravecleaver_88","from":[7.25,5.375,7.9375],"to":[7.375,6.875,8.0625],"rotation":{"angle":0,"axis":"y","origin":[0.25,0,7.9375]},"faces":{"north":{"uv":[2.625,9.125,2.5,10.625],"texture":"#0"},"east":{"uv":[2.5,9.125,2.625,10.625],"texture":"#0"},"south":{"uv":[2.5,9.125,2.625,10.625],"texture":"#0"},"west":{"uv":[2.5,9.125,2.625,10.625],"texture":"#0"},"up":{"uv":[2.5,9.125,2.625,9.25],"texture":"#0"},"down":{"uv":[2.5,10.5,2.625,10.625],"texture":"#0"}}},{"name":"revenants_gravecleaver_89","from":[8.375,6.25,7.75],"to":[8.5,6.875,8.25],"rotation":{"angle":0,"axis":"y","origin":[0.25,0,7.9375]},"faces":{"north":{"uv":[12,9.125,11.875,9.75],"texture":"#0"},"east":{"uv":[11.875,9.125,12,9.75],"texture":"#0"},"south":{"uv":[11.875,9.125,12,9.75],"texture":"#0"},"west":{"uv":[11.875,9.125,12,9.75],"texture":"#0"},"up":{"uv":[11.875,9.125,12,9.25],"texture":"#0"},"down":{"uv":[11.875,9.625,12,9.75],"texture":"#0"}}},{"name":"revenants_gravecleaver_90","from":[8.5,6.25,7.75],"to":[8.625,6.75,8.25],"rotation":{"angle":0,"axis":"y","origin":[0.25,0,7.9375]},"faces":{"north":{"uv":[12.125,9.25,12,9.75],"texture":"#0"},"east":{"uv":[12,9.25,12.125,9.75],"texture":"#0"},"south":{"uv":[12,9.25,12.125,9.75],"texture":"#0"},"west":{"uv":[12,9.25,12.125,9.75],"texture":"#0"},"up":{"uv":[12,9.25,12.125,9.375],"texture":"#0"},"down":{"uv":[12,9.625,12.125,9.75],"texture":"#0"}}},{"name":"revenants_gravecleaver_91","from":[8.75,6.125,7.90625],"to":[8.875,6.5,8.09375],"rotation":{"angle":0,"axis":"y","origin":[0.25,0,7.9375]},"faces":{"north":{"uv":[5.125,9.5,5,9.875],"texture":"#0"},"east":{"uv":[5,9.5,5.125,9.875],"texture":"#0"},"south":{"uv":[5,9.5,5.125,9.875],"texture":"#0"},"west":{"uv":[5,9.5,5.125,9.875],"texture":"#0"},"up":{"uv":[5,9.5,5.125,9.625],"texture":"#0"},"down":{"uv":[5,9.75,5.125,9.875],"texture":"#0"}}},{"name":"revenants_gravecleaver_92","from":[8.625,6,7.90625],"to":[8.75,6.375,8.09375],"rotation":{"angle":0,"axis":"y","origin":[0.25,0,7.9375]},"faces":{"north":{"uv":[5,9.625,4.875,10],"texture":"#0"},"east":{"uv":[4.875,9.625,5,10],"texture":"#0"},"south":{"uv":[4.875,9.625,5,10],"texture":"#0"},"west":{"uv":[4.875,9.625,5,10],"texture":"#0"},"up":{"uv":[4.875,9.625,5,9.75],"texture":"#0"},"down":{"uv":[4.875,9.875,5,10],"texture":"#0"}}},{"name":"revenants_gravecleaver_93","from":[7,5.375,7.8125],"to":[7.125,6.375,8.1875],"rotation":{"angle":0,"axis":"y","origin":[0.25,0,7.9375]},"faces":{"north":{"uv":[10.625,9.625,10.5,10.625],"texture":"#0"},"east":{"uv":[10.5,9.625,10.625,10.625],"texture":"#0"},"south":{"uv":[10.5,9.625,10.625,10.625],"texture":"#0"},"west":{"uv":[10.5,9.625,10.625,10.625],"texture":"#0"},"up":{"uv":[10.5,9.625,10.625,9.75],"texture":"#0"},"down":{"uv":[10.5,10.5,10.625,10.625],"texture":"#0"}}},{"name":"revenants_gravecleaver_94","from":[9,6,7.875],"to":[9.125,6.375,8.125],"rotation":{"angle":0,"axis":"y","origin":[0.25,0,7.9375]},"faces":{"north":{"uv":[12.625,9.625,12.5,10],"texture":"#0"},"east":{"uv":[12.5,9.625,12.625,10],"texture":"#0"},"south":{"uv":[12.5,9.625,12.625,10],"texture":"#0"},"west":{"uv":[12.5,9.625,12.625,10],"texture":"#0"},"up":{"uv":[12.5,9.625,12.625,9.75],"texture":"#0"},"down":{"uv":[12.5,9.875,12.625,10],"texture":"#0"}}},{"name":"revenants_gravecleaver_95","from":[7.375,5.375,7.9375],"to":[7.5,6.25,8.0625],"rotation":{"angle":0,"axis":"y","origin":[0.25,0,7.9375]},"faces":{"north":{"uv":[2.75,9.75,2.625,10.625],"texture":"#0"},"east":{"uv":[2.625,9.75,2.75,10.625],"texture":"#0"},"south":{"uv":[2.625,9.75,2.75,10.625],"texture":"#0"},"west":{"uv":[2.625,9.75,2.75,10.625],"texture":"#0"},"up":{"uv":[2.625,9.75,2.75,9.875],"texture":"#0"},"down":{"uv":[2.625,10.5,2.75,10.625],"texture":"#0"}}},{"name":"revenants_gravecleaver_96","from":[8.125,5.875,7.90625],"to":[8.625,6.25,8.09375],"rotation":{"angle":0,"axis":"y","origin":[0.25,0,7.9375]},"faces":{"north":{"uv":[4.875,9.75,4.375,10.125],"texture":"#0"},"east":{"uv":[4.75,9.75,4.875,10.125],"texture":"#0"},"south":{"uv":[4.375,9.75,4.875,10.125],"texture":"#0"},"west":{"uv":[4.375,9.75,4.5,10.125],"texture":"#0"},"up":{"uv":[4.375,9.75,4.875,9.875],"texture":"#0"},"down":{"uv":[4.375,10,4.875,10.125],"texture":"#0"}}},{"name":"revenants_gravecleaver_97","from":[8.875,5.75,7.875],"to":[9,6.25,8.125],"rotation":{"angle":0,"axis":"y","origin":[0.25,0,7.9375]},"faces":{"north":{"uv":[12.5,9.75,12.375,10.25],"texture":"#0"},"east":{"uv":[12.375,9.75,12.5,10.25],"texture":"#0"},"south":{"uv":[12.375,9.75,12.5,10.25],"texture":"#0"},"west":{"uv":[12.375,9.75,12.5,10.25],"texture":"#0"},"up":{"uv":[12.375,9.75,12.5,9.875],"texture":"#0"},"down":{"uv":[12.375,10.125,12.5,10.25],"texture":"#0"}}},{"name":"revenants_gravecleaver_98","from":[6.75,5.75,7.9375],"to":[6.875,6.125,8.0625],"rotation":{"angle":0,"axis":"y","origin":[0.25,0,7.9375]},"faces":{"north":{"uv":[2.125,9.875,2,10.25],"texture":"#0"},"east":{"uv":[2,9.875,2.125,10.25],"texture":"#0"},"south":{"uv":[2,9.875,2.125,10.25],"texture":"#0"},"west":{"uv":[2,9.875,2.125,10.25],"texture":"#0"},"up":{"uv":[2,9.875,2.125,10],"texture":"#0"},"down":{"uv":[2,10.125,2.125,10.25],"texture":"#0"}}},{"name":"revenants_gravecleaver_99","from":[6.875,5.375,7.8125],"to":[7,6.125,8.1875],"rotation":{"angle":0,"axis":"y","origin":[0.25,0,7.9375]},"faces":{"north":{"uv":[10.5,9.875,10.375,10.625],"texture":"#0"},"east":{"uv":[10.375,9.875,10.5,10.625],"texture":"#0"},"south":{"uv":[10.375,9.875,10.5,10.625],"texture":"#0"},"west":{"uv":[10.375,9.875,10.5,10.625],"texture":"#0"},"up":{"uv":[10.375,9.875,10.5,10],"texture":"#0"},"down":{"uv":[10.375,10.5,10.5,10.625],"texture":"#0"}}},{"name":"revenants_gravecleaver_100","from":[8.75,5.625,7.875],"to":[8.875,6.125,8.125],"rotation":{"angle":0,"axis":"y","origin":[0.25,0,7.9375]},"faces":{"north":{"uv":[12.375,9.875,12.25,10.375],"texture":"#0"},"east":{"uv":[12.25,9.875,12.375,10.375],"texture":"#0"},"south":{"uv":[12.25,9.875,12.375,10.375],"texture":"#0"},"west":{"uv":[12.25,9.875,12.375,10.375],"texture":"#0"},"up":{"uv":[12.25,9.875,12.375,10],"texture":"#0"},"down":{"uv":[12.25,10.25,12.375,10.375],"texture":"#0"}}},{"name":"revenants_gravecleaver_101","from":[9.125,6,7.9375],"to":[9.375,6.125,8.0625],"rotation":{"angle":0,"axis":"y","origin":[0.25,0,7.9375]},"faces":{"north":{"uv":[12.875,9.875,12.625,10],"texture":"#0"},"east":{"uv":[12.75,9.875,12.875,10],"texture":"#0"},"south":{"uv":[12.625,9.875,12.875,10],"texture":"#0"},"west":{"uv":[12.625,9.875,12.75,10],"texture":"#0"},"up":{"uv":[12.625,9.875,12.875,10],"texture":"#0"},"down":{"uv":[12.625,9.875,12.875,10],"texture":"#0"}}},{"name":"revenants_gravecleaver_102","from":[8.625,5.625,7.875],"to":[8.75,6,8.125],"rotation":{"angle":0,"axis":"y","origin":[0.25,0,7.9375]},"faces":{"north":{"uv":[12.25,10,12.125,10.375],"texture":"#0"},"east":{"uv":[12.125,10,12.25,10.375],"texture":"#0"},"south":{"uv":[12.125,10,12.25,10.375],"texture":"#0"},"west":{"uv":[12.125,10,12.25,10.375],"texture":"#0"},"up":{"uv":[12.125,10,12.25,10.125],"texture":"#0"},"down":{"uv":[12.125,10.25,12.25,10.375],"texture":"#0"}}},{"name":"revenants_gravecleaver_103","from":[7.5,5.375,7.9375],"to":[7.625,5.875,8.0625],"rotation":{"angle":0,"axis":"y","origin":[0.25,0,7.9375]},"faces":{"north":{"uv":[2.875,10.125,2.75,10.625],"texture":"#0"},"east":{"uv":[2.75,10.125,2.875,10.625],"texture":"#0"},"south":{"uv":[2.75,10.125,2.875,10.625],"texture":"#0"},"west":{"uv":[2.75,10.125,2.875,10.625],"texture":"#0"},"up":{"uv":[2.75,10.125,2.875,10.25],"texture":"#0"},"down":{"uv":[2.75,10.5,2.875,10.625],"texture":"#0"}}},{"name":"revenants_gravecleaver_104","from":[7.625,5.375,7.90625],"to":[7.75,5.875,8.09375],"rotation":{"angle":0,"axis":"y","origin":[0.25,0,7.9375]},"faces":{"north":{"uv":[4,10.125,3.875,10.625],"texture":"#0"},"east":{"uv":[3.875,10.125,4,10.625],"texture":"#0"},"south":{"uv":[3.875,10.125,4,10.625],"texture":"#0"},"west":{"uv":[3.875,10.125,4,10.625],"texture":"#0"},"up":{"uv":[3.875,10.125,4,10.25],"texture":"#0"},"down":{"uv":[3.875,10.5,4,10.625],"texture":"#0"}}},{"name":"revenants_gravecleaver_105","from":[8.125,5.75,7.90625],"to":[8.375,5.875,8.09375],"rotation":{"angle":0,"axis":"y","origin":[0.25,0,7.9375]},"faces":{"north":{"uv":[4.625,10.125,4.375,10.25],"texture":"#0"},"east":{"uv":[4.5,10.125,4.625,10.25],"texture":"#0"},"south":{"uv":[4.375,10.125,4.625,10.25],"texture":"#0"},"west":{"uv":[4.375,10.125,4.5,10.25],"texture":"#0"},"up":{"uv":[4.375,10.125,4.625,10.25],"texture":"#0"},"down":{"uv":[4.375,10.125,4.625,10.25],"texture":"#0"}}},{"name":"revenants_gravecleaver_106","from":[6.625,5.75,7.8125],"to":[6.75,5.875,8.1875],"rotation":{"angle":0,"axis":"y","origin":[0.25,0,7.9375]},"faces":{"north":{"uv":[6.5,10.125,6.375,10.25],"texture":"#0"},"east":{"uv":[6.375,10.125,6.5,10.25],"texture":"#0"},"south":{"uv":[6.375,10.125,6.5,10.25],"texture":"#0"},"west":{"uv":[6.375,10.125,6.5,10.25],"texture":"#0"},"up":{"uv":[6.375,10.125,6.5,10.25],"texture":"#0"},"down":{"uv":[6.375,10.125,6.5,10.25],"texture":"#0"}}},{"name":"revenants_gravecleaver_107","from":[8.375,5.625,7.875],"to":[8.625,5.875,8.125],"rotation":{"angle":0,"axis":"y","origin":[0.25,0,7.9375]},"faces":{"north":{"uv":[12.125,10.125,11.875,10.375],"texture":"#0"},"east":{"uv":[12,10.125,12.125,10.375],"texture":"#0"},"south":{"uv":[11.875,10.125,12.125,10.375],"texture":"#0"},"west":{"uv":[11.875,10.125,12,10.375],"texture":"#0"},"up":{"uv":[11.875,10.125,12.125,10.25],"texture":"#0"},"down":{"uv":[11.875,10.25,12.125,10.375],"texture":"#0"}}},{"name":"revenants_gravecleaver_108","from":[6.625,4,7.96875],"to":[6.75,5.75,8.03125],"rotation":{"angle":0,"axis":"y","origin":[0.25,0,7.9375]},"faces":{"north":{"uv":[1,10.25,0.875,12],"texture":"#0"},"east":{"uv":[0.875,10.25,1,12],"texture":"#0"},"south":{"uv":[0.875,10.25,1,12],"texture":"#0"},"west":{"uv":[0.875,10.25,1,12],"texture":"#0"},"up":{"uv":[0.875,10.25,1,10.375],"texture":"#0"},"down":{"uv":[0.875,11.875,1,12],"texture":"#0"}}},{"name":"revenants_gravecleaver_109","from":[6.75,5.375,7.8125],"to":[6.875,5.75,8.1875],"rotation":{"angle":0,"axis":"y","origin":[0.25,0,7.9375]},"faces":{"north":{"uv":[6.625,10.25,6.5,10.625],"texture":"#0"},"east":{"uv":[6.5,10.25,6.625,10.625],"texture":"#0"},"south":{"uv":[6.5,10.25,6.625,10.625],"texture":"#0"},"west":{"uv":[6.5,10.25,6.625,10.625],"texture":"#0"},"up":{"uv":[6.5,10.25,6.625,10.375],"texture":"#0"},"down":{"uv":[6.5,10.5,6.625,10.625],"texture":"#0"}}},{"name":"revenants_gravecleaver_110","from":[8.125,5.625,7.875],"to":[8.375,5.75,8.125],"rotation":{"angle":0,"axis":"y","origin":[0.25,0,7.9375]},"faces":{"north":{"uv":[11.875,10.25,11.625,10.375],"texture":"#0"},"east":{"uv":[11.75,10.25,11.875,10.375],"texture":"#0"},"south":{"uv":[11.625,10.25,11.875,10.375],"texture":"#0"},"west":{"uv":[11.625,10.25,11.75,10.375],"texture":"#0"},"up":{"uv":[11.625,10.25,11.875,10.375],"texture":"#0"},"down":{"uv":[11.625,10.25,11.875,10.375],"texture":"#0"}}},{"name":"revenants_gravecleaver_111","from":[8.125,5.375,7.90625],"to":[8.5,5.625,8.09375],"rotation":{"angle":0,"axis":"y","origin":[0.25,0,7.9375]},"faces":{"north":{"uv":[4.75,10.375,4.375,10.625],"texture":"#0"},"east":{"uv":[4.625,10.375,4.75,10.625],"texture":"#0"},"south":{"uv":[4.375,10.375,4.75,10.625],"texture":"#0"},"west":{"uv":[4.375,10.375,4.5,10.625],"texture":"#0"},"up":{"uv":[4.375,10.375,4.75,10.5],"texture":"#0"},"down":{"uv":[4.375,10.5,4.75,10.625],"texture":"#0"}}},{"name":"revenants_gravecleaver_112","from":[8.5,5.5,7.90625],"to":[8.875,5.625,8.09375],"rotation":{"angle":0,"axis":"y","origin":[0.25,0,7.9375]},"faces":{"north":{"uv":[5.125,10.375,4.75,10.5],"texture":"#0"},"east":{"uv":[5,10.375,5.125,10.5],"texture":"#0"},"south":{"uv":[4.75,10.375,5.125,10.5],"texture":"#0"},"west":{"uv":[4.75,10.375,4.875,10.5],"texture":"#0"},"up":{"uv":[4.75,10.375,5.125,10.5],"texture":"#0"},"down":{"uv":[4.75,10.375,5.125,10.5],"texture":"#0"}}},{"name":"revenants_gravecleaver_113","from":[7.125,5.375,7.8125],"to":[7.25,5.625,8.1875],"rotation":{"angle":0,"axis":"y","origin":[0.25,0,7.9375]},"faces":{"north":{"uv":[10.75,10.375,10.625,10.625],"texture":"#0"},"east":{"uv":[10.625,10.375,10.75,10.625],"texture":"#0"},"south":{"uv":[10.625,10.375,10.75,10.625],"texture":"#0"},"west":{"uv":[10.625,10.375,10.75,10.625],"texture":"#0"},"up":{"uv":[10.625,10.375,10.75,10.5],"texture":"#0"},"down":{"uv":[10.625,10.5,10.75,10.625],"texture":"#0"}}},{"name":"revenants_gravecleaver_114","from":[8.75,5.375,7.90625],"to":[8.875,5.5,8.09375],"rotation":{"angle":0,"axis":"y","origin":[0.25,0,7.9375]},"faces":{"north":{"uv":[5.125,10.5,5,10.625],"texture":"#0"},"east":{"uv":[5,10.5,5.125,10.625],"texture":"#0"},"south":{"uv":[5,10.5,5.125,10.625],"texture":"#0"},"west":{"uv":[5,10.5,5.125,10.625],"texture":"#0"},"up":{"uv":[5,10.5,5.125,10.625],"texture":"#0"},"down":{"uv":[5,10.5,5.125,10.625],"texture":"#0"}}},{"name":"revenants_gravecleaver_115","from":[8.5,5.375,7.8125],"to":[8.75,5.5,8.1875],"rotation":{"angle":0,"axis":"y","origin":[0.25,0,7.9375]},"faces":{"north":{"uv":[8.5,10.5,8.25,10.625],"texture":"#0"},"east":{"uv":[8.375,10.5,8.5,10.625],"texture":"#0"},"south":{"uv":[8.25,10.5,8.5,10.625],"texture":"#0"},"west":{"uv":[8.25,10.5,8.375,10.625],"texture":"#0"},"up":{"uv":[8.25,10.5,8.5,10.625],"texture":"#0"},"down":{"uv":[8.25,10.5,8.5,10.625],"texture":"#0"}}},{"name":"revenants_gravecleaver_116","from":[7.75,5.375,7.75],"to":[7.875,5.5,8.25],"rotation":{"angle":0,"axis":"y","origin":[0.25,0,7.9375]},"faces":{"north":{"uv":[11.375,10.5,11.25,10.625],"texture":"#0"},"east":{"uv":[11.25,10.5,11.375,10.625],"texture":"#0"},"south":{"uv":[11.25,10.5,11.375,10.625],"texture":"#0"},"west":{"uv":[11.25,10.5,11.375,10.625],"texture":"#0"},"up":{"uv":[11.25,10.5,11.375,10.625],"texture":"#0"},"down":{"uv":[11.25,10.5,11.375,10.625],"texture":"#0"}}},{"name":"revenants_gravecleaver_117","from":[9,5,7.8125],"to":[9.125,5.5,8.1875],"rotation":{"angle":0,"axis":"y","origin":[0.25,0,7.9375]},"faces":{"north":{"uv":[12.625,10.5,12.5,11],"texture":"#0"},"east":{"uv":[12.5,10.5,12.625,11],"texture":"#0"},"south":{"uv":[12.5,10.5,12.625,11],"texture":"#0"},"west":{"uv":[12.5,10.5,12.625,11],"texture":"#0"},"up":{"uv":[12.5,10.5,12.625,10.625],"texture":"#0"},"down":{"uv":[12.5,10.875,12.625,11],"texture":"#0"}}},{"name":"revenants_gravecleaver_118","from":[6.5,5.25,7.96875],"to":[6.625,5.375,8.03125],"rotation":{"angle":0,"axis":"y","origin":[0.25,0,7.9375]},"faces":{"north":{"uv":[0.875,10.625,0.75,10.75],"texture":"#0"},"east":{"uv":[0.75,10.625,0.875,10.75],"texture":"#0"},"south":{"uv":[0.75,10.625,0.875,10.75],"texture":"#0"},"west":{"uv":[0.75,10.625,0.875,10.75],"texture":"#0"},"up":{"uv":[0.75,10.625,0.875,10.75],"texture":"#0"},"down":{"uv":[0.75,10.625,0.875,10.75],"texture":"#0"}}},{"name":"revenants_gravecleaver_119","from":[7.125,5.125,7.9375],"to":[7.25,5.375,8.0625],"rotation":{"angle":0,"axis":"y","origin":[0.25,0,7.9375]},"faces":{"north":{"uv":[2.5,10.625,2.375,10.875],"texture":"#0"},"east":{"uv":[2.375,10.625,2.5,10.875],"texture":"#0"},"south":{"uv":[2.375,10.625,2.5,10.875],"texture":"#0"},"west":{"uv":[2.375,10.625,2.5,10.875],"texture":"#0"},"up":{"uv":[2.375,10.625,2.5,10.75],"texture":"#0"},"down":{"uv":[2.375,10.75,2.5,10.875],"texture":"#0"}}},{"name":"revenants_gravecleaver_120","from":[7.75,5.125,7.90625],"to":[7.875,5.375,8.09375],"rotation":{"angle":0,"axis":"y","origin":[0.25,0,7.9375]},"faces":{"north":{"uv":[4.125,10.625,4,10.875],"texture":"#0"},"east":{"uv":[4,10.625,4.125,10.875],"texture":"#0"},"south":{"uv":[4,10.625,4.125,10.875],"texture":"#0"},"west":{"uv":[4,10.625,4.125,10.875],"texture":"#0"},"up":{"uv":[4,10.625,4.125,10.75],"texture":"#0"},"down":{"uv":[4,10.75,4.125,10.875],"texture":"#0"}}},{"name":"revenants_gravecleaver_121","from":[6.875,5.125,7.8125],"to":[7.125,5.375,8.1875],"rotation":{"angle":0,"axis":"y","origin":[0.25,0,7.9375]},"faces":{"north":{"uv":[6.875,10.625,6.625,10.875],"texture":"#0"},"east":{"uv":[6.75,10.625,6.875,10.875],"texture":"#0"},"south":{"uv":[6.625,10.625,6.875,10.875],"texture":"#0"},"west":{"uv":[6.625,10.625,6.75,10.875],"texture":"#0"},"up":{"uv":[6.625,10.625,6.875,10.75],"texture":"#0"},"down":{"uv":[6.625,10.75,6.875,10.875],"texture":"#0"}}},{"name":"revenants_gravecleaver_122","from":[6.75,5.25,7.75],"to":[6.875,5.375,8.25],"rotation":{"angle":0,"axis":"y","origin":[0.25,0,7.9375]},"faces":{"north":{"uv":[10.375,10.625,10.25,10.75],"texture":"#0"},"east":{"uv":[10.25,10.625,10.375,10.75],"texture":"#0"},"south":{"uv":[10.25,10.625,10.375,10.75],"texture":"#0"},"west":{"uv":[10.25,10.625,10.375,10.75],"texture":"#0"},"up":{"uv":[10.25,10.625,10.375,10.75],"texture":"#0"},"down":{"uv":[10.25,10.625,10.375,10.75],"texture":"#0"}}},{"name":"revenants_gravecleaver_123","from":[7.25,5.25,7.75],"to":[7.75,5.375,8.25],"rotation":{"angle":0,"axis":"y","origin":[0.25,0,7.9375]},"faces":{"north":{"uv":[11.25,10.625,10.75,10.75],"texture":"#0"},"east":{"uv":[11.125,10.625,11.25,10.75],"texture":"#0"},"south":{"uv":[10.75,10.625,11.25,10.75],"texture":"#0"},"west":{"uv":[10.75,10.625,10.875,10.75],"texture":"#0"},"up":{"uv":[10.75,10.625,11.25,10.75],"texture":"#0"},"down":{"uv":[10.75,10.625,11.25,10.75],"texture":"#0"}}},{"name":"revenants_gravecleaver_124","from":[8.125,5.25,7.8125],"to":[9,5.375,8.1875],"rotation":{"angle":0,"axis":"y","origin":[0.25,0,7.9375]},"faces":{"north":{"uv":[12.5,10.625,11.625,10.75],"texture":"#0"},"east":{"uv":[12.375,10.625,12.5,10.75],"texture":"#0"},"south":{"uv":[11.625,10.625,12.5,10.75],"texture":"#0"},"west":{"uv":[11.625,10.625,11.75,10.75],"texture":"#0"},"up":{"uv":[11.625,10.625,12.5,10.75],"texture":"#0"},"down":{"uv":[11.625,10.625,12.5,10.75],"texture":"#0"}}},{"name":"revenants_gravecleaver_125","from":[7.25,5,7.9375],"to":[7.375,5.25,8.0625],"rotation":{"angle":0,"axis":"y","origin":[0.25,0,7.9375]},"faces":{"north":{"uv":[2.625,10.75,2.5,11],"texture":"#0"},"east":{"uv":[2.5,10.75,2.625,11],"texture":"#0"},"south":{"uv":[2.5,10.75,2.625,11],"texture":"#0"},"west":{"uv":[2.5,10.75,2.625,11],"texture":"#0"},"up":{"uv":[2.5,10.75,2.625,10.875],"texture":"#0"},"down":{"uv":[2.5,10.875,2.625,11],"texture":"#0"}}},{"name":"revenants_gravecleaver_126","from":[6.75,5,7.8125],"to":[6.875,5.25,8.1875],"rotation":{"angle":0,"axis":"y","origin":[0.25,0,7.9375]},"faces":{"north":{"uv":[6.625,10.75,6.5,11],"texture":"#0"},"east":{"uv":[6.5,10.75,6.625,11],"texture":"#0"},"south":{"uv":[6.5,10.75,6.625,11],"texture":"#0"},"west":{"uv":[6.5,10.75,6.625,11],"texture":"#0"},"up":{"uv":[6.5,10.75,6.625,10.875],"texture":"#0"},"down":{"uv":[6.5,10.875,6.625,11],"texture":"#0"}}},{"name":"revenants_gravecleaver_127","from":[7.875,5,7.8125],"to":[8.5,5.25,8.1875],"rotation":{"angle":0,"axis":"y","origin":[0.25,0,7.9375]},"faces":{"north":{"uv":[8.25,10.75,7.625,11],"texture":"#0"},"east":{"uv":[8.125,10.75,8.25,11],"texture":"#0"},"south":{"uv":[7.625,10.75,8.25,11],"texture":"#0"},"west":{"uv":[7.625,10.75,7.75,11],"texture":"#0"},"up":{"uv":[7.625,10.75,8.25,10.875],"texture":"#0"},"down":{"uv":[7.625,10.875,8.25,11],"texture":"#0"}}},{"name":"revenants_gravecleaver_128","from":[7.375,5.125,7.75],"to":[7.75,5.25,8.25],"rotation":{"angle":0,"axis":"y","origin":[0.25,0,7.9375]},"faces":{"north":{"uv":[11.25,10.75,10.875,10.875],"texture":"#0"},"east":{"uv":[11.125,10.75,11.25,10.875],"texture":"#0"},"south":{"uv":[10.875,10.75,11.25,10.875],"texture":"#0"},"west":{"uv":[10.875,10.75,11,10.875],"texture":"#0"},"up":{"uv":[10.875,10.75,11.25,10.875],"texture":"#0"},"down":{"uv":[10.875,10.75,11.25,10.875],"texture":"#0"}}},{"name":"revenants_gravecleaver_129","from":[8.5,5.125,7.8125],"to":[9,5.25,8.1875],"rotation":{"angle":0,"axis":"y","origin":[0.25,0,7.9375]},"faces":{"north":{"uv":[12.5,10.75,12,10.875],"texture":"#0"},"east":{"uv":[12.375,10.75,12.5,10.875],"texture":"#0"},"south":{"uv":[12,10.75,12.5,10.875],"texture":"#0"},"west":{"uv":[12,10.75,12.125,10.875],"texture":"#0"},"up":{"uv":[12,10.75,12.5,10.875],"texture":"#0"},"down":{"uv":[12,10.75,12.5,10.875],"texture":"#0"}}},{"name":"revenants_gravecleaver_130","from":[9.125,5.125,7.9375],"to":[9.375,5.25,8.0625],"rotation":{"angle":0,"axis":"y","origin":[0.25,0,7.9375]},"faces":{"north":{"uv":[12.875,10.75,12.625,10.875],"texture":"#0"},"east":{"uv":[12.75,10.75,12.875,10.875],"texture":"#0"},"south":{"uv":[12.625,10.75,12.875,10.875],"texture":"#0"},"west":{"uv":[12.625,10.75,12.75,10.875],"texture":"#0"},"up":{"uv":[12.625,10.75,12.875,10.875],"texture":"#0"},"down":{"uv":[12.625,10.75,12.875,10.875],"texture":"#0"}}},{"name":"revenants_gravecleaver_131","from":[6.5,3.875,7.96875],"to":[6.625,5.125,8.03125],"rotation":{"angle":0,"axis":"y","origin":[0.25,0,7.9375]},"faces":{"north":{"uv":[0.875,10.875,0.75,12.125],"texture":"#0"},"east":{"uv":[0.75,10.875,0.875,12.125],"texture":"#0"},"south":{"uv":[0.75,10.875,0.875,12.125],"texture":"#0"},"west":{"uv":[0.75,10.875,0.875,12.125],"texture":"#0"},"up":{"uv":[0.75,10.875,0.875,11],"texture":"#0"},"down":{"uv":[0.75,12,0.875,12.125],"texture":"#0"}}},{"name":"revenants_gravecleaver_132","from":[6.875,5,7.9375],"to":[7,5.125,8.0625],"rotation":{"angle":0,"axis":"y","origin":[0.25,0,7.9375]},"faces":{"north":{"uv":[2.25,10.875,2.125,11],"texture":"#0"},"east":{"uv":[2.125,10.875,2.25,11],"texture":"#0"},"south":{"uv":[2.125,10.875,2.25,11],"texture":"#0"},"west":{"uv":[2.125,10.875,2.25,11],"texture":"#0"},"up":{"uv":[2.125,10.875,2.25,11],"texture":"#0"},"down":{"uv":[2.125,10.875,2.25,11],"texture":"#0"}}},{"name":"revenants_gravecleaver_133","from":[7.375,4.875,7.9375],"to":[7.5,5.125,8.0625],"rotation":{"angle":0,"axis":"y","origin":[0.25,0,7.9375]},"faces":{"north":{"uv":[2.75,10.875,2.625,11.125],"texture":"#0"},"east":{"uv":[2.625,10.875,2.75,11.125],"texture":"#0"},"south":{"uv":[2.625,10.875,2.75,11.125],"texture":"#0"},"west":{"uv":[2.625,10.875,2.75,11.125],"texture":"#0"},"up":{"uv":[2.625,10.875,2.75,11],"texture":"#0"},"down":{"uv":[2.625,11,2.75,11.125],"texture":"#0"}}},{"name":"revenants_gravecleaver_134","from":[7,4.75,7.8125],"to":[7.25,5.125,8.1875],"rotation":{"angle":0,"axis":"y","origin":[0.25,0,7.9375]},"faces":{"north":{"uv":[7,10.875,6.75,11.25],"texture":"#0"},"east":{"uv":[6.875,10.875,7,11.25],"texture":"#0"},"south":{"uv":[6.75,10.875,7,11.25],"texture":"#0"},"west":{"uv":[6.75,10.875,6.875,11.25],"texture":"#0"},"up":{"uv":[6.75,10.875,7,11],"texture":"#0"},"down":{"uv":[6.75,11.125,7,11.25],"texture":"#0"}}},{"name":"revenants_gravecleaver_135","from":[8.5,4.75,7.8125],"to":[8.75,5.125,8.1875],"rotation":{"angle":0,"axis":"y","origin":[0.25,0,7.9375]},"faces":{"north":{"uv":[8.5,10.875,8.25,11.25],"texture":"#0"},"east":{"uv":[8.375,10.875,8.5,11.25],"texture":"#0"},"south":{"uv":[8.25,10.875,8.5,11.25],"texture":"#0"},"west":{"uv":[8.25,10.875,8.375,11.25],"texture":"#0"},"up":{"uv":[8.25,10.875,8.5,11],"texture":"#0"},"down":{"uv":[8.25,11.125,8.5,11.25],"texture":"#0"}}},{"name":"revenants_gravecleaver_136","from":[7.5,5,7.75],"to":[7.875,5.125,8.25],"rotation":{"angle":0,"axis":"y","origin":[0.25,0,7.9375]},"faces":{"north":{"uv":[11.375,10.875,11,11],"texture":"#0"},"east":{"uv":[11.25,10.875,11.375,11],"texture":"#0"},"south":{"uv":[11,10.875,11.375,11],"texture":"#0"},"west":{"uv":[11,10.875,11.125,11],"texture":"#0"},"up":{"uv":[11,10.875,11.375,11],"texture":"#0"},"down":{"uv":[11,10.875,11.375,11],"texture":"#0"}}},{"name":"revenants_gravecleaver_137","from":[8.75,5,7.8125],"to":[9,5.125,8.1875],"rotation":{"angle":0,"axis":"y","origin":[0.25,0,7.9375]},"faces":{"north":{"uv":[12.5,10.875,12.25,11],"texture":"#0"},"east":{"uv":[12.375,10.875,12.5,11],"texture":"#0"},"south":{"uv":[12.25,10.875,12.5,11],"texture":"#0"},"west":{"uv":[12.25,10.875,12.375,11],"texture":"#0"},"up":{"uv":[12.25,10.875,12.5,11],"texture":"#0"},"down":{"uv":[12.25,10.875,12.5,11],"texture":"#0"}}},{"name":"revenants_gravecleaver_138","from":[6.75,4.875,7.9375],"to":[6.875,5,8.0625],"rotation":{"angle":0,"axis":"y","origin":[0.25,0,7.9375]},"faces":{"north":{"uv":[2.125,11,2,11.125],"texture":"#0"},"east":{"uv":[2,11,2.125,11.125],"texture":"#0"},"south":{"uv":[2,11,2.125,11.125],"texture":"#0"},"west":{"uv":[2,11,2.125,11.125],"texture":"#0"},"up":{"uv":[2,11,2.125,11.125],"texture":"#0"},"down":{"uv":[2,11,2.125,11.125],"texture":"#0"}}},{"name":"revenants_gravecleaver_139","from":[6.875,4.75,7.8125],"to":[7,5,8.1875],"rotation":{"angle":0,"axis":"y","origin":[0.25,0,7.9375]},"faces":{"north":{"uv":[6.75,11,6.625,11.25],"texture":"#0"},"east":{"uv":[6.625,11,6.75,11.25],"texture":"#0"},"south":{"uv":[6.625,11,6.75,11.25],"texture":"#0"},"west":{"uv":[6.625,11,6.75,11.25],"texture":"#0"},"up":{"uv":[6.625,11,6.75,11.125],"texture":"#0"},"down":{"uv":[6.625,11.125,6.75,11.25],"texture":"#0"}}},{"name":"revenants_gravecleaver_140","from":[7.25,4.625,7.8125],"to":[7.375,5,8.1875],"rotation":{"angle":0,"axis":"y","origin":[0.25,0,7.9375]},"faces":{"north":{"uv":[7.125,11,7,11.375],"texture":"#0"},"east":{"uv":[7,11,7.125,11.375],"texture":"#0"},"south":{"uv":[7,11,7.125,11.375],"texture":"#0"},"west":{"uv":[7,11,7.125,11.375],"texture":"#0"},"up":{"uv":[7,11,7.125,11.125],"texture":"#0"},"down":{"uv":[7,11.25,7.125,11.375],"texture":"#0"}}},{"name":"revenants_gravecleaver_141","from":[7.5,3.875,7.8125],"to":[7.625,5,8.1875],"rotation":{"angle":0,"axis":"y","origin":[0.25,0,7.9375]},"faces":{"north":{"uv":[7.375,11,7.25,12.125],"texture":"#0"},"east":{"uv":[7.25,11,7.375,12.125],"texture":"#0"},"south":{"uv":[7.25,11,7.375,12.125],"texture":"#0"},"west":{"uv":[7.25,11,7.375,12.125],"texture":"#0"},"up":{"uv":[7.25,11,7.375,11.125],"texture":"#0"},"down":{"uv":[7.25,12,7.375,12.125],"texture":"#0"}}},{"name":"revenants_gravecleaver_142","from":[8,4.875,7.8125],"to":[8.5,5,8.1875],"rotation":{"angle":0,"axis":"y","origin":[0.25,0,7.9375]},"faces":{"north":{"uv":[8.25,11,7.75,11.125],"texture":"#0"},"east":{"uv":[8.125,11,8.25,11.125],"texture":"#0"},"south":{"uv":[7.75,11,8.25,11.125],"texture":"#0"},"west":{"uv":[7.75,11,7.875,11.125],"texture":"#0"},"up":{"uv":[7.75,11,8.25,11.125],"texture":"#0"},"down":{"uv":[7.75,11,8.25,11.125],"texture":"#0"}}},{"name":"revenants_gravecleaver_143","from":[8.75,4.75,7.8125],"to":[9,5,8.1875],"rotation":{"angle":0,"axis":"y","origin":[0.25,0,7.9375]},"faces":{"north":{"uv":[8.75,11,8.5,11.25],"texture":"#0"},"east":{"uv":[8.625,11,8.75,11.25],"texture":"#0"},"south":{"uv":[8.5,11,8.75,11.25],"texture":"#0"},"west":{"uv":[8.5,11,8.625,11.25],"texture":"#0"},"up":{"uv":[8.5,11,8.75,11.125],"texture":"#0"},"down":{"uv":[8.5,11.125,8.75,11.25],"texture":"#0"}}},{"name":"revenants_gravecleaver_144","from":[7.625,4.875,7.75],"to":[8,5,8.25],"rotation":{"angle":0,"axis":"y","origin":[0.25,0,7.9375]},"faces":{"north":{"uv":[11.5,11,11.125,11.125],"texture":"#0"},"east":{"uv":[11.375,11,11.5,11.125],"texture":"#0"},"south":{"uv":[11.125,11,11.5,11.125],"texture":"#0"},"west":{"uv":[11.125,11,11.25,11.125],"texture":"#0"},"up":{"uv":[11.125,11,11.5,11.125],"texture":"#0"},"down":{"uv":[11.125,11,11.5,11.125],"texture":"#0"}}},{"name":"revenants_gravecleaver_145","from":[6.75,4.25,7.96875],"to":[6.875,4.875,8.03125],"rotation":{"angle":0,"axis":"y","origin":[0.25,0,7.9375]},"faces":{"north":{"uv":[1.125,11.125,1,11.75],"texture":"#0"},"east":{"uv":[1,11.125,1.125,11.75],"texture":"#0"},"south":{"uv":[1,11.125,1.125,11.75],"texture":"#0"},"west":{"uv":[1,11.125,1.125,11.75],"texture":"#0"},"up":{"uv":[1,11.125,1.125,11.25],"texture":"#0"},"down":{"uv":[1,11.625,1.125,11.75],"texture":"#0"}}},{"name":"revenants_gravecleaver_146","from":[7.375,4.375,7.8125],"to":[7.5,4.875,8.1875],"rotation":{"angle":0,"axis":"y","origin":[0.25,0,7.9375]},"faces":{"north":{"uv":[7.25,11.125,7.125,11.625],"texture":"#0"},"east":{"uv":[7.125,11.125,7.25,11.625],"texture":"#0"},"south":{"uv":[7.125,11.125,7.25,11.625],"texture":"#0"},"west":{"uv":[7.125,11.125,7.25,11.625],"texture":"#0"},"up":{"uv":[7.125,11.125,7.25,11.25],"texture":"#0"},"down":{"uv":[7.125,11.5,7.25,11.625],"texture":"#0"}}},{"name":"revenants_gravecleaver_147","from":[7.625,4.375,7.8125],"to":[7.75,4.875,8.1875],"rotation":{"angle":0,"axis":"y","origin":[0.25,0,7.9375]},"faces":{"north":{"uv":[7.5,11.125,7.375,11.625],"texture":"#0"},"east":{"uv":[7.375,11.125,7.5,11.625],"texture":"#0"},"south":{"uv":[7.375,11.125,7.5,11.625],"texture":"#0"},"west":{"uv":[7.375,11.125,7.5,11.625],"texture":"#0"},"up":{"uv":[7.375,11.125,7.5,11.25],"texture":"#0"},"down":{"uv":[7.375,11.5,7.5,11.625],"texture":"#0"}}},{"name":"revenants_gravecleaver_148","from":[8.125,4.75,7.8125],"to":[8.5,4.875,8.1875],"rotation":{"angle":0,"axis":"y","origin":[0.25,0,7.9375]},"faces":{"north":{"uv":[8.25,11.125,7.875,11.25],"texture":"#0"},"east":{"uv":[8.125,11.125,8.25,11.25],"texture":"#0"},"south":{"uv":[7.875,11.125,8.25,11.25],"texture":"#0"},"west":{"uv":[7.875,11.125,8,11.25],"texture":"#0"},"up":{"uv":[7.875,11.125,8.25,11.25],"texture":"#0"},"down":{"uv":[7.875,11.125,8.25,11.25],"texture":"#0"}}},{"name":"revenants_gravecleaver_149","from":[7.75,4.625,7.75],"to":[8.125,4.875,8.25],"rotation":{"angle":0,"axis":"y","origin":[0.25,0,7.9375]},"faces":{"north":{"uv":[11.625,11.125,11.25,11.375],"texture":"#0"},"east":{"uv":[11.5,11.125,11.625,11.375],"texture":"#0"},"south":{"uv":[11.25,11.125,11.625,11.375],"texture":"#0"},"west":{"uv":[11.25,11.125,11.375,11.375],"texture":"#0"},"up":{"uv":[11.25,11.125,11.625,11.25],"texture":"#0"},"down":{"uv":[11.25,11.25,11.625,11.375],"texture":"#0"}}},{"name":"revenants_gravecleaver_150","from":[6.875,4.5,7.9375],"to":[7.125,4.75,8.0625],"rotation":{"angle":0,"axis":"y","origin":[0.25,0,7.9375]},"faces":{"north":{"uv":[2.375,11.25,2.125,11.5],"texture":"#0"},"east":{"uv":[2.25,11.25,2.375,11.5],"texture":"#0"},"south":{"uv":[2.125,11.25,2.375,11.5],"texture":"#0"},"west":{"uv":[2.125,11.25,2.25,11.5],"texture":"#0"},"up":{"uv":[2.125,11.25,2.375,11.375],"texture":"#0"},"down":{"uv":[2.125,11.375,2.375,11.5],"texture":"#0"}}},{"name":"revenants_gravecleaver_151","from":[7.125,4.625,7.8125],"to":[7.25,4.75,8.1875],"rotation":{"angle":0,"axis":"y","origin":[0.25,0,7.9375]},"faces":{"north":{"uv":[7,11.25,6.875,11.375],"texture":"#0"},"east":{"uv":[6.875,11.25,7,11.375],"texture":"#0"},"south":{"uv":[6.875,11.25,7,11.375],"texture":"#0"},"west":{"uv":[6.875,11.25,7,11.375],"texture":"#0"},"up":{"uv":[6.875,11.25,7,11.375],"texture":"#0"},"down":{"uv":[6.875,11.25,7,11.375],"texture":"#0"}}},{"name":"revenants_gravecleaver_152","from":[8.125,4.375,7.75],"to":[9.125,4.75,8.25],"rotation":{"angle":0,"axis":"y","origin":[0.25,0,7.9375]},"faces":{"north":{"uv":[12.625,11.25,11.625,11.625],"texture":"#0"},"east":{"uv":[12.5,11.25,12.625,11.625],"texture":"#0"},"south":{"uv":[11.625,11.25,12.625,11.625],"texture":"#0"},"west":{"uv":[11.625,11.25,11.75,11.625],"texture":"#0"},"up":{"uv":[11.625,11.25,12.625,11.375],"texture":"#0"},"down":{"uv":[11.625,11.5,12.625,11.625],"texture":"#0"}}},{"name":"revenants_gravecleaver_153","from":[7.75,4.375,7.8125],"to":[7.875,4.625,8.1875],"rotation":{"angle":0,"axis":"y","origin":[0.25,0,7.9375]},"faces":{"north":{"uv":[7.625,11.375,7.5,11.625],"texture":"#0"},"east":{"uv":[7.5,11.375,7.625,11.625],"texture":"#0"},"south":{"uv":[7.5,11.375,7.625,11.625],"texture":"#0"},"west":{"uv":[7.5,11.375,7.625,11.625],"texture":"#0"},"up":{"uv":[7.5,11.375,7.625,11.5],"texture":"#0"},"down":{"uv":[7.5,11.5,7.625,11.625],"texture":"#0"}}},{"name":"revenants_gravecleaver_154","from":[7.875,4.5,7.75],"to":[8.125,4.625,8.25],"rotation":{"angle":0,"axis":"y","origin":[0.25,0,7.9375]},"faces":{"north":{"uv":[11.625,11.375,11.375,11.5],"texture":"#0"},"east":{"uv":[11.5,11.375,11.625,11.5],"texture":"#0"},"south":{"uv":[11.375,11.375,11.625,11.5],"texture":"#0"},"west":{"uv":[11.375,11.375,11.5,11.5],"texture":"#0"},"up":{"uv":[11.375,11.375,11.625,11.5],"texture":"#0"},"down":{"uv":[11.375,11.375,11.625,11.5],"texture":"#0"}}},{"name":"revenants_gravecleaver_155","from":[6.875,4.375,7.9375],"to":[7,4.5,8.0625],"rotation":{"angle":0,"axis":"y","origin":[0.25,0,7.9375]},"faces":{"north":{"uv":[2.25,11.5,2.125,11.625],"texture":"#0"},"east":{"uv":[2.125,11.5,2.25,11.625],"texture":"#0"},"south":{"uv":[2.125,11.5,2.25,11.625],"texture":"#0"},"west":{"uv":[2.125,11.5,2.25,11.625],"texture":"#0"},"up":{"uv":[2.125,11.5,2.25,11.625],"texture":"#0"},"down":{"uv":[2.125,11.5,2.25,11.625],"texture":"#0"}}},{"name":"revenants_gravecleaver_156","from":[7.875,4.375,7.8125],"to":[8.125,4.5,8.1875],"rotation":{"angle":0,"axis":"y","origin":[0.25,0,7.9375]},"faces":{"north":{"uv":[7.875,11.5,7.625,11.625],"texture":"#0"},"east":{"uv":[7.75,11.5,7.875,11.625],"texture":"#0"},"south":{"uv":[7.625,11.5,7.875,11.625],"texture":"#0"},"west":{"uv":[7.625,11.5,7.75,11.625],"texture":"#0"},"up":{"uv":[7.625,11.5,7.875,11.625],"texture":"#0"},"down":{"uv":[7.625,11.5,7.875,11.625],"texture":"#0"}}},{"name":"revenants_gravecleaver_157","from":[9.125,4.375,7.875],"to":[9.375,4.5,8.125],"rotation":{"angle":0,"axis":"y","origin":[0.25,0,7.9375]},"faces":{"north":{"uv":[12.875,11.5,12.625,11.625],"texture":"#0"},"east":{"uv":[12.75,11.5,12.875,11.625],"texture":"#0"},"south":{"uv":[12.625,11.5,12.875,11.625],"texture":"#0"},"west":{"uv":[12.625,11.5,12.75,11.625],"texture":"#0"},"up":{"uv":[12.625,11.5,12.875,11.625],"texture":"#0"},"down":{"uv":[12.625,11.5,12.875,11.625],"texture":"#0"}}},{"name":"revenants_gravecleaver_158","from":[8,4.25,7.8125],"to":[8.25,4.375,8.1875],"rotation":{"angle":0,"axis":"y","origin":[0.25,0,7.9375]},"faces":{"north":{"uv":[8,11.625,7.75,11.75],"texture":"#0"},"east":{"uv":[7.875,11.625,8,11.75],"texture":"#0"},"south":{"uv":[7.75,11.625,8,11.75],"texture":"#0"},"west":{"uv":[7.75,11.625,7.875,11.75],"texture":"#0"},"up":{"uv":[7.75,11.625,8,11.75],"texture":"#0"},"down":{"uv":[7.75,11.625,8,11.75],"texture":"#0"}}},{"name":"revenants_gravecleaver_159","from":[7.625,4.125,7.8125],"to":[8,4.375,8.1875],"rotation":{"angle":0,"axis":"y","origin":[0.25,0,7.9375]},"faces":{"north":{"uv":[11.5,11.625,11.125,11.875],"texture":"#0"},"east":{"uv":[11.375,11.625,11.5,11.875],"texture":"#0"},"south":{"uv":[11.125,11.625,11.5,11.875],"texture":"#0"},"west":{"uv":[11.125,11.625,11.25,11.875],"texture":"#0"},"up":{"uv":[11.125,11.625,11.5,11.75],"texture":"#0"},"down":{"uv":[11.125,11.75,11.5,11.875],"texture":"#0"}}},{"name":"revenants_gravecleaver_160","from":[8.5,4.25,7.75],"to":[9,4.375,8.25],"rotation":{"angle":0,"axis":"y","origin":[0.25,0,7.9375]},"faces":{"north":{"uv":[12.5,11.625,12,11.75],"texture":"#0"},"east":{"uv":[12.375,11.625,12.5,11.75],"texture":"#0"},"south":{"uv":[12,11.625,12.5,11.75],"texture":"#0"},"west":{"uv":[12,11.625,12.125,11.75],"texture":"#0"},"up":{"uv":[12,11.625,12.5,11.75],"texture":"#0"},"down":{"uv":[12,11.625,12.5,11.75],"texture":"#0"}}},{"name":"revenants_gravecleaver_161","from":[8.125,4.125,7.8125],"to":[8.25,4.25,8.1875],"rotation":{"angle":0,"axis":"y","origin":[0.25,0,7.9375]},"faces":{"north":{"uv":[8,11.75,7.875,11.875],"texture":"#0"},"east":{"uv":[7.875,11.75,8,11.875],"texture":"#0"},"south":{"uv":[7.875,11.75,8,11.875],"texture":"#0"},"west":{"uv":[7.875,11.75,8,11.875],"texture":"#0"},"up":{"uv":[7.875,11.75,8,11.875],"texture":"#0"},"down":{"uv":[7.875,11.75,8,11.875],"texture":"#0"}}},{"name":"revenants_gravecleaver_163","from":[8,3.75,7.8125],"to":[8.125,4.25,8.1875],"rotation":{"angle":0,"axis":"y","origin":[0.25,0,7.9375]},"faces":{"north":{"uv":[11.625,11.75,11.5,12.25],"texture":"#0"},"east":{"uv":[11.5,11.75,11.625,12.25],"texture":"#0"},"south":{"uv":[11.5,11.75,11.625,12.25],"texture":"#0"},"west":{"uv":[11.5,11.75,11.625,12.25],"texture":"#0"},"up":{"uv":[11.5,11.75,11.625,11.875],"texture":"#0"},"down":{"uv":[11.5,12.125,11.625,12.25],"texture":"#0"}}},{"name":"revenants_gravecleaver_164","from":[7.625,3.75,7.8125],"to":[7.75,4.125,8.1875],"rotation":{"angle":0,"axis":"y","origin":[0.25,0,7.9375]},"faces":{"north":{"uv":[7.5,11.875,7.375,12.25],"texture":"#0"},"east":{"uv":[7.375,11.875,7.5,12.25],"texture":"#0"},"south":{"uv":[7.375,11.875,7.5,12.25],"texture":"#0"},"west":{"uv":[7.375,11.875,7.5,12.25],"texture":"#0"},"up":{"uv":[7.375,11.875,7.5,12],"texture":"#0"},"down":{"uv":[7.375,12.125,7.5,12.25],"texture":"#0"}}},{"name":"revenants_gravecleaver_165","from":[7.75,4,7.8125],"to":[8,4.125,8.1875],"rotation":{"angle":0,"axis":"y","origin":[0.25,0,7.9375]},"faces":{"north":{"uv":[11.5,11.875,11.25,12],"texture":"#0"},"east":{"uv":[11.375,11.875,11.5,12],"texture":"#0"},"south":{"uv":[11.25,11.875,11.5,12],"texture":"#0"},"west":{"uv":[11.25,11.875,11.375,12],"texture":"#0"},"up":{"uv":[11.25,11.875,11.5,12],"texture":"#0"},"down":{"uv":[11.25,11.875,11.5,12],"texture":"#0"}}},{"name":"revenants_gravecleaver_166","from":[8.125,3.75,7.8125],"to":[8.375,4.125,8.1875],"rotation":{"angle":0,"axis":"y","origin":[0.25,0,7.9375]},"faces":{"north":{"uv":[11.875,11.875,11.625,12.25],"texture":"#0"},"east":{"uv":[11.75,11.875,11.875,12.25],"texture":"#0"},"south":{"uv":[11.625,11.875,11.875,12.25],"texture":"#0"},"west":{"uv":[11.625,11.875,11.75,12.25],"texture":"#0"},"up":{"uv":[11.625,11.875,11.875,12],"texture":"#0"},"down":{"uv":[11.625,12.125,11.875,12.25],"texture":"#0"}}},{"name":"revenants_gravecleaver_167","from":[6.625,3.5,7.8125],"to":[6.75,4,8.1875],"rotation":{"angle":0,"axis":"y","origin":[0.25,0,7.9375]},"faces":{"north":{"uv":[6.5,12,6.375,12.5],"texture":"#0"},"east":{"uv":[6.375,12,6.5,12.5],"texture":"#0"},"south":{"uv":[6.375,12,6.5,12.5],"texture":"#0"},"west":{"uv":[6.375,12,6.5,12.5],"texture":"#0"},"up":{"uv":[6.375,12,6.5,12.125],"texture":"#0"},"down":{"uv":[6.375,12.375,6.5,12.5],"texture":"#0"}}},{"name":"revenants_gravecleaver_168","from":[7.75,3.375,7.8125],"to":[7.875,4,8.1875],"rotation":{"angle":0,"axis":"y","origin":[0.25,0,7.9375]},"faces":{"north":{"uv":[7.625,12,7.5,12.625],"texture":"#0"},"east":{"uv":[7.5,12,7.625,12.625],"texture":"#0"},"south":{"uv":[7.5,12,7.625,12.625],"texture":"#0"},"west":{"uv":[7.5,12,7.625,12.625],"texture":"#0"},"up":{"uv":[7.5,12,7.625,12.125],"texture":"#0"},"down":{"uv":[7.5,12.5,7.625,12.625],"texture":"#0"}}},{"name":"revenants_gravecleaver_169","from":[7.375,3.375,7.8125],"to":[7.5,4,8.1875],"rotation":{"angle":0,"axis":"y","origin":[0.25,0,7.9375]},"faces":{"north":{"uv":[11,12,10.875,12.625],"texture":"#0"},"east":{"uv":[10.875,12,11,12.625],"texture":"#0"},"south":{"uv":[10.875,12,11,12.625],"texture":"#0"},"west":{"uv":[10.875,12,11,12.625],"texture":"#0"},"up":{"uv":[10.875,12,11,12.125],"texture":"#0"},"down":{"uv":[10.875,12.5,11,12.625],"texture":"#0"}}},{"name":"revenants_gravecleaver_170","from":[7.875,3.875,7.8125],"to":[8,4,8.1875],"rotation":{"angle":0,"axis":"y","origin":[0.25,0,7.9375]},"faces":{"north":{"uv":[11.5,12,11.375,12.125],"texture":"#0"},"east":{"uv":[11.375,12,11.5,12.125],"texture":"#0"},"south":{"uv":[11.375,12,11.5,12.125],"texture":"#0"},"west":{"uv":[11.375,12,11.5,12.125],"texture":"#0"},"up":{"uv":[11.375,12,11.5,12.125],"texture":"#0"},"down":{"uv":[11.375,12,11.5,12.125],"texture":"#0"}}},{"name":"revenants_gravecleaver_171","from":[8.375,3.875,7.8125],"to":[8.5,4,8.1875],"rotation":{"angle":0,"axis":"y","origin":[0.25,0,7.9375]},"faces":{"north":{"uv":[12,12,11.875,12.125],"texture":"#0"},"east":{"uv":[11.875,12,12,12.125],"texture":"#0"},"south":{"uv":[11.875,12,12,12.125],"texture":"#0"},"west":{"uv":[11.875,12,12,12.125],"texture":"#0"},"up":{"uv":[11.875,12,12,12.125],"texture":"#0"},"down":{"uv":[11.875,12,12,12.125],"texture":"#0"}}},{"name":"revenants_gravecleaver_172","from":[6.5,3.625,7.8125],"to":[6.625,3.875,8.1875],"rotation":{"angle":0,"axis":"y","origin":[0.25,0,7.9375]},"faces":{"north":{"uv":[6.375,12.125,6.25,12.375],"texture":"#0"},"east":{"uv":[6.25,12.125,6.375,12.375],"texture":"#0"},"south":{"uv":[6.25,12.125,6.375,12.375],"texture":"#0"},"west":{"uv":[6.25,12.125,6.375,12.375],"texture":"#0"},"up":{"uv":[6.25,12.125,6.375,12.25],"texture":"#0"},"down":{"uv":[6.25,12.25,6.375,12.375],"texture":"#0"}}},{"name":"revenants_gravecleaver_173","from":[7.875,2.875,7.8125],"to":[8,3.875,8.1875],"rotation":{"angle":0,"axis":"y","origin":[0.25,0,7.9375]},"faces":{"north":{"uv":[7.75,12.125,7.625,13.125],"texture":"#0"},"east":{"uv":[7.625,12.125,7.75,13.125],"texture":"#0"},"south":{"uv":[7.625,12.125,7.75,13.125],"texture":"#0"},"west":{"uv":[7.625,12.125,7.75,13.125],"texture":"#0"},"up":{"uv":[7.625,12.125,7.75,12.25],"texture":"#0"},"down":{"uv":[7.625,13,7.75,13.125],"texture":"#0"}}},{"name":"revenants_gravecleaver_174","from":[7.5,3.375,7.8125],"to":[7.625,3.875,8.1875],"rotation":{"angle":0,"axis":"y","origin":[0.25,0,7.9375]},"faces":{"north":{"uv":[11.125,12.125,11,12.625],"texture":"#0"},"east":{"uv":[11,12.125,11.125,12.625],"texture":"#0"},"south":{"uv":[11,12.125,11.125,12.625],"texture":"#0"},"west":{"uv":[11,12.125,11.125,12.625],"texture":"#0"},"up":{"uv":[11,12.125,11.125,12.25],"texture":"#0"},"down":{"uv":[11,12.5,11.125,12.625],"texture":"#0"}}},{"name":"revenants_gravecleaver_175","from":[8.5,3.75,7.9375],"to":[8.75,3.875,8.0625],"rotation":{"angle":0,"axis":"y","origin":[0.25,0,7.9375]},"faces":{"north":{"uv":[12.25,12.125,12,12.25],"texture":"#0"},"east":{"uv":[12.125,12.125,12.25,12.25],"texture":"#0"},"south":{"uv":[12,12.125,12.25,12.25],"texture":"#0"},"west":{"uv":[12,12.125,12.125,12.25],"texture":"#0"},"up":{"uv":[12,12.125,12.25,12.25],"texture":"#0"},"down":{"uv":[12,12.125,12.25,12.25],"texture":"#0"}}},{"name":"revenants_gravecleaver_176","from":[8,2.625,7.8125],"to":[8.125,3.75,8.1875],"rotation":{"angle":0,"axis":"y","origin":[0.25,0,7.9375]},"faces":{"north":{"uv":[7.875,12.25,7.75,13.375],"texture":"#0"},"east":{"uv":[7.75,12.25,7.875,13.375],"texture":"#0"},"south":{"uv":[7.75,12.25,7.875,13.375],"texture":"#0"},"west":{"uv":[7.75,12.25,7.875,13.375],"texture":"#0"},"up":{"uv":[7.75,12.25,7.875,12.375],"texture":"#0"},"down":{"uv":[7.75,13.25,7.875,13.375],"texture":"#0"}}},{"name":"revenants_gravecleaver_177","from":[7.625,3.375,7.8125],"to":[7.75,3.75,8.1875],"rotation":{"angle":0,"axis":"y","origin":[0.25,0,7.9375]},"faces":{"north":{"uv":[11.25,12.25,11.125,12.625],"texture":"#0"},"east":{"uv":[11.125,12.25,11.25,12.625],"texture":"#0"},"south":{"uv":[11.125,12.25,11.25,12.625],"texture":"#0"},"west":{"uv":[11.125,12.25,11.25,12.625],"texture":"#0"},"up":{"uv":[11.125,12.25,11.25,12.375],"texture":"#0"},"down":{"uv":[11.125,12.5,11.25,12.625],"texture":"#0"}}},{"name":"revenants_gravecleaver_178","from":[6.75,3.375,7.8125],"to":[6.875,3.625,8.1875],"rotation":{"angle":0,"axis":"y","origin":[0.25,0,7.9375]},"faces":{"north":{"uv":[6.625,12.375,6.5,12.625],"texture":"#0"},"east":{"uv":[6.5,12.375,6.625,12.625],"texture":"#0"},"south":{"uv":[6.5,12.375,6.625,12.625],"texture":"#0"},"west":{"uv":[6.5,12.375,6.625,12.625],"texture":"#0"},"up":{"uv":[6.5,12.375,6.625,12.5],"texture":"#0"},"down":{"uv":[6.5,12.5,6.625,12.625],"texture":"#0"}}},{"name":"revenants_gravecleaver_179","from":[7.25,3.375,7.9375],"to":[7.375,3.625,8.0625],"rotation":{"angle":0,"axis":"y","origin":[0.25,0,7.9375]},"faces":{"north":{"uv":[10.875,12.375,10.75,12.625],"texture":"#0"},"east":{"uv":[10.75,12.375,10.875,12.625],"texture":"#0"},"south":{"uv":[10.75,12.375,10.875,12.625],"texture":"#0"},"west":{"uv":[10.75,12.375,10.875,12.625],"texture":"#0"},"up":{"uv":[10.75,12.375,10.875,12.5],"texture":"#0"},"down":{"uv":[10.75,12.5,10.875,12.625],"texture":"#0"}}},{"name":"revenants_gravecleaver_180","from":[8.125,2.375,7.8125],"to":[8.25,3.5,8.1875],"rotation":{"angle":0,"axis":"y","origin":[0.25,0,7.9375]},"faces":{"north":{"uv":[8,12.5,7.875,13.625],"texture":"#0"},"east":{"uv":[7.875,12.5,8,13.625],"texture":"#0"},"south":{"uv":[7.875,12.5,8,13.625],"texture":"#0"},"west":{"uv":[7.875,12.5,8,13.625],"texture":"#0"},"up":{"uv":[7.875,12.5,8,12.625],"texture":"#0"},"down":{"uv":[7.875,13.5,8,13.625],"texture":"#0"}}},{"name":"revenants_gravecleaver_181","from":[7.75,3.25,7.8125],"to":[7.875,3.375,8.1875],"rotation":{"angle":0,"axis":"y","origin":[0.25,0,7.9375]},"faces":{"north":{"uv":[11.375,12.625,11.25,12.75],"texture":"#0"},"east":{"uv":[11.25,12.625,11.375,12.75],"texture":"#0"},"south":{"uv":[11.25,12.625,11.375,12.75],"texture":"#0"},"west":{"uv":[11.25,12.625,11.375,12.75],"texture":"#0"},"up":{"uv":[11.25,12.625,11.375,12.75],"texture":"#0"},"down":{"uv":[11.25,12.625,11.375,12.75],"texture":"#0"}}},{"name":"revenants_gravecleaver_182","from":[8.25,2.125,7.8125],"to":[8.375,3,8.1875],"rotation":{"angle":0,"axis":"y","origin":[0.25,0,7.9375]},"faces":{"north":{"uv":[8.125,13,8,13.875],"texture":"#0"},"east":{"uv":[8,13,8.125,13.875],"texture":"#0"},"south":{"uv":[8,13,8.125,13.875],"texture":"#0"},"west":{"uv":[8,13,8.125,13.875],"texture":"#0"},"up":{"uv":[8,13,8.125,13.125],"texture":"#0"},"down":{"uv":[8,13.75,8.125,13.875],"texture":"#0"}}},{"name":"revenants_gravecleaver_183","from":[8.375,2.125,7.8125],"to":[8.5,2.75,8.1875],"rotation":{"angle":0,"axis":"y","origin":[0.25,0,7.9375]},"faces":{"north":{"uv":[8.25,13.25,8.125,13.875],"texture":"#0"},"east":{"uv":[8.125,13.25,8.25,13.875],"texture":"#0"},"south":{"uv":[8.125,13.25,8.25,13.875],"texture":"#0"},"west":{"uv":[8.125,13.25,8.25,13.875],"texture":"#0"},"up":{"uv":[8.125,13.25,8.25,13.375],"texture":"#0"},"down":{"uv":[8.125,13.75,8.25,13.875],"texture":"#0"}}},{"name":"revenants_gravecleaver_184","from":[8.5,1.625,7.8125],"to":[8.625,2.5,8.1875],"rotation":{"angle":0,"axis":"y","origin":[0.25,0,7.9375]},"faces":{"north":{"uv":[8.375,13.5,8.25,14.375],"texture":"#0"},"east":{"uv":[8.25,13.5,8.375,14.375],"texture":"#0"},"south":{"uv":[8.25,13.5,8.375,14.375],"texture":"#0"},"west":{"uv":[8.25,13.5,8.375,14.375],"texture":"#0"},"up":{"uv":[8.25,13.5,8.375,13.625],"texture":"#0"},"down":{"uv":[8.25,14.25,8.375,14.375],"texture":"#0"}}},{"name":"revenants_gravecleaver_185","from":[8.625,1.75,7.8125],"to":[8.75,2.375,8.1875],"rotation":{"angle":0,"axis":"y","origin":[0.25,0,7.9375]},"faces":{"north":{"uv":[8.5,13.625,8.375,14.25],"texture":"#0"},"east":{"uv":[8.375,13.625,8.5,14.25],"texture":"#0"},"south":{"uv":[8.375,13.625,8.5,14.25],"texture":"#0"},"west":{"uv":[8.375,13.625,8.5,14.25],"texture":"#0"},"up":{"uv":[8.375,13.625,8.5,13.75],"texture":"#0"},"down":{"uv":[8.375,14.125,8.5,14.25],"texture":"#0"}}},{"name":"revenants_gravecleaver_186","from":[8.75,2,7.8125],"to":[9,2.25,8.1875],"rotation":{"angle":0,"axis":"y","origin":[0.25,0,7.9375]},"faces":{"north":{"uv":[8.75,13.75,8.5,14],"texture":"#0"},"east":{"uv":[8.625,13.75,8.75,14],"texture":"#0"},"south":{"uv":[8.5,13.75,8.75,14],"texture":"#0"},"west":{"uv":[8.5,13.75,8.625,14],"texture":"#0"},"up":{"uv":[8.5,13.75,8.75,13.875],"texture":"#0"},"down":{"uv":[8.5,13.875,8.75,14],"texture":"#0"}}},{"name":"revenants_gravecleaver_187","from":[9,2.125,7.8125],"to":[9.125,2.25,8.1875],"rotation":{"angle":0,"axis":"y","origin":[0.25,0,7.9375]},"faces":{"north":{"uv":[8.875,13.75,8.75,13.875],"texture":"#0"},"east":{"uv":[8.75,13.75,8.875,13.875],"texture":"#0"},"south":{"uv":[8.75,13.75,8.875,13.875],"texture":"#0"},"west":{"uv":[8.75,13.75,8.875,13.875],"texture":"#0"},"up":{"uv":[8.75,13.75,8.875,13.875],"texture":"#0"},"down":{"uv":[8.75,13.75,8.875,13.875],"texture":"#0"}}},{"name":"revenants_gravecleaver_188","from":[8.25,1.625,7.75],"to":[8.5,2.125,8.25],"rotation":{"angle":0,"axis":"y","origin":[0.25,0,7.9375]},"faces":{"north":{"uv":[12,13.875,11.75,14.375],"texture":"#0"},"east":{"uv":[11.875,13.875,12,14.375],"texture":"#0"},"south":{"uv":[11.75,13.875,12,14.375],"texture":"#0"},"west":{"uv":[11.75,13.875,11.875,14.375],"texture":"#0"},"up":{"uv":[11.75,13.875,12,14],"texture":"#0"},"down":{"uv":[11.75,14.25,12,14.375],"texture":"#0"}}},{"name":"revenants_gravecleaver_189","from":[8.75,1.75,7.8125],"to":[8.875,2,8.1875],"rotation":{"angle":0,"axis":"y","origin":[0.25,0,7.9375]},"faces":{"north":{"uv":[8.625,14,8.5,14.25],"texture":"#0"},"east":{"uv":[8.5,14,8.625,14.25],"texture":"#0"},"south":{"uv":[8.5,14,8.625,14.25],"texture":"#0"},"west":{"uv":[8.5,14,8.625,14.25],"texture":"#0"},"up":{"uv":[8.5,14,8.625,14.125],"texture":"#0"},"down":{"uv":[8.5,14.125,8.625,14.25],"texture":"#0"}}},{"name":"revenants_gravecleaver_190","from":[8.125,1.5,7.75],"to":[8.25,1.875,8.25],"rotation":{"angle":0,"axis":"y","origin":[0.25,0,7.9375]},"faces":{"north":{"uv":[11.75,14.125,11.625,14.5],"texture":"#0"},"east":{"uv":[11.625,14.125,11.75,14.5],"texture":"#0"},"south":{"uv":[11.625,14.125,11.75,14.5],"texture":"#0"},"west":{"uv":[11.625,14.125,11.75,14.5],"texture":"#0"},"up":{"uv":[11.625,14.125,11.75,14.25],"texture":"#0"},"down":{"uv":[11.625,14.375,11.75,14.5],"texture":"#0"}}},{"name":"revenants_gravecleaver_191","from":[7.875,1.625,7.875],"to":[8.125,1.75,8.125],"rotation":{"angle":0,"axis":"y","origin":[0.25,0,7.9375]},"faces":{"north":{"uv":[11.625,14.25,11.375,14.375],"texture":"#0"},"east":{"uv":[11.5,14.25,11.625,14.375],"texture":"#0"},"south":{"uv":[11.375,14.25,11.625,14.375],"texture":"#0"},"west":{"uv":[11.375,14.25,11.5,14.375],"texture":"#0"},"up":{"uv":[11.375,14.25,11.625,14.375],"texture":"#0"},"down":{"uv":[11.375,14.25,11.625,14.375],"texture":"#0"}}},{"name":"revenants_gravecleaver_192","from":[8.625,1,7.75],"to":[9,1.75,8.25],"rotation":{"angle":0,"axis":"y","origin":[0.25,0,7.9375]},"faces":{"north":{"uv":[12.5,14.25,12.125,15],"texture":"#0"},"east":{"uv":[12.375,14.25,12.5,15],"texture":"#0"},"south":{"uv":[12.125,14.25,12.5,15],"texture":"#0"},"west":{"uv":[12.125,14.25,12.25,15],"texture":"#0"},"up":{"uv":[12.125,14.25,12.5,14.375],"texture":"#0"},"down":{"uv":[12.125,14.875,12.5,15],"texture":"#0"}}},{"name":"revenants_gravecleaver_193","from":[8.25,1.5,7.75],"to":[8.375,1.625,8.25],"rotation":{"angle":0,"axis":"y","origin":[0.25,0,7.9375]},"faces":{"north":{"uv":[11.875,14.375,11.75,14.5],"texture":"#0"},"east":{"uv":[11.75,14.375,11.875,14.5],"texture":"#0"},"south":{"uv":[11.75,14.375,11.875,14.5],"texture":"#0"},"west":{"uv":[11.75,14.375,11.875,14.5],"texture":"#0"},"up":{"uv":[11.75,14.375,11.875,14.5],"texture":"#0"},"down":{"uv":[11.75,14.375,11.875,14.5],"texture":"#0"}}},{"name":"revenants_gravecleaver_194","from":[9.25,1.25,7.75],"to":[9.375,1.625,8.25],"rotation":{"angle":0,"axis":"y","origin":[0.25,0,7.9375]},"faces":{"north":{"uv":[12.875,14.375,12.75,14.75],"texture":"#0"},"east":{"uv":[12.75,14.375,12.875,14.75],"texture":"#0"},"south":{"uv":[12.75,14.375,12.875,14.75],"texture":"#0"},"west":{"uv":[12.75,14.375,12.875,14.75],"texture":"#0"},"up":{"uv":[12.75,14.375,12.875,14.5],"texture":"#0"},"down":{"uv":[12.75,14.625,12.875,14.75],"texture":"#0"}}},{"name":"revenants_gravecleaver_195","from":[9,0.625,7.8125],"to":[9.125,1.5,8.1875],"rotation":{"angle":0,"axis":"y","origin":[0.25,0,7.9375]},"faces":{"north":{"uv":[8.875,14.5,8.75,15.375],"texture":"#0"},"east":{"uv":[8.75,14.5,8.875,15.375],"texture":"#0"},"south":{"uv":[8.75,14.5,8.875,15.375],"texture":"#0"},"west":{"uv":[8.75,14.5,8.875,15.375],"texture":"#0"},"up":{"uv":[8.75,14.5,8.875,14.625],"texture":"#0"},"down":{"uv":[8.75,15.25,8.875,15.375],"texture":"#0"}}},{"name":"revenants_gravecleaver_196","from":[9.125,1.375,7.75],"to":[9.25,1.5,8.25],"rotation":{"angle":0,"axis":"y","origin":[0.25,0,7.9375]},"faces":{"north":{"uv":[12.75,14.5,12.625,14.625],"texture":"#0"},"east":{"uv":[12.625,14.5,12.75,14.625],"texture":"#0"},"south":{"uv":[12.625,14.5,12.75,14.625],"texture":"#0"},"west":{"uv":[12.625,14.5,12.75,14.625],"texture":"#0"},"up":{"uv":[12.625,14.5,12.75,14.625],"texture":"#0"},"down":{"uv":[12.625,14.5,12.75,14.625],"texture":"#0"}}},{"name":"revenants_gravecleaver_197","from":[9.375,1,7.75],"to":[9.5,1.5,8.25],"rotation":{"angle":0,"axis":"y","origin":[0.25,0,7.9375]},"faces":{"north":{"uv":[13,14.5,12.875,15],"texture":"#0"},"east":{"uv":[12.875,14.5,13,15],"texture":"#0"},"south":{"uv":[12.875,14.5,13,15],"texture":"#0"},"west":{"uv":[12.875,14.5,13,15],"texture":"#0"},"up":{"uv":[12.875,14.5,13,14.625],"texture":"#0"},"down":{"uv":[12.875,14.875,13,15],"texture":"#0"}}},{"name":"revenants_gravecleaver_198","from":[9.125,0.375,7.8125],"to":[9.25,1.375,8.1875],"rotation":{"angle":0,"axis":"y","origin":[0.25,0,7.9375]},"faces":{"north":{"uv":[9,14.625,8.875,15.625],"texture":"#0"},"east":{"uv":[8.875,14.625,9,15.625],"texture":"#0"},"south":{"uv":[8.875,14.625,9,15.625],"texture":"#0"},"west":{"uv":[8.875,14.625,9,15.625],"texture":"#0"},"up":{"uv":[8.875,14.625,9,14.75],"texture":"#0"},"down":{"uv":[8.875,15.5,9,15.625],"texture":"#0"}}},{"name":"revenants_gravecleaver_199","from":[8.5,1.25,7.75],"to":[8.625,1.375,8.25],"rotation":{"angle":0,"axis":"y","origin":[0.25,0,7.9375]},"faces":{"north":{"uv":[12.125,14.625,12,14.75],"texture":"#0"},"east":{"uv":[12,14.625,12.125,14.75],"texture":"#0"},"south":{"uv":[12,14.625,12.125,14.75],"texture":"#0"},"west":{"uv":[12,14.625,12.125,14.75],"texture":"#0"},"up":{"uv":[12,14.625,12.125,14.75],"texture":"#0"},"down":{"uv":[12,14.625,12.125,14.75],"texture":"#0"}}},{"name":"revenants_gravecleaver_200","from":[9.5,0.625,7.75],"to":[9.625,1.375,8.25],"rotation":{"angle":0,"axis":"y","origin":[0.25,0,7.9375]},"faces":{"north":{"uv":[13.125,14.625,13,15.375],"texture":"#0"},"east":{"uv":[13,14.625,13.125,15.375],"texture":"#0"},"south":{"uv":[13,14.625,13.125,15.375],"texture":"#0"},"west":{"uv":[13,14.625,13.125,15.375],"texture":"#0"},"up":{"uv":[13,14.625,13.125,14.75],"texture":"#0"},"down":{"uv":[13,15.25,13.125,15.375],"texture":"#0"}}},{"name":"revenants_gravecleaver_201","from":[8.5,0.875,7.8125],"to":[8.625,1.25,8.1875],"rotation":{"angle":0,"axis":"y","origin":[0.25,0,7.9375]},"faces":{"north":{"uv":[8.375,14.75,8.25,15.125],"texture":"#0"},"east":{"uv":[8.25,14.75,8.375,15.125],"texture":"#0"},"south":{"uv":[8.25,14.75,8.375,15.125],"texture":"#0"},"west":{"uv":[8.25,14.75,8.375,15.125],"texture":"#0"},"up":{"uv":[8.25,14.75,8.375,14.875],"texture":"#0"},"down":{"uv":[8.25,15,8.375,15.125],"texture":"#0"}}},{"name":"revenants_gravecleaver_202","from":[9.25,0,7.8125],"to":[9.375,1.25,8.1875],"rotation":{"angle":0,"axis":"y","origin":[0.25,0,7.9375]},"faces":{"north":{"uv":[9.125,14.75,9,16],"texture":"#0"},"east":{"uv":[9,14.75,9.125,16],"texture":"#0"},"south":{"uv":[9,14.75,9.125,16],"texture":"#0"},"west":{"uv":[9,14.75,9.125,16],"texture":"#0"},"up":{"uv":[9,14.75,9.125,14.875],"texture":"#0"},"down":{"uv":[9,15.875,9.125,16],"texture":"#0"}}},{"name":"revenants_gravecleaver_203","from":[8.375,1.125,7.875],"to":[8.5,1.25,8.125],"rotation":{"angle":0,"axis":"y","origin":[0.25,0,7.9375]},"faces":{"north":{"uv":[12,14.75,11.875,14.875],"texture":"#0"},"east":{"uv":[11.875,14.75,12,14.875],"texture":"#0"},"south":{"uv":[11.875,14.75,12,14.875],"texture":"#0"},"west":{"uv":[11.875,14.75,12,14.875],"texture":"#0"},"up":{"uv":[11.875,14.75,12,14.875],"texture":"#0"},"down":{"uv":[11.875,14.75,12,14.875],"texture":"#0"}}},{"name":"revenants_gravecleaver_204","from":[9.625,0.625,7.75],"to":[9.75,1.25,8.25],"rotation":{"angle":0,"axis":"y","origin":[0.25,0,7.9375]},"faces":{"north":{"uv":[13.25,14.75,13.125,15.375],"texture":"#0"},"east":{"uv":[13.125,14.75,13.25,15.375],"texture":"#0"},"south":{"uv":[13.125,14.75,13.25,15.375],"texture":"#0"},"west":{"uv":[13.125,14.75,13.25,15.375],"texture":"#0"},"up":{"uv":[13.125,14.75,13.25,14.875],"texture":"#0"},"down":{"uv":[13.125,15.25,13.25,15.375],"texture":"#0"}}},{"name":"revenants_gravecleaver_205","from":[8.375,0.875,7.8125],"to":[8.5,1.125,8.1875],"rotation":{"angle":0,"axis":"y","origin":[0.25,0,7.9375]},"faces":{"north":{"uv":[8.25,14.875,8.125,15.125],"texture":"#0"},"east":{"uv":[8.125,14.875,8.25,15.125],"texture":"#0"},"south":{"uv":[8.125,14.875,8.25,15.125],"texture":"#0"},"west":{"uv":[8.125,14.875,8.25,15.125],"texture":"#0"},"up":{"uv":[8.125,14.875,8.25,15],"texture":"#0"},"down":{"uv":[8.125,15,8.25,15.125],"texture":"#0"}}},{"name":"revenants_gravecleaver_206","from":[9.75,0.875,7.875],"to":[9.875,1.125,8.125],"rotation":{"angle":0,"axis":"y","origin":[0.25,0,7.9375]},"faces":{"north":{"uv":[13.375,14.875,13.25,15.125],"texture":"#0"},"east":{"uv":[13.25,14.875,13.375,15.125],"texture":"#0"},"south":{"uv":[13.25,14.875,13.375,15.125],"texture":"#0"},"west":{"uv":[13.25,14.875,13.375,15.125],"texture":"#0"},"up":{"uv":[13.25,14.875,13.375,15],"texture":"#0"},"down":{"uv":[13.25,15,13.375,15.125],"texture":"#0"}}},{"name":"revenants_gravecleaver_207","from":[8.875,0.75,7.8125],"to":[9,1,8.1875],"rotation":{"angle":0,"axis":"y","origin":[0.25,0,7.9375]},"faces":{"north":{"uv":[8.75,15,8.625,15.25],"texture":"#0"},"east":{"uv":[8.625,15,8.75,15.25],"texture":"#0"},"south":{"uv":[8.625,15,8.75,15.25],"texture":"#0"},"west":{"uv":[8.625,15,8.75,15.25],"texture":"#0"},"up":{"uv":[8.625,15,8.75,15.125],"texture":"#0"},"down":{"uv":[8.625,15.125,8.75,15.25],"texture":"#0"}}},{"name":"revenants_gravecleaver_208","from":[8.625,0.875,7.75],"to":[8.875,1,8.25],"rotation":{"angle":0,"axis":"y","origin":[0.25,0,7.9375]},"faces":{"north":{"uv":[12.375,15,12.125,15.125],"texture":"#0"},"east":{"uv":[12.25,15,12.375,15.125],"texture":"#0"},"south":{"uv":[12.125,15,12.375,15.125],"texture":"#0"},"west":{"uv":[12.125,15,12.25,15.125],"texture":"#0"},"up":{"uv":[12.125,15,12.375,15.125],"texture":"#0"},"down":{"uv":[12.125,15,12.375,15.125],"texture":"#0"}}},{"name":"revenants_gravecleaver_209","from":[8.625,0.75,7.8125],"to":[8.875,0.875,8.1875],"rotation":{"angle":0,"axis":"y","origin":[0.25,0,7.9375]},"faces":{"north":{"uv":[8.625,15.125,8.375,15.25],"texture":"#0"},"east":{"uv":[8.5,15.125,8.625,15.25],"texture":"#0"},"south":{"uv":[8.375,15.125,8.625,15.25],"texture":"#0"},"west":{"uv":[8.375,15.125,8.5,15.25],"texture":"#0"},"up":{"uv":[8.375,15.125,8.625,15.25],"texture":"#0"},"down":{"uv":[8.375,15.125,8.625,15.25],"texture":"#0"}}}],"gui_light":"front","display":{"thirdperson_righthand":{"rotation":[0,-90,0],"translation":[0,9.75,0.5],"scale":[2.4,2.4,2.4]},"thirdperson_lefthand":{"rotation":[0,90,0],"translation":[0,9.75,0.5],"scale":[2.4,2.4,2.4]},"firstperson_righthand":{"rotation":[10,-90,0],"translation":[-1.5,8.5,4.75],"scale":[1.4,1.4,1.4]},"firstperson_lefthand":{"rotation":[10,90,0],"translation":[-1.5,8.5,4.75],"scale":[1.4,1.4,1.4]},"ground":{"rotation":[0,0,45],"translation":[0,1.5,0.25]},"gui":{"rotation":[0,0,-45],"translation":[-0.25,0.25,0],"scale":[1.4,1.4,1]},"head":{"rotation":[0,0,45],"translation":[1.25,17.75,0],"scale":[2,2,2]},"fixed":{"rotation":[0,0,90],"translation":[3.25,-0.25,-0.5],"scale":[4,4,4]}}}