{"credit":"Made with Blockbench","textures":{"2":"fantasy_weapons:item/uchigatana","particle":"fantasy_weapons:item/uchigatana"},"elements":[{"name":"uchigatana_0","from":[8.3125,12.375,7.96875],"to":[8.4375,12.875,8.03125],"rotation":{"angle":0,"axis":"y","origin":[-0.5625,0,7.9375]},"faces":{"north":{"uv":[6.375,3.125,6.25,3.625],"texture":"#2"},"east":{"uv":[6.25,3.125,6.375,3.625],"texture":"#2"},"south":{"uv":[6.25,3.125,6.375,3.625],"texture":"#2"},"west":{"uv":[6.25,3.125,6.375,3.625],"texture":"#2"},"up":{"uv":[6.25,3.125,6.375,3.25],"texture":"#2"},"down":{"uv":[6.25,3.5,6.375,3.625],"texture":"#2"}}},{"name":"uchigatana_1","from":[8.1875,12.25,7.96875],"to":[8.3125,12.75,8.03125],"rotation":{"angle":0,"axis":"y","origin":[-0.5625,0,7.9375]},"faces":{"north":{"uv":[6.25,3.25,6.125,3.75],"texture":"#2"},"east":{"uv":[6.125,3.25,6.25,3.75],"texture":"#2"},"south":{"uv":[6.125,3.25,6.25,3.75],"texture":"#2"},"west":{"uv":[6.125,3.25,6.25,3.75],"texture":"#2"},"up":{"uv":[6.125,3.25,6.25,3.375],"texture":"#2"},"down":{"uv":[6.125,3.625,6.25,3.75],"texture":"#2"}}},{"name":"uchigatana_2","from":[8.0625,12,7.96875],"to":[8.1875,12.5,8.03125],"rotation":{"angle":0,"axis":"y","origin":[-0.5625,0,7.9375]},"faces":{"north":{"uv":[6.125,3.5,6,4],"texture":"#2"},"east":{"uv":[6,3.5,6.125,4],"texture":"#2"},"south":{"uv":[6,3.5,6.125,4],"texture":"#2"},"west":{"uv":[6,3.5,6.125,4],"texture":"#2"},"up":{"uv":[6,3.5,6.125,3.625],"texture":"#2"},"down":{"uv":[6,3.875,6.125,4],"texture":"#2"}}},{"name":"uchigatana_3","from":[8.3125,11.875,7.9375],"to":[8.4375,12.375,8.0625],"rotation":{"angle":0,"axis":"y","origin":[-0.5625,0,7.9375]},"faces":{"north":{"uv":[7.875,3.625,7.75,4.125],"texture":"#2"},"east":{"uv":[7.75,3.625,7.875,4.125],"texture":"#2"},"south":{"uv":[7.75,3.625,7.875,4.125],"texture":"#2"},"west":{"uv":[7.75,3.625,7.875,4.125],"texture":"#2"},"up":{"uv":[7.75,3.625,7.875,3.75],"texture":"#2"},"down":{"uv":[7.75,4,7.875,4.125],"texture":"#2"}}},{"name":"uchigatana_4","from":[7.9375,11.5,7.96875],"to":[8.0625,12.25,8.03125],"rotation":{"angle":0,"axis":"y","origin":[-0.5625,0,7.9375]},"faces":{"north":{"uv":[6,3.75,5.875,4.5],"texture":"#2"},"east":{"uv":[5.875,3.75,6,4.5],"texture":"#2"},"south":{"uv":[5.875,3.75,6,4.5],"texture":"#2"},"west":{"uv":[5.875,3.75,6,4.5],"texture":"#2"},"up":{"uv":[5.875,3.75,6,3.875],"texture":"#2"},"down":{"uv":[5.875,4.375,6,4.5],"texture":"#2"}}},{"name":"uchigatana_5","from":[8.1875,11.25,7.9375],"to":[8.3125,12.25,8.0625],"rotation":{"angle":0,"axis":"y","origin":[-0.5625,0,7.9375]},"faces":{"north":{"uv":[7.75,3.75,7.625,4.75],"texture":"#2"},"east":{"uv":[7.625,3.75,7.75,4.75],"texture":"#2"},"south":{"uv":[7.625,3.75,7.75,4.75],"texture":"#2"},"west":{"uv":[7.625,3.75,7.75,4.75],"texture":"#2"},"up":{"uv":[7.625,3.75,7.75,3.875],"texture":"#2"},"down":{"uv":[7.625,4.625,7.75,4.75],"texture":"#2"}}},{"name":"uchigatana_6","from":[7.8125,9.625,7.96875],"to":[7.9375,12,8.03125],"rotation":{"angle":0,"axis":"y","origin":[-0.5625,0,7.9375]},"faces":{"north":{"uv":[5.875,4,5.75,6.375],"texture":"#2"},"east":{"uv":[5.75,4,5.875,6.375],"texture":"#2"},"south":{"uv":[5.75,4,5.875,6.375],"texture":"#2"},"west":{"uv":[5.75,4,5.875,6.375],"texture":"#2"},"up":{"uv":[5.75,4,5.875,4.125],"texture":"#2"},"down":{"uv":[5.75,6.25,5.875,6.375],"texture":"#2"}}},{"name":"uchigatana_7","from":[8.0625,9.5,7.9375],"to":[8.1875,12,8.0625],"rotation":{"angle":0,"axis":"y","origin":[-0.5625,0,7.9375]},"faces":{"north":{"uv":[7.625,4,7.5,6.5],"texture":"#2"},"east":{"uv":[7.5,4,7.625,6.5],"texture":"#2"},"south":{"uv":[7.5,4,7.625,6.5],"texture":"#2"},"west":{"uv":[7.5,4,7.625,6.5],"texture":"#2"},"up":{"uv":[7.5,4,7.625,4.125],"texture":"#2"},"down":{"uv":[7.5,6.375,7.625,6.5],"texture":"#2"}}},{"name":"uchigatana_8","from":[7.9375,4.375,7.9375],"to":[8.0625,11.5,8.0625],"rotation":{"angle":0,"axis":"y","origin":[-0.5625,0,7.9375]},"faces":{"north":{"uv":[7.5,4.5,7.375,11.625],"texture":"#2"},"east":{"uv":[7.375,4.5,7.5,11.625],"texture":"#2"},"south":{"uv":[7.375,4.5,7.5,11.625],"texture":"#2"},"west":{"uv":[7.375,4.5,7.5,11.625],"texture":"#2"},"up":{"uv":[7.375,4.5,7.5,4.625],"texture":"#2"},"down":{"uv":[7.375,11.5,7.5,11.625],"texture":"#2"}}},{"name":"uchigatana_9","from":[7.6875,4.375,7.96875],"to":[7.8125,11.375,8.03125],"rotation":{"angle":0,"axis":"y","origin":[-0.5625,0,7.9375]},"faces":{"north":{"uv":[5.75,4.625,5.625,11.625],"texture":"#2"},"east":{"uv":[5.625,4.625,5.75,11.625],"texture":"#2"},"south":{"uv":[5.625,4.625,5.75,11.625],"texture":"#2"},"west":{"uv":[5.625,4.625,5.75,11.625],"texture":"#2"},"up":{"uv":[5.625,4.625,5.75,4.75],"texture":"#2"},"down":{"uv":[5.625,11.5,5.75,11.625],"texture":"#2"}}},{"name":"uchigatana_10","from":[7.5625,5.625,7.96875],"to":[7.6875,9.75,8.03125],"rotation":{"angle":0,"axis":"y","origin":[-0.5625,0,7.9375]},"faces":{"north":{"uv":[5.625,6.25,5.5,10.375],"texture":"#2"},"east":{"uv":[5.5,6.25,5.625,10.375],"texture":"#2"},"south":{"uv":[5.5,6.25,5.625,10.375],"texture":"#2"},"west":{"uv":[5.5,6.25,5.625,10.375],"texture":"#2"},"up":{"uv":[5.5,6.25,5.625,6.375],"texture":"#2"},"down":{"uv":[5.5,10.25,5.625,10.375],"texture":"#2"}}},{"name":"uchigatana_11","from":[7.8125,5.625,7.9375],"to":[7.9375,9.625,8.0625],"rotation":{"angle":0,"axis":"y","origin":[-0.5625,0,7.9375]},"faces":{"north":{"uv":[7.375,6.375,7.25,10.375],"texture":"#2"},"east":{"uv":[7.25,6.375,7.375,10.375],"texture":"#2"},"south":{"uv":[7.25,6.375,7.375,10.375],"texture":"#2"},"west":{"uv":[7.25,6.375,7.375,10.375],"texture":"#2"},"up":{"uv":[7.25,6.375,7.375,6.5],"texture":"#2"},"down":{"uv":[7.25,10.25,7.375,10.375],"texture":"#2"}}},{"name":"uchigatana_12","from":[8.0625,4.375,7.9375],"to":[8.1875,5.875,8.0625],"rotation":{"angle":0,"axis":"y","origin":[-0.5625,0,7.9375]},"faces":{"north":{"uv":[7.625,10.125,7.5,11.625],"texture":"#2"},"east":{"uv":[7.5,10.125,7.625,11.625],"texture":"#2"},"south":{"uv":[7.5,10.125,7.625,11.625],"texture":"#2"},"west":{"uv":[7.5,10.125,7.625,11.625],"texture":"#2"},"up":{"uv":[7.5,10.125,7.625,10.25],"texture":"#2"},"down":{"uv":[7.5,11.5,7.625,11.625],"texture":"#2"}}},{"name":"uchigatana_13","from":[7.8125,4.375,7.96875],"to":[7.9375,5.625,8.03125],"rotation":{"angle":0,"axis":"y","origin":[-0.5625,0,7.9375]},"faces":{"north":{"uv":[5.875,10.375,5.75,11.625],"texture":"#2"},"east":{"uv":[5.75,10.375,5.875,11.625],"texture":"#2"},"south":{"uv":[5.75,10.375,5.875,11.625],"texture":"#2"},"west":{"uv":[5.75,10.375,5.875,11.625],"texture":"#2"},"up":{"uv":[5.75,10.375,5.875,10.5],"texture":"#2"},"down":{"uv":[5.75,11.5,5.875,11.625],"texture":"#2"}}},{"name":"uchigatana_14","from":[7.4375,4.125,7.6875],"to":[8.4375,4.375,8.3125],"rotation":{"angle":0,"axis":"y","origin":[-0.5625,0,7.9375]},"faces":{"north":{"uv":[10.375,11.625,9.375,11.875],"texture":"#2"},"east":{"uv":[10.25,11.625,10.375,11.875],"texture":"#2"},"south":{"uv":[9.375,11.625,10.375,11.875],"texture":"#2"},"west":{"uv":[9.375,11.625,9.5,11.875],"texture":"#2"},"up":{"uv":[9.375,11.625,10.375,11.75],"texture":"#2"},"down":{"uv":[9.375,11.75,10.375,11.875],"texture":"#2"}}},{"name":"uchigatana_15","from":[7.6875,1.75,7.875],"to":[8.1875,4.125,8.125],"rotation":{"angle":0,"axis":"y","origin":[-0.5625,0,7.9375]},"faces":{"north":{"uv":[8.75,11.875,8.25,14.25],"texture":"#2"},"east":{"uv":[8.625,11.875,8.75,14.25],"texture":"#2"},"south":{"uv":[8.25,11.875,8.75,14.25],"texture":"#2"},"west":{"uv":[8.25,11.875,8.375,14.25],"texture":"#2"},"up":{"uv":[8.25,11.875,8.75,12],"texture":"#2"},"down":{"uv":[8.25,14.125,8.75,14.25],"texture":"#2"}}},{"name":"uchigatana_16","from":[7.6875,1.5,7.8125],"to":[8.1875,1.75,8.1875],"rotation":{"angle":0,"axis":"y","origin":[-0.5625,0,7.9375]},"faces":{"north":{"uv":[7.625,14.25,7.125,14.5],"texture":"#2"},"east":{"uv":[7.5,14.25,7.625,14.5],"texture":"#2"},"south":{"uv":[7.125,14.25,7.625,14.5],"texture":"#2"},"west":{"uv":[7.125,14.25,7.25,14.5],"texture":"#2"},"up":{"uv":[7.125,14.25,7.625,14.375],"texture":"#2"},"down":{"uv":[7.125,14.375,7.625,14.5],"texture":"#2"}}}],"gui_light":"front","display":{"thirdperson_righthand":{"rotation":[0,-90,0],"translation":[0,9.25,1.5],"scale":[2.4,2.4,2.4]},"thirdperson_lefthand":{"rotation":[0,90,0],"translation":[0,9.25,1.5],"scale":[2.4,2.4,2.4]},"firstperson_righthand":{"rotation":[-5,-90,0],"translation":[-1.5,10.5,4.75],"scale":[1.4,1.4,1.4]},"firstperson_lefthand":{"rotation":[-5,90,0],"translation":[-1.5,10.5,4.75],"scale":[1.4,1.4,1.4]},"ground":{"rotation":[0,0,45],"translation":[0,1.5,-0.25]},"gui":{"rotation":[0,0,-45],"translation":[1,1.5,0],"scale":[1.8,1.8,1.8]},"head":{"rotation":[0,0,45],"translation":[-2.5,19,0],"scale":[2,2,2]},"fixed":{"rotation":[0,0,90],"translation":[-4.75,0.25,-0.25],"scale":[4,4,4]}}}