{"textures":{"0":"fantasy_weapons:item/valhakyra","particle":"fantasy_weapons:item/valhakyra"},"elements":[{"name":"valhakyra_0","from":[7.9375,15.875,7.96875],"to":[8.0625,16.5,8.03125],"rotation":{"angle":0,"axis":"y","origin":[4.0625,0,7.9375]},"faces":{"north":{"uv":[9.25,0,9.125,0.625],"texture":"#0"},"east":{"uv":[9.125,0,9.25,0.625],"texture":"#0"},"south":{"uv":[9.125,0,9.25,0.625],"texture":"#0"},"west":{"uv":[9.125,0,9.25,0.625],"texture":"#0"},"up":{"uv":[9.125,0,9.25,0.125],"texture":"#0"},"down":{"uv":[9.125,0.5,9.25,0.625],"texture":"#0"}}},{"name":"valhakyra_1","from":[7.8125,15.375,7.96875],"to":[7.9375,16,8.03125],"rotation":{"angle":0,"axis":"y","origin":[4.0625,0,7.9375]},"faces":{"north":{"uv":[9.125,0.5,9,1.125],"texture":"#0"},"east":{"uv":[9,0.5,9.125,1.125],"texture":"#0"},"south":{"uv":[9,0.5,9.125,1.125],"texture":"#0"},"west":{"uv":[9,0.5,9.125,1.125],"texture":"#0"},"up":{"uv":[9,0.5,9.125,0.625],"texture":"#0"},"down":{"uv":[9,1,9.125,1.125],"texture":"#0"}}},{"name":"valhakyra_2","from":[8.0625,15.375,7.96875],"to":[8.1875,16,8.03125],"rotation":{"angle":0,"axis":"y","origin":[4.0625,0,7.9375]},"faces":{"north":{"uv":[9.375,0.5,9.25,1.125],"texture":"#0"},"east":{"uv":[9.25,0.5,9.375,1.125],"texture":"#0"},"south":{"uv":[9.25,0.5,9.375,1.125],"texture":"#0"},"west":{"uv":[9.25,0.5,9.375,1.125],"texture":"#0"},"up":{"uv":[9.25,0.5,9.375,0.625],"texture":"#0"},"down":{"uv":[9.25,1,9.375,1.125],"texture":"#0"}}},{"name":"valhakyra_3","from":[7.9375,15.25,7.9375],"to":[8.0625,15.875,8.0625],"rotation":{"angle":0,"axis":"y","origin":[4.0625,0,7.9375]},"faces":{"north":{"uv":[11.5,0.625,11.375,1.25],"texture":"#0"},"east":{"uv":[11.375,0.625,11.5,1.25],"texture":"#0"},"south":{"uv":[11.375,0.625,11.5,1.25],"texture":"#0"},"west":{"uv":[11.375,0.625,11.5,1.25],"texture":"#0"},"up":{"uv":[11.375,0.625,11.5,0.75],"texture":"#0"},"down":{"uv":[11.375,1.125,11.5,1.25],"texture":"#0"}}},{"name":"valhakyra_4","from":[7.6875,15,7.96875],"to":[7.8125,15.5,8.03125],"rotation":{"angle":0,"axis":"y","origin":[4.0625,0,7.9375]},"faces":{"north":{"uv":[9,1,8.875,1.5],"texture":"#0"},"east":{"uv":[8.875,1,9,1.5],"texture":"#0"},"south":{"uv":[8.875,1,9,1.5],"texture":"#0"},"west":{"uv":[8.875,1,9,1.5],"texture":"#0"},"up":{"uv":[8.875,1,9,1.125],"texture":"#0"},"down":{"uv":[8.875,1.375,9,1.5],"texture":"#0"}}},{"name":"valhakyra_5","from":[8.1875,15,7.96875],"to":[8.3125,15.5,8.03125],"rotation":{"angle":0,"axis":"y","origin":[4.0625,0,7.9375]},"faces":{"north":{"uv":[9.5,1,9.375,1.5],"texture":"#0"},"east":{"uv":[9.375,1,9.5,1.5],"texture":"#0"},"south":{"uv":[9.375,1,9.5,1.5],"texture":"#0"},"west":{"uv":[9.375,1,9.5,1.5],"texture":"#0"},"up":{"uv":[9.375,1,9.5,1.125],"texture":"#0"},"down":{"uv":[9.375,1.375,9.5,1.5],"texture":"#0"}}},{"name":"valhakyra_6","from":[7.8125,14.875,7.9375],"to":[7.9375,15.375,8.0625],"rotation":{"angle":0,"axis":"y","origin":[4.0625,0,7.9375]},"faces":{"north":{"uv":[11.375,1.125,11.25,1.625],"texture":"#0"},"east":{"uv":[11.25,1.125,11.375,1.625],"texture":"#0"},"south":{"uv":[11.25,1.125,11.375,1.625],"texture":"#0"},"west":{"uv":[11.25,1.125,11.375,1.625],"texture":"#0"},"up":{"uv":[11.25,1.125,11.375,1.25],"texture":"#0"},"down":{"uv":[11.25,1.5,11.375,1.625],"texture":"#0"}}},{"name":"valhakyra_7","from":[8.0625,14.875,7.9375],"to":[8.1875,15.375,8.0625],"rotation":{"angle":0,"axis":"y","origin":[4.0625,0,7.9375]},"faces":{"north":{"uv":[11.625,1.125,11.5,1.625],"texture":"#0"},"east":{"uv":[11.5,1.125,11.625,1.625],"texture":"#0"},"south":{"uv":[11.5,1.125,11.625,1.625],"texture":"#0"},"west":{"uv":[11.5,1.125,11.625,1.625],"texture":"#0"},"up":{"uv":[11.5,1.125,11.625,1.25],"texture":"#0"},"down":{"uv":[11.5,1.5,11.625,1.625],"texture":"#0"}}},{"name":"valhakyra_8","from":[7.9375,5.75,7.90625],"to":[8.0625,15.25,8.09375],"rotation":{"angle":0,"axis":"y","origin":[4.0625,0,7.9375]},"faces":{"north":{"uv":[13.75,1.25,13.625,10.75],"texture":"#0"},"east":{"uv":[13.625,1.25,13.75,10.75],"texture":"#0"},"south":{"uv":[13.625,1.25,13.75,10.75],"texture":"#0"},"west":{"uv":[13.625,1.25,13.75,10.75],"texture":"#0"},"up":{"uv":[13.625,1.25,13.75,1.375],"texture":"#0"},"down":{"uv":[13.625,10.625,13.75,10.75],"texture":"#0"}}},{"name":"valhakyra_9","from":[7.5625,14.5,7.96875],"to":[7.6875,15.125,8.03125],"rotation":{"angle":0,"axis":"y","origin":[4.0625,0,7.9375]},"faces":{"north":{"uv":[8.875,1.375,8.75,2],"texture":"#0"},"east":{"uv":[8.75,1.375,8.875,2],"texture":"#0"},"south":{"uv":[8.75,1.375,8.875,2],"texture":"#0"},"west":{"uv":[8.75,1.375,8.875,2],"texture":"#0"},"up":{"uv":[8.75,1.375,8.875,1.5],"texture":"#0"},"down":{"uv":[8.75,1.875,8.875,2],"texture":"#0"}}},{"name":"valhakyra_10","from":[8.3125,14.5,7.96875],"to":[8.4375,15.125,8.03125],"rotation":{"angle":0,"axis":"y","origin":[4.0625,0,7.9375]},"faces":{"north":{"uv":[9.625,1.375,9.5,2],"texture":"#0"},"east":{"uv":[9.5,1.375,9.625,2],"texture":"#0"},"south":{"uv":[9.5,1.375,9.625,2],"texture":"#0"},"west":{"uv":[9.5,1.375,9.625,2],"texture":"#0"},"up":{"uv":[9.5,1.375,9.625,1.5],"texture":"#0"},"down":{"uv":[9.5,1.875,9.625,2],"texture":"#0"}}},{"name":"valhakyra_11","from":[7.6875,14.375,7.9375],"to":[7.8125,15,8.0625],"rotation":{"angle":0,"axis":"y","origin":[4.0625,0,7.9375]},"faces":{"north":{"uv":[11.25,1.5,11.125,2.125],"texture":"#0"},"east":{"uv":[11.125,1.5,11.25,2.125],"texture":"#0"},"south":{"uv":[11.125,1.5,11.25,2.125],"texture":"#0"},"west":{"uv":[11.125,1.5,11.25,2.125],"texture":"#0"},"up":{"uv":[11.125,1.5,11.25,1.625],"texture":"#0"},"down":{"uv":[11.125,2,11.25,2.125],"texture":"#0"}}},{"name":"valhakyra_12","from":[8.1875,14.375,7.9375],"to":[8.3125,15,8.0625],"rotation":{"angle":0,"axis":"y","origin":[4.0625,0,7.9375]},"faces":{"north":{"uv":[11.75,1.5,11.625,2.125],"texture":"#0"},"east":{"uv":[11.625,1.5,11.75,2.125],"texture":"#0"},"south":{"uv":[11.625,1.5,11.75,2.125],"texture":"#0"},"west":{"uv":[11.625,1.5,11.75,2.125],"texture":"#0"},"up":{"uv":[11.625,1.5,11.75,1.625],"texture":"#0"},"down":{"uv":[11.625,2,11.75,2.125],"texture":"#0"}}},{"name":"valhakyra_13","from":[7.8125,5.875,7.90625],"to":[7.9375,14.875,8.09375],"rotation":{"angle":0,"axis":"y","origin":[4.0625,0,7.9375]},"faces":{"north":{"uv":[13.625,1.625,13.5,10.625],"texture":"#0"},"east":{"uv":[13.5,1.625,13.625,10.625],"texture":"#0"},"south":{"uv":[13.5,1.625,13.625,10.625],"texture":"#0"},"west":{"uv":[13.5,1.625,13.625,10.625],"texture":"#0"},"up":{"uv":[13.5,1.625,13.625,1.75],"texture":"#0"},"down":{"uv":[13.5,10.5,13.625,10.625],"texture":"#0"}}},{"name":"valhakyra_14","from":[8.0625,5.875,7.90625],"to":[8.1875,14.875,8.09375],"rotation":{"angle":0,"axis":"y","origin":[4.0625,0,7.9375]},"faces":{"north":{"uv":[13.875,1.625,13.75,10.625],"texture":"#0"},"east":{"uv":[13.75,1.625,13.875,10.625],"texture":"#0"},"south":{"uv":[13.75,1.625,13.875,10.625],"texture":"#0"},"west":{"uv":[13.75,1.625,13.875,10.625],"texture":"#0"},"up":{"uv":[13.75,1.625,13.875,1.75],"texture":"#0"},"down":{"uv":[13.75,10.5,13.875,10.625],"texture":"#0"}}},{"name":"valhakyra_15","from":[7.4375,7.375,7.96875],"to":[7.5625,14.625,8.03125],"rotation":{"angle":0,"axis":"y","origin":[4.0625,0,7.9375]},"faces":{"north":{"uv":[8.75,1.875,8.625,9.125],"texture":"#0"},"east":{"uv":[8.625,1.875,8.75,9.125],"texture":"#0"},"south":{"uv":[8.625,1.875,8.75,9.125],"texture":"#0"},"west":{"uv":[8.625,1.875,8.75,9.125],"texture":"#0"},"up":{"uv":[8.625,1.875,8.75,2],"texture":"#0"},"down":{"uv":[8.625,9,8.75,9.125],"texture":"#0"}}},{"name":"valhakyra_16","from":[8.4375,7.375,7.96875],"to":[8.5625,14.625,8.03125],"rotation":{"angle":0,"axis":"y","origin":[4.0625,0,7.9375]},"faces":{"north":{"uv":[9.75,1.875,9.625,9.125],"texture":"#0"},"east":{"uv":[9.625,1.875,9.75,9.125],"texture":"#0"},"south":{"uv":[9.625,1.875,9.75,9.125],"texture":"#0"},"west":{"uv":[9.625,1.875,9.75,9.125],"texture":"#0"},"up":{"uv":[9.625,1.875,9.75,2],"texture":"#0"},"down":{"uv":[9.625,9,9.75,9.125],"texture":"#0"}}},{"name":"valhakyra_17","from":[7.5625,7.375,7.9375],"to":[7.6875,14.5,8.0625],"rotation":{"angle":0,"axis":"y","origin":[4.0625,0,7.9375]},"faces":{"north":{"uv":[11.125,2,11,9.125],"texture":"#0"},"east":{"uv":[11,2,11.125,9.125],"texture":"#0"},"south":{"uv":[11,2,11.125,9.125],"texture":"#0"},"west":{"uv":[11,2,11.125,9.125],"texture":"#0"},"up":{"uv":[11,2,11.125,2.125],"texture":"#0"},"down":{"uv":[11,9,11.125,9.125],"texture":"#0"}}},{"name":"valhakyra_18","from":[8.3125,7.375,7.9375],"to":[8.4375,14.5,8.0625],"rotation":{"angle":0,"axis":"y","origin":[4.0625,0,7.9375]},"faces":{"north":{"uv":[11.875,2,11.75,9.125],"texture":"#0"},"east":{"uv":[11.75,2,11.875,9.125],"texture":"#0"},"south":{"uv":[11.75,2,11.875,9.125],"texture":"#0"},"west":{"uv":[11.75,2,11.875,9.125],"texture":"#0"},"up":{"uv":[11.75,2,11.875,2.125],"texture":"#0"},"down":{"uv":[11.75,9,11.875,9.125],"texture":"#0"}}},{"name":"valhakyra_19","from":[7.6875,7.5,7.90625],"to":[7.8125,14.375,8.09375],"rotation":{"angle":0,"axis":"y","origin":[4.0625,0,7.9375]},"faces":{"north":{"uv":[13.5,2.125,13.375,9],"texture":"#0"},"east":{"uv":[13.375,2.125,13.5,9],"texture":"#0"},"south":{"uv":[13.375,2.125,13.5,9],"texture":"#0"},"west":{"uv":[13.375,2.125,13.5,9],"texture":"#0"},"up":{"uv":[13.375,2.125,13.5,2.25],"texture":"#0"},"down":{"uv":[13.375,8.875,13.5,9],"texture":"#0"}}},{"name":"valhakyra_20","from":[8.1875,7.5,7.90625],"to":[8.3125,14.375,8.09375],"rotation":{"angle":0,"axis":"y","origin":[4.0625,0,7.9375]},"faces":{"north":{"uv":[14,2.125,13.875,9],"texture":"#0"},"east":{"uv":[13.875,2.125,14,9],"texture":"#0"},"south":{"uv":[13.875,2.125,14,9],"texture":"#0"},"west":{"uv":[13.875,2.125,14,9],"texture":"#0"},"up":{"uv":[13.875,2.125,14,2.25],"texture":"#0"},"down":{"uv":[13.875,8.875,14,9],"texture":"#0"}}},{"name":"valhakyra_21","from":[7.6875,5.875,7.8125],"to":[7.8125,7.5,8.1875],"rotation":{"angle":0,"axis":"y","origin":[4.0625,0,7.9375]},"faces":{"north":{"uv":[3.75,8,3.625,9.625],"texture":"#0"},"east":{"uv":[3.625,8,3.75,9.625],"texture":"#0"},"south":{"uv":[3.625,8,3.75,9.625],"texture":"#0"},"west":{"uv":[3.625,8,3.75,9.625],"texture":"#0"},"up":{"uv":[3.625,8,3.75,8.125],"texture":"#0"},"down":{"uv":[3.625,9.5,3.75,9.625],"texture":"#0"}}},{"name":"valhakyra_22","from":[8.1875,5.875,7.8125],"to":[8.3125,7.5,8.1875],"rotation":{"angle":0,"axis":"y","origin":[4.0625,0,7.9375]},"faces":{"north":{"uv":[4.25,8,4.125,9.625],"texture":"#0"},"east":{"uv":[4.125,8,4.25,9.625],"texture":"#0"},"south":{"uv":[4.125,8,4.25,9.625],"texture":"#0"},"west":{"uv":[4.125,8,4.25,9.625],"texture":"#0"},"up":{"uv":[4.125,8,4.25,8.125],"texture":"#0"},"down":{"uv":[4.125,9.5,4.25,9.625],"texture":"#0"}}},{"name":"valhakyra_23","from":[7.3125,8,7.96875],"to":[7.4375,8.25,8.03125],"rotation":{"angle":0,"axis":"y","origin":[4.0625,0,7.9375]},"faces":{"north":{"uv":[8.625,8.25,8.5,8.5],"texture":"#0"},"east":{"uv":[8.5,8.25,8.625,8.5],"texture":"#0"},"south":{"uv":[8.5,8.25,8.625,8.5],"texture":"#0"},"west":{"uv":[8.5,8.25,8.625,8.5],"texture":"#0"},"up":{"uv":[8.5,8.25,8.625,8.375],"texture":"#0"},"down":{"uv":[8.5,8.375,8.625,8.5],"texture":"#0"}}},{"name":"valhakyra_24","from":[8.5625,8,7.96875],"to":[8.6875,8.25,8.03125],"rotation":{"angle":0,"axis":"y","origin":[4.0625,0,7.9375]},"faces":{"north":{"uv":[9.875,8.25,9.75,8.5],"texture":"#0"},"east":{"uv":[9.75,8.25,9.875,8.5],"texture":"#0"},"south":{"uv":[9.75,8.25,9.875,8.5],"texture":"#0"},"west":{"uv":[9.75,8.25,9.875,8.5],"texture":"#0"},"up":{"uv":[9.75,8.25,9.875,8.375],"texture":"#0"},"down":{"uv":[9.75,8.375,9.875,8.5],"texture":"#0"}}},{"name":"valhakyra_25","from":[7.1875,8,7.96875],"to":[7.3125,8.125,8.03125],"rotation":{"angle":0,"axis":"y","origin":[4.0625,0,7.9375]},"faces":{"north":{"uv":[8.5,8.375,8.375,8.5],"texture":"#0"},"east":{"uv":[8.375,8.375,8.5,8.5],"texture":"#0"},"south":{"uv":[8.375,8.375,8.5,8.5],"texture":"#0"},"west":{"uv":[8.375,8.375,8.5,8.5],"texture":"#0"},"up":{"uv":[8.375,8.375,8.5,8.5],"texture":"#0"},"down":{"uv":[8.375,8.375,8.5,8.5],"texture":"#0"}}},{"name":"valhakyra_26","from":[8.6875,8,7.96875],"to":[8.8125,8.125,8.03125],"rotation":{"angle":0,"axis":"y","origin":[4.0625,0,7.9375]},"faces":{"north":{"uv":[10,8.375,9.875,8.5],"texture":"#0"},"east":{"uv":[9.875,8.375,10,8.5],"texture":"#0"},"south":{"uv":[9.875,8.375,10,8.5],"texture":"#0"},"west":{"uv":[9.875,8.375,10,8.5],"texture":"#0"},"up":{"uv":[9.875,8.375,10,8.5],"texture":"#0"},"down":{"uv":[9.875,8.375,10,8.5],"texture":"#0"}}},{"name":"valhakyra_27","from":[7.1875,6.25,7.875],"to":[7.3125,6.875,8.125],"rotation":{"angle":0,"axis":"y","origin":[4.0625,0,7.9375]},"faces":{"north":{"uv":[3.25,8.625,3.125,9.25],"texture":"#0"},"east":{"uv":[3.125,8.625,3.25,9.25],"texture":"#0"},"south":{"uv":[3.125,8.625,3.25,9.25],"texture":"#0"},"west":{"uv":[3.125,8.625,3.25,9.25],"texture":"#0"},"up":{"uv":[3.125,8.625,3.25,8.75],"texture":"#0"},"down":{"uv":[3.125,9.125,3.25,9.25],"texture":"#0"}}},{"name":"valhakyra_28","from":[8.6875,6.25,7.875],"to":[8.8125,6.875,8.125],"rotation":{"angle":0,"axis":"y","origin":[4.0625,0,7.9375]},"faces":{"north":{"uv":[4.75,8.625,4.625,9.25],"texture":"#0"},"east":{"uv":[4.625,8.625,4.75,9.25],"texture":"#0"},"south":{"uv":[4.625,8.625,4.75,9.25],"texture":"#0"},"west":{"uv":[4.625,8.625,4.75,9.25],"texture":"#0"},"up":{"uv":[4.625,8.625,4.75,8.75],"texture":"#0"},"down":{"uv":[4.625,9.125,4.75,9.25],"texture":"#0"}}},{"name":"valhakyra_29","from":[6.4375,5.875,7.96875],"to":[6.5625,6.25,8.03125],"rotation":{"angle":0,"axis":"y","origin":[4.0625,0,7.9375]},"faces":{"north":{"uv":[2.5,8.75,2.375,9.125],"texture":"#0"},"east":{"uv":[2.375,8.75,2.5,9.125],"texture":"#0"},"south":{"uv":[2.375,8.75,2.5,9.125],"texture":"#0"},"west":{"uv":[2.375,8.75,2.5,9.125],"texture":"#0"},"up":{"uv":[2.375,8.75,2.5,8.875],"texture":"#0"},"down":{"uv":[2.375,9,2.5,9.125],"texture":"#0"}}},{"name":"valhakyra_30","from":[9.4375,5.875,7.96875],"to":[9.5625,6.25,8.03125],"rotation":{"angle":0,"axis":"y","origin":[4.0625,0,7.9375]},"faces":{"north":{"uv":[5.5,8.75,5.375,9.125],"texture":"#0"},"east":{"uv":[5.375,8.75,5.5,9.125],"texture":"#0"},"south":{"uv":[5.375,8.75,5.5,9.125],"texture":"#0"},"west":{"uv":[5.375,8.75,5.5,9.125],"texture":"#0"},"up":{"uv":[5.375,8.75,5.5,8.875],"texture":"#0"},"down":{"uv":[5.375,9,5.5,9.125],"texture":"#0"}}},{"name":"valhakyra_31","from":[7.0625,6.375,7.875],"to":[7.1875,6.625,8.125],"rotation":{"angle":0,"axis":"y","origin":[4.0625,0,7.9375]},"faces":{"north":{"uv":[3.125,8.875,3,9.125],"texture":"#0"},"east":{"uv":[3,8.875,3.125,9.125],"texture":"#0"},"south":{"uv":[3,8.875,3.125,9.125],"texture":"#0"},"west":{"uv":[3,8.875,3.125,9.125],"texture":"#0"},"up":{"uv":[3,8.875,3.125,9],"texture":"#0"},"down":{"uv":[3,9,3.125,9.125],"texture":"#0"}}},{"name":"valhakyra_32","from":[8.8125,6.375,7.875],"to":[8.9375,6.625,8.125],"rotation":{"angle":0,"axis":"y","origin":[4.0625,0,7.9375]},"faces":{"north":{"uv":[4.875,8.875,4.75,9.125],"texture":"#0"},"east":{"uv":[4.75,8.875,4.875,9.125],"texture":"#0"},"south":{"uv":[4.75,8.875,4.875,9.125],"texture":"#0"},"west":{"uv":[4.75,8.875,4.875,9.125],"texture":"#0"},"up":{"uv":[4.75,8.875,4.875,9],"texture":"#0"},"down":{"uv":[4.75,9,4.875,9.125],"texture":"#0"}}},{"name":"valhakyra_33","from":[6.3125,5.75,7.96875],"to":[6.4375,6,8.03125],"rotation":{"angle":0,"axis":"y","origin":[4.0625,0,7.9375]},"faces":{"north":{"uv":[2.375,9,2.25,9.25],"texture":"#0"},"east":{"uv":[2.25,9,2.375,9.25],"texture":"#0"},"south":{"uv":[2.25,9,2.375,9.25],"texture":"#0"},"west":{"uv":[2.25,9,2.375,9.25],"texture":"#0"},"up":{"uv":[2.25,9,2.375,9.125],"texture":"#0"},"down":{"uv":[2.25,9.125,2.375,9.25],"texture":"#0"}}},{"name":"valhakyra_34","from":[6.9375,6.375,7.875],"to":[7.0625,6.5,8.125],"rotation":{"angle":0,"axis":"y","origin":[4.0625,0,7.9375]},"faces":{"north":{"uv":[3,9,2.875,9.125],"texture":"#0"},"east":{"uv":[2.875,9,3,9.125],"texture":"#0"},"south":{"uv":[2.875,9,3,9.125],"texture":"#0"},"west":{"uv":[2.875,9,3,9.125],"texture":"#0"},"up":{"uv":[2.875,9,3,9.125],"texture":"#0"},"down":{"uv":[2.875,9,3,9.125],"texture":"#0"}}},{"name":"valhakyra_35","from":[7.3125,6.25,7.875],"to":[7.4375,6.5,8.125],"rotation":{"angle":0,"axis":"y","origin":[4.0625,0,7.9375]},"faces":{"north":{"uv":[3.375,9,3.25,9.25],"texture":"#0"},"east":{"uv":[3.25,9,3.375,9.25],"texture":"#0"},"south":{"uv":[3.25,9,3.375,9.25],"texture":"#0"},"west":{"uv":[3.25,9,3.375,9.25],"texture":"#0"},"up":{"uv":[3.25,9,3.375,9.125],"texture":"#0"},"down":{"uv":[3.25,9.125,3.375,9.25],"texture":"#0"}}},{"name":"valhakyra_36","from":[7.5625,5.75,7.8125],"to":[7.6875,6.5,8.1875],"rotation":{"angle":0,"axis":"y","origin":[4.0625,0,7.9375]},"faces":{"north":{"uv":[3.625,9,3.5,9.75],"texture":"#0"},"east":{"uv":[3.5,9,3.625,9.75],"texture":"#0"},"south":{"uv":[3.5,9,3.625,9.75],"texture":"#0"},"west":{"uv":[3.5,9,3.625,9.75],"texture":"#0"},"up":{"uv":[3.5,9,3.625,9.125],"texture":"#0"},"down":{"uv":[3.5,9.625,3.625,9.75],"texture":"#0"}}},{"name":"valhakyra_37","from":[8.3125,5.75,7.8125],"to":[8.4375,6.5,8.1875],"rotation":{"angle":0,"axis":"y","origin":[4.0625,0,7.9375]},"faces":{"north":{"uv":[4.375,9,4.25,9.75],"texture":"#0"},"east":{"uv":[4.25,9,4.375,9.75],"texture":"#0"},"south":{"uv":[4.25,9,4.375,9.75],"texture":"#0"},"west":{"uv":[4.25,9,4.375,9.75],"texture":"#0"},"up":{"uv":[4.25,9,4.375,9.125],"texture":"#0"},"down":{"uv":[4.25,9.625,4.375,9.75],"texture":"#0"}}},{"name":"valhakyra_38","from":[8.5625,6.25,7.875],"to":[8.6875,6.5,8.125],"rotation":{"angle":0,"axis":"y","origin":[4.0625,0,7.9375]},"faces":{"north":{"uv":[4.625,9,4.5,9.25],"texture":"#0"},"east":{"uv":[4.5,9,4.625,9.25],"texture":"#0"},"south":{"uv":[4.5,9,4.625,9.25],"texture":"#0"},"west":{"uv":[4.5,9,4.625,9.25],"texture":"#0"},"up":{"uv":[4.5,9,4.625,9.125],"texture":"#0"},"down":{"uv":[4.5,9.125,4.625,9.25],"texture":"#0"}}},{"name":"valhakyra_39","from":[8.9375,6.375,7.875],"to":[9.0625,6.5,8.125],"rotation":{"angle":0,"axis":"y","origin":[4.0625,0,7.9375]},"faces":{"north":{"uv":[5,9,4.875,9.125],"texture":"#0"},"east":{"uv":[4.875,9,5,9.125],"texture":"#0"},"south":{"uv":[4.875,9,5,9.125],"texture":"#0"},"west":{"uv":[4.875,9,5,9.125],"texture":"#0"},"up":{"uv":[4.875,9,5,9.125],"texture":"#0"},"down":{"uv":[4.875,9,5,9.125],"texture":"#0"}}},{"name":"valhakyra_40","from":[9.5625,5.75,7.96875],"to":[9.6875,6,8.03125],"rotation":{"angle":0,"axis":"y","origin":[4.0625,0,7.9375]},"faces":{"north":{"uv":[5.625,9,5.5,9.25],"texture":"#0"},"east":{"uv":[5.5,9,5.625,9.25],"texture":"#0"},"south":{"uv":[5.5,9,5.625,9.25],"texture":"#0"},"west":{"uv":[5.5,9,5.625,9.25],"texture":"#0"},"up":{"uv":[5.5,9,5.625,9.125],"texture":"#0"},"down":{"uv":[5.5,9.125,5.625,9.25],"texture":"#0"}}},{"name":"valhakyra_41","from":[7.3125,7.125,7.96875],"to":[7.4375,7.5,8.03125],"rotation":{"angle":0,"axis":"y","origin":[4.0625,0,7.9375]},"faces":{"north":{"uv":[8.625,9,8.5,9.375],"texture":"#0"},"east":{"uv":[8.5,9,8.625,9.375],"texture":"#0"},"south":{"uv":[8.5,9,8.625,9.375],"texture":"#0"},"west":{"uv":[8.5,9,8.625,9.375],"texture":"#0"},"up":{"uv":[8.5,9,8.625,9.125],"texture":"#0"},"down":{"uv":[8.5,9.25,8.625,9.375],"texture":"#0"}}},{"name":"valhakyra_42","from":[8.5625,7.125,7.96875],"to":[8.6875,7.5,8.03125],"rotation":{"angle":0,"axis":"y","origin":[4.0625,0,7.9375]},"faces":{"north":{"uv":[9.875,9,9.75,9.375],"texture":"#0"},"east":{"uv":[9.75,9,9.875,9.375],"texture":"#0"},"south":{"uv":[9.75,9,9.875,9.375],"texture":"#0"},"west":{"uv":[9.75,9,9.875,9.375],"texture":"#0"},"up":{"uv":[9.75,9,9.875,9.125],"texture":"#0"},"down":{"uv":[9.75,9.25,9.875,9.375],"texture":"#0"}}},{"name":"valhakyra_43","from":[6.1875,5.625,7.96875],"to":[6.3125,5.875,8.03125],"rotation":{"angle":0,"axis":"y","origin":[4.0625,0,7.9375]},"faces":{"north":{"uv":[2.25,9.125,2.125,9.375],"texture":"#0"},"east":{"uv":[2.125,9.125,2.25,9.375],"texture":"#0"},"south":{"uv":[2.125,9.125,2.25,9.375],"texture":"#0"},"west":{"uv":[2.125,9.125,2.25,9.375],"texture":"#0"},"up":{"uv":[2.125,9.125,2.25,9.25],"texture":"#0"},"down":{"uv":[2.125,9.25,2.25,9.375],"texture":"#0"}}},{"name":"valhakyra_44","from":[9.6875,5.625,7.96875],"to":[9.8125,5.875,8.03125],"rotation":{"angle":0,"axis":"y","origin":[4.0625,0,7.9375]},"faces":{"north":{"uv":[5.75,9.125,5.625,9.375],"texture":"#0"},"east":{"uv":[5.625,9.125,5.75,9.375],"texture":"#0"},"south":{"uv":[5.625,9.125,5.75,9.375],"texture":"#0"},"west":{"uv":[5.625,9.125,5.75,9.375],"texture":"#0"},"up":{"uv":[5.625,9.125,5.75,9.25],"texture":"#0"},"down":{"uv":[5.625,9.25,5.75,9.375],"texture":"#0"}}},{"name":"valhakyra_45","from":[7.4375,7,7.9375],"to":[7.5625,7.375,8.0625],"rotation":{"angle":0,"axis":"y","origin":[4.0625,0,7.9375]},"faces":{"north":{"uv":[11,9.125,10.875,9.5],"texture":"#0"},"east":{"uv":[10.875,9.125,11,9.5],"texture":"#0"},"south":{"uv":[10.875,9.125,11,9.5],"texture":"#0"},"west":{"uv":[10.875,9.125,11,9.5],"texture":"#0"},"up":{"uv":[10.875,9.125,11,9.25],"texture":"#0"},"down":{"uv":[10.875,9.375,11,9.5],"texture":"#0"}}},{"name":"valhakyra_46","from":[8.4375,7,7.9375],"to":[8.5625,7.375,8.0625],"rotation":{"angle":0,"axis":"y","origin":[4.0625,0,7.9375]},"faces":{"north":{"uv":[12,9.125,11.875,9.5],"texture":"#0"},"east":{"uv":[11.875,9.125,12,9.5],"texture":"#0"},"south":{"uv":[11.875,9.125,12,9.5],"texture":"#0"},"west":{"uv":[11.875,9.125,12,9.5],"texture":"#0"},"up":{"uv":[11.875,9.125,12,9.25],"texture":"#0"},"down":{"uv":[11.875,9.375,12,9.5],"texture":"#0"}}},{"name":"valhakyra_47","from":[7.5625,6.5,7.90625],"to":[7.6875,7.375,8.09375],"rotation":{"angle":0,"axis":"y","origin":[4.0625,0,7.9375]},"faces":{"north":{"uv":[13.375,9.125,13.25,10],"texture":"#0"},"east":{"uv":[13.25,9.125,13.375,10],"texture":"#0"},"south":{"uv":[13.25,9.125,13.375,10],"texture":"#0"},"west":{"uv":[13.25,9.125,13.375,10],"texture":"#0"},"up":{"uv":[13.25,9.125,13.375,9.25],"texture":"#0"},"down":{"uv":[13.25,9.875,13.375,10],"texture":"#0"}}},{"name":"valhakyra_48","from":[8.3125,6.5,7.90625],"to":[8.4375,7.375,8.09375],"rotation":{"angle":0,"axis":"y","origin":[4.0625,0,7.9375]},"faces":{"north":{"uv":[14.125,9.125,14,10],"texture":"#0"},"east":{"uv":[14,9.125,14.125,10],"texture":"#0"},"south":{"uv":[14,9.125,14.125,10],"texture":"#0"},"west":{"uv":[14,9.125,14.125,10],"texture":"#0"},"up":{"uv":[14,9.125,14.125,9.25],"texture":"#0"},"down":{"uv":[14,9.875,14.125,10],"texture":"#0"}}},{"name":"valhakyra_49","from":[5.9375,5.375,7.96875],"to":[6.1875,5.75,8.03125],"rotation":{"angle":0,"axis":"y","origin":[4.0625,0,7.9375]},"faces":{"north":{"uv":[2.125,9.25,1.875,9.625],"texture":"#0"},"east":{"uv":[2,9.25,2.125,9.625],"texture":"#0"},"south":{"uv":[1.875,9.25,2.125,9.625],"texture":"#0"},"west":{"uv":[1.875,9.25,2,9.625],"texture":"#0"},"up":{"uv":[1.875,9.25,2.125,9.375],"texture":"#0"},"down":{"uv":[1.875,9.5,2.125,9.625],"texture":"#0"}}},{"name":"valhakyra_50","from":[9.8125,5.375,7.96875],"to":[10.0625,5.75,8.03125],"rotation":{"angle":0,"axis":"y","origin":[4.0625,0,7.9375]},"faces":{"north":{"uv":[6,9.25,5.75,9.625],"texture":"#0"},"east":{"uv":[5.875,9.25,6,9.625],"texture":"#0"},"south":{"uv":[5.75,9.25,6,9.625],"texture":"#0"},"west":{"uv":[5.75,9.25,5.875,9.625],"texture":"#0"},"up":{"uv":[5.75,9.25,6,9.375],"texture":"#0"},"down":{"uv":[5.75,9.5,6,9.625],"texture":"#0"}}},{"name":"valhakyra_51","from":[7.1875,6.875,7.96875],"to":[7.3125,7.25,8.03125],"rotation":{"angle":0,"axis":"y","origin":[4.0625,0,7.9375]},"faces":{"north":{"uv":[8.5,9.25,8.375,9.625],"texture":"#0"},"east":{"uv":[8.375,9.25,8.5,9.625],"texture":"#0"},"south":{"uv":[8.375,9.25,8.5,9.625],"texture":"#0"},"west":{"uv":[8.375,9.25,8.5,9.625],"texture":"#0"},"up":{"uv":[8.375,9.25,8.5,9.375],"texture":"#0"},"down":{"uv":[8.375,9.5,8.5,9.625],"texture":"#0"}}},{"name":"valhakyra_52","from":[8.6875,6.875,7.96875],"to":[8.8125,7.25,8.03125],"rotation":{"angle":0,"axis":"y","origin":[4.0625,0,7.9375]},"faces":{"north":{"uv":[10,9.25,9.875,9.625],"texture":"#0"},"east":{"uv":[9.875,9.25,10,9.625],"texture":"#0"},"south":{"uv":[9.875,9.25,10,9.625],"texture":"#0"},"west":{"uv":[9.875,9.25,10,9.625],"texture":"#0"},"up":{"uv":[9.875,9.25,10,9.375],"texture":"#0"},"down":{"uv":[9.875,9.5,10,9.625],"texture":"#0"}}},{"name":"valhakyra_53","from":[5.4375,5.375,7.96875],"to":[5.9375,5.625,8.03125],"rotation":{"angle":0,"axis":"y","origin":[4.0625,0,7.9375]},"faces":{"north":{"uv":[1.875,9.375,1.375,9.625],"texture":"#0"},"east":{"uv":[1.75,9.375,1.875,9.625],"texture":"#0"},"south":{"uv":[1.375,9.375,1.875,9.625],"texture":"#0"},"west":{"uv":[1.375,9.375,1.5,9.625],"texture":"#0"},"up":{"uv":[1.375,9.375,1.875,9.5],"texture":"#0"},"down":{"uv":[1.375,9.5,1.875,9.625],"texture":"#0"}}},{"name":"valhakyra_54","from":[10.0625,5.375,7.96875],"to":[10.5625,5.625,8.03125],"rotation":{"angle":0,"axis":"y","origin":[4.0625,0,7.9375]},"faces":{"north":{"uv":[6.5,9.375,6,9.625],"texture":"#0"},"east":{"uv":[6.375,9.375,6.5,9.625],"texture":"#0"},"south":{"uv":[6,9.375,6.5,9.625],"texture":"#0"},"west":{"uv":[6,9.375,6.125,9.625],"texture":"#0"},"up":{"uv":[6,9.375,6.5,9.5],"texture":"#0"},"down":{"uv":[6,9.5,6.5,9.625],"texture":"#0"}}},{"name":"valhakyra_55","from":[7.0625,6.875,7.96875],"to":[7.1875,7.125,8.03125],"rotation":{"angle":0,"axis":"y","origin":[4.0625,0,7.9375]},"faces":{"north":{"uv":[8.375,9.375,8.25,9.625],"texture":"#0"},"east":{"uv":[8.25,9.375,8.375,9.625],"texture":"#0"},"south":{"uv":[8.25,9.375,8.375,9.625],"texture":"#0"},"west":{"uv":[8.25,9.375,8.375,9.625],"texture":"#0"},"up":{"uv":[8.25,9.375,8.375,9.5],"texture":"#0"},"down":{"uv":[8.25,9.5,8.375,9.625],"texture":"#0"}}},{"name":"valhakyra_56","from":[8.8125,6.875,7.96875],"to":[8.9375,7.125,8.03125],"rotation":{"angle":0,"axis":"y","origin":[4.0625,0,7.9375]},"faces":{"north":{"uv":[10.125,9.375,10,9.625],"texture":"#0"},"east":{"uv":[10,9.375,10.125,9.625],"texture":"#0"},"south":{"uv":[10,9.375,10.125,9.625],"texture":"#0"},"west":{"uv":[10,9.375,10.125,9.625],"texture":"#0"},"up":{"uv":[10,9.375,10.125,9.5],"texture":"#0"},"down":{"uv":[10,9.5,10.125,9.625],"texture":"#0"}}},{"name":"valhakyra_57","from":[7.3125,6.625,7.9375],"to":[7.4375,7.125,8.0625],"rotation":{"angle":0,"axis":"y","origin":[4.0625,0,7.9375]},"faces":{"north":{"uv":[10.875,9.375,10.75,9.875],"texture":"#0"},"east":{"uv":[10.75,9.375,10.875,9.875],"texture":"#0"},"south":{"uv":[10.75,9.375,10.875,9.875],"texture":"#0"},"west":{"uv":[10.75,9.375,10.875,9.875],"texture":"#0"},"up":{"uv":[10.75,9.375,10.875,9.5],"texture":"#0"},"down":{"uv":[10.75,9.75,10.875,9.875],"texture":"#0"}}},{"name":"valhakyra_58","from":[8.5625,6.625,7.9375],"to":[8.6875,7.125,8.0625],"rotation":{"angle":0,"axis":"y","origin":[4.0625,0,7.9375]},"faces":{"north":{"uv":[12.125,9.375,12,9.875],"texture":"#0"},"east":{"uv":[12,9.375,12.125,9.875],"texture":"#0"},"south":{"uv":[12,9.375,12.125,9.875],"texture":"#0"},"west":{"uv":[12,9.375,12.125,9.875],"texture":"#0"},"up":{"uv":[12,9.375,12.125,9.5],"texture":"#0"},"down":{"uv":[12,9.75,12.125,9.875],"texture":"#0"}}},{"name":"valhakyra_59","from":[5.1875,5.375,7.96875],"to":[5.4375,5.5,8.03125],"rotation":{"angle":0,"axis":"y","origin":[4.0625,0,7.9375]},"faces":{"north":{"uv":[1.375,9.5,1.125,9.625],"texture":"#0"},"east":{"uv":[1.25,9.5,1.375,9.625],"texture":"#0"},"south":{"uv":[1.125,9.5,1.375,9.625],"texture":"#0"},"west":{"uv":[1.125,9.5,1.25,9.625],"texture":"#0"},"up":{"uv":[1.125,9.5,1.375,9.625],"texture":"#0"},"down":{"uv":[1.125,9.5,1.375,9.625],"texture":"#0"}}},{"name":"valhakyra_60","from":[6.1875,5.125,7.96875],"to":[6.3125,5.5,8.03125],"rotation":{"angle":0,"axis":"y","origin":[4.0625,0,7.9375]},"faces":{"north":{"uv":[2.25,9.5,2.125,9.875],"texture":"#0"},"east":{"uv":[2.125,9.5,2.25,9.875],"texture":"#0"},"south":{"uv":[2.125,9.5,2.25,9.875],"texture":"#0"},"west":{"uv":[2.125,9.5,2.25,9.875],"texture":"#0"},"up":{"uv":[2.125,9.5,2.25,9.625],"texture":"#0"},"down":{"uv":[2.125,9.75,2.25,9.875],"texture":"#0"}}},{"name":"valhakyra_61","from":[9.6875,5.125,7.96875],"to":[9.8125,5.5,8.03125],"rotation":{"angle":0,"axis":"y","origin":[4.0625,0,7.9375]},"faces":{"north":{"uv":[5.75,9.5,5.625,9.875],"texture":"#0"},"east":{"uv":[5.625,9.5,5.75,9.875],"texture":"#0"},"south":{"uv":[5.625,9.5,5.75,9.875],"texture":"#0"},"west":{"uv":[5.625,9.5,5.75,9.875],"texture":"#0"},"up":{"uv":[5.625,9.5,5.75,9.625],"texture":"#0"},"down":{"uv":[5.625,9.75,5.75,9.875],"texture":"#0"}}},{"name":"valhakyra_62","from":[10.5625,5.375,7.96875],"to":[10.8125,5.5,8.03125],"rotation":{"angle":0,"axis":"y","origin":[4.0625,0,7.9375]},"faces":{"north":{"uv":[6.75,9.5,6.5,9.625],"texture":"#0"},"east":{"uv":[6.625,9.5,6.75,9.625],"texture":"#0"},"south":{"uv":[6.5,9.5,6.75,9.625],"texture":"#0"},"west":{"uv":[6.5,9.5,6.625,9.625],"texture":"#0"},"up":{"uv":[6.5,9.5,6.75,9.625],"texture":"#0"},"down":{"uv":[6.5,9.5,6.75,9.625],"texture":"#0"}}},{"name":"valhakyra_63","from":[6.9375,6.875,7.96875],"to":[7.0625,7,8.03125],"rotation":{"angle":0,"axis":"y","origin":[4.0625,0,7.9375]},"faces":{"north":{"uv":[8.25,9.5,8.125,9.625],"texture":"#0"},"east":{"uv":[8.125,9.5,8.25,9.625],"texture":"#0"},"south":{"uv":[8.125,9.5,8.25,9.625],"texture":"#0"},"west":{"uv":[8.125,9.5,8.25,9.625],"texture":"#0"},"up":{"uv":[8.125,9.5,8.25,9.625],"texture":"#0"},"down":{"uv":[8.125,9.5,8.25,9.625],"texture":"#0"}}},{"name":"valhakyra_64","from":[8.9375,6.875,7.96875],"to":[9.0625,7,8.03125],"rotation":{"angle":0,"axis":"y","origin":[4.0625,0,7.9375]},"faces":{"north":{"uv":[10.25,9.5,10.125,9.625],"texture":"#0"},"east":{"uv":[10.125,9.5,10.25,9.625],"texture":"#0"},"south":{"uv":[10.125,9.5,10.25,9.625],"texture":"#0"},"west":{"uv":[10.125,9.5,10.25,9.625],"texture":"#0"},"up":{"uv":[10.125,9.5,10.25,9.625],"texture":"#0"},"down":{"uv":[10.125,9.5,10.25,9.625],"texture":"#0"}}},{"name":"valhakyra_65","from":[7.4375,5.875,7.90625],"to":[7.5625,7,8.09375],"rotation":{"angle":0,"axis":"y","origin":[4.0625,0,7.9375]},"faces":{"north":{"uv":[13.25,9.5,13.125,10.625],"texture":"#0"},"east":{"uv":[13.125,9.5,13.25,10.625],"texture":"#0"},"south":{"uv":[13.125,9.5,13.25,10.625],"texture":"#0"},"west":{"uv":[13.125,9.5,13.25,10.625],"texture":"#0"},"up":{"uv":[13.125,9.5,13.25,9.625],"texture":"#0"},"down":{"uv":[13.125,10.5,13.25,10.625],"texture":"#0"}}},{"name":"valhakyra_66","from":[8.4375,5.875,7.90625],"to":[8.5625,7,8.09375],"rotation":{"angle":0,"axis":"y","origin":[4.0625,0,7.9375]},"faces":{"north":{"uv":[14.25,9.5,14.125,10.625],"texture":"#0"},"east":{"uv":[14.125,9.5,14.25,10.625],"texture":"#0"},"south":{"uv":[14.125,9.5,14.25,10.625],"texture":"#0"},"west":{"uv":[14.125,9.5,14.25,10.625],"texture":"#0"},"up":{"uv":[14.125,9.5,14.25,9.625],"texture":"#0"},"down":{"uv":[14.125,10.5,14.25,10.625],"texture":"#0"}}},{"name":"valhakyra_67","from":[5.0625,5.25,7.96875],"to":[5.1875,5.375,8.03125],"rotation":{"angle":0,"axis":"y","origin":[4.0625,0,7.9375]},"faces":{"north":{"uv":[1.125,9.625,1,9.75],"texture":"#0"},"east":{"uv":[1,9.625,1.125,9.75],"texture":"#0"},"south":{"uv":[1,9.625,1.125,9.75],"texture":"#0"},"west":{"uv":[1,9.625,1.125,9.75],"texture":"#0"},"up":{"uv":[1,9.625,1.125,9.75],"texture":"#0"},"down":{"uv":[1,9.625,1.125,9.75],"texture":"#0"}}},{"name":"valhakyra_68","from":[6.0625,5.25,7.96875],"to":[6.1875,5.375,8.03125],"rotation":{"angle":0,"axis":"y","origin":[4.0625,0,7.9375]},"faces":{"north":{"uv":[2.125,9.625,2,9.75],"texture":"#0"},"east":{"uv":[2,9.625,2.125,9.75],"texture":"#0"},"south":{"uv":[2,9.625,2.125,9.75],"texture":"#0"},"west":{"uv":[2,9.625,2.125,9.75],"texture":"#0"},"up":{"uv":[2,9.625,2.125,9.75],"texture":"#0"},"down":{"uv":[2,9.625,2.125,9.75],"texture":"#0"}}},{"name":"valhakyra_69","from":[6.3125,5.25,7.96875],"to":[6.6875,5.375,8.03125],"rotation":{"angle":0,"axis":"y","origin":[4.0625,0,7.9375]},"faces":{"north":{"uv":[2.625,9.625,2.25,9.75],"texture":"#0"},"east":{"uv":[2.5,9.625,2.625,9.75],"texture":"#0"},"south":{"uv":[2.25,9.625,2.625,9.75],"texture":"#0"},"west":{"uv":[2.25,9.625,2.375,9.75],"texture":"#0"},"up":{"uv":[2.25,9.625,2.625,9.75],"texture":"#0"},"down":{"uv":[2.25,9.625,2.625,9.75],"texture":"#0"}}},{"name":"valhakyra_70","from":[7.4375,5.625,7.8125],"to":[7.5625,5.875,8.1875],"rotation":{"angle":0,"axis":"y","origin":[4.0625,0,7.9375]},"faces":{"north":{"uv":[3.5,9.625,3.375,9.875],"texture":"#0"},"east":{"uv":[3.375,9.625,3.5,9.875],"texture":"#0"},"south":{"uv":[3.375,9.625,3.5,9.875],"texture":"#0"},"west":{"uv":[3.375,9.625,3.5,9.875],"texture":"#0"},"up":{"uv":[3.375,9.625,3.5,9.75],"texture":"#0"},"down":{"uv":[3.375,9.75,3.5,9.875],"texture":"#0"}}},{"name":"valhakyra_71","from":[8.4375,5.625,7.8125],"to":[8.5625,5.875,8.1875],"rotation":{"angle":0,"axis":"y","origin":[4.0625,0,7.9375]},"faces":{"north":{"uv":[4.5,9.625,4.375,9.875],"texture":"#0"},"east":{"uv":[4.375,9.625,4.5,9.875],"texture":"#0"},"south":{"uv":[4.375,9.625,4.5,9.875],"texture":"#0"},"west":{"uv":[4.375,9.625,4.5,9.875],"texture":"#0"},"up":{"uv":[4.375,9.625,4.5,9.75],"texture":"#0"},"down":{"uv":[4.375,9.75,4.5,9.875],"texture":"#0"}}},{"name":"valhakyra_72","from":[9.3125,5.25,7.96875],"to":[9.6875,5.375,8.03125],"rotation":{"angle":0,"axis":"y","origin":[4.0625,0,7.9375]},"faces":{"north":{"uv":[5.625,9.625,5.25,9.75],"texture":"#0"},"east":{"uv":[5.5,9.625,5.625,9.75],"texture":"#0"},"south":{"uv":[5.25,9.625,5.625,9.75],"texture":"#0"},"west":{"uv":[5.25,9.625,5.375,9.75],"texture":"#0"},"up":{"uv":[5.25,9.625,5.625,9.75],"texture":"#0"},"down":{"uv":[5.25,9.625,5.625,9.75],"texture":"#0"}}},{"name":"valhakyra_73","from":[9.8125,5.25,7.96875],"to":[9.9375,5.375,8.03125],"rotation":{"angle":0,"axis":"y","origin":[4.0625,0,7.9375]},"faces":{"north":{"uv":[5.875,9.625,5.75,9.75],"texture":"#0"},"east":{"uv":[5.75,9.625,5.875,9.75],"texture":"#0"},"south":{"uv":[5.75,9.625,5.875,9.75],"texture":"#0"},"west":{"uv":[5.75,9.625,5.875,9.75],"texture":"#0"},"up":{"uv":[5.75,9.625,5.875,9.75],"texture":"#0"},"down":{"uv":[5.75,9.625,5.875,9.75],"texture":"#0"}}},{"name":"valhakyra_74","from":[10.8125,5.25,7.96875],"to":[10.9375,5.375,8.03125],"rotation":{"angle":0,"axis":"y","origin":[4.0625,0,7.9375]},"faces":{"north":{"uv":[6.875,9.625,6.75,9.75],"texture":"#0"},"east":{"uv":[6.75,9.625,6.875,9.75],"texture":"#0"},"south":{"uv":[6.75,9.625,6.875,9.75],"texture":"#0"},"west":{"uv":[6.75,9.625,6.875,9.75],"texture":"#0"},"up":{"uv":[6.75,9.625,6.875,9.75],"texture":"#0"},"down":{"uv":[6.75,9.625,6.875,9.75],"texture":"#0"}}},{"name":"valhakyra_75","from":[4.9375,5.125,7.96875],"to":[5.0625,5.25,8.03125],"rotation":{"angle":0,"axis":"y","origin":[4.0625,0,7.9375]},"faces":{"north":{"uv":[1,9.75,0.875,9.875],"texture":"#0"},"east":{"uv":[0.875,9.75,1,9.875],"texture":"#0"},"south":{"uv":[0.875,9.75,1,9.875],"texture":"#0"},"west":{"uv":[0.875,9.75,1,9.875],"texture":"#0"},"up":{"uv":[0.875,9.75,1,9.875],"texture":"#0"},"down":{"uv":[0.875,9.75,1,9.875],"texture":"#0"}}},{"name":"valhakyra_76","from":[7.3125,5.5,7.875],"to":[7.4375,5.75,8.125],"rotation":{"angle":0,"axis":"y","origin":[4.0625,0,7.9375]},"faces":{"north":{"uv":[3.375,9.75,3.25,10],"texture":"#0"},"east":{"uv":[3.25,9.75,3.375,10],"texture":"#0"},"south":{"uv":[3.25,9.75,3.375,10],"texture":"#0"},"west":{"uv":[3.25,9.75,3.375,10],"texture":"#0"},"up":{"uv":[3.25,9.75,3.375,9.875],"texture":"#0"},"down":{"uv":[3.25,9.875,3.375,10],"texture":"#0"}}},{"name":"valhakyra_77","from":[8.5625,5.5,7.875],"to":[8.6875,5.75,8.125],"rotation":{"angle":0,"axis":"y","origin":[4.0625,0,7.9375]},"faces":{"north":{"uv":[4.625,9.75,4.5,10],"texture":"#0"},"east":{"uv":[4.5,9.75,4.625,10],"texture":"#0"},"south":{"uv":[4.5,9.75,4.625,10],"texture":"#0"},"west":{"uv":[4.5,9.75,4.625,10],"texture":"#0"},"up":{"uv":[4.5,9.75,4.625,9.875],"texture":"#0"},"down":{"uv":[4.5,9.875,4.625,10],"texture":"#0"}}},{"name":"valhakyra_78","from":[10.9375,5.125,7.96875],"to":[11.0625,5.25,8.03125],"rotation":{"angle":0,"axis":"y","origin":[4.0625,0,7.9375]},"faces":{"north":{"uv":[7,9.75,6.875,9.875],"texture":"#0"},"east":{"uv":[6.875,9.75,7,9.875],"texture":"#0"},"south":{"uv":[6.875,9.75,7,9.875],"texture":"#0"},"west":{"uv":[6.875,9.75,7,9.875],"texture":"#0"},"up":{"uv":[6.875,9.75,7,9.875],"texture":"#0"},"down":{"uv":[6.875,9.75,7,9.875],"texture":"#0"}}},{"name":"valhakyra_79","from":[4.8125,5,7.96875],"to":[4.9375,5.125,8.03125],"rotation":{"angle":0,"axis":"y","origin":[4.0625,0,7.9375]},"faces":{"north":{"uv":[0.875,9.875,0.75,10],"texture":"#0"},"east":{"uv":[0.75,9.875,0.875,10],"texture":"#0"},"south":{"uv":[0.75,9.875,0.875,10],"texture":"#0"},"west":{"uv":[0.75,9.875,0.875,10],"texture":"#0"},"up":{"uv":[0.75,9.875,0.875,10],"texture":"#0"},"down":{"uv":[0.75,9.875,0.875,10],"texture":"#0"}}},{"name":"valhakyra_80","from":[7.1875,5.375,7.875],"to":[7.3125,5.625,8.125],"rotation":{"angle":0,"axis":"y","origin":[4.0625,0,7.9375]},"faces":{"north":{"uv":[3.25,9.875,3.125,10.125],"texture":"#0"},"east":{"uv":[3.125,9.875,3.25,10.125],"texture":"#0"},"south":{"uv":[3.125,9.875,3.25,10.125],"texture":"#0"},"west":{"uv":[3.125,9.875,3.25,10.125],"texture":"#0"},"up":{"uv":[3.125,9.875,3.25,10],"texture":"#0"},"down":{"uv":[3.125,10,3.25,10.125],"texture":"#0"}}},{"name":"valhakyra_81","from":[7.8125,5.75,7.8125],"to":[7.9375,5.875,8.1875],"rotation":{"angle":0,"axis":"y","origin":[4.0625,0,7.9375]},"faces":{"north":{"uv":[3.875,9.875,3.75,10],"texture":"#0"},"east":{"uv":[3.75,9.875,3.875,10],"texture":"#0"},"south":{"uv":[3.75,9.875,3.875,10],"texture":"#0"},"west":{"uv":[3.75,9.875,3.875,10],"texture":"#0"},"up":{"uv":[3.75,9.875,3.875,10],"texture":"#0"},"down":{"uv":[3.75,9.875,3.875,10],"texture":"#0"}}},{"name":"valhakyra_82","from":[8.0625,5.75,7.8125],"to":[8.1875,5.875,8.1875],"rotation":{"angle":0,"axis":"y","origin":[4.0625,0,7.9375]},"faces":{"north":{"uv":[4.125,9.875,4,10],"texture":"#0"},"east":{"uv":[4,9.875,4.125,10],"texture":"#0"},"south":{"uv":[4,9.875,4.125,10],"texture":"#0"},"west":{"uv":[4,9.875,4.125,10],"texture":"#0"},"up":{"uv":[4,9.875,4.125,10],"texture":"#0"},"down":{"uv":[4,9.875,4.125,10],"texture":"#0"}}},{"name":"valhakyra_83","from":[8.6875,5.375,7.875],"to":[8.8125,5.625,8.125],"rotation":{"angle":0,"axis":"y","origin":[4.0625,0,7.9375]},"faces":{"north":{"uv":[4.75,9.875,4.625,10.125],"texture":"#0"},"east":{"uv":[4.625,9.875,4.75,10.125],"texture":"#0"},"south":{"uv":[4.625,9.875,4.75,10.125],"texture":"#0"},"west":{"uv":[4.625,9.875,4.75,10.125],"texture":"#0"},"up":{"uv":[4.625,9.875,4.75,10],"texture":"#0"},"down":{"uv":[4.625,10,4.75,10.125],"texture":"#0"}}},{"name":"valhakyra_84","from":[11.0625,5,7.96875],"to":[11.1875,5.125,8.03125],"rotation":{"angle":0,"axis":"y","origin":[4.0625,0,7.9375]},"faces":{"north":{"uv":[7.125,9.875,7,10],"texture":"#0"},"east":{"uv":[7,9.875,7.125,10],"texture":"#0"},"south":{"uv":[7,9.875,7.125,10],"texture":"#0"},"west":{"uv":[7,9.875,7.125,10],"texture":"#0"},"up":{"uv":[7,9.875,7.125,10],"texture":"#0"},"down":{"uv":[7,9.875,7.125,10],"texture":"#0"}}},{"name":"valhakyra_85","from":[7.1875,6.375,7.90625],"to":[7.4375,6.625,8.09375],"rotation":{"angle":0,"axis":"y","origin":[4.0625,0,7.9375]},"faces":{"north":{"uv":[13.125,9.875,12.875,10.125],"texture":"#0"},"east":{"uv":[13,9.875,13.125,10.125],"texture":"#0"},"south":{"uv":[12.875,9.875,13.125,10.125],"texture":"#0"},"west":{"uv":[12.875,9.875,13,10.125],"texture":"#0"},"up":{"uv":[12.875,9.875,13.125,10],"texture":"#0"},"down":{"uv":[12.875,10,13.125,10.125],"texture":"#0"}}},{"name":"valhakyra_86","from":[8.5625,6.375,7.90625],"to":[8.8125,6.625,8.09375],"rotation":{"angle":0,"axis":"y","origin":[4.0625,0,7.9375]},"faces":{"north":{"uv":[14.5,9.875,14.25,10.125],"texture":"#0"},"east":{"uv":[14.375,9.875,14.5,10.125],"texture":"#0"},"south":{"uv":[14.25,9.875,14.5,10.125],"texture":"#0"},"west":{"uv":[14.25,9.875,14.375,10.125],"texture":"#0"},"up":{"uv":[14.25,9.875,14.5,10],"texture":"#0"},"down":{"uv":[14.25,10,14.5,10.125],"texture":"#0"}}},{"name":"valhakyra_87","from":[6.8125,5.25,7.875],"to":[7.0625,5.5,8.125],"rotation":{"angle":0,"axis":"y","origin":[4.0625,0,7.9375]},"faces":{"north":{"uv":[3,10,2.75,10.25],"texture":"#0"},"east":{"uv":[2.875,10,3,10.25],"texture":"#0"},"south":{"uv":[2.75,10,3,10.25],"texture":"#0"},"west":{"uv":[2.75,10,2.875,10.25],"texture":"#0"},"up":{"uv":[2.75,10,3,10.125],"texture":"#0"},"down":{"uv":[2.75,10.125,3,10.25],"texture":"#0"}}},{"name":"valhakyra_88","from":[7.0625,5.375,7.875],"to":[7.1875,5.5,8.125],"rotation":{"angle":0,"axis":"y","origin":[4.0625,0,7.9375]},"faces":{"north":{"uv":[3.125,10,3,10.125],"texture":"#0"},"east":{"uv":[3,10,3.125,10.125],"texture":"#0"},"south":{"uv":[3,10,3.125,10.125],"texture":"#0"},"west":{"uv":[3,10,3.125,10.125],"texture":"#0"},"up":{"uv":[3,10,3.125,10.125],"texture":"#0"},"down":{"uv":[3,10,3.125,10.125],"texture":"#0"}}},{"name":"valhakyra_89","from":[7.9375,5.625,7.8125],"to":[8.0625,5.75,8.1875],"rotation":{"angle":0,"axis":"y","origin":[4.0625,0,7.9375]},"faces":{"north":{"uv":[4,10,3.875,10.125],"texture":"#0"},"east":{"uv":[3.875,10,4,10.125],"texture":"#0"},"south":{"uv":[3.875,10,4,10.125],"texture":"#0"},"west":{"uv":[3.875,10,4,10.125],"texture":"#0"},"up":{"uv":[3.875,10,4,10.125],"texture":"#0"},"down":{"uv":[3.875,10,4,10.125],"texture":"#0"}}},{"name":"valhakyra_90","from":[8.8125,5.375,7.875],"to":[9.1875,5.5,8.125],"rotation":{"angle":0,"axis":"y","origin":[4.0625,0,7.9375]},"faces":{"north":{"uv":[5.125,10,4.75,10.125],"texture":"#0"},"east":{"uv":[5,10,5.125,10.125],"texture":"#0"},"south":{"uv":[4.75,10,5.125,10.125],"texture":"#0"},"west":{"uv":[4.75,10,4.875,10.125],"texture":"#0"},"up":{"uv":[4.75,10,5.125,10.125],"texture":"#0"},"down":{"uv":[4.75,10,5.125,10.125],"texture":"#0"}}},{"name":"valhakyra_91","from":[6.6875,5.25,7.875],"to":[6.8125,5.375,8.125],"rotation":{"angle":0,"axis":"y","origin":[4.0625,0,7.9375]},"faces":{"north":{"uv":[2.75,10.125,2.625,10.25],"texture":"#0"},"east":{"uv":[2.625,10.125,2.75,10.25],"texture":"#0"},"south":{"uv":[2.625,10.125,2.75,10.25],"texture":"#0"},"west":{"uv":[2.625,10.125,2.75,10.25],"texture":"#0"},"up":{"uv":[2.625,10.125,2.75,10.25],"texture":"#0"},"down":{"uv":[2.625,10.125,2.75,10.25],"texture":"#0"}}},{"name":"valhakyra_92","from":[7.5625,5.5,7.8125],"to":[7.6875,5.625,8.1875],"rotation":{"angle":0,"axis":"y","origin":[4.0625,0,7.9375]},"faces":{"north":{"uv":[3.625,10.125,3.5,10.25],"texture":"#0"},"east":{"uv":[3.5,10.125,3.625,10.25],"texture":"#0"},"south":{"uv":[3.5,10.125,3.625,10.25],"texture":"#0"},"west":{"uv":[3.5,10.125,3.625,10.25],"texture":"#0"},"up":{"uv":[3.5,10.125,3.625,10.25],"texture":"#0"},"down":{"uv":[3.5,10.125,3.625,10.25],"texture":"#0"}}},{"name":"valhakyra_93","from":[8.3125,5.5,7.8125],"to":[8.4375,5.625,8.1875],"rotation":{"angle":0,"axis":"y","origin":[4.0625,0,7.9375]},"faces":{"north":{"uv":[4.375,10.125,4.25,10.25],"texture":"#0"},"east":{"uv":[4.25,10.125,4.375,10.25],"texture":"#0"},"south":{"uv":[4.25,10.125,4.375,10.25],"texture":"#0"},"west":{"uv":[4.25,10.125,4.375,10.25],"texture":"#0"},"up":{"uv":[4.25,10.125,4.375,10.25],"texture":"#0"},"down":{"uv":[4.25,10.125,4.375,10.25],"texture":"#0"}}},{"name":"valhakyra_94","from":[8.9375,5.25,7.875],"to":[9.3125,5.375,8.125],"rotation":{"angle":0,"axis":"y","origin":[4.0625,0,7.9375]},"faces":{"north":{"uv":[5.25,10.125,4.875,10.25],"texture":"#0"},"east":{"uv":[5.125,10.125,5.25,10.25],"texture":"#0"},"south":{"uv":[4.875,10.125,5.25,10.25],"texture":"#0"},"west":{"uv":[4.875,10.125,5,10.25],"texture":"#0"},"up":{"uv":[4.875,10.125,5.25,10.25],"texture":"#0"},"down":{"uv":[4.875,10.125,5.25,10.25],"texture":"#0"}}},{"name":"valhakyra_95","from":[7.3125,6,7.90625],"to":[7.4375,6.375,8.09375],"rotation":{"angle":0,"axis":"y","origin":[4.0625,0,7.9375]},"faces":{"north":{"uv":[13.125,10.125,13,10.5],"texture":"#0"},"east":{"uv":[13,10.125,13.125,10.5],"texture":"#0"},"south":{"uv":[13,10.125,13.125,10.5],"texture":"#0"},"west":{"uv":[13,10.125,13.125,10.5],"texture":"#0"},"up":{"uv":[13,10.125,13.125,10.25],"texture":"#0"},"down":{"uv":[13,10.375,13.125,10.5],"texture":"#0"}}},{"name":"valhakyra_96","from":[8.5625,6,7.90625],"to":[8.6875,6.375,8.09375],"rotation":{"angle":0,"axis":"y","origin":[4.0625,0,7.9375]},"faces":{"north":{"uv":[14.375,10.125,14.25,10.5],"texture":"#0"},"east":{"uv":[14.25,10.125,14.375,10.5],"texture":"#0"},"south":{"uv":[14.25,10.125,14.375,10.5],"texture":"#0"},"west":{"uv":[14.25,10.125,14.375,10.5],"texture":"#0"},"up":{"uv":[14.25,10.125,14.375,10.25],"texture":"#0"},"down":{"uv":[14.25,10.375,14.375,10.5],"texture":"#0"}}},{"name":"valhakyra_97","from":[7.6875,5.375,7.8125],"to":[7.8125,5.5,8.1875],"rotation":{"angle":0,"axis":"y","origin":[4.0625,0,7.9375]},"faces":{"north":{"uv":[3.75,10.25,3.625,10.375],"texture":"#0"},"east":{"uv":[3.625,10.25,3.75,10.375],"texture":"#0"},"south":{"uv":[3.625,10.25,3.75,10.375],"texture":"#0"},"west":{"uv":[3.625,10.25,3.75,10.375],"texture":"#0"},"up":{"uv":[3.625,10.25,3.75,10.375],"texture":"#0"},"down":{"uv":[3.625,10.25,3.75,10.375],"texture":"#0"}}},{"name":"valhakyra_98","from":[8.1875,5.375,7.8125],"to":[8.3125,5.5,8.1875],"rotation":{"angle":0,"axis":"y","origin":[4.0625,0,7.9375]},"faces":{"north":{"uv":[4.25,10.25,4.125,10.375],"texture":"#0"},"east":{"uv":[4.125,10.25,4.25,10.375],"texture":"#0"},"south":{"uv":[4.125,10.25,4.25,10.375],"texture":"#0"},"west":{"uv":[4.125,10.25,4.25,10.375],"texture":"#0"},"up":{"uv":[4.125,10.25,4.25,10.375],"texture":"#0"},"down":{"uv":[4.125,10.25,4.25,10.375],"texture":"#0"}}},{"name":"valhakyra_99","from":[6.3125,4.875,7.875],"to":[6.6875,5.25,8.125],"rotation":{"angle":0,"axis":"y","origin":[4.0625,0,7.9375]},"faces":{"north":{"uv":[2.625,10.375,2.25,10.75],"texture":"#0"},"east":{"uv":[2.5,10.375,2.625,10.75],"texture":"#0"},"south":{"uv":[2.25,10.375,2.625,10.75],"texture":"#0"},"west":{"uv":[2.25,10.375,2.375,10.75],"texture":"#0"},"up":{"uv":[2.25,10.375,2.625,10.5],"texture":"#0"},"down":{"uv":[2.25,10.625,2.625,10.75],"texture":"#0"}}},{"name":"valhakyra_100","from":[6.6875,5,7.875],"to":[6.9375,5.25,8.125],"rotation":{"angle":0,"axis":"y","origin":[4.0625,0,7.9375]},"faces":{"north":{"uv":[2.875,10.375,2.625,10.625],"texture":"#0"},"east":{"uv":[2.75,10.375,2.875,10.625],"texture":"#0"},"south":{"uv":[2.625,10.375,2.875,10.625],"texture":"#0"},"west":{"uv":[2.625,10.375,2.75,10.625],"texture":"#0"},"up":{"uv":[2.625,10.375,2.875,10.5],"texture":"#0"},"down":{"uv":[2.625,10.5,2.875,10.625],"texture":"#0"}}},{"name":"valhakyra_101","from":[7.8125,5.25,7.8125],"to":[7.9375,5.375,8.1875],"rotation":{"angle":0,"axis":"y","origin":[4.0625,0,7.9375]},"faces":{"north":{"uv":[3.875,10.375,3.75,10.5],"texture":"#0"},"east":{"uv":[3.75,10.375,3.875,10.5],"texture":"#0"},"south":{"uv":[3.75,10.375,3.875,10.5],"texture":"#0"},"west":{"uv":[3.75,10.375,3.875,10.5],"texture":"#0"},"up":{"uv":[3.75,10.375,3.875,10.5],"texture":"#0"},"down":{"uv":[3.75,10.375,3.875,10.5],"texture":"#0"}}},{"name":"valhakyra_102","from":[8.0625,5.25,7.8125],"to":[8.1875,5.375,8.1875],"rotation":{"angle":0,"axis":"y","origin":[4.0625,0,7.9375]},"faces":{"north":{"uv":[4.125,10.375,4,10.5],"texture":"#0"},"east":{"uv":[4,10.375,4.125,10.5],"texture":"#0"},"south":{"uv":[4,10.375,4.125,10.5],"texture":"#0"},"west":{"uv":[4,10.375,4.125,10.5],"texture":"#0"},"up":{"uv":[4,10.375,4.125,10.5],"texture":"#0"},"down":{"uv":[4,10.375,4.125,10.5],"texture":"#0"}}},{"name":"valhakyra_103","from":[8.9375,5,7.875],"to":[9.6875,5.25,8.125],"rotation":{"angle":0,"axis":"y","origin":[4.0625,0,7.9375]},"faces":{"north":{"uv":[5.625,10.375,4.875,10.625],"texture":"#0"},"east":{"uv":[5.5,10.375,5.625,10.625],"texture":"#0"},"south":{"uv":[4.875,10.375,5.625,10.625],"texture":"#0"},"west":{"uv":[4.875,10.375,5,10.625],"texture":"#0"},"up":{"uv":[4.875,10.375,5.625,10.5],"texture":"#0"},"down":{"uv":[4.875,10.5,5.625,10.625],"texture":"#0"}}},{"name":"valhakyra_104","from":[6.1875,4.75,7.875],"to":[6.3125,5.125,8.125],"rotation":{"angle":0,"axis":"y","origin":[4.0625,0,7.9375]},"faces":{"north":{"uv":[2.25,10.5,2.125,10.875],"texture":"#0"},"east":{"uv":[2.125,10.5,2.25,10.875],"texture":"#0"},"south":{"uv":[2.125,10.5,2.25,10.875],"texture":"#0"},"west":{"uv":[2.125,10.5,2.25,10.875],"texture":"#0"},"up":{"uv":[2.125,10.5,2.25,10.625],"texture":"#0"},"down":{"uv":[2.125,10.75,2.25,10.875],"texture":"#0"}}},{"name":"valhakyra_105","from":[9.6875,4.75,7.875],"to":[9.8125,5.125,8.125],"rotation":{"angle":0,"axis":"y","origin":[4.0625,0,7.9375]},"faces":{"north":{"uv":[5.75,10.5,5.625,10.875],"texture":"#0"},"east":{"uv":[5.625,10.5,5.75,10.875],"texture":"#0"},"south":{"uv":[5.625,10.5,5.75,10.875],"texture":"#0"},"west":{"uv":[5.625,10.5,5.75,10.875],"texture":"#0"},"up":{"uv":[5.625,10.5,5.75,10.625],"texture":"#0"},"down":{"uv":[5.625,10.75,5.75,10.875],"texture":"#0"}}},{"name":"valhakyra_106","from":[6.0625,4.625,7.875],"to":[6.1875,5,8.125],"rotation":{"angle":0,"axis":"y","origin":[4.0625,0,7.9375]},"faces":{"north":{"uv":[2.125,10.625,2,11],"texture":"#0"},"east":{"uv":[2,10.625,2.125,11],"texture":"#0"},"south":{"uv":[2,10.625,2.125,11],"texture":"#0"},"west":{"uv":[2,10.625,2.125,11],"texture":"#0"},"up":{"uv":[2,10.625,2.125,10.75],"texture":"#0"},"down":{"uv":[2,10.875,2.125,11],"texture":"#0"}}},{"name":"valhakyra_107","from":[7.0625,4.375,7.875],"to":[7.1875,5,8.125],"rotation":{"angle":0,"axis":"y","origin":[4.0625,0,7.9375]},"faces":{"north":{"uv":[3.125,10.625,3,11.25],"texture":"#0"},"east":{"uv":[3,10.625,3.125,11.25],"texture":"#0"},"south":{"uv":[3,10.625,3.125,11.25],"texture":"#0"},"west":{"uv":[3,10.625,3.125,11.25],"texture":"#0"},"up":{"uv":[3,10.625,3.125,10.75],"texture":"#0"},"down":{"uv":[3,11.125,3.125,11.25],"texture":"#0"}}},{"name":"valhakyra_108","from":[8.8125,4.375,7.875],"to":[8.9375,5,8.125],"rotation":{"angle":0,"axis":"y","origin":[4.0625,0,7.9375]},"faces":{"north":{"uv":[4.875,10.625,4.75,11.25],"texture":"#0"},"east":{"uv":[4.75,10.625,4.875,11.25],"texture":"#0"},"south":{"uv":[4.75,10.625,4.875,11.25],"texture":"#0"},"west":{"uv":[4.75,10.625,4.875,11.25],"texture":"#0"},"up":{"uv":[4.75,10.625,4.875,10.75],"texture":"#0"},"down":{"uv":[4.75,11.125,4.875,11.25],"texture":"#0"}}},{"name":"valhakyra_109","from":[9.3125,4.875,7.875],"to":[9.6875,5,8.125],"rotation":{"angle":0,"axis":"y","origin":[4.0625,0,7.9375]},"faces":{"north":{"uv":[5.625,10.625,5.25,10.75],"texture":"#0"},"east":{"uv":[5.5,10.625,5.625,10.75],"texture":"#0"},"south":{"uv":[5.25,10.625,5.625,10.75],"texture":"#0"},"west":{"uv":[5.25,10.625,5.375,10.75],"texture":"#0"},"up":{"uv":[5.25,10.625,5.625,10.75],"texture":"#0"},"down":{"uv":[5.25,10.625,5.625,10.75],"texture":"#0"}}},{"name":"valhakyra_110","from":[9.8125,4.625,7.875],"to":[9.9375,5,8.125],"rotation":{"angle":0,"axis":"y","origin":[4.0625,0,7.9375]},"faces":{"north":{"uv":[5.875,10.625,5.75,11],"texture":"#0"},"east":{"uv":[5.75,10.625,5.875,11],"texture":"#0"},"south":{"uv":[5.75,10.625,5.875,11],"texture":"#0"},"west":{"uv":[5.75,10.625,5.875,11],"texture":"#0"},"up":{"uv":[5.75,10.625,5.875,10.75],"texture":"#0"},"down":{"uv":[5.75,10.875,5.875,11],"texture":"#0"}}},{"name":"valhakyra_111","from":[7.0625,5.5,7.90625],"to":[7.1875,5.875,8.09375],"rotation":{"angle":0,"axis":"y","origin":[4.0625,0,7.9375]},"faces":{"north":{"uv":[12.875,10.625,12.75,11],"texture":"#0"},"east":{"uv":[12.75,10.625,12.875,11],"texture":"#0"},"south":{"uv":[12.75,10.625,12.875,11],"texture":"#0"},"west":{"uv":[12.75,10.625,12.875,11],"texture":"#0"},"up":{"uv":[12.75,10.625,12.875,10.75],"texture":"#0"},"down":{"uv":[12.75,10.875,12.875,11],"texture":"#0"}}},{"name":"valhakyra_112","from":[7.6875,5.5,7.90625],"to":[7.8125,5.875,8.09375],"rotation":{"angle":0,"axis":"y","origin":[4.0625,0,7.9375]},"faces":{"north":{"uv":[13.5,10.625,13.375,11],"texture":"#0"},"east":{"uv":[13.375,10.625,13.5,11],"texture":"#0"},"south":{"uv":[13.375,10.625,13.5,11],"texture":"#0"},"west":{"uv":[13.375,10.625,13.5,11],"texture":"#0"},"up":{"uv":[13.375,10.625,13.5,10.75],"texture":"#0"},"down":{"uv":[13.375,10.875,13.5,11],"texture":"#0"}}},{"name":"valhakyra_113","from":[8.1875,5.5,7.90625],"to":[8.3125,5.875,8.09375],"rotation":{"angle":0,"axis":"y","origin":[4.0625,0,7.9375]},"faces":{"north":{"uv":[14,10.625,13.875,11],"texture":"#0"},"east":{"uv":[13.875,10.625,14,11],"texture":"#0"},"south":{"uv":[13.875,10.625,14,11],"texture":"#0"},"west":{"uv":[13.875,10.625,14,11],"texture":"#0"},"up":{"uv":[13.875,10.625,14,10.75],"texture":"#0"},"down":{"uv":[13.875,10.875,14,11],"texture":"#0"}}},{"name":"valhakyra_114","from":[8.8125,5.5,7.90625],"to":[8.9375,5.875,8.09375],"rotation":{"angle":0,"axis":"y","origin":[4.0625,0,7.9375]},"faces":{"north":{"uv":[14.625,10.625,14.5,11],"texture":"#0"},"east":{"uv":[14.5,10.625,14.625,11],"texture":"#0"},"south":{"uv":[14.5,10.625,14.625,11],"texture":"#0"},"west":{"uv":[14.5,10.625,14.625,11],"texture":"#0"},"up":{"uv":[14.5,10.625,14.625,10.75],"texture":"#0"},"down":{"uv":[14.5,10.875,14.625,11],"texture":"#0"}}},{"name":"valhakyra_115","from":[5.9375,4.5,7.875],"to":[6.0625,4.875,8.125],"rotation":{"angle":0,"axis":"y","origin":[4.0625,0,7.9375]},"faces":{"north":{"uv":[2,10.75,1.875,11.125],"texture":"#0"},"east":{"uv":[1.875,10.75,2,11.125],"texture":"#0"},"south":{"uv":[1.875,10.75,2,11.125],"texture":"#0"},"west":{"uv":[1.875,10.75,2,11.125],"texture":"#0"},"up":{"uv":[1.875,10.75,2,10.875],"texture":"#0"},"down":{"uv":[1.875,11,2,11.125],"texture":"#0"}}},{"name":"valhakyra_116","from":[6.6875,4.75,7.875],"to":[6.8125,4.875,8.125],"rotation":{"angle":0,"axis":"y","origin":[4.0625,0,7.9375]},"faces":{"north":{"uv":[2.75,10.75,2.625,10.875],"texture":"#0"},"east":{"uv":[2.625,10.75,2.75,10.875],"texture":"#0"},"south":{"uv":[2.625,10.75,2.75,10.875],"texture":"#0"},"west":{"uv":[2.625,10.75,2.75,10.875],"texture":"#0"},"up":{"uv":[2.625,10.75,2.75,10.875],"texture":"#0"},"down":{"uv":[2.625,10.75,2.75,10.875],"texture":"#0"}}},{"name":"valhakyra_117","from":[9.1875,4.75,7.875],"to":[9.3125,4.875,8.125],"rotation":{"angle":0,"axis":"y","origin":[4.0625,0,7.9375]},"faces":{"north":{"uv":[5.25,10.75,5.125,10.875],"texture":"#0"},"east":{"uv":[5.125,10.75,5.25,10.875],"texture":"#0"},"south":{"uv":[5.125,10.75,5.25,10.875],"texture":"#0"},"west":{"uv":[5.125,10.75,5.25,10.875],"texture":"#0"},"up":{"uv":[5.125,10.75,5.25,10.875],"texture":"#0"},"down":{"uv":[5.125,10.75,5.25,10.875],"texture":"#0"}}},{"name":"valhakyra_118","from":[9.9375,4.5,7.875],"to":[10.0625,4.875,8.125],"rotation":{"angle":0,"axis":"y","origin":[4.0625,0,7.9375]},"faces":{"north":{"uv":[6,10.75,5.875,11.125],"texture":"#0"},"east":{"uv":[5.875,10.75,6,11.125],"texture":"#0"},"south":{"uv":[5.875,10.75,6,11.125],"texture":"#0"},"west":{"uv":[5.875,10.75,6,11.125],"texture":"#0"},"up":{"uv":[5.875,10.75,6,10.875],"texture":"#0"},"down":{"uv":[5.875,11,6,11.125],"texture":"#0"}}},{"name":"valhakyra_119","from":[6.9375,5.5,7.90625],"to":[7.0625,5.75,8.09375],"rotation":{"angle":0,"axis":"y","origin":[4.0625,0,7.9375]},"faces":{"north":{"uv":[12.75,10.75,12.625,11],"texture":"#0"},"east":{"uv":[12.625,10.75,12.75,11],"texture":"#0"},"south":{"uv":[12.625,10.75,12.75,11],"texture":"#0"},"west":{"uv":[12.625,10.75,12.75,11],"texture":"#0"},"up":{"uv":[12.625,10.75,12.75,10.875],"texture":"#0"},"down":{"uv":[12.625,10.875,12.75,11],"texture":"#0"}}},{"name":"valhakyra_120","from":[7.1875,5.625,7.90625],"to":[7.3125,5.75,8.09375],"rotation":{"angle":0,"axis":"y","origin":[4.0625,0,7.9375]},"faces":{"north":{"uv":[13,10.75,12.875,10.875],"texture":"#0"},"east":{"uv":[12.875,10.75,13,10.875],"texture":"#0"},"south":{"uv":[12.875,10.75,13,10.875],"texture":"#0"},"west":{"uv":[12.875,10.75,13,10.875],"texture":"#0"},"up":{"uv":[12.875,10.75,13,10.875],"texture":"#0"},"down":{"uv":[12.875,10.75,13,10.875],"texture":"#0"}}},{"name":"valhakyra_121","from":[7.5625,5.625,7.90625],"to":[7.6875,5.75,8.09375],"rotation":{"angle":0,"axis":"y","origin":[4.0625,0,7.9375]},"faces":{"north":{"uv":[13.375,10.75,13.25,10.875],"texture":"#0"},"east":{"uv":[13.25,10.75,13.375,10.875],"texture":"#0"},"south":{"uv":[13.25,10.75,13.375,10.875],"texture":"#0"},"west":{"uv":[13.25,10.75,13.375,10.875],"texture":"#0"},"up":{"uv":[13.25,10.75,13.375,10.875],"texture":"#0"},"down":{"uv":[13.25,10.75,13.375,10.875],"texture":"#0"}}},{"name":"valhakyra_122","from":[7.8125,5.375,7.90625],"to":[7.9375,5.75,8.09375],"rotation":{"angle":0,"axis":"y","origin":[4.0625,0,7.9375]},"faces":{"north":{"uv":[13.625,10.75,13.5,11.125],"texture":"#0"},"east":{"uv":[13.5,10.75,13.625,11.125],"texture":"#0"},"south":{"uv":[13.5,10.75,13.625,11.125],"texture":"#0"},"west":{"uv":[13.5,10.75,13.625,11.125],"texture":"#0"},"up":{"uv":[13.5,10.75,13.625,10.875],"texture":"#0"},"down":{"uv":[13.5,11,13.625,11.125],"texture":"#0"}}},{"name":"valhakyra_123","from":[8.0625,5.375,7.90625],"to":[8.1875,5.75,8.09375],"rotation":{"angle":0,"axis":"y","origin":[4.0625,0,7.9375]},"faces":{"north":{"uv":[13.875,10.75,13.75,11.125],"texture":"#0"},"east":{"uv":[13.75,10.75,13.875,11.125],"texture":"#0"},"south":{"uv":[13.75,10.75,13.875,11.125],"texture":"#0"},"west":{"uv":[13.75,10.75,13.875,11.125],"texture":"#0"},"up":{"uv":[13.75,10.75,13.875,10.875],"texture":"#0"},"down":{"uv":[13.75,11,13.875,11.125],"texture":"#0"}}},{"name":"valhakyra_124","from":[8.3125,5.625,7.90625],"to":[8.4375,5.75,8.09375],"rotation":{"angle":0,"axis":"y","origin":[4.0625,0,7.9375]},"faces":{"north":{"uv":[14.125,10.75,14,10.875],"texture":"#0"},"east":{"uv":[14,10.75,14.125,10.875],"texture":"#0"},"south":{"uv":[14,10.75,14.125,10.875],"texture":"#0"},"west":{"uv":[14,10.75,14.125,10.875],"texture":"#0"},"up":{"uv":[14,10.75,14.125,10.875],"texture":"#0"},"down":{"uv":[14,10.75,14.125,10.875],"texture":"#0"}}},{"name":"valhakyra_125","from":[8.6875,5.625,7.90625],"to":[8.8125,5.75,8.09375],"rotation":{"angle":0,"axis":"y","origin":[4.0625,0,7.9375]},"faces":{"north":{"uv":[14.5,10.75,14.375,10.875],"texture":"#0"},"east":{"uv":[14.375,10.75,14.5,10.875],"texture":"#0"},"south":{"uv":[14.375,10.75,14.5,10.875],"texture":"#0"},"west":{"uv":[14.375,10.75,14.5,10.875],"texture":"#0"},"up":{"uv":[14.375,10.75,14.5,10.875],"texture":"#0"},"down":{"uv":[14.375,10.75,14.5,10.875],"texture":"#0"}}},{"name":"valhakyra_126","from":[8.9375,5.5,7.90625],"to":[9.0625,5.75,8.09375],"rotation":{"angle":0,"axis":"y","origin":[4.0625,0,7.9375]},"faces":{"north":{"uv":[14.75,10.75,14.625,11],"texture":"#0"},"east":{"uv":[14.625,10.75,14.75,11],"texture":"#0"},"south":{"uv":[14.625,10.75,14.75,11],"texture":"#0"},"west":{"uv":[14.625,10.75,14.75,11],"texture":"#0"},"up":{"uv":[14.625,10.75,14.75,10.875],"texture":"#0"},"down":{"uv":[14.625,10.875,14.75,11],"texture":"#0"}}},{"name":"valhakyra_127","from":[6.8125,4.625,7.875],"to":[7.0625,4.75,8.125],"rotation":{"angle":0,"axis":"y","origin":[4.0625,0,7.9375]},"faces":{"north":{"uv":[3,10.875,2.75,11],"texture":"#0"},"east":{"uv":[2.875,10.875,3,11],"texture":"#0"},"south":{"uv":[2.75,10.875,3,11],"texture":"#0"},"west":{"uv":[2.75,10.875,2.875,11],"texture":"#0"},"up":{"uv":[2.75,10.875,3,11],"texture":"#0"},"down":{"uv":[2.75,10.875,3,11],"texture":"#0"}}},{"name":"valhakyra_128","from":[7.3125,4.625,7.875],"to":[7.5625,4.75,8.125],"rotation":{"angle":0,"axis":"y","origin":[4.0625,0,7.9375]},"faces":{"north":{"uv":[3.5,10.875,3.25,11],"texture":"#0"},"east":{"uv":[3.375,10.875,3.5,11],"texture":"#0"},"south":{"uv":[3.25,10.875,3.5,11],"texture":"#0"},"west":{"uv":[3.25,10.875,3.375,11],"texture":"#0"},"up":{"uv":[3.25,10.875,3.5,11],"texture":"#0"},"down":{"uv":[3.25,10.875,3.5,11],"texture":"#0"}}},{"name":"valhakyra_129","from":[8.4375,4.625,7.875],"to":[8.6875,4.75,8.125],"rotation":{"angle":0,"axis":"y","origin":[4.0625,0,7.9375]},"faces":{"north":{"uv":[4.625,10.875,4.375,11],"texture":"#0"},"east":{"uv":[4.5,10.875,4.625,11],"texture":"#0"},"south":{"uv":[4.375,10.875,4.625,11],"texture":"#0"},"west":{"uv":[4.375,10.875,4.5,11],"texture":"#0"},"up":{"uv":[4.375,10.875,4.625,11],"texture":"#0"},"down":{"uv":[4.375,10.875,4.625,11],"texture":"#0"}}},{"name":"valhakyra_130","from":[8.9375,4.625,7.875],"to":[9.1875,4.75,8.125],"rotation":{"angle":0,"axis":"y","origin":[4.0625,0,7.9375]},"faces":{"north":{"uv":[5.125,10.875,4.875,11],"texture":"#0"},"east":{"uv":[5,10.875,5.125,11],"texture":"#0"},"south":{"uv":[4.875,10.875,5.125,11],"texture":"#0"},"west":{"uv":[4.875,10.875,5,11],"texture":"#0"},"up":{"uv":[4.875,10.875,5.125,11],"texture":"#0"},"down":{"uv":[4.875,10.875,5.125,11],"texture":"#0"}}},{"name":"valhakyra_131","from":[6.8125,5.5,7.90625],"to":[6.9375,5.625,8.09375],"rotation":{"angle":0,"axis":"y","origin":[4.0625,0,7.9375]},"faces":{"north":{"uv":[12.625,10.875,12.5,11],"texture":"#0"},"east":{"uv":[12.5,10.875,12.625,11],"texture":"#0"},"south":{"uv":[12.5,10.875,12.625,11],"texture":"#0"},"west":{"uv":[12.5,10.875,12.625,11],"texture":"#0"},"up":{"uv":[12.5,10.875,12.625,11],"texture":"#0"},"down":{"uv":[12.5,10.875,12.625,11],"texture":"#0"}}},{"name":"valhakyra_132","from":[7.4375,5.25,7.90625],"to":[7.5625,5.625,8.09375],"rotation":{"angle":0,"axis":"y","origin":[4.0625,0,7.9375]},"faces":{"north":{"uv":[13.25,10.875,13.125,11.25],"texture":"#0"},"east":{"uv":[13.125,10.875,13.25,11.25],"texture":"#0"},"south":{"uv":[13.125,10.875,13.25,11.25],"texture":"#0"},"west":{"uv":[13.125,10.875,13.25,11.25],"texture":"#0"},"up":{"uv":[13.125,10.875,13.25,11],"texture":"#0"},"down":{"uv":[13.125,11.125,13.25,11.25],"texture":"#0"}}},{"name":"valhakyra_133","from":[7.9375,5.25,7.90625],"to":[8.0625,5.625,8.09375],"rotation":{"angle":0,"axis":"y","origin":[4.0625,0,7.9375]},"faces":{"north":{"uv":[13.75,10.875,13.625,11.25],"texture":"#0"},"east":{"uv":[13.625,10.875,13.75,11.25],"texture":"#0"},"south":{"uv":[13.625,10.875,13.75,11.25],"texture":"#0"},"west":{"uv":[13.625,10.875,13.75,11.25],"texture":"#0"},"up":{"uv":[13.625,10.875,13.75,11],"texture":"#0"},"down":{"uv":[13.625,11.125,13.75,11.25],"texture":"#0"}}},{"name":"valhakyra_134","from":[8.4375,5.25,7.90625],"to":[8.5625,5.625,8.09375],"rotation":{"angle":0,"axis":"y","origin":[4.0625,0,7.9375]},"faces":{"north":{"uv":[14.25,10.875,14.125,11.25],"texture":"#0"},"east":{"uv":[14.125,10.875,14.25,11.25],"texture":"#0"},"south":{"uv":[14.125,10.875,14.25,11.25],"texture":"#0"},"west":{"uv":[14.125,10.875,14.25,11.25],"texture":"#0"},"up":{"uv":[14.125,10.875,14.25,11],"texture":"#0"},"down":{"uv":[14.125,11.125,14.25,11.25],"texture":"#0"}}},{"name":"valhakyra_135","from":[9.0625,5.5,7.90625],"to":[9.1875,5.625,8.09375],"rotation":{"angle":0,"axis":"y","origin":[4.0625,0,7.9375]},"faces":{"north":{"uv":[14.875,10.875,14.75,11],"texture":"#0"},"east":{"uv":[14.75,10.875,14.875,11],"texture":"#0"},"south":{"uv":[14.75,10.875,14.875,11],"texture":"#0"},"west":{"uv":[14.75,10.875,14.875,11],"texture":"#0"},"up":{"uv":[14.75,10.875,14.875,11],"texture":"#0"},"down":{"uv":[14.75,10.875,14.875,11],"texture":"#0"}}},{"name":"valhakyra_136","from":[5.8125,4.375,7.875],"to":[5.9375,4.625,8.125],"rotation":{"angle":0,"axis":"y","origin":[4.0625,0,7.9375]},"faces":{"north":{"uv":[1.875,11,1.75,11.25],"texture":"#0"},"east":{"uv":[1.75,11,1.875,11.25],"texture":"#0"},"south":{"uv":[1.75,11,1.875,11.25],"texture":"#0"},"west":{"uv":[1.75,11,1.875,11.25],"texture":"#0"},"up":{"uv":[1.75,11,1.875,11.125],"texture":"#0"},"down":{"uv":[1.75,11.125,1.875,11.25],"texture":"#0"}}},{"name":"valhakyra_137","from":[7.1875,4.5,7.875],"to":[7.3125,4.625,8.125],"rotation":{"angle":0,"axis":"y","origin":[4.0625,0,7.9375]},"faces":{"north":{"uv":[3.25,11,3.125,11.125],"texture":"#0"},"east":{"uv":[3.125,11,3.25,11.125],"texture":"#0"},"south":{"uv":[3.125,11,3.25,11.125],"texture":"#0"},"west":{"uv":[3.125,11,3.25,11.125],"texture":"#0"},"up":{"uv":[3.125,11,3.25,11.125],"texture":"#0"},"down":{"uv":[3.125,11,3.25,11.125],"texture":"#0"}}},{"name":"valhakyra_138","from":[8.6875,4.5,7.875],"to":[8.8125,4.625,8.125],"rotation":{"angle":0,"axis":"y","origin":[4.0625,0,7.9375]},"faces":{"north":{"uv":[4.75,11,4.625,11.125],"texture":"#0"},"east":{"uv":[4.625,11,4.75,11.125],"texture":"#0"},"south":{"uv":[4.625,11,4.75,11.125],"texture":"#0"},"west":{"uv":[4.625,11,4.75,11.125],"texture":"#0"},"up":{"uv":[4.625,11,4.75,11.125],"texture":"#0"},"down":{"uv":[4.625,11,4.75,11.125],"texture":"#0"}}},{"name":"valhakyra_139","from":[10.0625,4.375,7.875],"to":[10.1875,4.625,8.125],"rotation":{"angle":0,"axis":"y","origin":[4.0625,0,7.9375]},"faces":{"north":{"uv":[6.125,11,6,11.25],"texture":"#0"},"east":{"uv":[6,11,6.125,11.25],"texture":"#0"},"south":{"uv":[6,11,6.125,11.25],"texture":"#0"},"west":{"uv":[6,11,6.125,11.25],"texture":"#0"},"up":{"uv":[6,11,6.125,11.125],"texture":"#0"},"down":{"uv":[6,11.125,6.125,11.25],"texture":"#0"}}},{"name":"valhakyra_140","from":[6.6875,5.375,7.90625],"to":[6.8125,5.5,8.09375],"rotation":{"angle":0,"axis":"y","origin":[4.0625,0,7.9375]},"faces":{"north":{"uv":[12.5,11,12.375,11.125],"texture":"#0"},"east":{"uv":[12.375,11,12.5,11.125],"texture":"#0"},"south":{"uv":[12.375,11,12.5,11.125],"texture":"#0"},"west":{"uv":[12.375,11,12.5,11.125],"texture":"#0"},"up":{"uv":[12.375,11,12.5,11.125],"texture":"#0"},"down":{"uv":[12.375,11,12.5,11.125],"texture":"#0"}}},{"name":"valhakyra_141","from":[7.3125,5.25,7.90625],"to":[7.4375,5.5,8.09375],"rotation":{"angle":0,"axis":"y","origin":[4.0625,0,7.9375]},"faces":{"north":{"uv":[13.125,11,13,11.25],"texture":"#0"},"east":{"uv":[13,11,13.125,11.25],"texture":"#0"},"south":{"uv":[13,11,13.125,11.25],"texture":"#0"},"west":{"uv":[13,11,13.125,11.25],"texture":"#0"},"up":{"uv":[13,11,13.125,11.125],"texture":"#0"},"down":{"uv":[13,11.125,13.125,11.25],"texture":"#0"}}},{"name":"valhakyra_142","from":[7.5625,5.25,7.90625],"to":[7.6875,5.5,8.09375],"rotation":{"angle":0,"axis":"y","origin":[4.0625,0,7.9375]},"faces":{"north":{"uv":[13.375,11,13.25,11.25],"texture":"#0"},"east":{"uv":[13.25,11,13.375,11.25],"texture":"#0"},"south":{"uv":[13.25,11,13.375,11.25],"texture":"#0"},"west":{"uv":[13.25,11,13.375,11.25],"texture":"#0"},"up":{"uv":[13.25,11,13.375,11.125],"texture":"#0"},"down":{"uv":[13.25,11.125,13.375,11.25],"texture":"#0"}}},{"name":"valhakyra_143","from":[8.3125,5.25,7.90625],"to":[8.4375,5.5,8.09375],"rotation":{"angle":0,"axis":"y","origin":[4.0625,0,7.9375]},"faces":{"north":{"uv":[14.125,11,14,11.25],"texture":"#0"},"east":{"uv":[14,11,14.125,11.25],"texture":"#0"},"south":{"uv":[14,11,14.125,11.25],"texture":"#0"},"west":{"uv":[14,11,14.125,11.25],"texture":"#0"},"up":{"uv":[14,11,14.125,11.125],"texture":"#0"},"down":{"uv":[14,11.125,14.125,11.25],"texture":"#0"}}},{"name":"valhakyra_144","from":[8.5625,5.25,7.90625],"to":[8.6875,5.5,8.09375],"rotation":{"angle":0,"axis":"y","origin":[4.0625,0,7.9375]},"faces":{"north":{"uv":[14.375,11,14.25,11.25],"texture":"#0"},"east":{"uv":[14.25,11,14.375,11.25],"texture":"#0"},"south":{"uv":[14.25,11,14.375,11.25],"texture":"#0"},"west":{"uv":[14.25,11,14.375,11.25],"texture":"#0"},"up":{"uv":[14.25,11,14.375,11.125],"texture":"#0"},"down":{"uv":[14.25,11.125,14.375,11.25],"texture":"#0"}}},{"name":"valhakyra_145","from":[9.1875,5.375,7.90625],"to":[9.3125,5.5,8.09375],"rotation":{"angle":0,"axis":"y","origin":[4.0625,0,7.9375]},"faces":{"north":{"uv":[15,11,14.875,11.125],"texture":"#0"},"east":{"uv":[14.875,11,15,11.125],"texture":"#0"},"south":{"uv":[14.875,11,15,11.125],"texture":"#0"},"west":{"uv":[14.875,11,15,11.125],"texture":"#0"},"up":{"uv":[14.875,11,15,11.125],"texture":"#0"},"down":{"uv":[14.875,11,15,11.125],"texture":"#0"}}},{"name":"valhakyra_146","from":[7.0625,5.25,7.90625],"to":[7.3125,5.375,8.09375],"rotation":{"angle":0,"axis":"y","origin":[4.0625,0,7.9375]},"faces":{"north":{"uv":[13,11.125,12.75,11.25],"texture":"#0"},"east":{"uv":[12.875,11.125,13,11.25],"texture":"#0"},"south":{"uv":[12.75,11.125,13,11.25],"texture":"#0"},"west":{"uv":[12.75,11.125,12.875,11.25],"texture":"#0"},"up":{"uv":[12.75,11.125,13,11.25],"texture":"#0"},"down":{"uv":[12.75,11.125,13,11.25],"texture":"#0"}}},{"name":"valhakyra_147","from":[7.6875,5.25,7.90625],"to":[7.8125,5.375,8.09375],"rotation":{"angle":0,"axis":"y","origin":[4.0625,0,7.9375]},"faces":{"north":{"uv":[13.5,11.125,13.375,11.25],"texture":"#0"},"east":{"uv":[13.375,11.125,13.5,11.25],"texture":"#0"},"south":{"uv":[13.375,11.125,13.5,11.25],"texture":"#0"},"west":{"uv":[13.375,11.125,13.5,11.25],"texture":"#0"},"up":{"uv":[13.375,11.125,13.5,11.25],"texture":"#0"},"down":{"uv":[13.375,11.125,13.5,11.25],"texture":"#0"}}},{"name":"valhakyra_148","from":[8.1875,5.25,7.90625],"to":[8.3125,5.375,8.09375],"rotation":{"angle":0,"axis":"y","origin":[4.0625,0,7.9375]},"faces":{"north":{"uv":[14,11.125,13.875,11.25],"texture":"#0"},"east":{"uv":[13.875,11.125,14,11.25],"texture":"#0"},"south":{"uv":[13.875,11.125,14,11.25],"texture":"#0"},"west":{"uv":[13.875,11.125,14,11.25],"texture":"#0"},"up":{"uv":[13.875,11.125,14,11.25],"texture":"#0"},"down":{"uv":[13.875,11.125,14,11.25],"texture":"#0"}}},{"name":"valhakyra_149","from":[8.6875,5.25,7.90625],"to":[8.9375,5.375,8.09375],"rotation":{"angle":0,"axis":"y","origin":[4.0625,0,7.9375]},"faces":{"north":{"uv":[14.625,11.125,14.375,11.25],"texture":"#0"},"east":{"uv":[14.5,11.125,14.625,11.25],"texture":"#0"},"south":{"uv":[14.375,11.125,14.625,11.25],"texture":"#0"},"west":{"uv":[14.375,11.125,14.5,11.25],"texture":"#0"},"up":{"uv":[14.375,11.125,14.625,11.25],"texture":"#0"},"down":{"uv":[14.375,11.125,14.625,11.25],"texture":"#0"}}},{"name":"valhakyra_150","from":[5.6875,4,7.875],"to":[5.8125,4.375,8.125],"rotation":{"angle":0,"axis":"y","origin":[4.0625,0,7.9375]},"faces":{"north":{"uv":[1.75,11.25,1.625,11.625],"texture":"#0"},"east":{"uv":[1.625,11.25,1.75,11.625],"texture":"#0"},"south":{"uv":[1.625,11.25,1.75,11.625],"texture":"#0"},"west":{"uv":[1.625,11.25,1.75,11.625],"texture":"#0"},"up":{"uv":[1.625,11.25,1.75,11.375],"texture":"#0"},"down":{"uv":[1.625,11.5,1.75,11.625],"texture":"#0"}}},{"name":"valhakyra_151","from":[10.1875,4,7.875],"to":[10.3125,4.375,8.125],"rotation":{"angle":0,"axis":"y","origin":[4.0625,0,7.9375]},"faces":{"north":{"uv":[6.25,11.25,6.125,11.625],"texture":"#0"},"east":{"uv":[6.125,11.25,6.25,11.625],"texture":"#0"},"south":{"uv":[6.125,11.25,6.25,11.625],"texture":"#0"},"west":{"uv":[6.125,11.25,6.25,11.625],"texture":"#0"},"up":{"uv":[6.125,11.25,6.25,11.375],"texture":"#0"},"down":{"uv":[6.125,11.5,6.25,11.625],"texture":"#0"}}},{"name":"valhakyra_152","from":[7.8125,1.125,7.875],"to":[7.9375,4.25,8.125],"rotation":{"angle":0,"axis":"y","origin":[4.0625,0,7.9375]},"faces":{"north":{"uv":[6.875,11.25,6.75,14.375],"texture":"#0"},"east":{"uv":[6.75,11.25,6.875,14.375],"texture":"#0"},"south":{"uv":[6.75,11.25,6.875,14.375],"texture":"#0"},"west":{"uv":[6.75,11.25,6.875,14.375],"texture":"#0"},"up":{"uv":[6.75,11.25,6.875,11.375],"texture":"#0"},"down":{"uv":[6.75,14.25,6.875,14.375],"texture":"#0"}}},{"name":"valhakyra_153","from":[8.0625,1.125,7.875],"to":[8.1875,4.25,8.125],"rotation":{"angle":0,"axis":"y","origin":[4.0625,0,7.9375]},"faces":{"north":{"uv":[7.125,11.25,7,14.375],"texture":"#0"},"east":{"uv":[7,11.25,7.125,14.375],"texture":"#0"},"south":{"uv":[7,11.25,7.125,14.375],"texture":"#0"},"west":{"uv":[7,11.25,7.125,14.375],"texture":"#0"},"up":{"uv":[7,11.25,7.125,11.375],"texture":"#0"},"down":{"uv":[7,14.25,7.125,14.375],"texture":"#0"}}},{"name":"valhakyra_154","from":[6.9375,5,7.6875],"to":[7.9375,5.25,8.3125],"rotation":{"angle":0,"axis":"y","origin":[4.0625,0,7.9375]},"faces":{"north":{"uv":[3.875,11.5,2.875,11.75],"texture":"#0"},"east":{"uv":[3.75,11.5,3.875,11.75],"texture":"#0"},"south":{"uv":[2.875,11.5,3.875,11.75],"texture":"#0"},"west":{"uv":[2.875,11.5,3,11.75],"texture":"#0"},"up":{"uv":[2.875,11.5,3.875,11.625],"texture":"#0"},"down":{"uv":[2.875,11.625,3.875,11.75],"texture":"#0"}}},{"name":"valhakyra_155","from":[7.9375,5.125,7.6875],"to":[8.9375,5.25,8.3125],"rotation":{"angle":0,"axis":"y","origin":[4.0625,0,7.9375]},"faces":{"north":{"uv":[4.875,11.5,3.875,11.625],"texture":"#0"},"east":{"uv":[4.75,11.5,4.875,11.625],"texture":"#0"},"south":{"uv":[3.875,11.5,4.875,11.625],"texture":"#0"},"west":{"uv":[3.875,11.5,4,11.625],"texture":"#0"},"up":{"uv":[3.875,11.5,4.875,11.625],"texture":"#0"},"down":{"uv":[3.875,11.5,4.875,11.625],"texture":"#0"}}},{"name":"valhakyra_156","from":[7.9375,1.125,7.875],"to":[8.0625,4,8.125],"rotation":{"angle":0,"axis":"y","origin":[4.0625,0,7.9375]},"faces":{"north":{"uv":[7,11.5,6.875,14.375],"texture":"#0"},"east":{"uv":[6.875,11.5,7,14.375],"texture":"#0"},"south":{"uv":[6.875,11.5,7,14.375],"texture":"#0"},"west":{"uv":[6.875,11.5,7,14.375],"texture":"#0"},"up":{"uv":[6.875,11.5,7,11.625],"texture":"#0"},"down":{"uv":[6.875,14.25,7,14.375],"texture":"#0"}}},{"name":"valhakyra_157","from":[8.0625,5,7.6875],"to":[8.9375,5.125,8.3125],"rotation":{"angle":0,"axis":"y","origin":[4.0625,0,7.9375]},"faces":{"north":{"uv":[4.875,11.625,4,11.75],"texture":"#0"},"east":{"uv":[4.75,11.625,4.875,11.75],"texture":"#0"},"south":{"uv":[4,11.625,4.875,11.75],"texture":"#0"},"west":{"uv":[4,11.625,4.125,11.75],"texture":"#0"},"up":{"uv":[4,11.625,4.875,11.75],"texture":"#0"},"down":{"uv":[4,11.625,4.875,11.75],"texture":"#0"}}},{"name":"valhakyra_158","from":[7.9375,4.75,7.8125],"to":[8.0625,5.125,8.1875],"rotation":{"angle":0,"axis":"y","origin":[4.0625,0,7.9375]},"faces":{"north":{"uv":[5.5,11.625,5.375,12],"texture":"#0"},"east":{"uv":[5.375,11.625,5.5,12],"texture":"#0"},"south":{"uv":[5.375,11.625,5.5,12],"texture":"#0"},"west":{"uv":[5.375,11.625,5.5,12],"texture":"#0"},"up":{"uv":[5.375,11.625,5.5,11.75],"texture":"#0"},"down":{"uv":[5.375,11.875,5.5,12],"texture":"#0"}}},{"name":"valhakyra_159","from":[7.3125,4.875,7.6875],"to":[7.8125,5,8.3125],"rotation":{"angle":0,"axis":"y","origin":[4.0625,0,7.9375]},"faces":{"north":{"uv":[3.75,11.75,3.25,11.875],"texture":"#0"},"east":{"uv":[3.625,11.75,3.75,11.875],"texture":"#0"},"south":{"uv":[3.25,11.75,3.75,11.875],"texture":"#0"},"west":{"uv":[3.25,11.75,3.375,11.875],"texture":"#0"},"up":{"uv":[3.25,11.75,3.75,11.875],"texture":"#0"},"down":{"uv":[3.25,11.75,3.75,11.875],"texture":"#0"}}},{"name":"valhakyra_160","from":[8.1875,4.75,7.6875],"to":[8.4375,5,8.3125],"rotation":{"angle":0,"axis":"y","origin":[4.0625,0,7.9375]},"faces":{"north":{"uv":[4.375,11.75,4.125,12],"texture":"#0"},"east":{"uv":[4.25,11.75,4.375,12],"texture":"#0"},"south":{"uv":[4.125,11.75,4.375,12],"texture":"#0"},"west":{"uv":[4.125,11.75,4.25,12],"texture":"#0"},"up":{"uv":[4.125,11.75,4.375,11.875],"texture":"#0"},"down":{"uv":[4.125,11.875,4.375,12],"texture":"#0"}}},{"name":"valhakyra_161","from":[8.4375,4.875,7.6875],"to":[8.6875,5,8.3125],"rotation":{"angle":0,"axis":"y","origin":[4.0625,0,7.9375]},"faces":{"north":{"uv":[4.625,11.75,4.375,11.875],"texture":"#0"},"east":{"uv":[4.5,11.75,4.625,11.875],"texture":"#0"},"south":{"uv":[4.375,11.75,4.625,11.875],"texture":"#0"},"west":{"uv":[4.375,11.75,4.5,11.875],"texture":"#0"},"up":{"uv":[4.375,11.75,4.625,11.875],"texture":"#0"},"down":{"uv":[4.375,11.75,4.625,11.875],"texture":"#0"}}},{"name":"valhakyra_162","from":[7.8125,4.875,7.8125],"to":[7.9375,5,8.1875],"rotation":{"angle":0,"axis":"y","origin":[4.0625,0,7.9375]},"faces":{"north":{"uv":[5.375,11.75,5.25,11.875],"texture":"#0"},"east":{"uv":[5.25,11.75,5.375,11.875],"texture":"#0"},"south":{"uv":[5.25,11.75,5.375,11.875],"texture":"#0"},"west":{"uv":[5.25,11.75,5.375,11.875],"texture":"#0"},"up":{"uv":[5.25,11.75,5.375,11.875],"texture":"#0"},"down":{"uv":[5.25,11.75,5.375,11.875],"texture":"#0"}}},{"name":"valhakyra_163","from":[8.0625,4.875,7.8125],"to":[8.1875,5,8.1875],"rotation":{"angle":0,"axis":"y","origin":[4.0625,0,7.9375]},"faces":{"north":{"uv":[5.625,11.75,5.5,11.875],"texture":"#0"},"east":{"uv":[5.5,11.75,5.625,11.875],"texture":"#0"},"south":{"uv":[5.5,11.75,5.625,11.875],"texture":"#0"},"west":{"uv":[5.5,11.75,5.625,11.875],"texture":"#0"},"up":{"uv":[5.5,11.75,5.625,11.875],"texture":"#0"},"down":{"uv":[5.5,11.75,5.625,11.875],"texture":"#0"}}},{"name":"valhakyra_164","from":[7.5625,4.75,7.6875],"to":[7.9375,4.875,8.3125],"rotation":{"angle":0,"axis":"y","origin":[4.0625,0,7.9375]},"faces":{"north":{"uv":[3.875,11.875,3.5,12],"texture":"#0"},"east":{"uv":[3.75,11.875,3.875,12],"texture":"#0"},"south":{"uv":[3.5,11.875,3.875,12],"texture":"#0"},"west":{"uv":[3.5,11.875,3.625,12],"texture":"#0"},"up":{"uv":[3.5,11.875,3.875,12],"texture":"#0"},"down":{"uv":[3.5,11.875,3.875,12],"texture":"#0"}}},{"name":"valhakyra_165","from":[8.0625,4.25,7.6875],"to":[8.1875,4.875,8.3125],"rotation":{"angle":0,"axis":"y","origin":[4.0625,0,7.9375]},"faces":{"north":{"uv":[4.125,11.875,4,12.5],"texture":"#0"},"east":{"uv":[4,11.875,4.125,12.5],"texture":"#0"},"south":{"uv":[4,11.875,4.125,12.5],"texture":"#0"},"west":{"uv":[4,11.875,4.125,12.5],"texture":"#0"},"up":{"uv":[4,11.875,4.125,12],"texture":"#0"},"down":{"uv":[4,12.375,4.125,12.5],"texture":"#0"}}},{"name":"valhakyra_166","from":[7.6875,4.5,7.6875],"to":[8.0625,4.75,8.3125],"rotation":{"angle":0,"axis":"y","origin":[4.0625,0,7.9375]},"faces":{"north":{"uv":[4,12,3.625,12.25],"texture":"#0"},"east":{"uv":[3.875,12,4,12.25],"texture":"#0"},"south":{"uv":[3.625,12,4,12.25],"texture":"#0"},"west":{"uv":[3.625,12,3.75,12.25],"texture":"#0"},"up":{"uv":[3.625,12,4,12.125],"texture":"#0"},"down":{"uv":[3.625,12.125,4,12.25],"texture":"#0"}}},{"name":"valhakyra_167","from":[8.1875,4.5,7.6875],"to":[8.3125,4.75,8.3125],"rotation":{"angle":0,"axis":"y","origin":[4.0625,0,7.9375]},"faces":{"north":{"uv":[4.25,12,4.125,12.25],"texture":"#0"},"east":{"uv":[4.125,12,4.25,12.25],"texture":"#0"},"south":{"uv":[4.125,12,4.25,12.25],"texture":"#0"},"west":{"uv":[4.125,12,4.25,12.25],"texture":"#0"},"up":{"uv":[4.125,12,4.25,12.125],"texture":"#0"},"down":{"uv":[4.125,12.125,4.25,12.25],"texture":"#0"}}},{"name":"valhakyra_168","from":[7.8125,4.25,7.6875],"to":[8.0625,4.5,8.3125],"rotation":{"angle":0,"axis":"y","origin":[4.0625,0,7.9375]},"faces":{"north":{"uv":[4,12.25,3.75,12.5],"texture":"#0"},"east":{"uv":[3.875,12.25,4,12.5],"texture":"#0"},"south":{"uv":[3.75,12.25,4,12.5],"texture":"#0"},"west":{"uv":[3.75,12.25,3.875,12.5],"texture":"#0"},"up":{"uv":[3.75,12.25,4,12.375],"texture":"#0"},"down":{"uv":[3.75,12.375,4,12.5],"texture":"#0"}}},{"name":"valhakyra_169","from":[7.9375,4,7.6875],"to":[8.0625,4.25,8.3125],"rotation":{"angle":0,"axis":"y","origin":[4.0625,0,7.9375]},"faces":{"north":{"uv":[4,12.5,3.875,12.75],"texture":"#0"},"east":{"uv":[3.875,12.5,4,12.75],"texture":"#0"},"south":{"uv":[3.875,12.5,4,12.75],"texture":"#0"},"west":{"uv":[3.875,12.5,4,12.75],"texture":"#0"},"up":{"uv":[3.875,12.5,4,12.625],"texture":"#0"},"down":{"uv":[3.875,12.625,4,12.75],"texture":"#0"}}},{"name":"valhakyra_170","from":[7.3125,1.125,7.9375],"to":[7.4375,1.5,8.0625],"rotation":{"angle":0,"axis":"y","origin":[4.0625,0,7.9375]},"faces":{"north":{"uv":[3.375,14,3.25,14.375],"texture":"#0"},"east":{"uv":[3.25,14,3.375,14.375],"texture":"#0"},"south":{"uv":[3.25,14,3.375,14.375],"texture":"#0"},"west":{"uv":[3.25,14,3.375,14.375],"texture":"#0"},"up":{"uv":[3.25,14,3.375,14.125],"texture":"#0"},"down":{"uv":[3.25,14.25,3.375,14.375],"texture":"#0"}}},{"name":"valhakyra_171","from":[8.5625,1.125,7.9375],"to":[8.6875,1.5,8.0625],"rotation":{"angle":0,"axis":"y","origin":[4.0625,0,7.9375]},"faces":{"north":{"uv":[4.625,14,4.5,14.375],"texture":"#0"},"east":{"uv":[4.5,14,4.625,14.375],"texture":"#0"},"south":{"uv":[4.5,14,4.625,14.375],"texture":"#0"},"west":{"uv":[4.5,14,4.625,14.375],"texture":"#0"},"up":{"uv":[4.5,14,4.625,14.125],"texture":"#0"},"down":{"uv":[4.5,14.25,4.625,14.375],"texture":"#0"}}},{"name":"valhakyra_172","from":[7.1875,1.125,7.9375],"to":[7.3125,1.375,8.0625],"rotation":{"angle":0,"axis":"y","origin":[4.0625,0,7.9375]},"faces":{"north":{"uv":[3.25,14.125,3.125,14.375],"texture":"#0"},"east":{"uv":[3.125,14.125,3.25,14.375],"texture":"#0"},"south":{"uv":[3.125,14.125,3.25,14.375],"texture":"#0"},"west":{"uv":[3.125,14.125,3.25,14.375],"texture":"#0"},"up":{"uv":[3.125,14.125,3.25,14.25],"texture":"#0"},"down":{"uv":[3.125,14.25,3.25,14.375],"texture":"#0"}}},{"name":"valhakyra_173","from":[8.6875,1.125,7.9375],"to":[8.8125,1.375,8.0625],"rotation":{"angle":0,"axis":"y","origin":[4.0625,0,7.9375]},"faces":{"north":{"uv":[4.75,14.125,4.625,14.375],"texture":"#0"},"east":{"uv":[4.625,14.125,4.75,14.375],"texture":"#0"},"south":{"uv":[4.625,14.125,4.75,14.375],"texture":"#0"},"west":{"uv":[4.625,14.125,4.75,14.375],"texture":"#0"},"up":{"uv":[4.625,14.125,4.75,14.25],"texture":"#0"},"down":{"uv":[4.625,14.25,4.75,14.375],"texture":"#0"}}},{"name":"valhakyra_174","from":[6.5625,1.125,7.9375],"to":[7.1875,1.25,8.0625],"rotation":{"angle":0,"axis":"y","origin":[4.0625,0,7.9375]},"faces":{"north":{"uv":[3.125,14.25,2.5,14.375],"texture":"#0"},"east":{"uv":[3,14.25,3.125,14.375],"texture":"#0"},"south":{"uv":[2.5,14.25,3.125,14.375],"texture":"#0"},"west":{"uv":[2.5,14.25,2.625,14.375],"texture":"#0"},"up":{"uv":[2.5,14.25,3.125,14.375],"texture":"#0"},"down":{"uv":[2.5,14.25,3.125,14.375],"texture":"#0"}}},{"name":"valhakyra_175","from":[8.8125,1.125,7.9375],"to":[9.4375,1.25,8.0625],"rotation":{"angle":0,"axis":"y","origin":[4.0625,0,7.9375]},"faces":{"north":{"uv":[5.375,14.25,4.75,14.375],"texture":"#0"},"east":{"uv":[5.25,14.25,5.375,14.375],"texture":"#0"},"south":{"uv":[4.75,14.25,5.375,14.375],"texture":"#0"},"west":{"uv":[4.75,14.25,4.875,14.375],"texture":"#0"},"up":{"uv":[4.75,14.25,5.375,14.375],"texture":"#0"},"down":{"uv":[4.75,14.25,5.375,14.375],"texture":"#0"}}},{"name":"valhakyra_176","from":[6.6875,1,7.9375],"to":[6.8125,1.125,8.0625],"rotation":{"angle":0,"axis":"y","origin":[4.0625,0,7.9375]},"faces":{"north":{"uv":[2.75,14.375,2.625,14.5],"texture":"#0"},"east":{"uv":[2.625,14.375,2.75,14.5],"texture":"#0"},"south":{"uv":[2.625,14.375,2.75,14.5],"texture":"#0"},"west":{"uv":[2.625,14.375,2.75,14.5],"texture":"#0"},"up":{"uv":[2.625,14.375,2.75,14.5],"texture":"#0"},"down":{"uv":[2.625,14.375,2.75,14.5],"texture":"#0"}}},{"name":"valhakyra_177","from":[7.4375,0.875,7.9375],"to":[7.6875,1.125,8.0625],"rotation":{"angle":0,"axis":"y","origin":[4.0625,0,7.9375]},"faces":{"north":{"uv":[3.625,14.375,3.375,14.625],"texture":"#0"},"east":{"uv":[3.5,14.375,3.625,14.625],"texture":"#0"},"south":{"uv":[3.375,14.375,3.625,14.625],"texture":"#0"},"west":{"uv":[3.375,14.375,3.5,14.625],"texture":"#0"},"up":{"uv":[3.375,14.375,3.625,14.5],"texture":"#0"},"down":{"uv":[3.375,14.5,3.625,14.625],"texture":"#0"}}},{"name":"valhakyra_178","from":[7.6875,1,7.9375],"to":[7.9375,1.125,8.0625],"rotation":{"angle":0,"axis":"y","origin":[4.0625,0,7.9375]},"faces":{"north":{"uv":[3.875,14.375,3.625,14.5],"texture":"#0"},"east":{"uv":[3.75,14.375,3.875,14.5],"texture":"#0"},"south":{"uv":[3.625,14.375,3.875,14.5],"texture":"#0"},"west":{"uv":[3.625,14.375,3.75,14.5],"texture":"#0"},"up":{"uv":[3.625,14.375,3.875,14.5],"texture":"#0"},"down":{"uv":[3.625,14.375,3.875,14.5],"texture":"#0"}}},{"name":"valhakyra_179","from":[8.0625,1,7.9375],"to":[8.5625,1.125,8.0625],"rotation":{"angle":0,"axis":"y","origin":[4.0625,0,7.9375]},"faces":{"north":{"uv":[4.5,14.375,4,14.5],"texture":"#0"},"east":{"uv":[4.375,14.375,4.5,14.5],"texture":"#0"},"south":{"uv":[4,14.375,4.5,14.5],"texture":"#0"},"west":{"uv":[4,14.375,4.125,14.5],"texture":"#0"},"up":{"uv":[4,14.375,4.5,14.5],"texture":"#0"},"down":{"uv":[4,14.375,4.5,14.5],"texture":"#0"}}},{"name":"valhakyra_180","from":[9.1875,1,7.9375],"to":[9.3125,1.125,8.0625],"rotation":{"angle":0,"axis":"y","origin":[4.0625,0,7.9375]},"faces":{"north":{"uv":[5.25,14.375,5.125,14.5],"texture":"#0"},"east":{"uv":[5.125,14.375,5.25,14.5],"texture":"#0"},"south":{"uv":[5.125,14.375,5.25,14.5],"texture":"#0"},"west":{"uv":[5.125,14.375,5.25,14.5],"texture":"#0"},"up":{"uv":[5.125,14.375,5.25,14.5],"texture":"#0"},"down":{"uv":[5.125,14.375,5.25,14.5],"texture":"#0"}}},{"name":"valhakyra_181","from":[7.9375,0.75,7.875],"to":[8.0625,1.125,8.125],"rotation":{"angle":0,"axis":"y","origin":[4.0625,0,7.9375]},"faces":{"north":{"uv":[6,14.375,5.875,14.75],"texture":"#0"},"east":{"uv":[5.875,14.375,6,14.75],"texture":"#0"},"south":{"uv":[5.875,14.375,6,14.75],"texture":"#0"},"west":{"uv":[5.875,14.375,6,14.75],"texture":"#0"},"up":{"uv":[5.875,14.375,6,14.5],"texture":"#0"},"down":{"uv":[5.875,14.625,6,14.75],"texture":"#0"}}},{"name":"valhakyra_182","from":[7.1875,0.875,7.9375],"to":[7.4375,1,8.0625],"rotation":{"angle":0,"axis":"y","origin":[4.0625,0,7.9375]},"faces":{"north":{"uv":[3.375,14.5,3.125,14.625],"texture":"#0"},"east":{"uv":[3.25,14.5,3.375,14.625],"texture":"#0"},"south":{"uv":[3.125,14.5,3.375,14.625],"texture":"#0"},"west":{"uv":[3.125,14.5,3.25,14.625],"texture":"#0"},"up":{"uv":[3.125,14.5,3.375,14.625],"texture":"#0"},"down":{"uv":[3.125,14.5,3.375,14.625],"texture":"#0"}}},{"name":"valhakyra_183","from":[8.3125,0.875,7.9375],"to":[8.8125,1,8.0625],"rotation":{"angle":0,"axis":"y","origin":[4.0625,0,7.9375]},"faces":{"north":{"uv":[4.75,14.5,4.25,14.625],"texture":"#0"},"east":{"uv":[4.625,14.5,4.75,14.625],"texture":"#0"},"south":{"uv":[4.25,14.5,4.75,14.625],"texture":"#0"},"west":{"uv":[4.25,14.5,4.375,14.625],"texture":"#0"},"up":{"uv":[4.25,14.5,4.75,14.625],"texture":"#0"},"down":{"uv":[4.25,14.5,4.75,14.625],"texture":"#0"}}},{"name":"valhakyra_184","from":[7.8125,0.875,7.875],"to":[7.9375,1,8.125],"rotation":{"angle":0,"axis":"y","origin":[4.0625,0,7.9375]},"faces":{"north":{"uv":[5.875,14.5,5.75,14.625],"texture":"#0"},"east":{"uv":[5.75,14.5,5.875,14.625],"texture":"#0"},"south":{"uv":[5.75,14.5,5.875,14.625],"texture":"#0"},"west":{"uv":[5.75,14.5,5.875,14.625],"texture":"#0"},"up":{"uv":[5.75,14.5,5.875,14.625],"texture":"#0"},"down":{"uv":[5.75,14.5,5.875,14.625],"texture":"#0"}}},{"name":"valhakyra_185","from":[8.0625,0.875,7.875],"to":[8.1875,1,8.125],"rotation":{"angle":0,"axis":"y","origin":[4.0625,0,7.9375]},"faces":{"north":{"uv":[6.125,14.5,6,14.625],"texture":"#0"},"east":{"uv":[6,14.5,6.125,14.625],"texture":"#0"},"south":{"uv":[6,14.5,6.125,14.625],"texture":"#0"},"west":{"uv":[6,14.5,6.125,14.625],"texture":"#0"},"up":{"uv":[6,14.5,6.125,14.625],"texture":"#0"},"down":{"uv":[6,14.5,6.125,14.625],"texture":"#0"}}},{"name":"valhakyra_186","from":[7.0625,0.75,7.9375],"to":[7.1875,0.875,8.0625],"rotation":{"angle":0,"axis":"y","origin":[4.0625,0,7.9375]},"faces":{"north":{"uv":[3.125,14.625,3,14.75],"texture":"#0"},"east":{"uv":[3,14.625,3.125,14.75],"texture":"#0"},"south":{"uv":[3,14.625,3.125,14.75],"texture":"#0"},"west":{"uv":[3,14.625,3.125,14.75],"texture":"#0"},"up":{"uv":[3,14.625,3.125,14.75],"texture":"#0"},"down":{"uv":[3,14.625,3.125,14.75],"texture":"#0"}}},{"name":"valhakyra_187","from":[7.8125,0.75,7.9375],"to":[7.9375,0.875,8.0625],"rotation":{"angle":0,"axis":"y","origin":[4.0625,0,7.9375]},"faces":{"north":{"uv":[3.875,14.625,3.75,14.75],"texture":"#0"},"east":{"uv":[3.75,14.625,3.875,14.75],"texture":"#0"},"south":{"uv":[3.75,14.625,3.875,14.75],"texture":"#0"},"west":{"uv":[3.75,14.625,3.875,14.75],"texture":"#0"},"up":{"uv":[3.75,14.625,3.875,14.75],"texture":"#0"},"down":{"uv":[3.75,14.625,3.875,14.75],"texture":"#0"}}},{"name":"valhakyra_188","from":[8.0625,0.75,7.9375],"to":[8.1875,0.875,8.0625],"rotation":{"angle":0,"axis":"y","origin":[4.0625,0,7.9375]},"faces":{"north":{"uv":[4.125,14.625,4,14.75],"texture":"#0"},"east":{"uv":[4,14.625,4.125,14.75],"texture":"#0"},"south":{"uv":[4,14.625,4.125,14.75],"texture":"#0"},"west":{"uv":[4,14.625,4.125,14.75],"texture":"#0"},"up":{"uv":[4,14.625,4.125,14.75],"texture":"#0"},"down":{"uv":[4,14.625,4.125,14.75],"texture":"#0"}}},{"name":"valhakyra_189","from":[8.8125,0.75,7.9375],"to":[8.9375,0.875,8.0625],"rotation":{"angle":0,"axis":"y","origin":[4.0625,0,7.9375]},"faces":{"north":{"uv":[4.875,14.625,4.75,14.75],"texture":"#0"},"east":{"uv":[4.75,14.625,4.875,14.75],"texture":"#0"},"south":{"uv":[4.75,14.625,4.875,14.75],"texture":"#0"},"west":{"uv":[4.75,14.625,4.875,14.75],"texture":"#0"},"up":{"uv":[4.75,14.625,4.875,14.75],"texture":"#0"},"down":{"uv":[4.75,14.625,4.875,14.75],"texture":"#0"}}},{"name":"valhakyra_190","from":[6.9375,0.625,7.9375],"to":[7.0625,0.75,8.0625],"rotation":{"angle":0,"axis":"y","origin":[4.0625,0,7.9375]},"faces":{"north":{"uv":[3,14.75,2.875,14.875],"texture":"#0"},"east":{"uv":[2.875,14.75,3,14.875],"texture":"#0"},"south":{"uv":[2.875,14.75,3,14.875],"texture":"#0"},"west":{"uv":[2.875,14.75,3,14.875],"texture":"#0"},"up":{"uv":[2.875,14.75,3,14.875],"texture":"#0"},"down":{"uv":[2.875,14.75,3,14.875],"texture":"#0"}}},{"name":"valhakyra_191","from":[7.9375,0.5,7.9375],"to":[8.0625,0.75,8.0625],"rotation":{"angle":0,"axis":"y","origin":[4.0625,0,7.9375]},"faces":{"north":{"uv":[4,14.75,3.875,15],"texture":"#0"},"east":{"uv":[3.875,14.75,4,15],"texture":"#0"},"south":{"uv":[3.875,14.75,4,15],"texture":"#0"},"west":{"uv":[3.875,14.75,4,15],"texture":"#0"},"up":{"uv":[3.875,14.75,4,14.875],"texture":"#0"},"down":{"uv":[3.875,14.875,4,15],"texture":"#0"}}},{"name":"valhakyra_192","from":[8.9375,0.625,7.9375],"to":[9.0625,0.75,8.0625],"rotation":{"angle":0,"axis":"y","origin":[4.0625,0,7.9375]},"faces":{"north":{"uv":[5,14.75,4.875,14.875],"texture":"#0"},"east":{"uv":[4.875,14.75,5,14.875],"texture":"#0"},"south":{"uv":[4.875,14.75,5,14.875],"texture":"#0"},"west":{"uv":[4.875,14.75,5,14.875],"texture":"#0"},"up":{"uv":[4.875,14.75,5,14.875],"texture":"#0"},"down":{"uv":[4.875,14.75,5,14.875],"texture":"#0"}}},{"name":"valhakyra_193","from":[7.8125,0,7.875],"to":[8.1875,0.5,8.125],"rotation":{"angle":0,"axis":"y","origin":[4.0625,0,7.9375]},"faces":{"north":{"uv":[4.875,15,4.5,15.5],"texture":"#0"},"east":{"uv":[4.75,15,4.875,15.5],"texture":"#0"},"south":{"uv":[4.5,15,4.875,15.5],"texture":"#0"},"west":{"uv":[4.5,15,4.625,15.5],"texture":"#0"},"up":{"uv":[4.5,15,4.875,15.125],"texture":"#0"},"down":{"uv":[4.5,15.375,4.875,15.5],"texture":"#0"}}},{"name":"valhakyra_194","from":[7.9375,-0.5,7.9375],"to":[8.0625,0,8.0625],"rotation":{"angle":0,"axis":"y","origin":[4.0625,0,7.9375]},"faces":{"north":{"uv":[4,15.5,3.875,16],"texture":"#0"},"east":{"uv":[3.875,15.5,4,16],"texture":"#0"},"south":{"uv":[3.875,15.5,4,16],"texture":"#0"},"west":{"uv":[3.875,15.5,4,16],"texture":"#0"},"up":{"uv":[3.875,15.5,4,15.625],"texture":"#0"},"down":{"uv":[3.875,15.875,4,16],"texture":"#0"}}}],"gui_light":"front","display":{"thirdperson_righthand":{"rotation":[0,-90,0],"translation":[0,10,1.5],"scale":[2.4,2.4,2.4]},"thirdperson_lefthand":{"rotation":[0,90,0],"translation":[0,10,1.5],"scale":[2.4,2.4,2.4]},"firstperson_righthand":{"rotation":[10,-90,10],"translation":[-1.5,9.75,4.75],"scale":[1.4,1.4,1.4]},"firstperson_lefthand":{"rotation":[10,90,-10],"translation":[-1.5,9.75,4.75],"scale":[1.4,1.4,1.4]},"ground":{"rotation":[0,0,45],"translation":[0,1.5,0.25]},"gui":{"rotation":[0,0,-45],"translation":[-0.25,-0.25,0],"scale":[1.4,1.4,1]},"head":{"rotation":[0,0,45],"translation":[1.25,17.75,0],"scale":[2,2,2]},"fixed":{"rotation":[0,0,90],"translation":[3.75,-0.25,-0.5],"scale":[4,4,4]}}}