{"textures":{"1":"fantasy_weapons:item/windreaper","particle":"fantasy_weapons:item/windreaper"},"elements":[{"name":"windreaper_0","from":[10,15.375,7.875],"to":[10.125,15.625,8.125],"rotation":{"angle":0,"axis":"y","origin":[-2.125,0,7.9375]},"faces":{"north":{"uv":[12.25,0.375,12.125,0.625],"texture":"#1"},"east":{"uv":[12.125,0.375,12.25,0.625],"texture":"#1"},"south":{"uv":[12.125,0.375,12.25,0.625],"texture":"#1"},"west":{"uv":[12.125,0.375,12.25,0.625],"texture":"#1"},"up":{"uv":[12.125,0.375,12.25,0.5],"texture":"#1"},"down":{"uv":[12.125,0.5,12.25,0.625],"texture":"#1"}}},{"name":"windreaper_1","from":[10.25,15.375,7.875],"to":[10.375,15.625,8.125],"rotation":{"angle":0,"axis":"y","origin":[-2.125,0,7.9375]},"faces":{"north":{"uv":[12.5,0.375,12.375,0.625],"texture":"#1"},"east":{"uv":[12.375,0.375,12.5,0.625],"texture":"#1"},"south":{"uv":[12.375,0.375,12.5,0.625],"texture":"#1"},"west":{"uv":[12.375,0.375,12.5,0.625],"texture":"#1"},"up":{"uv":[12.375,0.375,12.5,0.5],"texture":"#1"},"down":{"uv":[12.375,0.5,12.5,0.625],"texture":"#1"}}},{"name":"windreaper_2","from":[8.25,16.625,7.9375],"to":[8.375,17.75,8.0625],"rotation":{"angle":0,"axis":"y","origin":[-2.125,0,7.9375]},"faces":{"north":{"uv":[6.375,0.75,6.25,1.875],"texture":"#1"},"east":{"uv":[6.25,0.75,6.375,1.875],"texture":"#1"},"south":{"uv":[6.25,0.75,6.375,1.875],"texture":"#1"},"west":{"uv":[6.25,0.75,6.375,1.875],"texture":"#1"},"up":{"uv":[6.25,0.75,6.375,0.875],"texture":"#1"},"down":{"uv":[6.25,1.75,6.375,1.875],"texture":"#1"}}},{"name":"windreaper_4","from":[8.125,16.625,7.9375],"to":[8.25,17.625,8.0625],"rotation":{"angle":0,"axis":"y","origin":[-2.125,0,7.9375]},"faces":{"north":{"uv":[6.25,0.875,6.125,1.875],"texture":"#1"},"east":{"uv":[6.125,0.875,6.25,1.875],"texture":"#1"},"south":{"uv":[6.125,0.875,6.25,1.875],"texture":"#1"},"west":{"uv":[6.125,0.875,6.25,1.875],"texture":"#1"},"up":{"uv":[6.125,0.875,6.25,1],"texture":"#1"},"down":{"uv":[6.125,1.75,6.25,1.875],"texture":"#1"}}},{"name":"windreaper_6","from":[10,1.75,7.875],"to":[10.125,15.125,8.125],"rotation":{"angle":0,"axis":"y","origin":[-2.125,0,7.9375]},"faces":{"north":{"uv":[12.25,0.875,12.125,14.25],"texture":"#1"},"east":{"uv":[12.125,0.875,12.25,14.25],"texture":"#1"},"south":{"uv":[12.125,0.875,12.25,14.25],"texture":"#1"},"west":{"uv":[12.125,0.875,12.25,14.25],"texture":"#1"},"up":{"uv":[12.125,0.875,12.25,1],"texture":"#1"},"down":{"uv":[12.125,14.125,12.25,14.25],"texture":"#1"}}},{"name":"windreaper_7","from":[10.25,1.75,7.875],"to":[10.375,15.125,8.125],"rotation":{"angle":0,"axis":"y","origin":[-2.125,0,7.9375]},"faces":{"north":{"uv":[12.5,0.875,12.375,14.25],"texture":"#1"},"east":{"uv":[12.375,0.875,12.5,14.25],"texture":"#1"},"south":{"uv":[12.375,0.875,12.5,14.25],"texture":"#1"},"west":{"uv":[12.375,0.875,12.5,14.25],"texture":"#1"},"up":{"uv":[12.375,0.875,12.5,1],"texture":"#1"},"down":{"uv":[12.375,14.125,12.5,14.25],"texture":"#1"}}},{"name":"windreaper_8","from":[8,16.625,7.9375],"to":[8.125,17.5,8.0625],"rotation":{"angle":0,"axis":"y","origin":[-2.125,0,7.9375]},"faces":{"north":{"uv":[6.125,1,6,1.875],"texture":"#1"},"east":{"uv":[6,1,6.125,1.875],"texture":"#1"},"south":{"uv":[6,1,6.125,1.875],"texture":"#1"},"west":{"uv":[6,1,6.125,1.875],"texture":"#1"},"up":{"uv":[6,1,6.125,1.125],"texture":"#1"},"down":{"uv":[6,1.75,6.125,1.875],"texture":"#1"}}},{"name":"windreaper_10","from":[7.75,16.625,7.9375],"to":[8,17.375,8.0625],"rotation":{"angle":0,"axis":"y","origin":[-2.125,0,7.9375]},"faces":{"north":{"uv":[6,1.125,5.75,1.875],"texture":"#1"},"east":{"uv":[5.875,1.125,6,1.875],"texture":"#1"},"south":{"uv":[5.75,1.125,6,1.875],"texture":"#1"},"west":{"uv":[5.75,1.125,5.875,1.875],"texture":"#1"},"up":{"uv":[5.75,1.125,6,1.25],"texture":"#1"},"down":{"uv":[5.75,1.75,6,1.875],"texture":"#1"}}},{"name":"windreaper_12","from":[7.375,16.625,7.9375],"to":[7.75,17.25,8.0625],"rotation":{"angle":0,"axis":"y","origin":[-2.125,0,7.9375]},"faces":{"north":{"uv":[5.75,1.25,5.375,1.875],"texture":"#1"},"east":{"uv":[5.625,1.25,5.75,1.875],"texture":"#1"},"south":{"uv":[5.375,1.25,5.75,1.875],"texture":"#1"},"west":{"uv":[5.375,1.25,5.5,1.875],"texture":"#1"},"up":{"uv":[5.375,1.25,5.75,1.375],"texture":"#1"},"down":{"uv":[5.375,1.75,5.75,1.875],"texture":"#1"}}},{"name":"windreaper_14","from":[10.125,2.125,7.875],"to":[10.25,14.75,8.125],"rotation":{"angle":0,"axis":"y","origin":[-2.125,0,7.9375]},"faces":{"north":{"uv":[12.375,1.25,12.25,13.875],"texture":"#1"},"east":{"uv":[12.25,1.25,12.375,13.875],"texture":"#1"},"south":{"uv":[12.25,1.25,12.375,13.875],"texture":"#1"},"west":{"uv":[12.25,1.25,12.375,13.875],"texture":"#1"},"up":{"uv":[12.25,1.25,12.375,1.375],"texture":"#1"},"down":{"uv":[12.25,13.75,12.375,13.875],"texture":"#1"}}},{"name":"windreaper_15","from":[6.375,16.375,7.9375],"to":[6.5,17.125,8.0625],"rotation":{"angle":0,"axis":"y","origin":[-2.125,0,7.9375]},"faces":{"north":{"uv":[4.5,1.375,4.375,2.125],"texture":"#1"},"east":{"uv":[4.375,1.375,4.5,2.125],"texture":"#1"},"south":{"uv":[4.375,1.375,4.5,2.125],"texture":"#1"},"west":{"uv":[4.375,1.375,4.5,2.125],"texture":"#1"},"up":{"uv":[4.375,1.375,4.5,1.5],"texture":"#1"},"down":{"uv":[4.375,2,4.5,2.125],"texture":"#1"}}},{"name":"windreaper_16","from":[7.125,16.5,7.9375],"to":[7.375,17.125,8.0625],"rotation":{"angle":0,"axis":"y","origin":[-2.125,0,7.9375]},"faces":{"north":{"uv":[5.375,1.375,5.125,2],"texture":"#1"},"east":{"uv":[5.25,1.375,5.375,2],"texture":"#1"},"south":{"uv":[5.125,1.375,5.375,2],"texture":"#1"},"west":{"uv":[5.125,1.375,5.25,2],"texture":"#1"},"up":{"uv":[5.125,1.375,5.375,1.5],"texture":"#1"},"down":{"uv":[5.125,1.875,5.375,2],"texture":"#1"}}},{"name":"windreaper_18","from":[6.25,16.25,7.9375],"to":[6.375,17,8.0625],"rotation":{"angle":0,"axis":"y","origin":[-2.125,0,7.9375]},"faces":{"north":{"uv":[4.375,1.5,4.25,2.25],"texture":"#1"},"east":{"uv":[4.25,1.5,4.375,2.25],"texture":"#1"},"south":{"uv":[4.25,1.5,4.375,2.25],"texture":"#1"},"west":{"uv":[4.25,1.5,4.375,2.25],"texture":"#1"},"up":{"uv":[4.25,1.5,4.375,1.625],"texture":"#1"},"down":{"uv":[4.25,2.125,4.375,2.25],"texture":"#1"}}},{"name":"windreaper_19","from":[6.75,16.5,7.9375],"to":[7.125,17,8.0625],"rotation":{"angle":0,"axis":"y","origin":[-2.125,0,7.9375]},"faces":{"north":{"uv":[5.125,1.5,4.75,2],"texture":"#1"},"east":{"uv":[5,1.5,5.125,2],"texture":"#1"},"south":{"uv":[4.75,1.5,5.125,2],"texture":"#1"},"west":{"uv":[4.75,1.5,4.875,2],"texture":"#1"},"up":{"uv":[4.75,1.5,5.125,1.625],"texture":"#1"},"down":{"uv":[4.75,1.875,5.125,2],"texture":"#1"}}},{"name":"windreaper_20","from":[8.375,16.625,7.9375],"to":[9.625,17,8.0625],"rotation":{"angle":0,"axis":"y","origin":[-2.125,0,7.9375]},"faces":{"north":{"uv":[7.625,1.5,6.375,1.875],"texture":"#1"},"east":{"uv":[7.5,1.5,7.625,1.875],"texture":"#1"},"south":{"uv":[6.375,1.5,7.625,1.875],"texture":"#1"},"west":{"uv":[6.375,1.5,6.5,1.875],"texture":"#1"},"up":{"uv":[6.375,1.5,7.625,1.625],"texture":"#1"},"down":{"uv":[6.375,1.75,7.625,1.875],"texture":"#1"}}},{"name":"windreaper_21","from":[10,16.625,7.90625],"to":[10.375,17,8.09375],"rotation":{"angle":0,"axis":"y","origin":[-2.125,0,7.9375]},"faces":{"north":{"uv":[8.375,1.5,8,1.875],"texture":"#1"},"east":{"uv":[8.25,1.5,8.375,1.875],"texture":"#1"},"south":{"uv":[8,1.5,8.375,1.875],"texture":"#1"},"west":{"uv":[8,1.5,8.125,1.875],"texture":"#1"},"up":{"uv":[8,1.5,8.375,1.625],"texture":"#1"},"down":{"uv":[8,1.75,8.375,1.875],"texture":"#1"}}},{"name":"windreaper_23","from":[6.125,16.25,7.9375],"to":[6.25,16.875,8.0625],"rotation":{"angle":0,"axis":"y","origin":[-2.125,0,7.9375]},"faces":{"north":{"uv":[4.25,1.625,4.125,2.25],"texture":"#1"},"east":{"uv":[4.125,1.625,4.25,2.25],"texture":"#1"},"south":{"uv":[4.125,1.625,4.25,2.25],"texture":"#1"},"west":{"uv":[4.125,1.625,4.25,2.25],"texture":"#1"},"up":{"uv":[4.125,1.625,4.25,1.75],"texture":"#1"},"down":{"uv":[4.125,2.125,4.25,2.25],"texture":"#1"}}},{"name":"windreaper_24","from":[6.5,16.375,7.9375],"to":[6.75,16.875,8.0625],"rotation":{"angle":0,"axis":"y","origin":[-2.125,0,7.9375]},"faces":{"north":{"uv":[4.75,1.625,4.5,2.125],"texture":"#1"},"east":{"uv":[4.625,1.625,4.75,2.125],"texture":"#1"},"south":{"uv":[4.5,1.625,4.75,2.125],"texture":"#1"},"west":{"uv":[4.5,1.625,4.625,2.125],"texture":"#1"},"up":{"uv":[4.5,1.625,4.75,1.75],"texture":"#1"},"down":{"uv":[4.5,2,4.75,2.125],"texture":"#1"}}},{"name":"windreaper_25","from":[6,16.25,7.9375],"to":[6.125,16.75,8.0625],"rotation":{"angle":0,"axis":"y","origin":[-2.125,0,7.9375]},"faces":{"north":{"uv":[4.125,1.75,4,2.25],"texture":"#1"},"east":{"uv":[4,1.75,4.125,2.25],"texture":"#1"},"south":{"uv":[4,1.75,4.125,2.25],"texture":"#1"},"west":{"uv":[4,1.75,4.125,2.25],"texture":"#1"},"up":{"uv":[4,1.75,4.125,1.875],"texture":"#1"},"down":{"uv":[4,2.125,4.125,2.25],"texture":"#1"}}},{"name":"windreaper_27","from":[5.875,16.125,7.9375],"to":[6,16.625,8.0625],"rotation":{"angle":0,"axis":"y","origin":[-2.125,0,7.9375]},"faces":{"north":{"uv":[4,1.875,3.875,2.375],"texture":"#1"},"east":{"uv":[3.875,1.875,4,2.375],"texture":"#1"},"south":{"uv":[3.875,1.875,4,2.375],"texture":"#1"},"west":{"uv":[3.875,1.875,4,2.375],"texture":"#1"},"up":{"uv":[3.875,1.875,4,2],"texture":"#1"},"down":{"uv":[3.875,2.25,4,2.375],"texture":"#1"}}},{"name":"windreaper_28","from":[9.125,16.5,7.9375],"to":[9.625,16.625,8.0625],"rotation":{"angle":0,"axis":"y","origin":[-2.125,0,7.9375]},"faces":{"north":{"uv":[7.625,1.875,7.125,2],"texture":"#1"},"east":{"uv":[7.5,1.875,7.625,2],"texture":"#1"},"south":{"uv":[7.125,1.875,7.625,2],"texture":"#1"},"west":{"uv":[7.125,1.875,7.25,2],"texture":"#1"},"up":{"uv":[7.125,1.875,7.625,2],"texture":"#1"},"down":{"uv":[7.125,1.875,7.625,2],"texture":"#1"}}},{"name":"windreaper_29","from":[10.125,16.5,7.90625],"to":[10.25,16.625,8.09375],"rotation":{"angle":0,"axis":"y","origin":[-2.125,0,7.9375]},"faces":{"north":{"uv":[8.25,1.875,8.125,2],"texture":"#1"},"east":{"uv":[8.125,1.875,8.25,2],"texture":"#1"},"south":{"uv":[8.125,1.875,8.25,2],"texture":"#1"},"west":{"uv":[8.125,1.875,8.25,2],"texture":"#1"},"up":{"uv":[8.125,1.875,8.25,2],"texture":"#1"},"down":{"uv":[8.125,1.875,8.25,2],"texture":"#1"}}},{"name":"windreaper_32","from":[5.375,15.875,7.9375],"to":[5.5,16.5,8.0625],"rotation":{"angle":0,"axis":"y","origin":[-2.125,0,7.9375]},"faces":{"north":{"uv":[3.5,2,3.375,2.625],"texture":"#1"},"east":{"uv":[3.375,2,3.5,2.625],"texture":"#1"},"south":{"uv":[3.375,2,3.5,2.625],"texture":"#1"},"west":{"uv":[3.375,2,3.5,2.625],"texture":"#1"},"up":{"uv":[3.375,2,3.5,2.125],"texture":"#1"},"down":{"uv":[3.375,2.5,3.5,2.625],"texture":"#1"}}},{"name":"windreaper_33","from":[5.75,16.125,7.9375],"to":[5.875,16.5,8.0625],"rotation":{"angle":0,"axis":"y","origin":[-2.125,0,7.9375]},"faces":{"north":{"uv":[3.875,2,3.75,2.375],"texture":"#1"},"east":{"uv":[3.75,2,3.875,2.375],"texture":"#1"},"south":{"uv":[3.75,2,3.875,2.375],"texture":"#1"},"west":{"uv":[3.75,2,3.875,2.375],"texture":"#1"},"up":{"uv":[3.75,2,3.875,2.125],"texture":"#1"},"down":{"uv":[3.75,2.25,3.875,2.375],"texture":"#1"}}},{"name":"windreaper_34","from":[6.75,16.375,7.9375],"to":[6.875,16.5,8.0625],"rotation":{"angle":0,"axis":"y","origin":[-2.125,0,7.9375]},"faces":{"north":{"uv":[4.875,2,4.75,2.125],"texture":"#1"},"east":{"uv":[4.75,2,4.875,2.125],"texture":"#1"},"south":{"uv":[4.75,2,4.875,2.125],"texture":"#1"},"west":{"uv":[4.75,2,4.875,2.125],"texture":"#1"},"up":{"uv":[4.75,2,4.875,2.125],"texture":"#1"},"down":{"uv":[4.75,2,4.875,2.125],"texture":"#1"}}},{"name":"windreaper_38","from":[5.25,15.875,7.9375],"to":[5.375,16.375,8.0625],"rotation":{"angle":0,"axis":"y","origin":[-2.125,0,7.9375]},"faces":{"north":{"uv":[3.375,2.125,3.25,2.625],"texture":"#1"},"east":{"uv":[3.25,2.125,3.375,2.625],"texture":"#1"},"south":{"uv":[3.25,2.125,3.375,2.625],"texture":"#1"},"west":{"uv":[3.25,2.125,3.375,2.625],"texture":"#1"},"up":{"uv":[3.25,2.125,3.375,2.25],"texture":"#1"},"down":{"uv":[3.25,2.5,3.375,2.625],"texture":"#1"}}},{"name":"windreaper_39","from":[5.5,16,7.9375],"to":[5.75,16.375,8.0625],"rotation":{"angle":0,"axis":"y","origin":[-2.125,0,7.9375]},"faces":{"north":{"uv":[3.75,2.125,3.5,2.5],"texture":"#1"},"east":{"uv":[3.625,2.125,3.75,2.5],"texture":"#1"},"south":{"uv":[3.5,2.125,3.75,2.5],"texture":"#1"},"west":{"uv":[3.5,2.125,3.625,2.5],"texture":"#1"},"up":{"uv":[3.5,2.125,3.75,2.25],"texture":"#1"},"down":{"uv":[3.5,2.375,3.75,2.5],"texture":"#1"}}},{"name":"windreaper_41","from":[5.125,15.75,7.9375],"to":[5.25,16.25,8.0625],"rotation":{"angle":0,"axis":"y","origin":[-2.125,0,7.9375]},"faces":{"north":{"uv":[3.25,2.25,3.125,2.75],"texture":"#1"},"east":{"uv":[3.125,2.25,3.25,2.75],"texture":"#1"},"south":{"uv":[3.125,2.25,3.25,2.75],"texture":"#1"},"west":{"uv":[3.125,2.25,3.25,2.75],"texture":"#1"},"up":{"uv":[3.125,2.25,3.25,2.375],"texture":"#1"},"down":{"uv":[3.125,2.625,3.25,2.75],"texture":"#1"}}},{"name":"windreaper_44","from":[5,15.625,7.9375],"to":[5.125,16.125,8.0625],"rotation":{"angle":0,"axis":"y","origin":[-2.125,0,7.9375]},"faces":{"north":{"uv":[3.125,2.375,3,2.875],"texture":"#1"},"east":{"uv":[3,2.375,3.125,2.875],"texture":"#1"},"south":{"uv":[3,2.375,3.125,2.875],"texture":"#1"},"west":{"uv":[3,2.375,3.125,2.875],"texture":"#1"},"up":{"uv":[3,2.375,3.125,2.5],"texture":"#1"},"down":{"uv":[3,2.75,3.125,2.875],"texture":"#1"}}},{"name":"windreaper_45","from":[4.75,15.625,7.9375],"to":[5,16,8.0625],"rotation":{"angle":0,"axis":"y","origin":[-2.125,0,7.9375]},"faces":{"north":{"uv":[3,2.5,2.75,2.875],"texture":"#1"},"east":{"uv":[2.875,2.5,3,2.875],"texture":"#1"},"south":{"uv":[2.75,2.5,3,2.875],"texture":"#1"},"west":{"uv":[2.75,2.5,2.875,2.875],"texture":"#1"},"up":{"uv":[2.75,2.5,3,2.625],"texture":"#1"},"down":{"uv":[2.75,2.75,3,2.875],"texture":"#1"}}},{"name":"windreaper_46","from":[9,16.25,7.96875],"to":[9.375,16.5,8.03125],"rotation":{"angle":0,"axis":"y","origin":[-2.125,0,7.9375]},"faces":{"north":{"uv":[7.375,2.5,7,2.75],"texture":"#1"},"east":{"uv":[7.25,2.5,7.375,2.75],"texture":"#1"},"south":{"uv":[7,2.5,7.375,2.75],"texture":"#1"},"west":{"uv":[7,2.5,7.125,2.75],"texture":"#1"},"up":{"uv":[7,2.5,7.375,2.625],"texture":"#1"},"down":{"uv":[7,2.625,7.375,2.75],"texture":"#1"}}},{"name":"windreaper_47","from":[9.375,16.375,7.96875],"to":[9.5,16.5,8.03125],"rotation":{"angle":0,"axis":"y","origin":[-2.125,0,7.9375]},"faces":{"north":{"uv":[7.5,2.5,7.375,2.625],"texture":"#1"},"east":{"uv":[7.375,2.5,7.5,2.625],"texture":"#1"},"south":{"uv":[7.375,2.5,7.5,2.625],"texture":"#1"},"west":{"uv":[7.375,2.5,7.5,2.625],"texture":"#1"},"up":{"uv":[7.375,2.5,7.5,2.625],"texture":"#1"},"down":{"uv":[7.375,2.5,7.5,2.625],"texture":"#1"}}},{"name":"windreaper_48","from":[4.625,15.375,7.9375],"to":[4.75,15.875,8.0625],"rotation":{"angle":0,"axis":"y","origin":[-2.125,0,7.9375]},"faces":{"north":{"uv":[2.75,2.625,2.625,3.125],"texture":"#1"},"east":{"uv":[2.625,2.625,2.75,3.125],"texture":"#1"},"south":{"uv":[2.625,2.625,2.75,3.125],"texture":"#1"},"west":{"uv":[2.625,2.625,2.75,3.125],"texture":"#1"},"up":{"uv":[2.625,2.625,2.75,2.75],"texture":"#1"},"down":{"uv":[2.625,3,2.75,3.125],"texture":"#1"}}},{"name":"windreaper_49","from":[8.875,15.875,7.96875],"to":[9,16.375,8.03125],"rotation":{"angle":0,"axis":"y","origin":[-2.125,0,7.9375]},"faces":{"north":{"uv":[7,2.625,6.875,3.125],"texture":"#1"},"east":{"uv":[6.875,2.625,7,3.125],"texture":"#1"},"south":{"uv":[6.875,2.625,7,3.125],"texture":"#1"},"west":{"uv":[6.875,2.625,7,3.125],"texture":"#1"},"up":{"uv":[6.875,2.625,7,2.75],"texture":"#1"},"down":{"uv":[6.875,3,7,3.125],"texture":"#1"}}},{"name":"windreaper_50","from":[4.375,15.375,7.9375],"to":[4.625,15.75,8.0625],"rotation":{"angle":0,"axis":"y","origin":[-2.125,0,7.9375]},"faces":{"north":{"uv":[2.625,2.75,2.375,3.125],"texture":"#1"},"east":{"uv":[2.5,2.75,2.625,3.125],"texture":"#1"},"south":{"uv":[2.375,2.75,2.625,3.125],"texture":"#1"},"west":{"uv":[2.375,2.75,2.5,3.125],"texture":"#1"},"up":{"uv":[2.375,2.75,2.625,2.875],"texture":"#1"},"down":{"uv":[2.375,3,2.625,3.125],"texture":"#1"}}},{"name":"windreaper_51","from":[6.75,15.875,7.96875],"to":[8.875,16.25,8.03125],"rotation":{"angle":0,"axis":"y","origin":[-2.125,0,7.9375]},"faces":{"north":{"uv":[6.875,2.75,4.75,3.125],"texture":"#1"},"east":{"uv":[6.75,2.75,6.875,3.125],"texture":"#1"},"south":{"uv":[4.75,2.75,6.875,3.125],"texture":"#1"},"west":{"uv":[4.75,2.75,4.875,3.125],"texture":"#1"},"up":{"uv":[4.75,2.75,6.875,2.875],"texture":"#1"},"down":{"uv":[4.75,3,6.875,3.125],"texture":"#1"}}},{"name":"windreaper_52","from":[9,16.125,7.96875],"to":[9.25,16.25,8.03125],"rotation":{"angle":0,"axis":"y","origin":[-2.125,0,7.9375]},"faces":{"north":{"uv":[7.25,2.75,7,2.875],"texture":"#1"},"east":{"uv":[7.125,2.75,7.25,2.875],"texture":"#1"},"south":{"uv":[7,2.75,7.25,2.875],"texture":"#1"},"west":{"uv":[7,2.75,7.125,2.875],"texture":"#1"},"up":{"uv":[7,2.75,7.25,2.875],"texture":"#1"},"down":{"uv":[7,2.75,7.25,2.875],"texture":"#1"}}},{"name":"windreaper_53","from":[4.25,15.125,7.9375],"to":[4.375,15.625,8.0625],"rotation":{"angle":0,"axis":"y","origin":[-2.125,0,7.9375]},"faces":{"north":{"uv":[2.375,2.875,2.25,3.375],"texture":"#1"},"east":{"uv":[2.25,2.875,2.375,3.375],"texture":"#1"},"south":{"uv":[2.25,2.875,2.375,3.375],"texture":"#1"},"west":{"uv":[2.25,2.875,2.375,3.375],"texture":"#1"},"up":{"uv":[2.25,2.875,2.375,3],"texture":"#1"},"down":{"uv":[2.25,3.25,2.375,3.375],"texture":"#1"}}},{"name":"windreaper_54","from":[4.75,15.5,7.9375],"to":[4.875,15.625,8.0625],"rotation":{"angle":0,"axis":"y","origin":[-2.125,0,7.9375]},"faces":{"north":{"uv":[2.875,2.875,2.75,3],"texture":"#1"},"east":{"uv":[2.75,2.875,2.875,3],"texture":"#1"},"south":{"uv":[2.75,2.875,2.875,3],"texture":"#1"},"west":{"uv":[2.75,2.875,2.875,3],"texture":"#1"},"up":{"uv":[2.75,2.875,2.875,3],"texture":"#1"},"down":{"uv":[2.75,2.875,2.875,3],"texture":"#1"}}},{"name":"windreaper_55","from":[6.25,15.75,7.96875],"to":[6.75,16.125,8.03125],"rotation":{"angle":0,"axis":"y","origin":[-2.125,0,7.9375]},"faces":{"north":{"uv":[4.75,2.875,4.25,3.25],"texture":"#1"},"east":{"uv":[4.625,2.875,4.75,3.25],"texture":"#1"},"south":{"uv":[4.25,2.875,4.75,3.25],"texture":"#1"},"west":{"uv":[4.25,2.875,4.375,3.25],"texture":"#1"},"up":{"uv":[4.25,2.875,4.75,3],"texture":"#1"},"down":{"uv":[4.25,3.125,4.75,3.25],"texture":"#1"}}},{"name":"windreaper_56","from":[9,16,7.96875],"to":[9.125,16.125,8.03125],"rotation":{"angle":0,"axis":"y","origin":[-2.125,0,7.9375]},"faces":{"north":{"uv":[7.125,2.875,7,3],"texture":"#1"},"east":{"uv":[7,2.875,7.125,3],"texture":"#1"},"south":{"uv":[7,2.875,7.125,3],"texture":"#1"},"west":{"uv":[7,2.875,7.125,3],"texture":"#1"},"up":{"uv":[7,2.875,7.125,3],"texture":"#1"},"down":{"uv":[7,2.875,7.125,3],"texture":"#1"}}},{"name":"windreaper_57","from":[4.125,15,7.9375],"to":[4.25,15.5,8.0625],"rotation":{"angle":0,"axis":"y","origin":[-2.125,0,7.9375]},"faces":{"north":{"uv":[2.25,3,2.125,3.5],"texture":"#1"},"east":{"uv":[2.125,3,2.25,3.5],"texture":"#1"},"south":{"uv":[2.125,3,2.25,3.5],"texture":"#1"},"west":{"uv":[2.125,3,2.25,3.5],"texture":"#1"},"up":{"uv":[2.125,3,2.25,3.125],"texture":"#1"},"down":{"uv":[2.125,3.375,2.25,3.5],"texture":"#1"}}},{"name":"windreaper_58","from":[6,15.5,7.96875],"to":[6.25,16,8.03125],"rotation":{"angle":0,"axis":"y","origin":[-2.125,0,7.9375]},"faces":{"north":{"uv":[4.25,3,4,3.5],"texture":"#1"},"east":{"uv":[4.125,3,4.25,3.5],"texture":"#1"},"south":{"uv":[4,3,4.25,3.5],"texture":"#1"},"west":{"uv":[4,3,4.125,3.5],"texture":"#1"},"up":{"uv":[4,3,4.25,3.125],"texture":"#1"},"down":{"uv":[4,3.375,4.25,3.5],"texture":"#1"}}},{"name":"windreaper_59","from":[4,14.875,7.9375],"to":[4.125,15.375,8.0625],"rotation":{"angle":0,"axis":"y","origin":[-2.125,0,7.9375]},"faces":{"north":{"uv":[2.125,3.125,2,3.625],"texture":"#1"},"east":{"uv":[2,3.125,2.125,3.625],"texture":"#1"},"south":{"uv":[2,3.125,2.125,3.625],"texture":"#1"},"west":{"uv":[2,3.125,2.125,3.625],"texture":"#1"},"up":{"uv":[2,3.125,2.125,3.25],"texture":"#1"},"down":{"uv":[2,3.5,2.125,3.625],"texture":"#1"}}},{"name":"windreaper_60","from":[4.375,15.25,7.9375],"to":[4.5,15.375,8.0625],"rotation":{"angle":0,"axis":"y","origin":[-2.125,0,7.9375]},"faces":{"north":{"uv":[2.5,3.125,2.375,3.25],"texture":"#1"},"east":{"uv":[2.375,3.125,2.5,3.25],"texture":"#1"},"south":{"uv":[2.375,3.125,2.5,3.25],"texture":"#1"},"west":{"uv":[2.375,3.125,2.5,3.25],"texture":"#1"},"up":{"uv":[2.375,3.125,2.5,3.25],"texture":"#1"},"down":{"uv":[2.375,3.125,2.5,3.25],"texture":"#1"}}},{"name":"windreaper_61","from":[5.75,15.5,7.96875],"to":[6,15.875,8.03125],"rotation":{"angle":0,"axis":"y","origin":[-2.125,0,7.9375]},"faces":{"north":{"uv":[4,3.125,3.75,3.5],"texture":"#1"},"east":{"uv":[3.875,3.125,4,3.5],"texture":"#1"},"south":{"uv":[3.75,3.125,4,3.5],"texture":"#1"},"west":{"uv":[3.75,3.125,3.875,3.5],"texture":"#1"},"up":{"uv":[3.75,3.125,4,3.25],"texture":"#1"},"down":{"uv":[3.75,3.375,4,3.5],"texture":"#1"}}},{"name":"windreaper_62","from":[6.75,15.75,7.96875],"to":[7.125,15.875,8.03125],"rotation":{"angle":0,"axis":"y","origin":[-2.125,0,7.9375]},"faces":{"north":{"uv":[5.125,3.125,4.75,3.25],"texture":"#1"},"east":{"uv":[5,3.125,5.125,3.25],"texture":"#1"},"south":{"uv":[4.75,3.125,5.125,3.25],"texture":"#1"},"west":{"uv":[4.75,3.125,4.875,3.25],"texture":"#1"},"up":{"uv":[4.75,3.125,5.125,3.25],"texture":"#1"},"down":{"uv":[4.75,3.125,5.125,3.25],"texture":"#1"}}},{"name":"windreaper_63","from":[3.875,14.75,7.9375],"to":[4,15.25,8.0625],"rotation":{"angle":0,"axis":"y","origin":[-2.125,0,7.9375]},"faces":{"north":{"uv":[2,3.25,1.875,3.75],"texture":"#1"},"east":{"uv":[1.875,3.25,2,3.75],"texture":"#1"},"south":{"uv":[1.875,3.25,2,3.75],"texture":"#1"},"west":{"uv":[1.875,3.25,2,3.75],"texture":"#1"},"up":{"uv":[1.875,3.25,2,3.375],"texture":"#1"},"down":{"uv":[1.875,3.625,2,3.75],"texture":"#1"}}},{"name":"windreaper_64","from":[5.5,15.375,7.96875],"to":[5.75,15.75,8.03125],"rotation":{"angle":0,"axis":"y","origin":[-2.125,0,7.9375]},"faces":{"north":{"uv":[3.75,3.25,3.5,3.625],"texture":"#1"},"east":{"uv":[3.625,3.25,3.75,3.625],"texture":"#1"},"south":{"uv":[3.5,3.25,3.75,3.625],"texture":"#1"},"west":{"uv":[3.5,3.25,3.625,3.625],"texture":"#1"},"up":{"uv":[3.5,3.25,3.75,3.375],"texture":"#1"},"down":{"uv":[3.5,3.5,3.75,3.625],"texture":"#1"}}},{"name":"windreaper_65","from":[6.25,15.625,7.96875],"to":[6.5,15.75,8.03125],"rotation":{"angle":0,"axis":"y","origin":[-2.125,0,7.9375]},"faces":{"north":{"uv":[4.5,3.25,4.25,3.375],"texture":"#1"},"east":{"uv":[4.375,3.25,4.5,3.375],"texture":"#1"},"south":{"uv":[4.25,3.25,4.5,3.375],"texture":"#1"},"west":{"uv":[4.25,3.25,4.375,3.375],"texture":"#1"},"up":{"uv":[4.25,3.25,4.5,3.375],"texture":"#1"},"down":{"uv":[4.25,3.25,4.5,3.375],"texture":"#1"}}},{"name":"windreaper_66","from":[9.25,17.25,7.8125],"to":[10,17.375,8.1875],"rotation":{"angle":0,"axis":"y","origin":[-2.125,0,7.9375]},"faces":{"north":{"uv":[10.375,3.25,9.625,3.375],"texture":"#1"},"east":{"uv":[10.25,3.25,10.375,3.375],"texture":"#1"},"south":{"uv":[9.625,3.25,10.375,3.375],"texture":"#1"},"west":{"uv":[9.625,3.25,9.75,3.375],"texture":"#1"},"up":{"uv":[9.625,3.25,10.375,3.375],"texture":"#1"},"down":{"uv":[9.625,3.25,10.375,3.375],"texture":"#1"}}},{"name":"windreaper_67","from":[10.375,17,7.8125],"to":[10.875,17.375,8.1875],"rotation":{"angle":0,"axis":"y","origin":[-2.125,0,7.9375]},"faces":{"north":{"uv":[11.25,3.25,10.75,3.625],"texture":"#1"},"east":{"uv":[11.125,3.25,11.25,3.625],"texture":"#1"},"south":{"uv":[10.75,3.25,11.25,3.625],"texture":"#1"},"west":{"uv":[10.75,3.25,10.875,3.625],"texture":"#1"},"up":{"uv":[10.75,3.25,11.25,3.375],"texture":"#1"},"down":{"uv":[10.75,3.5,11.25,3.625],"texture":"#1"}}},{"name":"windreaper_68","from":[10.875,17.25,7.8125],"to":[11.125,17.375,8.1875],"rotation":{"angle":0,"axis":"y","origin":[-2.125,0,7.9375]},"faces":{"north":{"uv":[11.5,3.25,11.25,3.375],"texture":"#1"},"east":{"uv":[11.375,3.25,11.5,3.375],"texture":"#1"},"south":{"uv":[11.25,3.25,11.5,3.375],"texture":"#1"},"west":{"uv":[11.25,3.25,11.375,3.375],"texture":"#1"},"up":{"uv":[11.25,3.25,11.5,3.375],"texture":"#1"},"down":{"uv":[11.25,3.25,11.5,3.375],"texture":"#1"}}},{"name":"windreaper_69","from":[3.75,14.625,7.9375],"to":[3.875,15.125,8.0625],"rotation":{"angle":0,"axis":"y","origin":[-2.125,0,7.9375]},"faces":{"north":{"uv":[1.875,3.375,1.75,3.875],"texture":"#1"},"east":{"uv":[1.75,3.375,1.875,3.875],"texture":"#1"},"south":{"uv":[1.75,3.375,1.875,3.875],"texture":"#1"},"west":{"uv":[1.75,3.375,1.875,3.875],"texture":"#1"},"up":{"uv":[1.75,3.375,1.875,3.5],"texture":"#1"},"down":{"uv":[1.75,3.75,1.875,3.875],"texture":"#1"}}},{"name":"windreaper_70","from":[5.25,15.25,7.96875],"to":[5.5,15.625,8.03125],"rotation":{"angle":0,"axis":"y","origin":[-2.125,0,7.9375]},"faces":{"north":{"uv":[3.5,3.375,3.25,3.75],"texture":"#1"},"east":{"uv":[3.375,3.375,3.5,3.75],"texture":"#1"},"south":{"uv":[3.25,3.375,3.5,3.75],"texture":"#1"},"west":{"uv":[3.25,3.375,3.375,3.75],"texture":"#1"},"up":{"uv":[3.25,3.375,3.5,3.5],"texture":"#1"},"down":{"uv":[3.25,3.625,3.5,3.75],"texture":"#1"}}},{"name":"windreaper_71","from":[9.375,17.125,7.8125],"to":[10,17.25,8.1875],"rotation":{"angle":0,"axis":"y","origin":[-2.125,0,7.9375]},"faces":{"north":{"uv":[10.375,3.375,9.75,3.5],"texture":"#1"},"east":{"uv":[10.25,3.375,10.375,3.5],"texture":"#1"},"south":{"uv":[9.75,3.375,10.375,3.5],"texture":"#1"},"west":{"uv":[9.75,3.375,9.875,3.5],"texture":"#1"},"up":{"uv":[9.75,3.375,10.375,3.5],"texture":"#1"},"down":{"uv":[9.75,3.375,10.375,3.5],"texture":"#1"}}},{"name":"windreaper_72","from":[10.875,17.125,7.8125],"to":[11,17.25,8.1875],"rotation":{"angle":0,"axis":"y","origin":[-2.125,0,7.9375]},"faces":{"north":{"uv":[11.375,3.375,11.25,3.5],"texture":"#1"},"east":{"uv":[11.25,3.375,11.375,3.5],"texture":"#1"},"south":{"uv":[11.25,3.375,11.375,3.5],"texture":"#1"},"west":{"uv":[11.25,3.375,11.375,3.5],"texture":"#1"},"up":{"uv":[11.25,3.375,11.375,3.5],"texture":"#1"},"down":{"uv":[11.25,3.375,11.375,3.5],"texture":"#1"}}},{"name":"windreaper_73","from":[3.625,14.5,7.9375],"to":[3.75,15,8.0625],"rotation":{"angle":0,"axis":"y","origin":[-2.125,0,7.9375]},"faces":{"north":{"uv":[1.75,3.5,1.625,4],"texture":"#1"},"east":{"uv":[1.625,3.5,1.75,4],"texture":"#1"},"south":{"uv":[1.625,3.5,1.75,4],"texture":"#1"},"west":{"uv":[1.625,3.5,1.75,4],"texture":"#1"},"up":{"uv":[1.625,3.5,1.75,3.625],"texture":"#1"},"down":{"uv":[1.625,3.875,1.75,4],"texture":"#1"}}},{"name":"windreaper_74","from":[5.125,15.125,7.96875],"to":[5.25,15.5,8.03125],"rotation":{"angle":0,"axis":"y","origin":[-2.125,0,7.9375]},"faces":{"north":{"uv":[3.25,3.5,3.125,3.875],"texture":"#1"},"east":{"uv":[3.125,3.5,3.25,3.875],"texture":"#1"},"south":{"uv":[3.125,3.5,3.25,3.875],"texture":"#1"},"west":{"uv":[3.125,3.5,3.25,3.875],"texture":"#1"},"up":{"uv":[3.125,3.5,3.25,3.625],"texture":"#1"},"down":{"uv":[3.125,3.75,3.25,3.875],"texture":"#1"}}},{"name":"windreaper_75","from":[5.75,15.375,7.96875],"to":[5.875,15.5,8.03125],"rotation":{"angle":0,"axis":"y","origin":[-2.125,0,7.9375]},"faces":{"north":{"uv":[3.875,3.5,3.75,3.625],"texture":"#1"},"east":{"uv":[3.75,3.5,3.875,3.625],"texture":"#1"},"south":{"uv":[3.75,3.5,3.875,3.625],"texture":"#1"},"west":{"uv":[3.75,3.5,3.875,3.625],"texture":"#1"},"up":{"uv":[3.75,3.5,3.875,3.625],"texture":"#1"},"down":{"uv":[3.75,3.5,3.875,3.625],"texture":"#1"}}},{"name":"windreaper_76","from":[9.5,17,7.8125],"to":[10,17.125,8.1875],"rotation":{"angle":0,"axis":"y","origin":[-2.125,0,7.9375]},"faces":{"north":{"uv":[10.375,3.5,9.875,3.625],"texture":"#1"},"east":{"uv":[10.25,3.5,10.375,3.625],"texture":"#1"},"south":{"uv":[9.875,3.5,10.375,3.625],"texture":"#1"},"west":{"uv":[9.875,3.5,10,3.625],"texture":"#1"},"up":{"uv":[9.875,3.5,10.375,3.625],"texture":"#1"},"down":{"uv":[9.875,3.5,10.375,3.625],"texture":"#1"}}},{"name":"windreaper_77","from":[3.5,14.375,7.9375],"to":[3.625,14.875,8.0625],"rotation":{"angle":0,"axis":"y","origin":[-2.125,0,7.9375]},"faces":{"north":{"uv":[1.625,3.625,1.5,4.125],"texture":"#1"},"east":{"uv":[1.5,3.625,1.625,4.125],"texture":"#1"},"south":{"uv":[1.5,3.625,1.625,4.125],"texture":"#1"},"west":{"uv":[1.5,3.625,1.625,4.125],"texture":"#1"},"up":{"uv":[1.5,3.625,1.625,3.75],"texture":"#1"},"down":{"uv":[1.5,4,1.625,4.125],"texture":"#1"}}},{"name":"windreaper_78","from":[4.875,15,7.96875],"to":[5.125,15.375,8.03125],"rotation":{"angle":0,"axis":"y","origin":[-2.125,0,7.9375]},"faces":{"north":{"uv":[3.125,3.625,2.875,4],"texture":"#1"},"east":{"uv":[3,3.625,3.125,4],"texture":"#1"},"south":{"uv":[2.875,3.625,3.125,4],"texture":"#1"},"west":{"uv":[2.875,3.625,3,4],"texture":"#1"},"up":{"uv":[2.875,3.625,3.125,3.75],"texture":"#1"},"down":{"uv":[2.875,3.875,3.125,4],"texture":"#1"}}},{"name":"windreaper_79","from":[5.5,15.25,7.96875],"to":[5.625,15.375,8.03125],"rotation":{"angle":0,"axis":"y","origin":[-2.125,0,7.9375]},"faces":{"north":{"uv":[3.625,3.625,3.5,3.75],"texture":"#1"},"east":{"uv":[3.5,3.625,3.625,3.75],"texture":"#1"},"south":{"uv":[3.5,3.625,3.625,3.75],"texture":"#1"},"west":{"uv":[3.5,3.625,3.625,3.75],"texture":"#1"},"up":{"uv":[3.5,3.625,3.625,3.75],"texture":"#1"},"down":{"uv":[3.5,3.625,3.625,3.75],"texture":"#1"}}},{"name":"windreaper_80","from":[9.625,16.5,7.8125],"to":[10,17,8.1875],"rotation":{"angle":0,"axis":"y","origin":[-2.125,0,7.9375]},"faces":{"north":{"uv":[10.375,3.625,10,4.125],"texture":"#1"},"east":{"uv":[10.25,3.625,10.375,4.125],"texture":"#1"},"south":{"uv":[10,3.625,10.375,4.125],"texture":"#1"},"west":{"uv":[10,3.625,10.125,4.125],"texture":"#1"},"up":{"uv":[10,3.625,10.375,3.75],"texture":"#1"},"down":{"uv":[10,4,10.375,4.125],"texture":"#1"}}},{"name":"windreaper_81","from":[10.375,16.5,7.8125],"to":[10.75,17,8.1875],"rotation":{"angle":0,"axis":"y","origin":[-2.125,0,7.9375]},"faces":{"north":{"uv":[11.125,3.625,10.75,4.125],"texture":"#1"},"east":{"uv":[11,3.625,11.125,4.125],"texture":"#1"},"south":{"uv":[10.75,3.625,11.125,4.125],"texture":"#1"},"west":{"uv":[10.75,3.625,10.875,4.125],"texture":"#1"},"up":{"uv":[10.75,3.625,11.125,3.75],"texture":"#1"},"down":{"uv":[10.75,4,11.125,4.125],"texture":"#1"}}},{"name":"windreaper_82","from":[4.75,14.875,7.96875],"to":[4.875,15.25,8.03125],"rotation":{"angle":0,"axis":"y","origin":[-2.125,0,7.9375]},"faces":{"north":{"uv":[2.875,3.75,2.75,4.125],"texture":"#1"},"east":{"uv":[2.75,3.75,2.875,4.125],"texture":"#1"},"south":{"uv":[2.75,3.75,2.875,4.125],"texture":"#1"},"west":{"uv":[2.75,3.75,2.875,4.125],"texture":"#1"},"up":{"uv":[2.75,3.75,2.875,3.875],"texture":"#1"},"down":{"uv":[2.75,4,2.875,4.125],"texture":"#1"}}},{"name":"windreaper_83","from":[5.25,15.125,7.96875],"to":[5.375,15.25,8.03125],"rotation":{"angle":0,"axis":"y","origin":[-2.125,0,7.9375]},"faces":{"north":{"uv":[3.375,3.75,3.25,3.875],"texture":"#1"},"east":{"uv":[3.25,3.75,3.375,3.875],"texture":"#1"},"south":{"uv":[3.25,3.75,3.375,3.875],"texture":"#1"},"west":{"uv":[3.25,3.75,3.375,3.875],"texture":"#1"},"up":{"uv":[3.25,3.75,3.375,3.875],"texture":"#1"},"down":{"uv":[3.25,3.75,3.375,3.875],"texture":"#1"}}},{"name":"windreaper_84","from":[3.375,13.875,7.9375],"to":[3.5,14.625,8.0625],"rotation":{"angle":0,"axis":"y","origin":[-2.125,0,7.9375]},"faces":{"north":{"uv":[1.5,3.875,1.375,4.625],"texture":"#1"},"east":{"uv":[1.375,3.875,1.5,4.625],"texture":"#1"},"south":{"uv":[1.375,3.875,1.5,4.625],"texture":"#1"},"west":{"uv":[1.375,3.875,1.5,4.625],"texture":"#1"},"up":{"uv":[1.375,3.875,1.5,4],"texture":"#1"},"down":{"uv":[1.375,4.5,1.5,4.625],"texture":"#1"}}},{"name":"windreaper_85","from":[4.5,14.75,7.96875],"to":[4.75,15.125,8.03125],"rotation":{"angle":0,"axis":"y","origin":[-2.125,0,7.9375]},"faces":{"north":{"uv":[2.75,3.875,2.5,4.25],"texture":"#1"},"east":{"uv":[2.625,3.875,2.75,4.25],"texture":"#1"},"south":{"uv":[2.5,3.875,2.75,4.25],"texture":"#1"},"west":{"uv":[2.5,3.875,2.625,4.25],"texture":"#1"},"up":{"uv":[2.5,3.875,2.75,4],"texture":"#1"},"down":{"uv":[2.5,4.125,2.75,4.25],"texture":"#1"}}},{"name":"windreaper_86","from":[4.375,14.625,7.96875],"to":[4.5,15,8.03125],"rotation":{"angle":0,"axis":"y","origin":[-2.125,0,7.9375]},"faces":{"north":{"uv":[2.5,4,2.375,4.375],"texture":"#1"},"east":{"uv":[2.375,4,2.5,4.375],"texture":"#1"},"south":{"uv":[2.375,4,2.5,4.375],"texture":"#1"},"west":{"uv":[2.375,4,2.5,4.375],"texture":"#1"},"up":{"uv":[2.375,4,2.5,4.125],"texture":"#1"},"down":{"uv":[2.375,4.25,2.5,4.375],"texture":"#1"}}},{"name":"windreaper_87","from":[4.875,14.875,7.96875],"to":[5,15,8.03125],"rotation":{"angle":0,"axis":"y","origin":[-2.125,0,7.9375]},"faces":{"north":{"uv":[3,4,2.875,4.125],"texture":"#1"},"east":{"uv":[2.875,4,3,4.125],"texture":"#1"},"south":{"uv":[2.875,4,3,4.125],"texture":"#1"},"west":{"uv":[2.875,4,3,4.125],"texture":"#1"},"up":{"uv":[2.875,4,3,4.125],"texture":"#1"},"down":{"uv":[2.875,4,3,4.125],"texture":"#1"}}},{"name":"windreaper_88","from":[10,16.125,7.8125],"to":[10.125,16.625,8.1875],"rotation":{"angle":0,"axis":"y","origin":[-2.125,0,7.9375]},"faces":{"north":{"uv":[10.5,4,10.375,4.5],"texture":"#1"},"east":{"uv":[10.375,4,10.5,4.5],"texture":"#1"},"south":{"uv":[10.375,4,10.5,4.5],"texture":"#1"},"west":{"uv":[10.375,4,10.5,4.5],"texture":"#1"},"up":{"uv":[10.375,4,10.5,4.125],"texture":"#1"},"down":{"uv":[10.375,4.375,10.5,4.5],"texture":"#1"}}},{"name":"windreaper_89","from":[10.25,16.125,7.8125],"to":[10.375,16.625,8.1875],"rotation":{"angle":0,"axis":"y","origin":[-2.125,0,7.9375]},"faces":{"north":{"uv":[10.75,4,10.625,4.5],"texture":"#1"},"east":{"uv":[10.625,4,10.75,4.5],"texture":"#1"},"south":{"uv":[10.625,4,10.75,4.5],"texture":"#1"},"west":{"uv":[10.625,4,10.75,4.5],"texture":"#1"},"up":{"uv":[10.625,4,10.75,4.125],"texture":"#1"},"down":{"uv":[10.625,4.375,10.75,4.5],"texture":"#1"}}},{"name":"windreaper_90","from":[3.25,13.625,7.9375],"to":[3.375,14.375,8.0625],"rotation":{"angle":0,"axis":"y","origin":[-2.125,0,7.9375]},"faces":{"north":{"uv":[1.375,4.125,1.25,4.875],"texture":"#1"},"east":{"uv":[1.25,4.125,1.375,4.875],"texture":"#1"},"south":{"uv":[1.25,4.125,1.375,4.875],"texture":"#1"},"west":{"uv":[1.25,4.125,1.375,4.875],"texture":"#1"},"up":{"uv":[1.25,4.125,1.375,4.25],"texture":"#1"},"down":{"uv":[1.25,4.75,1.375,4.875],"texture":"#1"}}},{"name":"windreaper_91","from":[4.25,14.5,7.96875],"to":[4.375,14.875,8.03125],"rotation":{"angle":0,"axis":"y","origin":[-2.125,0,7.9375]},"faces":{"north":{"uv":[2.375,4.125,2.25,4.5],"texture":"#1"},"east":{"uv":[2.25,4.125,2.375,4.5],"texture":"#1"},"south":{"uv":[2.25,4.125,2.375,4.5],"texture":"#1"},"west":{"uv":[2.25,4.125,2.375,4.5],"texture":"#1"},"up":{"uv":[2.25,4.125,2.375,4.25],"texture":"#1"},"down":{"uv":[2.25,4.375,2.375,4.5],"texture":"#1"}}},{"name":"windreaper_92","from":[9.75,16.375,7.8125],"to":[10,16.5,8.1875],"rotation":{"angle":0,"axis":"y","origin":[-2.125,0,7.9375]},"faces":{"north":{"uv":[10.375,4.125,10.125,4.25],"texture":"#1"},"east":{"uv":[10.25,4.125,10.375,4.25],"texture":"#1"},"south":{"uv":[10.125,4.125,10.375,4.25],"texture":"#1"},"west":{"uv":[10.125,4.125,10.25,4.25],"texture":"#1"},"up":{"uv":[10.125,4.125,10.375,4.25],"texture":"#1"},"down":{"uv":[10.125,4.125,10.375,4.25],"texture":"#1"}}},{"name":"windreaper_93","from":[10.125,16.125,7.8125],"to":[10.25,16.5,8.1875],"rotation":{"angle":0,"axis":"y","origin":[-2.125,0,7.9375]},"faces":{"north":{"uv":[10.625,4.125,10.5,4.5],"texture":"#1"},"east":{"uv":[10.5,4.125,10.625,4.5],"texture":"#1"},"south":{"uv":[10.5,4.125,10.625,4.5],"texture":"#1"},"west":{"uv":[10.5,4.125,10.625,4.5],"texture":"#1"},"up":{"uv":[10.5,4.125,10.625,4.25],"texture":"#1"},"down":{"uv":[10.5,4.375,10.625,4.5],"texture":"#1"}}},{"name":"windreaper_94","from":[10.375,16.375,7.8125],"to":[10.625,16.5,8.1875],"rotation":{"angle":0,"axis":"y","origin":[-2.125,0,7.9375]},"faces":{"north":{"uv":[11,4.125,10.75,4.25],"texture":"#1"},"east":{"uv":[10.875,4.125,11,4.25],"texture":"#1"},"south":{"uv":[10.75,4.125,11,4.25],"texture":"#1"},"west":{"uv":[10.75,4.125,10.875,4.25],"texture":"#1"},"up":{"uv":[10.75,4.125,11,4.25],"texture":"#1"},"down":{"uv":[10.75,4.125,11,4.25],"texture":"#1"}}},{"name":"windreaper_95","from":[4.125,14.375,7.96875],"to":[4.25,14.75,8.03125],"rotation":{"angle":0,"axis":"y","origin":[-2.125,0,7.9375]},"faces":{"north":{"uv":[2.25,4.25,2.125,4.625],"texture":"#1"},"east":{"uv":[2.125,4.25,2.25,4.625],"texture":"#1"},"south":{"uv":[2.125,4.25,2.25,4.625],"texture":"#1"},"west":{"uv":[2.125,4.25,2.25,4.625],"texture":"#1"},"up":{"uv":[2.125,4.25,2.25,4.375],"texture":"#1"},"down":{"uv":[2.125,4.5,2.25,4.625],"texture":"#1"}}},{"name":"windreaper_96","from":[9.875,16.25,7.8125],"to":[10,16.375,8.1875],"rotation":{"angle":0,"axis":"y","origin":[-2.125,0,7.9375]},"faces":{"north":{"uv":[10.375,4.25,10.25,4.375],"texture":"#1"},"east":{"uv":[10.25,4.25,10.375,4.375],"texture":"#1"},"south":{"uv":[10.25,4.25,10.375,4.375],"texture":"#1"},"west":{"uv":[10.25,4.25,10.375,4.375],"texture":"#1"},"up":{"uv":[10.25,4.25,10.375,4.375],"texture":"#1"},"down":{"uv":[10.25,4.25,10.375,4.375],"texture":"#1"}}},{"name":"windreaper_97","from":[10.375,16.25,7.8125],"to":[10.5,16.375,8.1875],"rotation":{"angle":0,"axis":"y","origin":[-2.125,0,7.9375]},"faces":{"north":{"uv":[10.875,4.25,10.75,4.375],"texture":"#1"},"east":{"uv":[10.75,4.25,10.875,4.375],"texture":"#1"},"south":{"uv":[10.75,4.25,10.875,4.375],"texture":"#1"},"west":{"uv":[10.75,4.25,10.875,4.375],"texture":"#1"},"up":{"uv":[10.75,4.25,10.875,4.375],"texture":"#1"},"down":{"uv":[10.75,4.25,10.875,4.375],"texture":"#1"}}},{"name":"windreaper_98","from":[4,14.25,7.96875],"to":[4.125,14.625,8.03125],"rotation":{"angle":0,"axis":"y","origin":[-2.125,0,7.9375]},"faces":{"north":{"uv":[2.125,4.375,2,4.75],"texture":"#1"},"east":{"uv":[2,4.375,2.125,4.75],"texture":"#1"},"south":{"uv":[2,4.375,2.125,4.75],"texture":"#1"},"west":{"uv":[2,4.375,2.125,4.75],"texture":"#1"},"up":{"uv":[2,4.375,2.125,4.5],"texture":"#1"},"down":{"uv":[2,4.625,2.125,4.75],"texture":"#1"}}},{"name":"windreaper_99","from":[3.125,13.375,7.9375],"to":[3.25,14,8.0625],"rotation":{"angle":0,"axis":"y","origin":[-2.125,0,7.9375]},"faces":{"north":{"uv":[1.25,4.5,1.125,5.125],"texture":"#1"},"east":{"uv":[1.125,4.5,1.25,5.125],"texture":"#1"},"south":{"uv":[1.125,4.5,1.25,5.125],"texture":"#1"},"west":{"uv":[1.125,4.5,1.25,5.125],"texture":"#1"},"up":{"uv":[1.125,4.5,1.25,4.625],"texture":"#1"},"down":{"uv":[1.125,5,1.25,5.125],"texture":"#1"}}},{"name":"windreaper_100","from":[3.875,14.125,7.96875],"to":[4,14.5,8.03125],"rotation":{"angle":0,"axis":"y","origin":[-2.125,0,7.9375]},"faces":{"north":{"uv":[2,4.5,1.875,4.875],"texture":"#1"},"east":{"uv":[1.875,4.5,2,4.875],"texture":"#1"},"south":{"uv":[1.875,4.5,2,4.875],"texture":"#1"},"west":{"uv":[1.875,4.5,2,4.875],"texture":"#1"},"up":{"uv":[1.875,4.5,2,4.625],"texture":"#1"},"down":{"uv":[1.875,4.75,2,4.875],"texture":"#1"}}},{"name":"windreaper_101","from":[3.75,14,7.96875],"to":[3.875,14.375,8.03125],"rotation":{"angle":0,"axis":"y","origin":[-2.125,0,7.9375]},"faces":{"north":{"uv":[1.875,4.625,1.75,5],"texture":"#1"},"east":{"uv":[1.75,4.625,1.875,5],"texture":"#1"},"south":{"uv":[1.75,4.625,1.875,5],"texture":"#1"},"west":{"uv":[1.75,4.625,1.875,5],"texture":"#1"},"up":{"uv":[1.75,4.625,1.875,4.75],"texture":"#1"},"down":{"uv":[1.75,4.875,1.875,5],"texture":"#1"}}},{"name":"windreaper_102","from":[10,15.625,7.8125],"to":[10.375,16.125,8.1875],"rotation":{"angle":0,"axis":"y","origin":[-2.125,0,7.9375]},"faces":{"north":{"uv":[10.75,4.625,10.375,5.125],"texture":"#1"},"east":{"uv":[10.625,4.625,10.75,5.125],"texture":"#1"},"south":{"uv":[10.375,4.625,10.75,5.125],"texture":"#1"},"west":{"uv":[10.375,4.625,10.5,5.125],"texture":"#1"},"up":{"uv":[10.375,4.625,10.75,4.75],"texture":"#1"},"down":{"uv":[10.375,5,10.75,5.125],"texture":"#1"}}},{"name":"windreaper_103","from":[3.625,13.875,7.96875],"to":[3.75,14.25,8.03125],"rotation":{"angle":0,"axis":"y","origin":[-2.125,0,7.9375]},"faces":{"north":{"uv":[1.75,4.75,1.625,5.125],"texture":"#1"},"east":{"uv":[1.625,4.75,1.75,5.125],"texture":"#1"},"south":{"uv":[1.625,4.75,1.75,5.125],"texture":"#1"},"west":{"uv":[1.625,4.75,1.75,5.125],"texture":"#1"},"up":{"uv":[1.625,4.75,1.75,4.875],"texture":"#1"},"down":{"uv":[1.625,5,1.75,5.125],"texture":"#1"}}},{"name":"windreaper_104","from":[3.5,13.625,7.96875],"to":[3.625,14.125,8.03125],"rotation":{"angle":0,"axis":"y","origin":[-2.125,0,7.9375]},"faces":{"north":{"uv":[1.625,4.875,1.5,5.375],"texture":"#1"},"east":{"uv":[1.5,4.875,1.625,5.375],"texture":"#1"},"south":{"uv":[1.5,4.875,1.625,5.375],"texture":"#1"},"west":{"uv":[1.5,4.875,1.625,5.375],"texture":"#1"},"up":{"uv":[1.5,4.875,1.625,5],"texture":"#1"},"down":{"uv":[1.5,5.25,1.625,5.375],"texture":"#1"}}},{"name":"windreaper_105","from":[3,13.125,7.9375],"to":[3.125,13.5,8.0625],"rotation":{"angle":0,"axis":"y","origin":[-2.125,0,7.9375]},"faces":{"north":{"uv":[1.125,5,1,5.375],"texture":"#1"},"east":{"uv":[1,5,1.125,5.375],"texture":"#1"},"south":{"uv":[1,5,1.125,5.375],"texture":"#1"},"west":{"uv":[1,5,1.125,5.375],"texture":"#1"},"up":{"uv":[1,5,1.125,5.125],"texture":"#1"},"down":{"uv":[1,5.25,1.125,5.375],"texture":"#1"}}},{"name":"windreaper_106","from":[3.375,13.5,7.96875],"to":[3.5,13.875,8.03125],"rotation":{"angle":0,"axis":"y","origin":[-2.125,0,7.9375]},"faces":{"north":{"uv":[1.5,5.125,1.375,5.5],"texture":"#1"},"east":{"uv":[1.375,5.125,1.5,5.5],"texture":"#1"},"south":{"uv":[1.375,5.125,1.5,5.5],"texture":"#1"},"west":{"uv":[1.375,5.125,1.5,5.5],"texture":"#1"},"up":{"uv":[1.375,5.125,1.5,5.25],"texture":"#1"},"down":{"uv":[1.375,5.375,1.5,5.5],"texture":"#1"}}},{"name":"windreaper_107","from":[10.125,14.75,7.8125],"to":[10.25,15.625,8.1875],"rotation":{"angle":0,"axis":"y","origin":[-2.125,0,7.9375]},"faces":{"north":{"uv":[10.625,5.25,10.5,6.125],"texture":"#1"},"east":{"uv":[10.5,5.25,10.625,6.125],"texture":"#1"},"south":{"uv":[10.5,5.25,10.625,6.125],"texture":"#1"},"west":{"uv":[10.5,5.25,10.625,6.125],"texture":"#1"},"up":{"uv":[10.5,5.25,10.625,5.375],"texture":"#1"},"down":{"uv":[10.5,6,10.625,6.125],"texture":"#1"}}},{"name":"windreaper_108","from":[3.25,13.25,7.96875],"to":[3.375,13.625,8.03125],"rotation":{"angle":0,"axis":"y","origin":[-2.125,0,7.9375]},"faces":{"north":{"uv":[1.375,5.375,1.25,5.75],"texture":"#1"},"east":{"uv":[1.25,5.375,1.375,5.75],"texture":"#1"},"south":{"uv":[1.25,5.375,1.375,5.75],"texture":"#1"},"west":{"uv":[1.25,5.375,1.375,5.75],"texture":"#1"},"up":{"uv":[1.25,5.375,1.375,5.5],"texture":"#1"},"down":{"uv":[1.25,5.625,1.375,5.75],"texture":"#1"}}},{"name":"windreaper_109","from":[10,15.125,7.8125],"to":[10.125,15.375,8.1875],"rotation":{"angle":0,"axis":"y","origin":[-2.125,0,7.9375]},"faces":{"north":{"uv":[10.5,5.5,10.375,5.75],"texture":"#1"},"east":{"uv":[10.375,5.5,10.5,5.75],"texture":"#1"},"south":{"uv":[10.375,5.5,10.5,5.75],"texture":"#1"},"west":{"uv":[10.375,5.5,10.5,5.75],"texture":"#1"},"up":{"uv":[10.375,5.5,10.5,5.625],"texture":"#1"},"down":{"uv":[10.375,5.625,10.5,5.75],"texture":"#1"}}},{"name":"windreaper_110","from":[10.25,15.125,7.8125],"to":[10.375,15.375,8.1875],"rotation":{"angle":0,"axis":"y","origin":[-2.125,0,7.9375]},"faces":{"north":{"uv":[10.75,5.5,10.625,5.75],"texture":"#1"},"east":{"uv":[10.625,5.5,10.75,5.75],"texture":"#1"},"south":{"uv":[10.625,5.5,10.75,5.75],"texture":"#1"},"west":{"uv":[10.625,5.5,10.75,5.75],"texture":"#1"},"up":{"uv":[10.625,5.5,10.75,5.625],"texture":"#1"},"down":{"uv":[10.625,5.625,10.75,5.75],"texture":"#1"}}},{"name":"windreaper_111","from":[3.125,13,7.96875],"to":[3.25,13.375,8.03125],"rotation":{"angle":0,"axis":"y","origin":[-2.125,0,7.9375]},"faces":{"north":{"uv":[1.25,5.625,1.125,6],"texture":"#1"},"east":{"uv":[1.125,5.625,1.25,6],"texture":"#1"},"south":{"uv":[1.125,5.625,1.25,6],"texture":"#1"},"west":{"uv":[1.125,5.625,1.25,6],"texture":"#1"},"up":{"uv":[1.125,5.625,1.25,5.75],"texture":"#1"},"down":{"uv":[1.125,5.875,1.25,6],"texture":"#1"}}},{"name":"windreaper_112","from":[3,12.625,7.96875],"to":[3.125,13.125,8.03125],"rotation":{"angle":0,"axis":"y","origin":[-2.125,0,7.9375]},"faces":{"north":{"uv":[1.125,5.875,1,6.375],"texture":"#1"},"east":{"uv":[1,5.875,1.125,6.375],"texture":"#1"},"south":{"uv":[1,5.875,1.125,6.375],"texture":"#1"},"west":{"uv":[1,5.875,1.125,6.375],"texture":"#1"},"up":{"uv":[1,5.875,1.125,6],"texture":"#1"},"down":{"uv":[1,6.25,1.125,6.375],"texture":"#1"}}},{"name":"windreaper_113","from":[10.125,1.25,7.8125],"to":[10.25,2.125,8.1875],"rotation":{"angle":0,"axis":"y","origin":[-2.125,0,7.9375]},"faces":{"north":{"uv":[8.25,14.125,8.125,15],"texture":"#1"},"east":{"uv":[8.125,14.125,8.25,15],"texture":"#1"},"south":{"uv":[8.125,14.125,8.25,15],"texture":"#1"},"west":{"uv":[8.125,14.125,8.25,15],"texture":"#1"},"up":{"uv":[8.125,14.125,8.25,14.25],"texture":"#1"},"down":{"uv":[8.125,14.875,8.25,15],"texture":"#1"}}},{"name":"windreaper_114","from":[10,1.5,7.8125],"to":[10.125,1.75,8.1875],"rotation":{"angle":0,"axis":"y","origin":[-2.125,0,7.9375]},"faces":{"north":{"uv":[8.125,14.5,8,14.75],"texture":"#1"},"east":{"uv":[8,14.5,8.125,14.75],"texture":"#1"},"south":{"uv":[8,14.5,8.125,14.75],"texture":"#1"},"west":{"uv":[8,14.5,8.125,14.75],"texture":"#1"},"up":{"uv":[8,14.5,8.125,14.625],"texture":"#1"},"down":{"uv":[8,14.625,8.125,14.75],"texture":"#1"}}},{"name":"windreaper_115","from":[10.25,1.5,7.8125],"to":[10.375,1.75,8.1875],"rotation":{"angle":0,"axis":"y","origin":[-2.125,0,7.9375]},"faces":{"north":{"uv":[8.375,14.5,8.25,14.75],"texture":"#1"},"east":{"uv":[8.25,14.5,8.375,14.75],"texture":"#1"},"south":{"uv":[8.25,14.5,8.375,14.75],"texture":"#1"},"west":{"uv":[8.25,14.5,8.375,14.75],"texture":"#1"},"up":{"uv":[8.25,14.5,8.375,14.625],"texture":"#1"},"down":{"uv":[8.25,14.625,8.375,14.75],"texture":"#1"}}},{"name":"windreaper_116","from":[10,1.25,7.875],"to":[10.125,1.5,8.125],"rotation":{"angle":0,"axis":"y","origin":[-2.125,0,7.9375]},"faces":{"north":{"uv":[12.25,14.5,12.125,14.75],"texture":"#1"},"east":{"uv":[12.125,14.5,12.25,14.75],"texture":"#1"},"south":{"uv":[12.125,14.5,12.25,14.75],"texture":"#1"},"west":{"uv":[12.125,14.5,12.25,14.75],"texture":"#1"},"up":{"uv":[12.125,14.5,12.25,14.625],"texture":"#1"},"down":{"uv":[12.125,14.625,12.25,14.75],"texture":"#1"}}},{"name":"windreaper_117","from":[10.25,1.25,7.875],"to":[10.375,1.5,8.125],"rotation":{"angle":0,"axis":"y","origin":[-2.125,0,7.9375]},"faces":{"north":{"uv":[12.5,14.5,12.375,14.75],"texture":"#1"},"east":{"uv":[12.375,14.5,12.5,14.75],"texture":"#1"},"south":{"uv":[12.375,14.5,12.5,14.75],"texture":"#1"},"west":{"uv":[12.375,14.5,12.5,14.75],"texture":"#1"},"up":{"uv":[12.375,14.5,12.5,14.625],"texture":"#1"},"down":{"uv":[12.375,14.625,12.5,14.75],"texture":"#1"}}},{"name":"windreaper_118","from":[10,0.625,7.8125],"to":[10.375,1.25,8.1875],"rotation":{"angle":0,"axis":"y","origin":[-2.125,0,7.9375]},"faces":{"north":{"uv":[8.375,15.25,8,15.875],"texture":"#1"},"east":{"uv":[8.25,15.25,8.375,15.875],"texture":"#1"},"south":{"uv":[8,15.25,8.375,15.875],"texture":"#1"},"west":{"uv":[8,15.25,8.125,15.875],"texture":"#1"},"up":{"uv":[8,15.25,8.375,15.375],"texture":"#1"},"down":{"uv":[8,15.75,8.375,15.875],"texture":"#1"}}},{"name":"windreaper_119","from":[9.875,0.625,7.8125],"to":[10,1,8.1875],"rotation":{"angle":0,"axis":"y","origin":[-2.125,0,7.9375]},"faces":{"north":{"uv":[8,15.5,7.875,15.875],"texture":"#1"},"east":{"uv":[7.875,15.5,8,15.875],"texture":"#1"},"south":{"uv":[7.875,15.5,8,15.875],"texture":"#1"},"west":{"uv":[7.875,15.5,8,15.875],"texture":"#1"},"up":{"uv":[7.875,15.5,8,15.625],"texture":"#1"},"down":{"uv":[7.875,15.75,8,15.875],"texture":"#1"}}},{"name":"windreaper_120","from":[10.375,0.625,7.8125],"to":[10.5,1,8.1875],"rotation":{"angle":0,"axis":"y","origin":[-2.125,0,7.9375]},"faces":{"north":{"uv":[8.5,15.5,8.375,15.875],"texture":"#1"},"east":{"uv":[8.375,15.5,8.5,15.875],"texture":"#1"},"south":{"uv":[8.375,15.5,8.5,15.875],"texture":"#1"},"west":{"uv":[8.375,15.5,8.5,15.875],"texture":"#1"},"up":{"uv":[8.375,15.5,8.5,15.625],"texture":"#1"},"down":{"uv":[8.375,15.75,8.5,15.875],"texture":"#1"}}},{"name":"windreaper_121","from":[9.75,0.625,7.8125],"to":[9.875,0.875,8.1875],"rotation":{"angle":0,"axis":"y","origin":[-2.125,0,7.9375]},"faces":{"north":{"uv":[7.875,15.625,7.75,15.875],"texture":"#1"},"east":{"uv":[7.75,15.625,7.875,15.875],"texture":"#1"},"south":{"uv":[7.75,15.625,7.875,15.875],"texture":"#1"},"west":{"uv":[7.75,15.625,7.875,15.875],"texture":"#1"},"up":{"uv":[7.75,15.625,7.875,15.75],"texture":"#1"},"down":{"uv":[7.75,15.75,7.875,15.875],"texture":"#1"}}},{"name":"windreaper_122","from":[10.5,0.625,7.8125],"to":[10.625,0.875,8.1875],"rotation":{"angle":0,"axis":"y","origin":[-2.125,0,7.9375]},"faces":{"north":{"uv":[8.625,15.625,8.5,15.875],"texture":"#1"},"east":{"uv":[8.5,15.625,8.625,15.875],"texture":"#1"},"south":{"uv":[8.5,15.625,8.625,15.875],"texture":"#1"},"west":{"uv":[8.5,15.625,8.625,15.875],"texture":"#1"},"up":{"uv":[8.5,15.625,8.625,15.75],"texture":"#1"},"down":{"uv":[8.5,15.75,8.625,15.875],"texture":"#1"}}},{"name":"windreaper_123","from":[9.625,0.625,7.8125],"to":[9.75,0.75,8.1875],"rotation":{"angle":0,"axis":"y","origin":[-2.125,0,7.9375]},"faces":{"north":{"uv":[7.75,15.75,7.625,15.875],"texture":"#1"},"east":{"uv":[7.625,15.75,7.75,15.875],"texture":"#1"},"south":{"uv":[7.625,15.75,7.75,15.875],"texture":"#1"},"west":{"uv":[7.625,15.75,7.75,15.875],"texture":"#1"},"up":{"uv":[7.625,15.75,7.75,15.875],"texture":"#1"},"down":{"uv":[7.625,15.75,7.75,15.875],"texture":"#1"}}},{"name":"windreaper_124","from":[10.625,0.625,7.8125],"to":[10.75,0.75,8.1875],"rotation":{"angle":0,"axis":"y","origin":[-2.125,0,7.9375]},"faces":{"north":{"uv":[8.75,15.75,8.625,15.875],"texture":"#1"},"east":{"uv":[8.625,15.75,8.75,15.875],"texture":"#1"},"south":{"uv":[8.625,15.75,8.75,15.875],"texture":"#1"},"west":{"uv":[8.625,15.75,8.75,15.875],"texture":"#1"},"up":{"uv":[8.625,15.75,8.75,15.875],"texture":"#1"},"down":{"uv":[8.625,15.75,8.75,15.875],"texture":"#1"}}},{"name":"windreaper_3","from":[12.875,17.375,7.96875],"to":[13,17.75,8.03125],"rotation":{"angle":0,"axis":"y","origin":[-2.125,0,7.9375]},"faces":{"north":{"uv":[11.75,0.75,11.625,1.125],"texture":"#1"},"east":{"uv":[11.625,0.75,11.75,1.125],"texture":"#1"},"south":{"uv":[11.625,0.75,11.75,1.125],"texture":"#1"},"west":{"uv":[11.625,0.75,11.75,1.125],"texture":"#1"},"up":{"uv":[11.625,0.75,11.75,0.875],"texture":"#1"},"down":{"uv":[11.625,1,11.75,1.125],"texture":"#1"}}},{"name":"windreaper_5","from":[12.75,17.125,7.96875],"to":[12.875,17.625,8.03125],"rotation":{"angle":0,"axis":"y","origin":[-2.125,0,7.9375]},"faces":{"north":{"uv":[11.625,0.875,11.5,1.375],"texture":"#1"},"east":{"uv":[11.5,0.875,11.625,1.375],"texture":"#1"},"south":{"uv":[11.5,0.875,11.625,1.375],"texture":"#1"},"west":{"uv":[11.5,0.875,11.625,1.375],"texture":"#1"},"up":{"uv":[11.5,0.875,11.625,1],"texture":"#1"},"down":{"uv":[11.5,1.25,11.625,1.375],"texture":"#1"}}},{"name":"windreaper_9","from":[12.625,17,7.96875],"to":[12.75,17.5,8.03125],"rotation":{"angle":0,"axis":"y","origin":[-2.125,0,7.9375]},"faces":{"north":{"uv":[11.5,1,11.375,1.5],"texture":"#1"},"east":{"uv":[11.375,1,11.5,1.5],"texture":"#1"},"south":{"uv":[11.375,1,11.5,1.5],"texture":"#1"},"west":{"uv":[11.375,1,11.5,1.5],"texture":"#1"},"up":{"uv":[11.375,1,11.5,1.125],"texture":"#1"},"down":{"uv":[11.375,1.375,11.5,1.5],"texture":"#1"}}},{"name":"windreaper_11","from":[12.5,16.875,7.96875],"to":[12.625,17.375,8.03125],"rotation":{"angle":0,"axis":"y","origin":[-2.125,0,7.9375]},"faces":{"north":{"uv":[11.375,1.125,11.25,1.625],"texture":"#1"},"east":{"uv":[11.25,1.125,11.375,1.625],"texture":"#1"},"south":{"uv":[11.25,1.125,11.375,1.625],"texture":"#1"},"west":{"uv":[11.25,1.125,11.375,1.625],"texture":"#1"},"up":{"uv":[11.25,1.125,11.375,1.25],"texture":"#1"},"down":{"uv":[11.25,1.5,11.375,1.625],"texture":"#1"}}},{"name":"windreaper_13","from":[12.25,16.75,7.96875],"to":[12.5,17.25,8.03125],"rotation":{"angle":0,"axis":"y","origin":[-2.125,0,7.9375]},"faces":{"north":{"uv":[11.25,1.25,11,1.75],"texture":"#1"},"east":{"uv":[11.125,1.25,11.25,1.75],"texture":"#1"},"south":{"uv":[11,1.25,11.25,1.75],"texture":"#1"},"west":{"uv":[11,1.25,11.125,1.75],"texture":"#1"},"up":{"uv":[11,1.25,11.25,1.375],"texture":"#1"},"down":{"uv":[11,1.625,11.25,1.75],"texture":"#1"}}},{"name":"windreaper_17","from":[11.75,16.625,7.96875],"to":[12.25,17.125,8.03125],"rotation":{"angle":0,"axis":"y","origin":[-2.125,0,7.9375]},"faces":{"north":{"uv":[11,1.375,10.5,1.875],"texture":"#1"},"east":{"uv":[10.875,1.375,11,1.875],"texture":"#1"},"south":{"uv":[10.5,1.375,11,1.875],"texture":"#1"},"west":{"uv":[10.5,1.375,10.625,1.875],"texture":"#1"},"up":{"uv":[10.5,1.375,11,1.5],"texture":"#1"},"down":{"uv":[10.5,1.75,11,1.875],"texture":"#1"}}},{"name":"windreaper_22","from":[10.75,16.625,7.90625],"to":[11.5,17,8.09375],"rotation":{"angle":0,"axis":"y","origin":[-2.125,0,7.9375]},"faces":{"north":{"uv":[9.5,1.5,8.75,1.875],"texture":"#1"},"east":{"uv":[9.375,1.5,9.5,1.875],"texture":"#1"},"south":{"uv":[8.75,1.5,9.5,1.875],"texture":"#1"},"west":{"uv":[8.75,1.5,8.875,1.875],"texture":"#1"},"up":{"uv":[8.75,1.5,9.5,1.625],"texture":"#1"},"down":{"uv":[8.75,1.75,9.5,1.875],"texture":"#1"}}},{"name":"windreaper_23","from":[11.5,16.875,7.90625],"to":[11.75,17,8.09375],"rotation":{"angle":0,"axis":"y","origin":[-2.125,0,7.9375]},"faces":{"north":{"uv":[9.75,1.5,9.5,1.625],"texture":"#1"},"east":{"uv":[9.625,1.5,9.75,1.625],"texture":"#1"},"south":{"uv":[9.5,1.5,9.75,1.625],"texture":"#1"},"west":{"uv":[9.5,1.5,9.625,1.625],"texture":"#1"},"up":{"uv":[9.5,1.5,9.75,1.625],"texture":"#1"},"down":{"uv":[9.5,1.5,9.75,1.625],"texture":"#1"}}},{"name":"windreaper_26","from":[11.5,16.75,7.90625],"to":[11.625,16.875,8.09375],"rotation":{"angle":0,"axis":"y","origin":[-2.125,0,7.9375]},"faces":{"north":{"uv":[9.625,1.625,9.5,1.75],"texture":"#1"},"east":{"uv":[9.5,1.625,9.625,1.75],"texture":"#1"},"south":{"uv":[9.5,1.625,9.625,1.75],"texture":"#1"},"west":{"uv":[9.5,1.625,9.625,1.75],"texture":"#1"},"up":{"uv":[9.5,1.625,9.625,1.75],"texture":"#1"},"down":{"uv":[9.5,1.625,9.625,1.75],"texture":"#1"}}},{"name":"windreaper_27","from":[11.625,16.375,7.96875],"to":[11.75,16.875,8.03125],"rotation":{"angle":0,"axis":"y","origin":[-2.125,0,7.9375]},"faces":{"north":{"uv":[10.5,1.625,10.375,2.125],"texture":"#1"},"east":{"uv":[10.375,1.625,10.5,2.125],"texture":"#1"},"south":{"uv":[10.375,1.625,10.5,2.125],"texture":"#1"},"west":{"uv":[10.375,1.625,10.5,2.125],"texture":"#1"},"up":{"uv":[10.375,1.625,10.5,1.75],"texture":"#1"},"down":{"uv":[10.375,2,10.5,2.125],"texture":"#1"}}},{"name":"windreaper_29","from":[11.5,16.25,7.96875],"to":[11.625,16.75,8.03125],"rotation":{"angle":0,"axis":"y","origin":[-2.125,0,7.9375]},"faces":{"north":{"uv":[10.375,1.75,10.25,2.25],"texture":"#1"},"east":{"uv":[10.25,1.75,10.375,2.25],"texture":"#1"},"south":{"uv":[10.25,1.75,10.375,2.25],"texture":"#1"},"west":{"uv":[10.25,1.75,10.375,2.25],"texture":"#1"},"up":{"uv":[10.25,1.75,10.375,1.875],"texture":"#1"},"down":{"uv":[10.25,2.125,10.375,2.25],"texture":"#1"}}},{"name":"windreaper_30","from":[12.25,16.625,7.96875],"to":[12.375,16.75,8.03125],"rotation":{"angle":0,"axis":"y","origin":[-2.125,0,7.9375]},"faces":{"north":{"uv":[11.125,1.75,11,1.875],"texture":"#1"},"east":{"uv":[11,1.75,11.125,1.875],"texture":"#1"},"south":{"uv":[11,1.75,11.125,1.875],"texture":"#1"},"west":{"uv":[11,1.75,11.125,1.875],"texture":"#1"},"up":{"uv":[11,1.75,11.125,1.875],"texture":"#1"},"down":{"uv":[11,1.75,11.125,1.875],"texture":"#1"}}},{"name":"windreaper_34","from":[10.875,16.375,7.90625],"to":[11.25,16.625,8.09375],"rotation":{"angle":0,"axis":"y","origin":[-2.125,0,7.9375]},"faces":{"north":{"uv":[9.25,1.875,8.875,2.125],"texture":"#1"},"east":{"uv":[9.125,1.875,9.25,2.125],"texture":"#1"},"south":{"uv":[8.875,1.875,9.25,2.125],"texture":"#1"},"west":{"uv":[8.875,1.875,9,2.125],"texture":"#1"},"up":{"uv":[8.875,1.875,9.25,2],"texture":"#1"},"down":{"uv":[8.875,2,9.25,2.125],"texture":"#1"}}},{"name":"windreaper_35","from":[11.25,16.5,7.90625],"to":[11.375,16.625,8.09375],"rotation":{"angle":0,"axis":"y","origin":[-2.125,0,7.9375]},"faces":{"north":{"uv":[9.375,1.875,9.25,2],"texture":"#1"},"east":{"uv":[9.25,1.875,9.375,2],"texture":"#1"},"south":{"uv":[9.25,1.875,9.375,2],"texture":"#1"},"west":{"uv":[9.25,1.875,9.375,2],"texture":"#1"},"up":{"uv":[9.25,1.875,9.375,2],"texture":"#1"},"down":{"uv":[9.25,1.875,9.375,2],"texture":"#1"}}},{"name":"windreaper_36","from":[11.375,16.125,7.96875],"to":[11.5,16.625,8.03125],"rotation":{"angle":0,"axis":"y","origin":[-2.125,0,7.9375]},"faces":{"north":{"uv":[10.25,1.875,10.125,2.375],"texture":"#1"},"east":{"uv":[10.125,1.875,10.25,2.375],"texture":"#1"},"south":{"uv":[10.125,1.875,10.25,2.375],"texture":"#1"},"west":{"uv":[10.125,1.875,10.25,2.375],"texture":"#1"},"up":{"uv":[10.125,1.875,10.25,2],"texture":"#1"},"down":{"uv":[10.125,2.25,10.25,2.375],"texture":"#1"}}},{"name":"windreaper_37","from":[11.75,16.5,7.96875],"to":[12.125,16.625,8.03125],"rotation":{"angle":0,"axis":"y","origin":[-2.125,0,7.9375]},"faces":{"north":{"uv":[10.875,1.875,10.5,2],"texture":"#1"},"east":{"uv":[10.75,1.875,10.875,2],"texture":"#1"},"south":{"uv":[10.5,1.875,10.875,2],"texture":"#1"},"west":{"uv":[10.5,1.875,10.625,2],"texture":"#1"},"up":{"uv":[10.5,1.875,10.875,2],"texture":"#1"},"down":{"uv":[10.5,1.875,10.875,2],"texture":"#1"}}},{"name":"windreaper_41","from":[11.875,16.375,7.96875],"to":[12,16.5,8.03125],"rotation":{"angle":0,"axis":"y","origin":[-2.125,0,7.9375]},"faces":{"north":{"uv":[10.75,2,10.625,2.125],"texture":"#1"},"east":{"uv":[10.625,2,10.75,2.125],"texture":"#1"},"south":{"uv":[10.625,2,10.75,2.125],"texture":"#1"},"west":{"uv":[10.625,2,10.75,2.125],"texture":"#1"},"up":{"uv":[10.625,2,10.75,2.125],"texture":"#1"},"down":{"uv":[10.625,2,10.75,2.125],"texture":"#1"}}},{"name":"windreaper_44","from":[10.875,16.25,7.90625],"to":[11.125,16.375,8.09375],"rotation":{"angle":0,"axis":"y","origin":[-2.125,0,7.9375]},"faces":{"north":{"uv":[9.125,2.125,8.875,2.25],"texture":"#1"},"east":{"uv":[9,2.125,9.125,2.25],"texture":"#1"},"south":{"uv":[8.875,2.125,9.125,2.25],"texture":"#1"},"west":{"uv":[8.875,2.125,9,2.25],"texture":"#1"},"up":{"uv":[8.875,2.125,9.125,2.25],"texture":"#1"},"down":{"uv":[8.875,2.125,9.125,2.25],"texture":"#1"}}},{"name":"windreaper_46","from":[10.875,16,7.90625],"to":[11,16.25,8.09375],"rotation":{"angle":0,"axis":"y","origin":[-2.125,0,7.9375]},"faces":{"north":{"uv":[9,2.25,8.875,2.5],"texture":"#1"},"east":{"uv":[8.875,2.25,9,2.5],"texture":"#1"},"south":{"uv":[8.875,2.25,9,2.5],"texture":"#1"},"west":{"uv":[8.875,2.25,9,2.5],"texture":"#1"},"up":{"uv":[8.875,2.25,9,2.375],"texture":"#1"},"down":{"uv":[8.875,2.375,9,2.5],"texture":"#1"}}}],"gui_light":"front","display":{"thirdperson_righthand":{"rotation":[0,-90,0],"translation":[0,-3.75,-3.75],"scale":[2.4,2.4,2.4]},"thirdperson_lefthand":{"rotation":[0,90,0],"translation":[0,-3.75,-3.75],"scale":[2.4,2.4,2.4]},"firstperson_righthand":{"rotation":[-5,-90,0],"translation":[-1.5,1.25,2.25],"scale":[1.4,1.4,1.4]},"firstperson_lefthand":{"rotation":[-5,90,0],"translation":[-1.5,1.25,2.25],"scale":[1.4,1.4,1.4]},"ground":{"rotation":[0,0,45],"translation":[0,1.25,0.25]},"gui":{"rotation":[0,0,-55],"translation":[-3.75,-0.75,0],"scale":[1.4,1.4,1]},"head":{"rotation":[0,0,45],"translation":[0.75,12.5,0],"scale":[2,2,2]},"fixed":{"rotation":[0,0,90],"translation":[4.5,-10,-0.75],"scale":[4,4,4]}}}