{"credit":"Made with Blockbench","textures":{"texture":"fantasy_weapons:item/primitivebludgeon"},"elements":[{"name":"zPrimitivebludgeon x128","from":[6,8.25,7.875],"to":[6.125,8.875,8.125],"faces":{"north":{"uv":[6.125,7.125,6,7.75],"texture":"#texture"},"east":{"uv":[6.125,7.125,6,7.75],"texture":"#texture"},"south":{"uv":[6,7.125,6.125,7.75],"texture":"#texture"},"west":{"uv":[6,7.125,6.125,7.75],"texture":"#texture"},"up":{"uv":[6,7.25,6.125,7.125],"texture":"#texture"},"down":{"uv":[6,7.625,6.125,7.75],"texture":"#texture"}}},{"name":"zPrimitivebludgeon x128","from":[6.125,8.5,7.875],"to":[6.25,9.125,8.125],"faces":{"north":{"uv":[6.25,6.875,6.125,7.5],"texture":"#texture"},"east":{"uv":[6.25,6.875,6.125,7.5],"texture":"#texture"},"south":{"uv":[6.125,6.875,6.25,7.5],"texture":"#texture"},"west":{"uv":[6.125,6.875,6.25,7.5],"texture":"#texture"},"up":{"uv":[6.125,7,6.25,6.875],"texture":"#texture"},"down":{"uv":[6.125,7.375,6.25,7.5],"texture":"#texture"}}},{"name":"zPrimitivebludgeon x128","from":[6.25,8.75,7.875],"to":[6.375,9.25,8.125],"faces":{"north":{"uv":[6.375,6.75,6.25,7.25],"texture":"#texture"},"east":{"uv":[6.375,6.75,6.25,7.25],"texture":"#texture"},"south":{"uv":[6.25,6.75,6.375,7.25],"texture":"#texture"},"west":{"uv":[6.25,6.75,6.375,7.25],"texture":"#texture"},"up":{"uv":[6.25,6.875,6.375,6.75],"texture":"#texture"},"down":{"uv":[6.25,7.125,6.375,7.25],"texture":"#texture"}}},{"name":"zPrimitivebludgeon x128","from":[6.375,8.875,7.875],"to":[6.5,9.375,8.125],"faces":{"north":{"uv":[6.5,6.625,6.375,7.125],"texture":"#texture"},"east":{"uv":[6.5,6.625,6.375,7.125],"texture":"#texture"},"south":{"uv":[6.375,6.625,6.5,7.125],"texture":"#texture"},"west":{"uv":[6.375,6.625,6.5,7.125],"texture":"#texture"},"up":{"uv":[6.375,6.75,6.5,6.625],"texture":"#texture"}}},{"name":"zPrimitivebludgeon x128","from":[6.5,9,7.875],"to":[9.625,9.375,8.125],"faces":{"north":{"uv":[9.625,6.625,6.5,7],"texture":"#texture"},"east":{"uv":[9.625,6.625,9.5,7],"texture":"#texture"},"south":{"uv":[6.5,6.625,9.625,7],"texture":"#texture"},"up":{"uv":[6.5,6.75,9.625,6.625],"texture":"#texture"},"down":{"uv":[6.5,6.875,9.625,7],"texture":"#texture"}}},{"name":"zPrimitivebludgeon x128","from":[6.625,9.375,7.875],"to":[9.375,9.5,8.125],"faces":{"north":{"uv":[9.375,6.5,6.625,6.625],"texture":"#texture"},"east":{"uv":[9.375,6.5,9.25,6.625],"texture":"#texture"},"south":{"uv":[6.625,6.5,9.375,6.625],"texture":"#texture"},"west":{"uv":[6.625,6.5,6.75,6.625],"texture":"#texture"},"up":{"uv":[6.625,6.625,9.375,6.5],"texture":"#texture"}}},{"name":"zPrimitivebludgeon x128","from":[6.75,8.875,7.875],"to":[9.25,9,8.125],"faces":{"north":{"uv":[9.25,7,6.75,7.125],"texture":"#texture"},"east":{"uv":[9.25,7,9.125,7.125],"texture":"#texture"},"south":{"uv":[6.75,7,9.25,7.125],"texture":"#texture"},"west":{"uv":[6.75,7,6.875,7.125],"texture":"#texture"},"down":{"uv":[6.75,7,9.25,7.125],"texture":"#texture"}}},{"name":"zPrimitivebludgeon x128","from":[7,7,7.875],"to":[9,8.875,8.125],"faces":{"north":{"uv":[9,7.125,7,9],"texture":"#texture"},"east":{"uv":[9,7.125,8.875,9],"texture":"#texture"},"south":{"uv":[7,7.125,9,9],"texture":"#texture"},"west":{"uv":[7,7.125,7.125,9],"texture":"#texture"},"down":{"uv":[7,8.875,9,9],"texture":"#texture"}}},{"name":"zPrimitivebludgeon x128","from":[7.125,9.5,7.875],"to":[8.875,9.625,8.125],"faces":{"north":{"uv":[8.875,6.375,7.125,6.5],"texture":"#texture"},"east":{"uv":[8.875,6.375,8.75,6.5],"texture":"#texture"},"south":{"uv":[7.125,6.375,8.875,6.5],"texture":"#texture"},"west":{"uv":[7.125,6.375,7.25,6.5],"texture":"#texture"},"up":{"uv":[7.125,6.5,8.875,6.375],"texture":"#texture"}}},{"name":"zPrimitivebludgeon x128","from":[7.125,6.5,7.875],"to":[8.875,7,8.125],"faces":{"north":{"uv":[8.875,9,7.125,9.5],"texture":"#texture"},"east":{"uv":[8.875,9,8.75,9.5],"texture":"#texture"},"south":{"uv":[7.125,9,8.875,9.5],"texture":"#texture"},"west":{"uv":[7.125,9,7.25,9.5],"texture":"#texture"},"down":{"uv":[7.125,9.375,8.875,9.5],"texture":"#texture"}}},{"name":"zPrimitivebludgeon x128","from":[7.25,9.625,7.875],"to":[8.75,10,8.125],"faces":{"north":{"uv":[8.75,6,7.25,6.375],"texture":"#texture"},"east":{"uv":[8.75,6,8.625,6.375],"texture":"#texture"},"south":{"uv":[7.25,6,8.75,6.375],"texture":"#texture"},"west":{"uv":[7.25,6,7.375,6.375],"texture":"#texture"},"up":{"uv":[7.25,6.125,8.75,6],"texture":"#texture"}}},{"name":"zPrimitivebludgeon x128","from":[7.25,6.125,7.875],"to":[8.75,6.5,8.125],"faces":{"north":{"uv":[8.75,9.5,7.25,9.875],"texture":"#texture"},"east":{"uv":[8.75,9.5,8.625,9.875],"texture":"#texture"},"south":{"uv":[7.25,9.5,8.75,9.875],"texture":"#texture"},"west":{"uv":[7.25,9.5,7.375,9.875],"texture":"#texture"},"down":{"uv":[7.25,9.75,8.75,9.875],"texture":"#texture"}}},{"name":"zPrimitivebludgeon x128","from":[7.375,10,7.875],"to":[8.625,10.25,8.125],"faces":{"north":{"uv":[8.625,5.75,7.375,6],"texture":"#texture"},"east":{"uv":[8.625,5.75,8.5,6],"texture":"#texture"},"south":{"uv":[7.375,5.75,8.625,6],"texture":"#texture"},"west":{"uv":[7.375,5.75,7.5,6],"texture":"#texture"},"up":{"uv":[7.375,5.875,8.625,5.75],"texture":"#texture"}}},{"name":"zPrimitivebludgeon x128","from":[7.375,5.875,7.875],"to":[8.625,6.125,8.125],"faces":{"north":{"uv":[8.625,9.875,7.375,10.125],"texture":"#texture"},"east":{"uv":[8.625,9.875,8.5,10.125],"texture":"#texture"},"south":{"uv":[7.375,9.875,8.625,10.125],"texture":"#texture"},"west":{"uv":[7.375,9.875,7.5,10.125],"texture":"#texture"},"down":{"uv":[7.375,10,8.625,10.125],"texture":"#texture"}}},{"name":"zPrimitivebludgeon x128","from":[7.5,10.25,7.875],"to":[8.5,10.375,8.125],"faces":{"north":{"uv":[8.5,5.625,7.5,5.75],"texture":"#texture"},"east":{"uv":[8.5,5.625,8.375,5.75],"texture":"#texture"},"south":{"uv":[7.5,5.625,8.5,5.75],"texture":"#texture"},"west":{"uv":[7.5,5.625,7.625,5.75],"texture":"#texture"},"up":{"uv":[7.5,5.75,8.5,5.625],"texture":"#texture"}}},{"name":"zPrimitivebludgeon x128","from":[7.5,5.5,7.875],"to":[8.5,5.875,8.125],"faces":{"north":{"uv":[8.5,10.125,7.5,10.5],"texture":"#texture"},"east":{"uv":[8.5,10.125,8.375,10.5],"texture":"#texture"},"south":{"uv":[7.5,10.125,8.5,10.5],"texture":"#texture"},"west":{"uv":[7.5,10.125,7.625,10.5],"texture":"#texture"},"down":{"uv":[7.5,10.375,8.5,10.5],"texture":"#texture"}}},{"name":"zPrimitivebludgeon x128","from":[7.625,10.375,7.875],"to":[8.375,10.5,8.125],"faces":{"north":{"uv":[8.375,5.5,7.625,5.625],"texture":"#texture"},"east":{"uv":[8.375,5.5,8.25,5.625],"texture":"#texture"},"south":{"uv":[7.625,5.5,8.375,5.625],"texture":"#texture"},"west":{"uv":[7.625,5.5,7.75,5.625],"texture":"#texture"},"up":{"uv":[7.625,5.625,8.375,5.5],"texture":"#texture"}}},{"name":"zPrimitivebludgeon x128","from":[7.625,4.5,7.875],"to":[8.375,5.5,8.125],"faces":{"north":{"uv":[8.375,10.5,7.625,11.5],"texture":"#texture"},"east":{"uv":[8.375,10.5,8.25,11.5],"texture":"#texture"},"south":{"uv":[7.625,10.5,8.375,11.5],"texture":"#texture"},"west":{"uv":[7.625,10.5,7.75,11.5],"texture":"#texture"},"down":{"uv":[7.625,11.375,8.375,11.5],"texture":"#texture"}}},{"name":"zPrimitivebludgeon x128","from":[7.625,1.625,7.875],"to":[8.375,2.125,8.125],"faces":{"north":{"uv":[8.375,13.875,7.625,14.375],"texture":"#texture"},"east":{"uv":[8.375,13.875,8.25,14.375],"texture":"#texture"},"south":{"uv":[7.625,13.875,8.375,14.375],"texture":"#texture"},"west":{"uv":[7.625,13.875,7.75,14.375],"texture":"#texture"},"up":{"uv":[7.625,14,8.375,13.875],"texture":"#texture"},"down":{"uv":[7.625,14.25,8.375,14.375],"texture":"#texture"}}},{"name":"zPrimitivebludgeon x128","from":[7.75,2.125,7.875],"to":[8.25,4.5,8.125],"faces":{"north":{"uv":[8.25,11.5,7.75,13.875],"texture":"#texture"},"east":{"uv":[8.25,11.5,8.125,13.875],"texture":"#texture"},"south":{"uv":[7.75,11.5,8.25,13.875],"texture":"#texture"},"west":{"uv":[7.75,11.5,7.875,13.875],"texture":"#texture"}}},{"name":"zPrimitivebludgeon x128","from":[7.75,1.375,7.875],"to":[8.25,1.625,8.125],"faces":{"north":{"uv":[8.25,14.375,7.75,14.625],"texture":"#texture"},"east":{"uv":[8.25,14.375,8.125,14.625],"texture":"#texture"},"south":{"uv":[7.75,14.375,8.25,14.625],"texture":"#texture"},"west":{"uv":[7.75,14.375,7.875,14.625],"texture":"#texture"},"down":{"uv":[7.75,14.5,8.25,14.625],"texture":"#texture"}}},{"name":"zPrimitivebludgeon x128","from":[7.875,10.5,7.875],"to":[8.125,10.625,8.125],"faces":{"north":{"uv":[8.125,5.375,7.875,5.5],"texture":"#texture"},"east":{"uv":[8.125,5.375,8,5.5],"texture":"#texture"},"south":{"uv":[7.875,5.375,8.125,5.5],"texture":"#texture"},"west":{"uv":[7.875,5.375,8,5.5],"texture":"#texture"},"up":{"uv":[7.875,5.5,8.125,5.375],"texture":"#texture"}}},{"name":"zPrimitivebludgeon x128","from":[7.875,1.25,7.875],"to":[8.125,1.375,8.125],"faces":{"north":{"uv":[8.125,14.625,7.875,14.75],"texture":"#texture"},"east":{"uv":[8.125,14.625,8,14.75],"texture":"#texture"},"south":{"uv":[7.875,14.625,8.125,14.75],"texture":"#texture"},"west":{"uv":[7.875,14.625,8,14.75],"texture":"#texture"},"down":{"uv":[7.875,14.625,8.125,14.75],"texture":"#texture"}}},{"name":"zPrimitivebludgeon x128","from":[9.5,8.875,7.875],"to":[9.875,9,8.125],"faces":{"north":{"uv":[9.875,7,9.5,7.125],"texture":"#texture"},"east":{"uv":[9.875,7,9.75,7.125],"texture":"#texture"},"south":{"uv":[9.5,7,9.875,7.125],"texture":"#texture"},"up":{"uv":[9.5,7.125,9.875,7],"texture":"#texture"},"down":{"uv":[9.5,7,9.875,7.125],"texture":"#texture"}}},{"name":"zPrimitivebludgeon x128","from":[9.625,9,7.875],"to":[9.75,9.25,8.125],"faces":{"north":{"uv":[9.75,6.75,9.625,7],"texture":"#texture"},"east":{"uv":[9.75,6.75,9.625,7],"texture":"#texture"},"south":{"uv":[9.625,6.75,9.75,7],"texture":"#texture"},"up":{"uv":[9.625,6.875,9.75,6.75],"texture":"#texture"}}},{"name":"zPrimitivebludgeon x128","from":[9.625,8.75,7.875],"to":[10,8.875,8.125],"faces":{"north":{"uv":[10,7.125,9.625,7.25],"texture":"#texture"},"east":{"uv":[10,7.125,9.875,7.25],"texture":"#texture"},"south":{"uv":[9.625,7.125,10,7.25],"texture":"#texture"},"west":{"uv":[9.625,7.125,9.75,7.25],"texture":"#texture"},"up":{"uv":[9.625,7.25,10,7.125],"texture":"#texture"},"down":{"uv":[9.625,7.125,10,7.25],"texture":"#texture"}}},{"name":"zPrimitivebludgeon x128","from":[9.75,9,7.875],"to":[9.875,9.125,8.125],"faces":{"north":{"uv":[9.875,6.875,9.75,7],"texture":"#texture"},"east":{"uv":[9.875,6.875,9.75,7],"texture":"#texture"},"south":{"uv":[9.75,6.875,9.875,7],"texture":"#texture"},"up":{"uv":[9.75,7,9.875,6.875],"texture":"#texture"}}},{"name":"zPrimitivebludgeon x128","from":[9.75,8.5,7.875],"to":[10,8.75,8.125],"faces":{"north":{"uv":[10,7.25,9.75,7.5],"texture":"#texture"},"east":{"uv":[10,7.25,9.875,7.5],"texture":"#texture"},"south":{"uv":[9.75,7.25,10,7.5],"texture":"#texture"},"west":{"uv":[9.75,7.25,9.875,7.5],"texture":"#texture"},"down":{"uv":[9.75,7.375,10,7.5],"texture":"#texture"}}},{"name":"zPrimitivebludgeon x128","from":[9.875,8.25,7.875],"to":[10,8.5,8.125],"faces":{"north":{"uv":[10,7.5,9.875,7.75],"texture":"#texture"},"east":{"uv":[10,7.5,9.875,7.75],"texture":"#texture"},"south":{"uv":[9.875,7.5,10,7.75],"texture":"#texture"},"west":{"uv":[9.875,7.5,10,7.75],"texture":"#texture"},"down":{"uv":[9.875,7.625,10,7.75],"texture":"#texture"}}},{"name":"Element","from":[7.25,6.5,7.75],"to":[8.75,9.625,8.25],"faces":{"north":{"uv":[8.75,6.375,7.25,9.5],"texture":"#texture"},"east":{"uv":[8.75,6.375,8.625,9.5],"texture":"#texture"},"south":{"uv":[7.25,6.375,8.75,9.5],"texture":"#texture"},"west":{"uv":[7.25,6.375,7.375,9.5],"texture":"#texture"},"up":{"uv":[7.25,6.5,8.75,6.375],"texture":"#texture"},"down":{"uv":[7.25,9.375,8.75,9.5],"texture":"#texture"}}},{"name":"Element","from":[7.125,7,7.75],"to":[8.875,8.75,8.25],"faces":{"north":{"uv":[8.875,7.25,7.125,9],"texture":"#texture"},"east":{"uv":[8.875,7.25,8.75,9],"texture":"#texture"},"south":{"uv":[7.125,7.25,8.875,9],"texture":"#texture"},"west":{"uv":[7.125,7.25,7.25,9],"texture":"#texture"},"up":{"uv":[7.125,7.375,8.875,7.25],"texture":"#texture"},"down":{"uv":[7.125,8.875,8.875,9],"texture":"#texture"}}},{"name":"Element","from":[7.375,6.125,7.75],"to":[8.625,6.5,8.25],"faces":{"north":{"uv":[8.625,9.5,7.375,9.875],"texture":"#texture"},"east":{"uv":[8.625,9.5,8.5,9.875],"texture":"#texture"},"south":{"uv":[7.375,9.5,8.625,9.875],"texture":"#texture"},"west":{"uv":[7.375,9.5,7.5,9.875],"texture":"#texture"},"down":{"uv":[7.375,9.75,8.625,9.875],"texture":"#texture"}}},{"name":"Element","from":[7.5,5.875,7.75],"to":[8.5,6.125,8.25],"faces":{"north":{"uv":[8.5,9.875,7.5,10.125],"texture":"#texture"},"east":{"uv":[8.5,9.875,8.375,10.125],"texture":"#texture"},"south":{"uv":[7.5,9.875,8.5,10.125],"texture":"#texture"},"west":{"uv":[7.5,9.875,7.625,10.125],"texture":"#texture"},"down":{"uv":[7.5,10,8.5,10.125],"texture":"#texture"}}},{"name":"Element","from":[7.625,5.5,7.75],"to":[8.375,5.875,8.25],"faces":{"north":{"uv":[8.375,10.125,7.625,10.5],"texture":"#texture"},"east":{"uv":[8.375,10.125,8.25,10.5],"texture":"#texture"},"south":{"uv":[7.625,10.125,8.375,10.5],"texture":"#texture"},"west":{"uv":[7.625,10.125,7.75,10.5],"texture":"#texture"},"down":{"uv":[7.625,10.375,8.375,10.5],"texture":"#texture"}}},{"name":"Element","from":[7.75,4.5,7.75],"to":[8.25,5.5,8.25],"faces":{"north":{"uv":[8.25,10.5,7.75,11.5],"texture":"#texture"},"east":{"uv":[8.25,10.5,8.125,11.5],"texture":"#texture"},"south":{"uv":[7.75,10.5,8.25,11.5],"texture":"#texture"},"west":{"uv":[7.75,10.5,7.875,11.5],"texture":"#texture"},"down":{"uv":[7.75,11.375,8.25,11.5],"texture":"#texture"}}},{"name":"Element","from":[7.875,2.125,7.75],"to":[8.125,4.5,8.25],"faces":{"north":{"uv":[8.125,11.5,7.875,13.875],"texture":"#texture"},"east":{"uv":[8.125,11.5,8,13.875],"texture":"#texture"},"south":{"uv":[7.875,11.5,8.125,13.875],"texture":"#texture"},"west":{"uv":[7.875,11.5,8,13.875],"texture":"#texture"}}},{"name":"Element","from":[7.75,1.625,7.75],"to":[8.25,2.125,8.25],"faces":{"north":{"uv":[8.25,13.875,7.75,14.375],"texture":"#texture"},"east":{"uv":[8.25,13.875,8.125,14.375],"texture":"#texture"},"south":{"uv":[7.75,13.875,8.25,14.375],"texture":"#texture"},"west":{"uv":[7.75,13.875,7.875,14.375],"texture":"#texture"},"up":{"uv":[7.75,14,8.25,13.875],"texture":"#texture"},"down":{"uv":[7.75,14.25,8.25,14.375],"texture":"#texture"}}},{"name":"Element","from":[7.875,1.375,7.75],"to":[8.125,1.625,8.25],"faces":{"north":{"uv":[8.125,14.375,7.875,14.625],"texture":"#texture"},"east":{"uv":[8.125,14.375,8,14.625],"texture":"#texture"},"south":{"uv":[7.875,14.375,8.125,14.625],"texture":"#texture"},"west":{"uv":[7.875,14.375,8,14.625],"texture":"#texture"},"down":{"uv":[7.875,14.5,8.125,14.625],"texture":"#texture"}}},{"name":"Element","from":[7.375,9.625,7.75],"to":[8.625,10,8.25],"faces":{"north":{"uv":[8.625,6,7.375,6.375],"texture":"#texture"},"east":{"uv":[8.625,6,8.5,6.375],"texture":"#texture"},"south":{"uv":[7.375,6,8.625,6.375],"texture":"#texture"},"west":{"uv":[7.375,6,7.5,6.375],"texture":"#texture"},"up":{"uv":[7.375,6.125,8.625,6],"texture":"#texture"}}},{"name":"Element","from":[7.5,10,7.75],"to":[8.5,10.25,8.25],"faces":{"north":{"uv":[8.5,5.75,7.5,6],"texture":"#texture"},"east":{"uv":[8.5,5.75,8.375,6],"texture":"#texture"},"south":{"uv":[7.5,5.75,8.5,6],"texture":"#texture"},"west":{"uv":[7.5,5.75,7.625,6],"texture":"#texture"},"up":{"uv":[7.5,5.875,8.5,5.75],"texture":"#texture"}}},{"name":"Element","from":[7.5,6.375,7.625],"to":[8.5,9.875,8.375],"faces":{"north":{"uv":[8.5,6.125,7.5,9.625],"texture":"#texture"},"east":{"uv":[8.5,6.125,8.375,9.625],"texture":"#texture"},"south":{"uv":[7.5,6.125,8.5,9.625],"texture":"#texture"},"west":{"uv":[7.5,6.125,7.625,9.625],"texture":"#texture"},"up":{"uv":[7.5,6.25,8.5,6.125],"texture":"#texture"},"down":{"uv":[7.5,9.5,8.5,9.625],"texture":"#texture"}}},{"name":"Element","from":[7.625,6,7.625],"to":[8.375,6.375,8.375],"faces":{"north":{"uv":[8.375,9.625,7.625,10],"texture":"#texture"},"east":{"uv":[8.375,9.625,8.25,10],"texture":"#texture"},"south":{"uv":[7.625,9.625,8.375,10],"texture":"#texture"},"west":{"uv":[7.625,9.625,7.75,10],"texture":"#texture"},"down":{"uv":[7.625,9.875,8.375,10],"texture":"#texture"}}},{"name":"Element","from":[7.75,5.375,7.625],"to":[8.25,6,8.375],"faces":{"north":{"uv":[8.25,10,7.75,10.625],"texture":"#texture"},"east":{"uv":[8.25,10,8.125,10.625],"texture":"#texture"},"south":{"uv":[7.75,10,8.25,10.625],"texture":"#texture"},"west":{"uv":[7.75,10,7.875,10.625],"texture":"#texture"},"down":{"uv":[7.75,10.5,8.25,10.625],"texture":"#texture"}}},{"name":"Element","from":[7.25,7.25,7.625],"to":[8.75,8.625,8.375],"faces":{"north":{"uv":[8.625,7.375,7.375,8.75],"texture":"#texture"},"east":{"uv":[8.625,7.375,8.5,8.75],"texture":"#texture"},"south":{"uv":[7.375,7.375,8.625,8.75],"texture":"#texture"},"west":{"uv":[7.375,7.375,7.5,8.75],"texture":"#texture"},"up":{"uv":[7.375,7.5,8.625,7.375],"texture":"#texture"},"down":{"uv":[7.375,8.625,8.625,8.75],"texture":"#texture"}}},{"name":"Element","from":[7.625,9.875,7.625],"to":[8.375,10.375,8.375],"faces":{"north":{"uv":[8.375,5.625,7.625,6.125],"texture":"#texture"},"east":{"uv":[8.375,5.625,8.25,6.125],"texture":"#texture"},"south":{"uv":[7.625,5.625,8.375,6.125],"texture":"#texture"},"west":{"uv":[7.625,5.625,7.75,6.125],"texture":"#texture"},"up":{"uv":[7.625,5.75,8.375,5.625],"texture":"#texture"}}},{"name":"Element","from":[7.875,10.375,7.625],"to":[8.125,10.5,8.375],"faces":{"north":{"uv":[8.125,5.5,7.875,5.625],"texture":"#texture"},"east":{"uv":[8.125,5.5,8,5.625],"texture":"#texture"},"south":{"uv":[7.875,5.5,8.125,5.625],"texture":"#texture"},"west":{"uv":[7.875,5.5,8,5.625],"texture":"#texture"},"up":{"uv":[7.875,5.625,8.125,5.5],"texture":"#texture"}}},{"name":"Element","from":[7.625,6.5,7.5],"to":[8.375,9.625,8.5],"faces":{"north":{"uv":[8.375,6.375,7.625,9.5],"texture":"#texture"},"east":{"uv":[8.375,6.375,8.25,9.5],"texture":"#texture"},"south":{"uv":[7.625,6.375,8.375,9.5],"texture":"#texture"},"west":{"uv":[7.625,6.375,7.75,9.5],"texture":"#texture"},"down":{"uv":[7.625,9.375,8.375,9.5],"texture":"#texture"}}},{"name":"Element","from":[7.375,7.375,7.5],"to":[8.625,8.375,8.5],"faces":{"north":{"uv":[8.625,7.625,7.375,8.625],"texture":"#texture"},"east":{"uv":[8.625,7.625,8.5,8.625],"texture":"#texture"},"south":{"uv":[7.375,7.625,8.625,8.625],"texture":"#texture"},"west":{"uv":[7.375,7.625,7.5,8.625],"texture":"#texture"},"up":{"uv":[7.375,7.75,8.625,7.625],"texture":"#texture"},"down":{"uv":[7.375,8.5,8.625,8.625],"texture":"#texture"}}},{"name":"Element","from":[7.625,9.625,7.5],"to":[8.375,10.125,8.5],"faces":{"north":{"uv":[8.375,5.875,7.625,6.375],"texture":"#texture"},"east":{"uv":[8.375,5.875,8.25,6.375],"texture":"#texture"},"south":{"uv":[7.625,5.875,8.375,6.375],"texture":"#texture"},"west":{"uv":[7.625,5.875,7.75,6.375],"texture":"#texture"},"up":{"uv":[7.625,6,8.375,5.875],"texture":"#texture"}}},{"name":"Element","from":[7.75,10.125,7.5],"to":[8.25,10.25,8.5],"faces":{"north":{"uv":[8.25,5.75,7.75,5.875],"texture":"#texture"},"east":{"uv":[8.25,5.75,8.125,5.875],"texture":"#texture"},"south":{"uv":[7.75,5.75,8.25,5.875],"texture":"#texture"},"west":{"uv":[7.75,5.75,7.875,5.875],"texture":"#texture"},"up":{"uv":[7.75,5.875,8.25,5.75],"texture":"#texture"}}},{"name":"Element","from":[7.5,7.25,7.375],"to":[8.5,9.125,8.625],"faces":{"north":{"uv":[8.5,6.875,7.5,8.75],"texture":"#texture"},"east":{"uv":[8.5,6.875,8.375,8.75],"texture":"#texture"},"south":{"uv":[7.5,6.875,8.5,8.75],"texture":"#texture"},"west":{"uv":[7.5,6.875,7.625,8.75],"texture":"#texture"},"up":{"uv":[7.5,7,8.5,6.875],"texture":"#texture"},"down":{"uv":[7.5,8.625,8.5,8.75],"texture":"#texture"}}},{"name":"Element","from":[7.625,7,7.375],"to":[8.375,7.25,8.625],"faces":{"north":{"uv":[8.375,8.75,7.625,9],"texture":"#texture"},"east":{"uv":[8.375,8.75,8.25,9],"texture":"#texture"},"south":{"uv":[7.625,8.75,8.375,9],"texture":"#texture"},"west":{"uv":[7.625,8.75,7.75,9],"texture":"#texture"},"down":{"uv":[7.625,8.875,8.375,9],"texture":"#texture"}}},{"name":"Element","from":[7.625,8.875,7.375],"to":[8.375,9.375,8.625],"faces":{"north":{"uv":[8.375,6.625,7.625,7.125],"texture":"#texture"},"east":{"uv":[8.375,6.625,8.25,7.125],"texture":"#texture"},"south":{"uv":[7.625,6.625,8.375,7.125],"texture":"#texture"},"west":{"uv":[7.625,6.625,7.75,7.125],"texture":"#texture"},"up":{"uv":[7.625,6.75,8.375,6.625],"texture":"#texture"}}},{"name":"Element","from":[7.75,9,7.375],"to":[8.25,9.75,8.625],"faces":{"north":{"uv":[8.25,6.25,7.75,7],"texture":"#texture"},"east":{"uv":[8.25,6.25,8.125,7],"texture":"#texture"},"south":{"uv":[7.75,6.25,8.25,7],"texture":"#texture"},"west":{"uv":[7.75,6.25,7.875,7],"texture":"#texture"},"up":{"uv":[7.75,6.375,8.25,6.25],"texture":"#texture"}}},{"name":"Element","from":[6.625,9,7.75],"to":[7.125,9.375,8.25],"faces":{"north":{"uv":[7.125,6.625,6.625,7],"texture":"#texture"},"east":{"uv":[7.125,6.625,7,7],"texture":"#texture"},"south":{"uv":[6.625,6.625,7.125,7],"texture":"#texture"},"west":{"uv":[6.625,6.625,6.75,7],"texture":"#texture"},"up":{"uv":[6.625,6.75,7.125,6.625],"texture":"#texture"},"down":{"uv":[6.625,6.875,7.125,7],"texture":"#texture"}}},{"name":"Element","from":[6.375,9,7.75],"to":[6.625,9.25,8.25],"faces":{"north":{"uv":[6.625,6.75,6.375,7],"texture":"#texture"},"south":{"uv":[6.375,6.75,6.625,7],"texture":"#texture"},"west":{"uv":[6.375,6.75,6.5,7],"texture":"#texture"},"up":{"uv":[6.375,6.875,6.625,6.75],"texture":"#texture"},"down":{"uv":[6.375,6.875,6.625,7],"texture":"#texture"}}},{"name":"Element","from":[6.25,8.875,7.75],"to":[6.5,9.125,8.25],"faces":{"north":{"uv":[6.5,6.875,6.25,7.125],"texture":"#texture"},"east":{"uv":[6.5,6.875,6.375,7.125],"texture":"#texture"},"south":{"uv":[6.25,6.875,6.5,7.125],"texture":"#texture"},"west":{"uv":[6.25,6.875,6.375,7.125],"texture":"#texture"},"up":{"uv":[6.25,7,6.5,6.875],"texture":"#texture"},"down":{"uv":[6.25,7,6.5,7.125],"texture":"#texture"}}},{"name":"Element","from":[8.875,9,7.75],"to":[9.375,9.375,8.25],"faces":{"north":{"uv":[9.375,6.625,8.875,7],"texture":"#texture"},"east":{"uv":[9.375,6.625,9.25,7],"texture":"#texture"},"south":{"uv":[8.875,6.625,9.375,7],"texture":"#texture"},"west":{"uv":[8.875,6.625,9,7],"texture":"#texture"},"up":{"uv":[8.875,6.75,9.375,6.625],"texture":"#texture"},"down":{"uv":[8.875,6.875,9.375,7],"texture":"#texture"}}},{"name":"Element","from":[9.375,9,7.75],"to":[9.625,9.25,8.25],"faces":{"north":{"uv":[9.625,6.75,9.375,7],"texture":"#texture"},"east":{"uv":[9.625,6.75,9.5,7],"texture":"#texture"},"south":{"uv":[9.375,6.75,9.625,7],"texture":"#texture"},"up":{"uv":[9.375,6.875,9.625,6.75],"texture":"#texture"},"down":{"uv":[9.375,6.875,9.625,7],"texture":"#texture"}}},{"name":"Element","from":[9.5,8.875,7.75],"to":[9.75,9.125,8.25],"faces":{"north":{"uv":[9.75,6.875,9.5,7.125],"texture":"#texture"},"east":{"uv":[9.75,6.875,9.625,7.125],"texture":"#texture"},"south":{"uv":[9.5,6.875,9.75,7.125],"texture":"#texture"},"west":{"uv":[9.5,6.875,9.625,7.125],"texture":"#texture"},"up":{"uv":[9.5,7,9.75,6.875],"texture":"#texture"},"down":{"uv":[9.5,7,9.75,7.125],"texture":"#texture"}}}],"gui_light":"front","display":{"thirdperson_righthand":{"rotation":[0,90,0],"translation":[0,7,1],"scale":[2.4,2.4,2.4]},"thirdperson_lefthand":{"rotation":[0,-90,0],"translation":[0,7,1],"scale":[2.4,2.4,2.4]},"firstperson_righthand":{"rotation":[17,-90,0],"translation":[2.6,6,-0.008],"scale":[1.6,1.6,1.6]},"firstperson_lefthand":{"rotation":[17,-90,0],"translation":[2.6,6,-0.008],"scale":[1.6,1.6,1.6]},"ground":{"rotation":[0,0,45],"translation":[-1,1.5,0]},"gui":{"rotation":[0,0,-45],"translation":[2.5,2,0],"scale":[1.8,1.8,1.8]},"head":{"rotation":[0,0,45],"translation":[0,19,0],"scale":[2,2,2]},"fixed":{"rotation":[0,0,90],"translation":[-8,-0.25,-2],"scale":[4,4,4]}}}